[Licensing::Module] Trying to connect to existing licensing client channel...
Built from '6000.2/staging' branch; Version is '6000.2.9f1 (e0c4e791ab71) revision 14730471'; Using compiler version '194234433'; Build Type 'Release'
OS: 'Windows 11  (10.0.22631) 64bit CoreCountrySpecific' Language: 'zh' Physical Memory: 23777 MB
BatchMode: 1, IsHumanControllingUs: 0, StartBugReporterOnCrash: 0, Is64bit: 1
[Licensing::IpcConnector] Successfully connected to: "LicenseClient-zhuagenbao" at "2025-11-27T14:19:36.8491074Z"
Date: 2025-11-27T14:19:36Z

COMMAND LINE ARGUMENTS:
D:\gameObject\develop\Editor\6000.2.9f1\Editor\Unity.exe
-adb2
-batchMode
-noUpm
-name
AssetImportWorker2
-projectPath
C:/Users/zhuagenbao/Desktop/MiniCharacterCreator-main/test
-logFile
Logs/AssetImportWorker2.log
-srvPort
8415
-job-worker-count
7
-background-job-worker-count
8
-gc-helper-count
1
-name
AssetImport
Successfully changed project path to: C:/Users/zhuagenbao/Desktop/MiniCharacterCreator-main/test
C:/Users/zhuagenbao/Desktop/MiniCharacterCreator-main/test
[UnityMemory] Configuration Parameters - Can be set up in boot.config
    "memorysetup-allocator-temp-initial-block-size-main=262144"
    "memorysetup-allocator-temp-initial-block-size-worker=262144"
    "memorysetup-bucket-allocator-granularity=16"
    "memorysetup-bucket-allocator-bucket-count=8"
    "memorysetup-bucket-allocator-block-size=33554432"
    "memorysetup-bucket-allocator-block-count=8"
    "memorysetup-main-allocator-block-size=16777216"
    "memorysetup-thread-allocator-block-size=16777216"
    "memorysetup-gfx-main-allocator-block-size=16777216"
    "memorysetup-gfx-thread-allocator-block-size=16777216"
    "memorysetup-cache-allocator-block-size=4194304"
    "memorysetup-typetree-allocator-block-size=2097152"
    "memorysetup-profiler-bucket-allocator-granularity=16"
    "memorysetup-profiler-bucket-allocator-bucket-count=8"
    "memorysetup-profiler-bucket-allocator-block-size=33554432"
    "memorysetup-profiler-bucket-allocator-block-count=8"
    "memorysetup-profiler-allocator-block-size=16777216"
    "memorysetup-profiler-editor-allocator-block-size=1048576"
    "memorysetup-temp-allocator-size-main=16777216"
    "memorysetup-job-temp-allocator-block-size=2097152"
    "memorysetup-job-temp-allocator-block-size-background=1048576"
    "memorysetup-job-temp-allocator-reduction-small-platforms=262144"
    "memorysetup-temp-allocator-size-background-worker=32768"
    "memorysetup-temp-allocator-size-job-worker=262144"
    "memorysetup-temp-allocator-size-preload-manager=33554432"
    "memorysetup-temp-allocator-size-nav-mesh-worker=65536"
    "memorysetup-temp-allocator-size-audio-worker=65536"
    "memorysetup-temp-allocator-size-cloud-worker=32768"
    "memorysetup-temp-allocator-size-gi-baking-worker=262144"
    "memorysetup-temp-allocator-size-gi-baking-worker=262144"
    "memorysetup-temp-allocator-size-gi-baking-worker=262144"
    "memorysetup-temp-allocator-size-gi-baking-worker=262144"
    "memorysetup-temp-allocator-size-gi-baking-worker=262144"
    "memorysetup-temp-allocator-size-gfx=262144"
Player connection [44168]  Target information:

Player connection [44168]  * "[IP] 192.168.2.6 [Port] 0 [Flags] 2 [Guid] 2602366983 [EditorId] 2602366983 [Version] 1048832 [Id] WindowsEditor(7,DESKTOP-KP4589M) [Debug] 1 [PackageName] WindowsEditor [ProjectName] Editor" 

Player connection [44168] Host joined multi-casting on [225.0.0.222:54997]...
Player connection [44168] Host joined alternative multi-casting on [225.0.0.222:34997]...
JobSystem: Creating JobQueue using job-worker-count value 7
Input System module state changed to: Initialized.
[Physics::Module] Initialized fallback backend.
[Physics::Module] Id: 0xdecafbad
[Licensing::Client] Code 10 while verifying Licensing Client signature (process Id: 16584, path: "D:/gameObject/develop/Unity Hub/UnityLicensingClient_V1/Unity.Licensing.Client.exe")
[Licensing::Module] LicensingClient has failed validation; ignoring
[Licensing::Client] Handshaking with LicensingClient:
  Version:                 1.17.3+a4e98f1
  Session Id:              6d65127b59774868adc7707f17786574
  Correlation Id:          2394aaeaed7913337e9a71a9ed977b21
  External correlation Id: 2481481124229601788
  Machine Id:              K60tJ5c+ydKCg23vUYm+4PjQmTY=
[Licensing::Module] Successfully connected to LicensingClient on channel: "LicenseClient-zhuagenbao" (connect: 0.00s, validation: 0.00s, handshake: 0.06s)
[Licensing::IpcConnector] Successfully connected to: "LicenseClient-zhuagenbao-notifications" at "2025-11-27T14:19:36.910302Z"
[Licensing::Module] Licensing Background thread has ended after 0.06s
Library Redirect Path: Library/
[Physics::Module] Selected backend.
[Physics::Module] Name: PhysX
[Physics::Module] Id: 0xf2b8ea05
[Physics::Module] SDK Version: 4.1.2
[Physics::Module] Integration Version: 1.0.0
[Physics::Module] Threading Mode: Multi-Threaded
Refreshing native plugins compatible for Editor in 12.89 ms, found 4 plugins.
Preloading 0 native plugins for Editor in 0.00 ms.
Initialize engine version: 6000.2.9f1 (e0c4e791ab71)
[Subsystems] Discovering subsystems at path D:/gameObject/develop/Editor/6000.2.9f1/Editor/Data/Resources/UnitySubsystems
[Subsystems] Discovering subsystems at path C:/Users/zhuagenbao/Desktop/MiniCharacterCreator-main/test/Assets
GfxDevice: creating device client; kGfxThreadingModeNonThreaded
Direct3D:
    Version:  Direct3D 11.0 [level 11.1]
    Renderer: NVIDIA GeForce RTX 4060 Laptop GPU (ID=0x28a0)
    Vendor:   NVIDIA
    VRAM:     7957 MB
    Driver:   32.0.15.7283
Initialize mono
Mono path[0] = 'D:/gameObject/develop/Editor/6000.2.9f1/Editor/Data/Managed'
Mono path[1] = 'D:/gameObject/develop/Editor/6000.2.9f1/Editor/Data/MonoBleedingEdge/lib/mono/unityjit-win32'
Mono config path = 'D:/gameObject/develop/Editor/6000.2.9f1/Editor/Data/MonoBleedingEdge/etc'
Using monoOptions --debugger-agent=transport=dt_socket,embedding=1,server=y,suspend=n,address=127.0.0.1:56936
Begin MonoManager ReloadAssembly
Registering precompiled unity dll's ...
Register platform support module: D:/gameObject/develop/Editor/6000.2.9f1/Editor/Data/PlaybackEngines/WindowsStandaloneSupport/UnityEditor.WindowsStandalone.Extensions.dll
Registered in 0.007120 seconds.
- Loaded All Assemblies, in  0.554 seconds
Native extension for WindowsStandalone target not found
Mono: successfully reloaded assembly
- Finished resetting the current domain, in  0.382 seconds
Domain Reload Profiling: 934ms
	BeginReloadAssembly (163ms)
		ExecutionOrderSort (0ms)
		DisableScriptedObjects (0ms)
		BackupInstance (0ms)
		ReleaseScriptingObjects (0ms)
		CreateAndSetChildDomain (1ms)
	RebuildCommonClasses (46ms)
	RebuildNativeTypeToScriptingClass (15ms)
	initialDomainReloadingComplete (93ms)
	LoadAllAssembliesAndSetupDomain (234ms)
		LoadAssemblies (161ms)
		RebuildTransferFunctionScriptingTraits (0ms)
		AnalyzeDomain (229ms)
			TypeCache.Refresh (227ms)
				TypeCache.ScanAssembly (204ms)
			BuildScriptInfoCaches (0ms)
			ResolveRequiredComponents (0ms)
	FinalizeReload (383ms)
		ReleaseScriptCaches (0ms)
		RebuildScriptCaches (0ms)
		SetupLoadedEditorAssemblies (314ms)
			LogAssemblyErrors (0ms)
			InitializePlatformSupportModulesInManaged (54ms)
			SetLoadedEditorAssemblies (6ms)
			BeforeProcessingInitializeOnLoad (72ms)
			ProcessInitializeOnLoadAttributes (134ms)
			ProcessInitializeOnLoadMethodAttributes (49ms)
			AfterProcessingInitializeOnLoad (0ms)
			EditorAssembliesLoaded (0ms)
		ExecutionOrderSort2 (0ms)
		AwakeInstancesAfterBackupRestoration (0ms)
========================================================================
Worker process is ready to serve import requests
Import Worker Mode flag is 0x00
Begin MonoManager ReloadAssembly
[Licensing::Client] Successfully resolved entitlement details
[Licensing::Module] License group:
  Id: F4-NMTP-SXWG-HN24-U9HH-XXXX
  Product: Unity Personal
  Type: ULF
  Expiration: 2025-12-08T02:11:26Z
[Licensing::Module] License group:
  Id: ewogICJzdWJzR3JvdXAiIDogInVuaXR5IGVkaXRvciIsCiAgIm5hbWVzcGFjZSIgOiAidW5pdHlfZWRpdG9yIiwKICAidHlwZSIgOiAiRURJVE9SIiwKICAidGFnIiA6ICJVbml0eVBlcnNvbmFsXXXX
  Product: Unity Personal Version
  Type: Assigned
  Expiration: Unlimited
- Loaded All Assemblies, in  1.152 seconds
Refreshing native plugins compatible for Editor in 5.03 ms, found 4 plugins.
Native extension for WindowsStandalone target not found
Package Manager log level set to [2]
[Package Manager] Failed to launch server process. Reason: Unity was launched with the -noUpm command-line argument
[Package Manager] Unable to send message (not connected to server process).
[Package Manager] Cannot connect to Unity Package Manager local server
[ScriptCompilation] NOT recompiling all scripts because this is an import worker process. Reason to compile was: Define symbols changed
Mono: successfully reloaded assembly
- Finished resetting the current domain, in  1.590 seconds
Domain Reload Profiling: 2734ms
	BeginReloadAssembly (176ms)
		ExecutionOrderSort (0ms)
		DisableScriptedObjects (5ms)
		BackupInstance (0ms)
		ReleaseScriptingObjects (0ms)
		CreateAndSetChildDomain (38ms)
	RebuildCommonClasses (37ms)
	RebuildNativeTypeToScriptingClass (11ms)
	initialDomainReloadingComplete (36ms)
	LoadAllAssembliesAndSetupDomain (884ms)
		LoadAssemblies (572ms)
		RebuildTransferFunctionScriptingTraits (0ms)
		AnalyzeDomain (406ms)
			TypeCache.Refresh (268ms)
				TypeCache.ScanAssembly (249ms)
			BuildScriptInfoCaches (109ms)
			ResolveRequiredComponents (22ms)
	FinalizeReload (1591ms)
		ReleaseScriptCaches (0ms)
		RebuildScriptCaches (0ms)
		SetupLoadedEditorAssemblies (1383ms)
			LogAssemblyErrors (0ms)
			InitializePlatformSupportModulesInManaged (2ms)
			SetLoadedEditorAssemblies (7ms)
			BeforeProcessingInitializeOnLoad (225ms)
			ProcessInitializeOnLoadAttributes (972ms)
			ProcessInitializeOnLoadMethodAttributes (174ms)
			AfterProcessingInitializeOnLoad (4ms)
			EditorAssembliesLoaded (0ms)
		ExecutionOrderSort2 (0ms)
		AwakeInstancesAfterBackupRestoration (8ms)
Launched and connected shader compiler UnityShaderCompiler.exe after 0.01 seconds
Refreshing native plugins compatible for Editor in 3.57 ms, found 4 plugins.
Preloading 0 native plugins for Editor in 0.00 ms.
Unloading 36 Unused Serialized files (Serialized files now loaded: 0)
Unloading 6968 unused Assets / (8.7 MB). Loaded Objects now: 7689.
Memory consumption went from 152.5 MB to 143.8 MB.
Total: 41.220900 ms (FindLiveObjects: 1.373400 ms CreateObjectMapping: 1.944900 ms MarkObjects: 31.023200 ms  DeleteObjects: 6.877600 ms)

========================================================================
Received Import Request.
  Time since last request: 18056.457078 seconds.
  path: Assets/Data/EquipmentData.asset
  artifactKey: Guid(08b250fbdbc782f488c2b8f6ddf58d8c) Importer(815301076,1909f56bfc062723c751e8b465ee728b)
Start importing Assets/Data/EquipmentData.asset using Guid(08b250fbdbc782f488c2b8f6ddf58d8c) Importer(815301076,1909f56bfc062723c751e8b465ee728b) (PreviewImporter) -> (artifact id: '3499592e5cc54587cfec6fd06b3f7808') in 0.0211705 seconds
Number of updated asset objects reloaded before import = 0Number of asset objects unloaded after import = 1

========================================================================
Received Import Request.
  Time since last request: 0.751739 seconds.
  path: Assets/Plugins/UniTask/Runtime/Internal/ContinuationQueue.cs
  artifactKey: Guid(f66c32454e50f2546b17deadc80a4c77) Importer(2089858483,192608db42251d675da83286b1cce702)
Start importing Assets/Plugins/UniTask/Runtime/Internal/ContinuationQueue.cs using Guid(f66c32454e50f2546b17deadc80a4c77) Importer(2089858483,192608db42251d675da83286b1cce702) (ScriptedImporter) -> (artifact id: '120f975592483631a91d3f126afd17a1') in 0.236961 seconds
Number of updated asset objects reloaded before import = 0Number of asset objects unloaded after import = 0

========================================================================
Received Import Request.
  Time since last request: 0.000027 seconds.
  path: Assets/Plugins/UniTask/Runtime/Linq/AsyncEnumeratorBase.cs
  artifactKey: Guid(01ba1d3b17e13fb4c95740131c7e6e19) Importer(2089858483,192608db42251d675da83286b1cce702)
Start importing Assets/Plugins/UniTask/Runtime/Linq/AsyncEnumeratorBase.cs using Guid(01ba1d3b17e13fb4c95740131c7e6e19) Importer(2089858483,192608db42251d675da83286b1cce702) (ScriptedImporter) -> (artifact id: 'c59180aabfaeb582c453c9c889bcccf3') in 0.00671 seconds
Number of updated asset objects reloaded before import = 0Number of asset objects unloaded after import = 0

========================================================================
Received Import Request.
  Time since last request: 0.000034 seconds.
  path: Assets/Plugins/UniTask/Runtime/Linq/All.cs
  artifactKey: Guid(7271437e0033af2448b600ee248924dd) Importer(2089858483,192608db42251d675da83286b1cce702)
Start importing Assets/Plugins/UniTask/Runtime/Linq/All.cs using Guid(7271437e0033af2448b600ee248924dd) Importer(2089858483,192608db42251d675da83286b1cce702) (ScriptedImporter) -> (artifact id: '8ec8d2cecb7077b40f1f90308d51c7f1') in 0.0096011 seconds
Number of updated asset objects reloaded before import = 0Number of asset objects unloaded after import = 0

========================================================================
Received Import Request.
  Time since last request: 1.400589 seconds.
  path: Assets/Art/testBow.png
  artifactKey: Guid(a2b67552950ebac408c63bcc624e45a5) Importer(2089858483,192608db42251d675da83286b1cce702)
Start importing Assets/Art/testBow.png using Guid(a2b67552950ebac408c63bcc624e45a5) Importer(2089858483,192608db42251d675da83286b1cce702) (ScriptedImporter) -> (artifact id: '121bcfeac2ca34346ff39e6af7440f72') in 0.1382276 seconds
Number of updated asset objects reloaded before import = 0Number of asset objects unloaded after import = 33

========================================================================
Received Import Request.
  Time since last request: 0.000023 seconds.
  path: Assets/Plugins/UniTask/Runtime/Linq/First.cs
  artifactKey: Guid(417946e97e9eed84db6f840f57037ca6) Importer(2089858483,192608db42251d675da83286b1cce702)
Start importing Assets/Plugins/UniTask/Runtime/Linq/First.cs using Guid(417946e97e9eed84db6f840f57037ca6) Importer(2089858483,192608db42251d675da83286b1cce702) (ScriptedImporter) -> (artifact id: 'ad64d837fe1e2b3d4f57534ef5228cbd') in 0.0056076 seconds
Number of updated asset objects reloaded before import = 0Number of asset objects unloaded after import = 0

========================================================================
Received Import Request.
  Time since last request: 0.000111 seconds.
  path: Assets/Plugins/UniTask/Runtime/Linq/Join.cs
  artifactKey: Guid(dc4ff8cb6d7c9a64896f2f082124d6b3) Importer(2089858483,192608db42251d675da83286b1cce702)
Start importing Assets/Plugins/UniTask/Runtime/Linq/Join.cs using Guid(dc4ff8cb6d7c9a64896f2f082124d6b3) Importer(2089858483,192608db42251d675da83286b1cce702) (ScriptedImporter) -> (artifact id: '0173f131e561f706b5a663e550ec0d50') in 0.0058578 seconds
Number of updated asset objects reloaded before import = 0Number of asset objects unloaded after import = 0

========================================================================
Received Import Request.
  Time since last request: 0.000022 seconds.
  path: Assets/Plugins/UniTask/Runtime/Linq/Do.cs
  artifactKey: Guid(dd83c8e12dedf75409b829b93146d130) Importer(2089858483,192608db42251d675da83286b1cce702)
Start importing Assets/Plugins/UniTask/Runtime/Linq/Do.cs using Guid(dd83c8e12dedf75409b829b93146d130) Importer(2089858483,192608db42251d675da83286b1cce702) (ScriptedImporter) -> (artifact id: '58c3ad6bf4e26b414a4522f2982b8375') in 0.0050613 seconds
Number of updated asset objects reloaded before import = 0Number of asset objects unloaded after import = 0

========================================================================
Received Import Request.
  Time since last request: 1.457182 seconds.
  path: Assets/Plugins/UniTask/Runtime/Linq/Min.cs
  artifactKey: Guid(57ac9da21d3457849a8e45548290a508) Importer(2089858483,192608db42251d675da83286b1cce702)
Start importing Assets/Plugins/UniTask/Runtime/Linq/Min.cs using Guid(57ac9da21d3457849a8e45548290a508) Importer(2089858483,192608db42251d675da83286b1cce702) (ScriptedImporter) -> (artifact id: '531fdfcf7680b2d2c3d51d262154a1d2') in 0.0065003 seconds
Number of updated asset objects reloaded before import = 0Number of asset objects unloaded after import = 0

========================================================================
Received Import Request.
  Time since last request: 0.000022 seconds.
  path: Assets/Plugins/UniTask/Runtime/Linq/Take.cs
  artifactKey: Guid(42f02cb84e5875b488304755d0e1383d) Importer(2089858483,192608db42251d675da83286b1cce702)
Start importing Assets/Plugins/UniTask/Runtime/Linq/Take.cs using Guid(42f02cb84e5875b488304755d0e1383d) Importer(2089858483,192608db42251d675da83286b1cce702) (ScriptedImporter) -> (artifact id: 'c4a0b9c30c2ef292107b132a32f40779') in 0.0068127 seconds
Number of updated asset objects reloaded before import = 0Number of asset objects unloaded after import = 0

========================================================================
Received Import Request.
  Time since last request: 0.000024 seconds.
  path: Assets/Plugins/UniTask/Runtime/Linq/Range.cs
  artifactKey: Guid(d826418a813498648b10542d0a5fb173) Importer(2089858483,192608db42251d675da83286b1cce702)
Start importing Assets/Plugins/UniTask/Runtime/Linq/Range.cs using Guid(d826418a813498648b10542d0a5fb173) Importer(2089858483,192608db42251d675da83286b1cce702) (ScriptedImporter) -> (artifact id: '7e31f4d477b92d7a26d2aa6f00233819') in 0.0069512 seconds
Number of updated asset objects reloaded before import = 0Number of asset objects unloaded after import = 0

========================================================================
Received Import Request.
  Time since last request: 0.000031 seconds.
  path: Assets/Plugins/UniTask/Runtime/Linq/SkipWhile.cs
  artifactKey: Guid(0b74b9fe361bf7148b51a29c8b2561e8) Importer(2089858483,192608db42251d675da83286b1cce702)
Start importing Assets/Plugins/UniTask/Runtime/Linq/SkipWhile.cs using Guid(0b74b9fe361bf7148b51a29c8b2561e8) Importer(2089858483,192608db42251d675da83286b1cce702) (ScriptedImporter) -> (artifact id: '796f35427acf0ccbdf3df3f4b9c5e3a2') in 0.0090222 seconds
Number of updated asset objects reloaded before import = 0Number of asset objects unloaded after import = 0

========================================================================
Received Import Request.
  Time since last request: 0.000021 seconds.
  path: Assets/Plugins/UniTask/Runtime/Linq/Single.cs
  artifactKey: Guid(1bcd3928b90472e43a3a92c3ba708967) Importer(2089858483,192608db42251d675da83286b1cce702)
Start importing Assets/Plugins/UniTask/Runtime/Linq/Single.cs using Guid(1bcd3928b90472e43a3a92c3ba708967) Importer(2089858483,192608db42251d675da83286b1cce702) (ScriptedImporter) -> (artifact id: 'cd53519efdb8cabc4de5b795fa1c3839') in 0.0107766 seconds
Number of updated asset objects reloaded before import = 0Number of asset objects unloaded after import = 0

========================================================================
Received Import Request.
  Time since last request: 0.000025 seconds.
  path: Assets/Plugins/UniTask/Runtime/Linq/SelectMany.cs
  artifactKey: Guid(d81862f0eb12680479ccaaf2ac319d24) Importer(2089858483,192608db42251d675da83286b1cce702)
Start importing Assets/Plugins/UniTask/Runtime/Linq/SelectMany.cs using Guid(d81862f0eb12680479ccaaf2ac319d24) Importer(2089858483,192608db42251d675da83286b1cce702) (ScriptedImporter) -> (artifact id: '92d7f61c478945004bc40feaec8833c4') in 0.0072271 seconds
Number of updated asset objects reloaded before import = 0Number of asset objects unloaded after import = 0

========================================================================
Received Import Request.
  Time since last request: 1.388504 seconds.
  path: Assets/Plugins/UniTask/Runtime/Linq/TakeLast.cs
  artifactKey: Guid(510aa9fd35b45fc40bcdb7e59f01fd1b) Importer(2089858483,192608db42251d675da83286b1cce702)
Start importing Assets/Plugins/UniTask/Runtime/Linq/TakeLast.cs using Guid(510aa9fd35b45fc40bcdb7e59f01fd1b) Importer(2089858483,192608db42251d675da83286b1cce702) (ScriptedImporter) -> (artifact id: '7dcb9050bfb3577b059ee48b343c3b1e') in 0.007673 seconds
Number of updated asset objects reloaded before import = 0Number of asset objects unloaded after import = 0

========================================================================
Received Import Request.
  Time since last request: 0.000021 seconds.
  path: Assets/Plugins/UniTask/Runtime/Triggers/AsyncDestroyTrigger.cs
  artifactKey: Guid(f4afdcb1cbadf954ba8b1cf465429e17) Importer(2089858483,192608db42251d675da83286b1cce702)
Start importing Assets/Plugins/UniTask/Runtime/Triggers/AsyncDestroyTrigger.cs using Guid(f4afdcb1cbadf954ba8b1cf465429e17) Importer(2089858483,192608db42251d675da83286b1cce702) (ScriptedImporter) -> (artifact id: 'fe4447c0b89efc7db220b0fba56000c2') in 0.0069536 seconds
Number of updated asset objects reloaded before import = 0Number of asset objects unloaded after import = 0

========================================================================
Received Import Request.
  Time since last request: 0.000031 seconds.
  path: Assets/Minifantasy_NPCs_Assets/Generic_NPCs/Die/Body/Blouses/Minifantasy_NPCsDie_Blouse_blackleather.png
  artifactKey: Guid(af45e7eda1654ce4b9257bad5f318be1) Importer(2089858483,192608db42251d675da83286b1cce702)
Start importing Assets/Minifantasy_NPCs_Assets/Generic_NPCs/Die/Body/Blouses/Minifantasy_NPCsDie_Blouse_blackleather.png using Guid(af45e7eda1654ce4b9257bad5f318be1) Importer(2089858483,192608db42251d675da83286b1cce702) (ScriptedImporter) -> (artifact id: 'd9f0c4a8c1b00347f28df5895f71bf6c') in 0.0386618 seconds
Number of updated asset objects reloaded before import = 0Number of asset objects unloaded after import = 3

========================================================================
Received Import Request.
  Time since last request: 0.000042 seconds.
  path: Assets/Plugins/UniTask/Runtime/Linq/ToUniTaskAsyncEnumerable.cs
  artifactKey: Guid(d7192de2a0581ec4db62962cc1404af5) Importer(2089858483,192608db42251d675da83286b1cce702)
Start importing Assets/Plugins/UniTask/Runtime/Linq/ToUniTaskAsyncEnumerable.cs using Guid(d7192de2a0581ec4db62962cc1404af5) Importer(2089858483,192608db42251d675da83286b1cce702) (ScriptedImporter) -> (artifact id: 'c4afb12187bd3f35f142b181f974f2d2') in 0.011318 seconds
Number of updated asset objects reloaded before import = 0Number of asset objects unloaded after import = 0

========================================================================
Received Import Request.
  Time since last request: 0.000029 seconds.
  path: Assets/Plugins/UniTask/Runtime/Linq/Where.cs
  artifactKey: Guid(d882a3238d9535e4e8ce1ad3291eb7fb) Importer(2089858483,192608db42251d675da83286b1cce702)
Start importing Assets/Plugins/UniTask/Runtime/Linq/Where.cs using Guid(d882a3238d9535e4e8ce1ad3291eb7fb) Importer(2089858483,192608db42251d675da83286b1cce702) (ScriptedImporter) -> (artifact id: 'b1463795ceb304de79a4b65a7d7704b3') in 0.0130622 seconds
Number of updated asset objects reloaded before import = 0Number of asset objects unloaded after import = 0

========================================================================
Received Import Request.
  Time since last request: 0.000031 seconds.
  path: Assets/Plugins/UniTask/Runtime/Triggers/MonoBehaviourMessagesTriggers.cs
  artifactKey: Guid(c30655636c35c3d4da44064af3d2d9a7) Importer(2089858483,192608db42251d675da83286b1cce702)
Start importing Assets/Plugins/UniTask/Runtime/Triggers/MonoBehaviourMessagesTriggers.cs using Guid(c30655636c35c3d4da44064af3d2d9a7) Importer(2089858483,192608db42251d675da83286b1cce702) (ScriptedImporter) -> (artifact id: 'db082fb567dd4737e04404b82a286c0e') in 0.008855 seconds
Number of updated asset objects reloaded before import = 0Number of asset objects unloaded after import = 0

========================================================================
Received Import Request.
  Time since last request: 1.345797 seconds.
  path: Assets/Minifantasy_NPCs_Assets/Generic_NPCs/Die/Body/Blouses/Minifantasy_NPCsDie_Blouse_blue.png
  artifactKey: Guid(10cc80affa4fd8641b6fbe28260f555c) Importer(2089858483,192608db42251d675da83286b1cce702)
Start importing Assets/Minifantasy_NPCs_Assets/Generic_NPCs/Die/Body/Blouses/Minifantasy_NPCsDie_Blouse_blue.png using Guid(10cc80affa4fd8641b6fbe28260f555c) Importer(2089858483,192608db42251d675da83286b1cce702) (ScriptedImporter) -> (artifact id: '197d1daea185c205f6a389c8c629c5f3') in 0.0330998 seconds
Number of updated asset objects reloaded before import = 0Number of asset objects unloaded after import = 3

========================================================================
Received Import Request.
  Time since last request: 0.000024 seconds.
  path: Assets/Minifantasy_NPCs_Assets/Generic_NPCs/Die/Body/Doublets/Minifantasy_NPCsDie_Doublet_blue.png
  artifactKey: Guid(77a17a90699f4da439b054ab73c18473) Importer(2089858483,192608db42251d675da83286b1cce702)
Start importing Assets/Minifantasy_NPCs_Assets/Generic_NPCs/Die/Body/Doublets/Minifantasy_NPCsDie_Doublet_blue.png using Guid(77a17a90699f4da439b054ab73c18473) Importer(2089858483,192608db42251d675da83286b1cce702) (ScriptedImporter) -> (artifact id: 'd19ef4c2bfa5f7936933d0eb70ac50a7') in 0.0193038 seconds
Number of updated asset objects reloaded before import = 0Number of asset objects unloaded after import = 3

========================================================================
Received Import Request.
  Time since last request: 0.000028 seconds.
  path: Assets/Minifantasy_NPCs_Assets/Generic_NPCs/Die/Body/Doublets/Minifantasy_NPCsDie_Doublet_green.png
  artifactKey: Guid(14d21b8a37b405c43b0bb89ca12a47ef) Importer(2089858483,192608db42251d675da83286b1cce702)
Start importing Assets/Minifantasy_NPCs_Assets/Generic_NPCs/Die/Body/Doublets/Minifantasy_NPCsDie_Doublet_green.png using Guid(14d21b8a37b405c43b0bb89ca12a47ef) Importer(2089858483,192608db42251d675da83286b1cce702) (ScriptedImporter) -> (artifact id: '71095d10f59923182e5a8c7fb2351bde') in 0.0206349 seconds
Number of updated asset objects reloaded before import = 0Number of asset objects unloaded after import = 3

========================================================================
Received Import Request.
  Time since last request: 0.000036 seconds.
  path: Assets/Minifantasy_NPCs_Assets/Generic_NPCs/Die/Body/Blouses/Minifantasy_NPCsDie_Blouse_yellow.png
  artifactKey: Guid(fba1fd4c47f0fa9479bf2e590a813804) Importer(2089858483,192608db42251d675da83286b1cce702)
Start importing Assets/Minifantasy_NPCs_Assets/Generic_NPCs/Die/Body/Blouses/Minifantasy_NPCsDie_Blouse_yellow.png using Guid(fba1fd4c47f0fa9479bf2e590a813804) Importer(2089858483,192608db42251d675da83286b1cce702) (ScriptedImporter) -> (artifact id: 'a8bf713a7d0ca696fc929a77d5cd8dcb') in 0.0176967 seconds
Number of updated asset objects reloaded before import = 0Number of asset objects unloaded after import = 3

========================================================================
Received Import Request.
  Time since last request: 0.000019 seconds.
  path: Assets/Minifantasy_NPCs_Assets/Generic_NPCs/Die/Body/Blouses/Minifantasy_NPCsDie_Blouse_turquoise.png
  artifactKey: Guid(e528f09fd9f311d449a29cf01fd4d1d0) Importer(2089858483,192608db42251d675da83286b1cce702)
Start importing Assets/Minifantasy_NPCs_Assets/Generic_NPCs/Die/Body/Blouses/Minifantasy_NPCsDie_Blouse_turquoise.png using Guid(e528f09fd9f311d449a29cf01fd4d1d0) Importer(2089858483,192608db42251d675da83286b1cce702) (ScriptedImporter) -> (artifact id: '9b4eb02903b33e1c968bd5136c3ea1de') in 0.0217716 seconds
Number of updated asset objects reloaded before import = 0Number of asset objects unloaded after import = 3

========================================================================
Received Import Request.
  Time since last request: 0.000021 seconds.
  path: Assets/Minifantasy_NPCs_Assets/Generic_NPCs/Die/Body/Doublets/Minifantasy_NPCsDie_Doublet_brownleather.png
  artifactKey: Guid(6672ebb16f82cfe4e962a56ef33ed944) Importer(2089858483,192608db42251d675da83286b1cce702)
Start importing Assets/Minifantasy_NPCs_Assets/Generic_NPCs/Die/Body/Doublets/Minifantasy_NPCsDie_Doublet_brownleather.png using Guid(6672ebb16f82cfe4e962a56ef33ed944) Importer(2089858483,192608db42251d675da83286b1cce702) (ScriptedImporter) -> (artifact id: 'aab582d1652d04474d49d91490304519') in 0.0184446 seconds
Number of updated asset objects reloaded before import = 0Number of asset objects unloaded after import = 3

========================================================================
Received Import Request.
  Time since last request: 1.287421 seconds.
  path: Assets/Plugins/UniTask/Runtime/UniTask.Run.cs
  artifactKey: Guid(8473162fc285a5f44bcca90f7da073e7) Importer(2089858483,192608db42251d675da83286b1cce702)
Start importing Assets/Plugins/UniTask/Runtime/UniTask.Run.cs using Guid(8473162fc285a5f44bcca90f7da073e7) Importer(2089858483,192608db42251d675da83286b1cce702) (ScriptedImporter) -> (artifact id: '45f354b4e8af2374e46921f2ddca3023') in 0.0059922 seconds
Number of updated asset objects reloaded before import = 0Number of asset objects unloaded after import = 0

========================================================================
Received Import Request.
  Time since last request: 0.000017 seconds.
  path: Assets/Minifantasy_NPCs_Assets/Generic_NPCs/Die/Body/Gloves/Minifantasy_NPCsDie_Gloves_yellow.png
  artifactKey: Guid(0d467f7d11ce1b949a1974379db4dd8f) Importer(2089858483,192608db42251d675da83286b1cce702)
Start importing Assets/Minifantasy_NPCs_Assets/Generic_NPCs/Die/Body/Gloves/Minifantasy_NPCsDie_Gloves_yellow.png using Guid(0d467f7d11ce1b949a1974379db4dd8f) Importer(2089858483,192608db42251d675da83286b1cce702) (ScriptedImporter) -> (artifact id: '42dae3b0006f1beed8bef8a0b34a51d7') in 0.0155645 seconds
Number of updated asset objects reloaded before import = 0Number of asset objects unloaded after import = 3

========================================================================
Received Import Request.
  Time since last request: 0.000017 seconds.
  path: Assets/Plugins/Sirenix/Assemblies/NoEditor/Sirenix.Serialization.dll
  artifactKey: Guid(5651992cdad94894a3af7dc3f1da9170) Importer(2089858483,192608db42251d675da83286b1cce702)
Start importing Assets/Plugins/Sirenix/Assemblies/NoEditor/Sirenix.Serialization.dll using Guid(5651992cdad94894a3af7dc3f1da9170) Importer(2089858483,192608db42251d675da83286b1cce702) (ScriptedImporter) -> (artifact id: '96e4779dd287f20dab914a385ab27b32') in 0.0106921 seconds
Number of updated asset objects reloaded before import = 0Number of asset objects unloaded after import = 0

========================================================================
Received Import Request.
  Time since last request: 0.000023 seconds.
  path: Assets/Plugins/Sirenix/Assemblies/NoEditor/Sirenix.Utilities.pdb
  artifactKey: Guid(5978f8f3dd274e848fbb7a123bde0a6f) Importer(2089858483,192608db42251d675da83286b1cce702)
Start importing Assets/Plugins/Sirenix/Assemblies/NoEditor/Sirenix.Utilities.pdb using Guid(5978f8f3dd274e848fbb7a123bde0a6f) Importer(2089858483,192608db42251d675da83286b1cce702) (ScriptedImporter) -> (artifact id: 'd6d675139516858d9b4f48f214143bec') in 0.0060445 seconds
Number of updated asset objects reloaded before import = 0Number of asset objects unloaded after import = 1

========================================================================
Received Import Request.
  Time since last request: 0.000025 seconds.
  path: Assets/Minifantasy_NPCs_Assets/Generic_NPCs/Die/Body/Gloves/Minifantasy_NPCsDie_Gloves_purple.png
  artifactKey: Guid(2156a3c753c061c4cb14c48c5f816027) Importer(2089858483,192608db42251d675da83286b1cce702)
Start importing Assets/Minifantasy_NPCs_Assets/Generic_NPCs/Die/Body/Gloves/Minifantasy_NPCsDie_Gloves_purple.png using Guid(2156a3c753c061c4cb14c48c5f816027) Importer(2089858483,192608db42251d675da83286b1cce702) (ScriptedImporter) -> (artifact id: 'ffc88c6a116ff24a14e8caf69ea55fee') in 0.024631 seconds
Number of updated asset objects reloaded before import = 0Number of asset objects unloaded after import = 3

========================================================================
Received Import Request.
  Time since last request: 0.000017 seconds.
  path: Assets/Minifantasy_NPCs_Assets/Premade_NPCs/Dyer/GIFs/Minifantasy_NPCsDyerWalk.gif
  artifactKey: Guid(9a78afe981521b748b8b3938e7ae7db8) Importer(2089858483,192608db42251d675da83286b1cce702)
Start importing Assets/Minifantasy_NPCs_Assets/Premade_NPCs/Dyer/GIFs/Minifantasy_NPCsDyerWalk.gif using Guid(9a78afe981521b748b8b3938e7ae7db8) Importer(2089858483,192608db42251d675da83286b1cce702) (ScriptedImporter) -> (artifact id: 'd8a23db298945ff9c19d4300cbab06c6') in 0.0218725 seconds
Number of updated asset objects reloaded before import = 0Number of asset objects unloaded after import = 6

========================================================================
Received Import Request.
  Time since last request: 0.000020 seconds.
  path: Assets/Plugins/UniTask/Runtime/CompilerServices/StateMachineRunner.cs
  artifactKey: Guid(98649642833cabf44a9dc060ce4c84a1) Importer(2089858483,192608db42251d675da83286b1cce702)
Start importing Assets/Plugins/UniTask/Runtime/CompilerServices/StateMachineRunner.cs using Guid(98649642833cabf44a9dc060ce4c84a1) Importer(2089858483,192608db42251d675da83286b1cce702) (ScriptedImporter) -> (artifact id: 'd20697be176adbe61a1cf4c35a0f007e') in 0.0056929 seconds
Number of updated asset objects reloaded before import = 0Number of asset objects unloaded after import = 0

========================================================================
Received Import Request.
  Time since last request: 0.000021 seconds.
  path: Assets/Minifantasy_NPCs_Assets/Premade_NPCs/Dyer/GIFs/Minifantasy_NPCsDyerDie.gif
  artifactKey: Guid(85453848c71bb5a48855c51323d2af91) Importer(2089858483,192608db42251d675da83286b1cce702)
Start importing Assets/Minifantasy_NPCs_Assets/Premade_NPCs/Dyer/GIFs/Minifantasy_NPCsDyerDie.gif using Guid(85453848c71bb5a48855c51323d2af91) Importer(2089858483,192608db42251d675da83286b1cce702) (ScriptedImporter) -> (artifact id: '96497f4ca947c8a7d38c51761cd4e50d') in 0.0167383 seconds
Number of updated asset objects reloaded before import = 0Number of asset objects unloaded after import = 3

========================================================================
Received Import Request.
  Time since last request: 0.000022 seconds.
  path: Assets/Minifantasy_NPCs_Assets/Premade_NPCs/Alchemist/GIFs/Minifantasy_NPCsAlchemistIdle.gif
  artifactKey: Guid(cb92de6cc9af6f34787cb5cb8c7a8cae) Importer(2089858483,192608db42251d675da83286b1cce702)
Start importing Assets/Minifantasy_NPCs_Assets/Premade_NPCs/Alchemist/GIFs/Minifantasy_NPCsAlchemistIdle.gif using Guid(cb92de6cc9af6f34787cb5cb8c7a8cae) Importer(2089858483,192608db42251d675da83286b1cce702) (ScriptedImporter) -> (artifact id: '47594eff84f41cce80f9399a8fa0f0c7') in 0.0315852 seconds
Number of updated asset objects reloaded before import = 0Number of asset objects unloaded after import = 6

========================================================================
Received Import Request.
  Time since last request: 0.000037 seconds.
  path: Assets/Minifantasy_NPCs_Assets/Premade_NPCs/Tailor/GIFs/Minifantasy_NPCsTailorDie.gif
  artifactKey: Guid(947d2b86e1088e441a0a91611bdece1d) Importer(2089858483,192608db42251d675da83286b1cce702)
Start importing Assets/Minifantasy_NPCs_Assets/Premade_NPCs/Tailor/GIFs/Minifantasy_NPCsTailorDie.gif using Guid(947d2b86e1088e441a0a91611bdece1d) Importer(2089858483,192608db42251d675da83286b1cce702) (ScriptedImporter) -> (artifact id: '52ad5664bf58300ce8ed499a4fd8ef9c') in 0.0189261 seconds
Number of updated asset objects reloaded before import = 0Number of asset objects unloaded after import = 3

========================================================================
Received Import Request.
  Time since last request: 0.000021 seconds.
  path: Assets/Minifantasy_NPCs_Assets/Premade_NPCs/Alchemist/GIFs/Minifantasy_NPCsAlchemistDmg.gif
  artifactKey: Guid(d63671eb14b2d0a4c814932b27837e0a) Importer(2089858483,192608db42251d675da83286b1cce702)
Start importing Assets/Minifantasy_NPCs_Assets/Premade_NPCs/Alchemist/GIFs/Minifantasy_NPCsAlchemistDmg.gif using Guid(d63671eb14b2d0a4c814932b27837e0a) Importer(2089858483,192608db42251d675da83286b1cce702) (ScriptedImporter) -> (artifact id: '00be7d08fc1e04c2f15946f0064595da') in 0.0320769 seconds
Number of updated asset objects reloaded before import = 0Number of asset objects unloaded after import = 6

========================================================================
Received Import Request.
  Time since last request: 0.000022 seconds.
  path: Assets/Plugins/UniTask/Runtime/UnityBindingExtensions.cs
  artifactKey: Guid(090b20e3528552b4a8d751f7df525c2b) Importer(2089858483,192608db42251d675da83286b1cce702)
Start importing Assets/Plugins/UniTask/Runtime/UnityBindingExtensions.cs using Guid(090b20e3528552b4a8d751f7df525c2b) Importer(2089858483,192608db42251d675da83286b1cce702) (ScriptedImporter) -> (artifact id: 'a3f0f6c6f2c57c7093f66cde38328dee') in 0.0068066 seconds
Number of updated asset objects reloaded before import = 0Number of asset objects unloaded after import = 0

========================================================================
Received Import Request.
  Time since last request: 0.000020 seconds.
  path: Assets/Plugins/UniTask/Runtime/UniTaskVoid.cs
  artifactKey: Guid(e9f28cd922179634d863011548f89ae7) Importer(2089858483,192608db42251d675da83286b1cce702)
Start importing Assets/Plugins/UniTask/Runtime/UniTaskVoid.cs using Guid(e9f28cd922179634d863011548f89ae7) Importer(2089858483,192608db42251d675da83286b1cce702) (ScriptedImporter) -> (artifact id: 'f39a0efefb928806a226199f0883cff7') in 0.0069851 seconds
Number of updated asset objects reloaded before import = 0Number of asset objects unloaded after import = 0

========================================================================
Received Import Request.
  Time since last request: 0.000022 seconds.
  path: Assets/Minifantasy_NPCs_Assets/Generic_NPCs/Die/Body/Gloves/Minifantasy_NPCsDie_Gloves_lime.png
  artifactKey: Guid(027e9a4085cce4f4eb87245b60796234) Importer(2089858483,192608db42251d675da83286b1cce702)
Start importing Assets/Minifantasy_NPCs_Assets/Generic_NPCs/Die/Body/Gloves/Minifantasy_NPCsDie_Gloves_lime.png using Guid(027e9a4085cce4f4eb87245b60796234) Importer(2089858483,192608db42251d675da83286b1cce702) (ScriptedImporter) -> (artifact id: '09139eecd451225aeba1a4f6d98bdd17') in 0.0187088 seconds
Number of updated asset objects reloaded before import = 0Number of asset objects unloaded after import = 3

========================================================================
Received Import Request.
  Time since last request: 0.000033 seconds.
  path: Assets/Minifantasy_NPCs_Assets/Premade_NPCs/Cooker/GIFs/Minifantasy_NPCsCookerWorking.gif
  artifactKey: Guid(e8f24ccb9dce2f64b81c8121da06560f) Importer(2089858483,192608db42251d675da83286b1cce702)
Start importing Assets/Minifantasy_NPCs_Assets/Premade_NPCs/Cooker/GIFs/Minifantasy_NPCsCookerWorking.gif using Guid(e8f24ccb9dce2f64b81c8121da06560f) Importer(2089858483,192608db42251d675da83286b1cce702) (ScriptedImporter) -> (artifact id: 'ffe2ff8c0b17d25a74b27e6a78de4be3') in 0.0260624 seconds
Number of updated asset objects reloaded before import = 0Number of asset objects unloaded after import = 3

========================================================================
Received Import Request.
  Time since last request: 0.000020 seconds.
  path: Assets/Minifantasy_NPCs_Assets/Generic_NPCs/Die/Body/Gloves/Minifantasy_NPCsDie_Gloves_turquoise.png
  artifactKey: Guid(02ca013b13636cd45bc32184bde4eaec) Importer(2089858483,192608db42251d675da83286b1cce702)
Start importing Assets/Minifantasy_NPCs_Assets/Generic_NPCs/Die/Body/Gloves/Minifantasy_NPCsDie_Gloves_turquoise.png using Guid(02ca013b13636cd45bc32184bde4eaec) Importer(2089858483,192608db42251d675da83286b1cce702) (ScriptedImporter) -> (artifact id: '9e5368518922c0e3986ae92a6d401fc5') in 0.0230828 seconds
Number of updated asset objects reloaded before import = 0Number of asset objects unloaded after import = 3

========================================================================
Received Import Request.
  Time since last request: 0.000030 seconds.
  path: Assets/Minifantasy_NPCs_Assets/Premade_NPCs/Carpenter/GIFs/Minifantasy_NPCsCarpenterDie.gif
  artifactKey: Guid(4e5d787670b515247b907f308faac87a) Importer(2089858483,192608db42251d675da83286b1cce702)
Start importing Assets/Minifantasy_NPCs_Assets/Premade_NPCs/Carpenter/GIFs/Minifantasy_NPCsCarpenterDie.gif using Guid(4e5d787670b515247b907f308faac87a) Importer(2089858483,192608db42251d675da83286b1cce702) (ScriptedImporter) -> (artifact id: '242ba23657cacbd9496b91b8c465aa11') in 0.0211822 seconds
Number of updated asset objects reloaded before import = 0Number of asset objects unloaded after import = 3

========================================================================
Received Import Request.
  Time since last request: 0.000023 seconds.
  path: Assets/Minifantasy_NPCs_Assets/Generic_NPCs/Die/Body/Gloves/Minifantasy_NPCsDie_Gloves_whiteleather.png
  artifactKey: Guid(019da315353c4824e81674f04380ec63) Importer(2089858483,192608db42251d675da83286b1cce702)
Start importing Assets/Minifantasy_NPCs_Assets/Generic_NPCs/Die/Body/Gloves/Minifantasy_NPCsDie_Gloves_whiteleather.png using Guid(019da315353c4824e81674f04380ec63) Importer(2089858483,192608db42251d675da83286b1cce702) (ScriptedImporter) -> (artifact id: '207af009c46ae73d964ad568c26675bf') in 0.024801 seconds
Number of updated asset objects reloaded before import = 0Number of asset objects unloaded after import = 3

========================================================================
Received Import Request.
  Time since last request: 0.000036 seconds.
  path: Assets/Plugins/UniTask/Runtime/UniTaskExtensions.cs
  artifactKey: Guid(05460c617dae1e440861a7438535389f) Importer(2089858483,192608db42251d675da83286b1cce702)
Start importing Assets/Plugins/UniTask/Runtime/UniTaskExtensions.cs using Guid(05460c617dae1e440861a7438535389f) Importer(2089858483,192608db42251d675da83286b1cce702) (ScriptedImporter) -> (artifact id: 'e5fb15180b684f934f7fc80d5ab8e0a6') in 0.0096829 seconds
Number of updated asset objects reloaded before import = 0Number of asset objects unloaded after import = 0

========================================================================
Received Import Request.
  Time since last request: 0.000025 seconds.
  path: Assets/Minifantasy_NPCs_Assets/Generic_NPCs/Die/Body/Gloves/Minifantasy_NPCsDie_Gloves_orange.png
  artifactKey: Guid(a45a0e71bc096d74b97d3a90dc421dfd) Importer(2089858483,192608db42251d675da83286b1cce702)
Start importing Assets/Minifantasy_NPCs_Assets/Generic_NPCs/Die/Body/Gloves/Minifantasy_NPCsDie_Gloves_orange.png using Guid(a45a0e71bc096d74b97d3a90dc421dfd) Importer(2089858483,192608db42251d675da83286b1cce702) (ScriptedImporter) -> (artifact id: 'be3644e5e579cc21de3e025489bf0983') in 0.0376908 seconds
Number of updated asset objects reloaded before import = 0Number of asset objects unloaded after import = 3

========================================================================
Received Import Request.
  Time since last request: 0.000058 seconds.
  path: Assets/Minifantasy_NPCs_Assets/Generic_NPCs/Die/Body/Doublets/Minifantasy_NPCsDie_Doublet_yellow.png
  artifactKey: Guid(d7603694f84466f47809ff07ba56d4d5) Importer(2089858483,192608db42251d675da83286b1cce702)
Start importing Assets/Minifantasy_NPCs_Assets/Generic_NPCs/Die/Body/Doublets/Minifantasy_NPCsDie_Doublet_yellow.png using Guid(d7603694f84466f47809ff07ba56d4d5) Importer(2089858483,192608db42251d675da83286b1cce702) (ScriptedImporter) -> (artifact id: '5726ef69e9e59e6ec764983d29308f10') in 0.0214564 seconds
Number of updated asset objects reloaded before import = 0Number of asset objects unloaded after import = 3

========================================================================
Received Import Request.
  Time since last request: 0.000023 seconds.
  path: Assets/Minifantasy_NPCs_Assets/Premade_NPCs/Blacksmith/GIFs/Minifantasy_NPCsBlacksmithWalk.gif
  artifactKey: Guid(c38f85032612875499387ff45806a46e) Importer(2089858483,192608db42251d675da83286b1cce702)
Start importing Assets/Minifantasy_NPCs_Assets/Premade_NPCs/Blacksmith/GIFs/Minifantasy_NPCsBlacksmithWalk.gif using Guid(c38f85032612875499387ff45806a46e) Importer(2089858483,192608db42251d675da83286b1cce702) (ScriptedImporter) -> (artifact id: '3e5edfd2a14c5da706161a4f6f6d9afc') in 0.0304115 seconds
Number of updated asset objects reloaded before import = 0Number of asset objects unloaded after import = 6

========================================================================
Received Import Request.
  Time since last request: 0.000042 seconds.
  path: Assets/Minifantasy_NPCs_Assets/Premade_NPCs/Dyer/GIFs/Minifantasy_NPCsDyerWorking.gif
  artifactKey: Guid(dbd31a2afec63dd4b9a85315dd407285) Importer(2089858483,192608db42251d675da83286b1cce702)
Start importing Assets/Minifantasy_NPCs_Assets/Premade_NPCs/Dyer/GIFs/Minifantasy_NPCsDyerWorking.gif using Guid(dbd31a2afec63dd4b9a85315dd407285) Importer(2089858483,192608db42251d675da83286b1cce702) (ScriptedImporter) -> (artifact id: '96cc635ca6f3aa1033c1b48b6dfabeb2') in 0.0302645 seconds
Number of updated asset objects reloaded before import = 0Number of asset objects unloaded after import = 4

========================================================================
Received Import Request.
  Time since last request: 0.000020 seconds.
  path: Assets/Minifantasy_NPCs_Assets/Premade_NPCs/Dyer/GIFs/Minifantasy_NPCsDyerDmg.gif
  artifactKey: Guid(8d742f72163a11d4ba07986456281655) Importer(2089858483,192608db42251d675da83286b1cce702)
Start importing Assets/Minifantasy_NPCs_Assets/Premade_NPCs/Dyer/GIFs/Minifantasy_NPCsDyerDmg.gif using Guid(8d742f72163a11d4ba07986456281655) Importer(2089858483,192608db42251d675da83286b1cce702) (ScriptedImporter) -> (artifact id: '9d45f8f0532df4fbd208a20b42e4d345') in 0.0382299 seconds
Number of updated asset objects reloaded before import = 0Number of asset objects unloaded after import = 6

========================================================================
Received Import Request.
  Time since last request: 0.112624 seconds.
  path: Assets/Minifantasy_NPCs_Assets/Generic_NPCs/Die/Body/Jacket/Minifantasy_NPCsDie_Jacket_grey.png
  artifactKey: Guid(6d879d28dc77e4742abd0c17b0f71d78) Importer(2089858483,192608db42251d675da83286b1cce702)
Start importing Assets/Minifantasy_NPCs_Assets/Generic_NPCs/Die/Body/Jacket/Minifantasy_NPCsDie_Jacket_grey.png using Guid(6d879d28dc77e4742abd0c17b0f71d78) Importer(2089858483,192608db42251d675da83286b1cce702) (ScriptedImporter) -> (artifact id: 'a75128bd4f2ff45d92bac16a99d41391') in 0.0155545 seconds
Number of updated asset objects reloaded before import = 0Number of asset objects unloaded after import = 3

========================================================================
Received Import Request.
  Time since last request: 0.000018 seconds.
  path: Assets/Minifantasy_NPCs_Assets/Generic_NPCs/Die/Body/Togas/Minifantasy_NPCsDie_Toga_yellow.png
  artifactKey: Guid(5b681b4cfc2bfdb4a91280457927f7cf) Importer(2089858483,192608db42251d675da83286b1cce702)
Start importing Assets/Minifantasy_NPCs_Assets/Generic_NPCs/Die/Body/Togas/Minifantasy_NPCsDie_Toga_yellow.png using Guid(5b681b4cfc2bfdb4a91280457927f7cf) Importer(2089858483,192608db42251d675da83286b1cce702) (ScriptedImporter) -> (artifact id: 'b286f7b0e6f45381742ce26f627f944a') in 0.0195993 seconds
Number of updated asset objects reloaded before import = 0Number of asset objects unloaded after import = 3

========================================================================
Received Import Request.
  Time since last request: 0.000018 seconds.
  path: Assets/Minifantasy_NPCs_Assets/Generic_NPCs/Die/Body/ShoulderPads/Minifantasy_NPCsDie_ShoulderPads_magenta.png
  artifactKey: Guid(bec12a8caf8b23c4589d44269379ebb5) Importer(2089858483,192608db42251d675da83286b1cce702)
Start importing Assets/Minifantasy_NPCs_Assets/Generic_NPCs/Die/Body/ShoulderPads/Minifantasy_NPCsDie_ShoulderPads_magenta.png using Guid(bec12a8caf8b23c4589d44269379ebb5) Importer(2089858483,192608db42251d675da83286b1cce702) (ScriptedImporter) -> (artifact id: 'd4d8760be2df8e7ae6fe713ddf8f753c') in 0.019763 seconds
Number of updated asset objects reloaded before import = 0Number of asset objects unloaded after import = 3

========================================================================
Received Import Request.
  Time since last request: 0.000034 seconds.
  path: Assets/Minifantasy_NPCs_Assets/Generic_NPCs/Die/Body/Trousers/Minifantasy_NPCsDie_Trousers_purple.png
  artifactKey: Guid(9e8a0552609945a44bd632fb56edbc40) Importer(2089858483,192608db42251d675da83286b1cce702)
Start importing Assets/Minifantasy_NPCs_Assets/Generic_NPCs/Die/Body/Trousers/Minifantasy_NPCsDie_Trousers_purple.png using Guid(9e8a0552609945a44bd632fb56edbc40) Importer(2089858483,192608db42251d675da83286b1cce702) (ScriptedImporter) -> (artifact id: 'b73838322b54fabef6fa822d6f24c615') in 0.0157112 seconds
Number of updated asset objects reloaded before import = 0Number of asset objects unloaded after import = 3

========================================================================
Received Import Request.
  Time since last request: 0.000017 seconds.
  path: Assets/Minifantasy_NPCs_Assets/Generic_NPCs/Die/Body/Togas/Minifantasy_NPCsDie_Toga_magenta.png
  artifactKey: Guid(125fe9d233f31e14aba90d74bf6c269f) Importer(2089858483,192608db42251d675da83286b1cce702)
Start importing Assets/Minifantasy_NPCs_Assets/Generic_NPCs/Die/Body/Togas/Minifantasy_NPCsDie_Toga_magenta.png using Guid(125fe9d233f31e14aba90d74bf6c269f) Importer(2089858483,192608db42251d675da83286b1cce702) (ScriptedImporter) -> (artifact id: '7005e994f217675a2c6a8731317e1f8c') in 0.0241868 seconds
Number of updated asset objects reloaded before import = 0Number of asset objects unloaded after import = 3

========================================================================
Received Import Request.
  Time since last request: 0.000019 seconds.
  path: Assets/Minifantasy_NPCs_Assets/Generic_NPCs/Die/Body/Trousers/Minifantasy_NPCsDie_Trousers_yellow.png
  artifactKey: Guid(607826fc2e6d0bc4492df0c24f215757) Importer(2089858483,192608db42251d675da83286b1cce702)
Start importing Assets/Minifantasy_NPCs_Assets/Generic_NPCs/Die/Body/Trousers/Minifantasy_NPCsDie_Trousers_yellow.png using Guid(607826fc2e6d0bc4492df0c24f215757) Importer(2089858483,192608db42251d675da83286b1cce702) (ScriptedImporter) -> (artifact id: '93d81b7af38644077022fde14b2bfcdf') in 0.0200788 seconds
Number of updated asset objects reloaded before import = 0Number of asset objects unloaded after import = 3

========================================================================
Received Import Request.
  Time since last request: 0.000024 seconds.
  path: Assets/Minifantasy_NPCs_Assets/Generic_NPCs/Die/Body/ShoulderPads/Minifantasy_NPCsDie_ShoulderPads_black.png
  artifactKey: Guid(3fe576f44271599408a2bf06bbc74814) Importer(2089858483,192608db42251d675da83286b1cce702)
Start importing Assets/Minifantasy_NPCs_Assets/Generic_NPCs/Die/Body/ShoulderPads/Minifantasy_NPCsDie_ShoulderPads_black.png using Guid(3fe576f44271599408a2bf06bbc74814) Importer(2089858483,192608db42251d675da83286b1cce702) (ScriptedImporter) -> (artifact id: '42e6a733fc58252edc93c411e675eb6d') in 0.0310932 seconds
Number of updated asset objects reloaded before import = 0Number of asset objects unloaded after import = 3

========================================================================
Received Import Request.
  Time since last request: 0.000023 seconds.
  path: Assets/Minifantasy_NPCs_Assets/Generic_NPCs/Die/Body/Trousers/Minifantasy_NPCsDie_Trousers_white.png
  artifactKey: Guid(60147b6a4846a664dbe4951b014ef9cf) Importer(2089858483,192608db42251d675da83286b1cce702)
Start importing Assets/Minifantasy_NPCs_Assets/Generic_NPCs/Die/Body/Trousers/Minifantasy_NPCsDie_Trousers_white.png using Guid(60147b6a4846a664dbe4951b014ef9cf) Importer(2089858483,192608db42251d675da83286b1cce702) (ScriptedImporter) -> (artifact id: '3d8457c705202273ee5d2b10df469034') in 0.026382 seconds
Number of updated asset objects reloaded before import = 0Number of asset objects unloaded after import = 3

========================================================================
Received Import Request.
  Time since last request: 0.000033 seconds.
  path: Assets/Minifantasy_NPCs_Assets/Generic_NPCs/Die/Body/Togas/Minifantasy_NPCsDie_Toga_black.png
  artifactKey: Guid(2dc1e19bbde5d0c4fad9e76ae4047800) Importer(2089858483,192608db42251d675da83286b1cce702)
Start importing Assets/Minifantasy_NPCs_Assets/Generic_NPCs/Die/Body/Togas/Minifantasy_NPCsDie_Toga_black.png using Guid(2dc1e19bbde5d0c4fad9e76ae4047800) Importer(2089858483,192608db42251d675da83286b1cce702) (ScriptedImporter) -> (artifact id: '2cf327ebbdfbd97588aaf3f7821da583') in 0.0352018 seconds
Number of updated asset objects reloaded before import = 0Number of asset objects unloaded after import = 3

========================================================================
Received Import Request.
  Time since last request: 0.000019 seconds.
  path: Assets/Minifantasy_NPCs_Assets/Generic_NPCs/Die/Body/Trousers/Minifantasy_NPCsDie_Trousers_blackleather.png
  artifactKey: Guid(8ed3ad061ac393649be8c3410a5e688c) Importer(2089858483,192608db42251d675da83286b1cce702)
Start importing Assets/Minifantasy_NPCs_Assets/Generic_NPCs/Die/Body/Trousers/Minifantasy_NPCsDie_Trousers_blackleather.png using Guid(8ed3ad061ac393649be8c3410a5e688c) Importer(2089858483,192608db42251d675da83286b1cce702) (ScriptedImporter) -> (artifact id: '890686d3931320d24b24dbeb5422f1b6') in 0.0175341 seconds
Number of updated asset objects reloaded before import = 0Number of asset objects unloaded after import = 3

========================================================================
Received Import Request.
  Time since last request: 0.000022 seconds.
  path: Assets/Minifantasy_NPCs_Assets/Generic_NPCs/Die/Body/Trousers/Minifantasy_NPCsDie_Trousers_orange.png
  artifactKey: Guid(6b2b1445e86a8d849b33012737de2d23) Importer(2089858483,192608db42251d675da83286b1cce702)
Start importing Assets/Minifantasy_NPCs_Assets/Generic_NPCs/Die/Body/Trousers/Minifantasy_NPCsDie_Trousers_orange.png using Guid(6b2b1445e86a8d849b33012737de2d23) Importer(2089858483,192608db42251d675da83286b1cce702) (ScriptedImporter) -> (artifact id: '7de2750fd6e2676100e282b57e0c2803') in 0.0163489 seconds
Number of updated asset objects reloaded before import = 0Number of asset objects unloaded after import = 3

========================================================================
Received Import Request.
  Time since last request: 0.000047 seconds.
  path: Assets/Minifantasy_NPCs_Assets/Generic_NPCs/Die/Body/Togas/Minifantasy_NPCsDie_Toga_turquoise.png
  artifactKey: Guid(1e6efb48ce8d23c4894a20ba5fa64d16) Importer(2089858483,192608db42251d675da83286b1cce702)
Start importing Assets/Minifantasy_NPCs_Assets/Generic_NPCs/Die/Body/Togas/Minifantasy_NPCsDie_Toga_turquoise.png using Guid(1e6efb48ce8d23c4894a20ba5fa64d16) Importer(2089858483,192608db42251d675da83286b1cce702) (ScriptedImporter) -> (artifact id: 'ff40f232c47fd3266e1b4e5d122e560d') in 0.0188998 seconds
Number of updated asset objects reloaded before import = 0Number of asset objects unloaded after import = 3

========================================================================
Received Import Request.
  Time since last request: 0.000036 seconds.
  path: Assets/Minifantasy_NPCs_Assets/Generic_NPCs/Die/Body/Shoes/Minifantasy_NPCsDie_Shoes_whiteleather.png
  artifactKey: Guid(98f9007dff8bc38448df783b11954b05) Importer(2089858483,192608db42251d675da83286b1cce702)
Start importing Assets/Minifantasy_NPCs_Assets/Generic_NPCs/Die/Body/Shoes/Minifantasy_NPCsDie_Shoes_whiteleather.png using Guid(98f9007dff8bc38448df783b11954b05) Importer(2089858483,192608db42251d675da83286b1cce702) (ScriptedImporter) -> (artifact id: 'cdf25900f8134b20a384b833a2bf46f0') in 0.0255267 seconds
Number of updated asset objects reloaded before import = 0Number of asset objects unloaded after import = 3

========================================================================
Received Import Request.
  Time since last request: 0.000023 seconds.
  path: Assets/Minifantasy_NPCs_Assets/Generic_NPCs/Die/Body/Trousers/Minifantasy_NPCsDie_Trousers_grey.png
  artifactKey: Guid(22e7f7a3856bfa641813bddec14758fe) Importer(2089858483,192608db42251d675da83286b1cce702)
Start importing Assets/Minifantasy_NPCs_Assets/Generic_NPCs/Die/Body/Trousers/Minifantasy_NPCsDie_Trousers_grey.png using Guid(22e7f7a3856bfa641813bddec14758fe) Importer(2089858483,192608db42251d675da83286b1cce702) (ScriptedImporter) -> (artifact id: 'e901ce1d414d6b14382e36f6fa78be15') in 0.0258966 seconds
Number of updated asset objects reloaded before import = 0Number of asset objects unloaded after import = 3

========================================================================
Received Import Request.
  Time since last request: 0.000020 seconds.
  path: Assets/Minifantasy_NPCs_Assets/Generic_NPCs/Die/Body/Togas/Minifantasy_NPCsDie_Toga_whiteleather.png
  artifactKey: Guid(7f2143fd33bdce94189f303d6cbe8002) Importer(2089858483,192608db42251d675da83286b1cce702)
Start importing Assets/Minifantasy_NPCs_Assets/Generic_NPCs/Die/Body/Togas/Minifantasy_NPCsDie_Toga_whiteleather.png using Guid(7f2143fd33bdce94189f303d6cbe8002) Importer(2089858483,192608db42251d675da83286b1cce702) (ScriptedImporter) -> (artifact id: '877b30c1326cdee22db86e033bebad31') in 0.0277744 seconds
Number of updated asset objects reloaded before import = 0Number of asset objects unloaded after import = 3

========================================================================
Received Import Request.
  Time since last request: 0.000032 seconds.
  path: Assets/Minifantasy_NPCs_Assets/Generic_NPCs/Die/Body/Shoes/Minifantasy_NPCsDie_Shoes_yellow.png
  artifactKey: Guid(a05c5bfa848b3e144ba2bd85d0a7fd1e) Importer(2089858483,192608db42251d675da83286b1cce702)
Start importing Assets/Minifantasy_NPCs_Assets/Generic_NPCs/Die/Body/Shoes/Minifantasy_NPCsDie_Shoes_yellow.png using Guid(a05c5bfa848b3e144ba2bd85d0a7fd1e) Importer(2089858483,192608db42251d675da83286b1cce702) (ScriptedImporter) -> (artifact id: 'c78f80f04b150b3a2088c2fc2d24a8c7') in 0.0239757 seconds
Number of updated asset objects reloaded before import = 0Number of asset objects unloaded after import = 3

========================================================================
Received Import Request.
  Time since last request: 0.000030 seconds.
  path: Assets/Minifantasy_NPCs_Assets/Generic_NPCs/Die/Body/Jacket/Minifantasy_NPCsDie_Jacket_turquoise.png
  artifactKey: Guid(cdbfcbb619e31f24ca199f0311b52e9d) Importer(2089858483,192608db42251d675da83286b1cce702)
Start importing Assets/Minifantasy_NPCs_Assets/Generic_NPCs/Die/Body/Jacket/Minifantasy_NPCsDie_Jacket_turquoise.png using Guid(cdbfcbb619e31f24ca199f0311b52e9d) Importer(2089858483,192608db42251d675da83286b1cce702) (ScriptedImporter) -> (artifact id: 'd8e28a711f8c3278629f7586bcbb7e64') in 0.0215027 seconds
Number of updated asset objects reloaded before import = 0Number of asset objects unloaded after import = 3

========================================================================
Received Import Request.
  Time since last request: 0.000027 seconds.
  path: Assets/Minifantasy_NPCs_Assets/Generic_NPCs/Die/Body/Shoes/Minifantasy_NPCsDie_Shoes_turquoise.png
  artifactKey: Guid(5085a9bba1f674f498689f8bf74588a2) Importer(2089858483,192608db42251d675da83286b1cce702)
Start importing Assets/Minifantasy_NPCs_Assets/Generic_NPCs/Die/Body/Shoes/Minifantasy_NPCsDie_Shoes_turquoise.png using Guid(5085a9bba1f674f498689f8bf74588a2) Importer(2089858483,192608db42251d675da83286b1cce702) (ScriptedImporter) -> (artifact id: '0518f31f84e45e2179997efd7400daa0') in 0.0263423 seconds
Number of updated asset objects reloaded before import = 0Number of asset objects unloaded after import = 3

========================================================================
Received Import Request.
  Time since last request: 0.000024 seconds.
  path: Assets/Minifantasy_NPCs_Assets/Generic_NPCs/Die/Body/Shirt/Minifantasy_NPCsDie_Shirt_grey.png
  artifactKey: Guid(f6356e99f07b1e84e969d380d7146d8b) Importer(2089858483,192608db42251d675da83286b1cce702)
Start importing Assets/Minifantasy_NPCs_Assets/Generic_NPCs/Die/Body/Shirt/Minifantasy_NPCsDie_Shirt_grey.png using Guid(f6356e99f07b1e84e969d380d7146d8b) Importer(2089858483,192608db42251d675da83286b1cce702) (ScriptedImporter) -> (artifact id: 'bd2b7c8bf5db14fe0296a90e0bf3aef7') in 0.0193825 seconds
Number of updated asset objects reloaded before import = 0Number of asset objects unloaded after import = 3

========================================================================
Received Import Request.
  Time since last request: 0.000018 seconds.
  path: Assets/Minifantasy_NPCs_Assets/Generic_NPCs/Die/Body/Togas/Minifantasy_NPCsDie_Toga_brownleather.png
  artifactKey: Guid(3bd9ed4bbfe481745a3447f4e5b9d2ec) Importer(2089858483,192608db42251d675da83286b1cce702)
Start importing Assets/Minifantasy_NPCs_Assets/Generic_NPCs/Die/Body/Togas/Minifantasy_NPCsDie_Toga_brownleather.png using Guid(3bd9ed4bbfe481745a3447f4e5b9d2ec) Importer(2089858483,192608db42251d675da83286b1cce702) (ScriptedImporter) -> (artifact id: '19c61af68976380d7be9058df3350768') in 0.0216776 seconds
Number of updated asset objects reloaded before import = 0Number of asset objects unloaded after import = 3

========================================================================
Received Import Request.
  Time since last request: 0.000026 seconds.
  path: Assets/Minifantasy_NPCs_Assets/Generic_NPCs/Die/Body/Shoes/Minifantasy_NPCsDie_Shoes_brownleather.png
  artifactKey: Guid(677044a0ac58a024abd00da24b4310a6) Importer(2089858483,192608db42251d675da83286b1cce702)
Start importing Assets/Minifantasy_NPCs_Assets/Generic_NPCs/Die/Body/Shoes/Minifantasy_NPCsDie_Shoes_brownleather.png using Guid(677044a0ac58a024abd00da24b4310a6) Importer(2089858483,192608db42251d675da83286b1cce702) (ScriptedImporter) -> (artifact id: '5c79f54f43527eb94aa8391dffd44851') in 0.0236117 seconds
Number of updated asset objects reloaded before import = 0Number of asset objects unloaded after import = 3

========================================================================
Received Import Request.
  Time since last request: 0.000048 seconds.
  path: Assets/Minifantasy_NPCs_Assets/Generic_NPCs/Die/Body/ShoulderPads/Minifantasy_NPCsDie_ShoulderPads_blackleather.png
  artifactKey: Guid(0d69d5d0ec2cfa84eb5b930e48444874) Importer(2089858483,192608db42251d675da83286b1cce702)
Start importing Assets/Minifantasy_NPCs_Assets/Generic_NPCs/Die/Body/ShoulderPads/Minifantasy_NPCsDie_ShoulderPads_blackleather.png using Guid(0d69d5d0ec2cfa84eb5b930e48444874) Importer(2089858483,192608db42251d675da83286b1cce702) (ScriptedImporter) -> (artifact id: '6fc1b222c56a1463fb150ffaf564a31a') in 0.0238726 seconds
Number of updated asset objects reloaded before import = 0Number of asset objects unloaded after import = 3

========================================================================
Received Import Request.
  Time since last request: 0.000022 seconds.
  path: Assets/Minifantasy_NPCs_Assets/Generic_NPCs/Die/Body/ShoulderPads/Minifantasy_NPCsDie_ShoulderPads_green.png
  artifactKey: Guid(7be78584e878fe04f92bc47f311b2c75) Importer(2089858483,192608db42251d675da83286b1cce702)
Start importing Assets/Minifantasy_NPCs_Assets/Generic_NPCs/Die/Body/ShoulderPads/Minifantasy_NPCsDie_ShoulderPads_green.png using Guid(7be78584e878fe04f92bc47f311b2c75) Importer(2089858483,192608db42251d675da83286b1cce702) (ScriptedImporter) -> (artifact id: '9bf481fe309167378f6ee32b5335df20') in 0.0219726 seconds
Number of updated asset objects reloaded before import = 0Number of asset objects unloaded after import = 3

========================================================================
Received Import Request.
  Time since last request: 0.000056 seconds.
  path: Assets/Minifantasy_NPCs_Assets/Generic_NPCs/Die/Body/Shirt/Minifantasy_NPCsDie_Shirt_orange.png
  artifactKey: Guid(2e41b39720a44ca48ab22d1d720eeeb0) Importer(2089858483,192608db42251d675da83286b1cce702)
Start importing Assets/Minifantasy_NPCs_Assets/Generic_NPCs/Die/Body/Shirt/Minifantasy_NPCsDie_Shirt_orange.png using Guid(2e41b39720a44ca48ab22d1d720eeeb0) Importer(2089858483,192608db42251d675da83286b1cce702) (ScriptedImporter) -> (artifact id: '89149575f27fa91e0de69ff18e943805') in 0.0205155 seconds
Number of updated asset objects reloaded before import = 0Number of asset objects unloaded after import = 3

========================================================================
Received Import Request.
  Time since last request: 0.000021 seconds.
  path: Assets/Minifantasy_NPCs_Assets/Generic_NPCs/Dmg/Body/Shoes/Minifantasy_NPCsDmg_Shoes_white.png
  artifactKey: Guid(244b992f1fe506e4195fe7b2bc35828c) Importer(2089858483,192608db42251d675da83286b1cce702)
Start importing Assets/Minifantasy_NPCs_Assets/Generic_NPCs/Dmg/Body/Shoes/Minifantasy_NPCsDmg_Shoes_white.png using Guid(244b992f1fe506e4195fe7b2bc35828c) Importer(2089858483,192608db42251d675da83286b1cce702) (ScriptedImporter) -> (artifact id: 'b96a1ee094ac03960808bd85077e33ba') in 0.0191356 seconds
Number of updated asset objects reloaded before import = 0Number of asset objects unloaded after import = 3

========================================================================
Received Import Request.
  Time since last request: 0.000026 seconds.
  path: Assets/Minifantasy_NPCs_Assets/Generic_NPCs/Dmg/Body/Trousers/Minifantasy_NPCsDmg_Trousers_brownleather.png
  artifactKey: Guid(c1077286768f5a6448e41b9e72afded9) Importer(2089858483,192608db42251d675da83286b1cce702)
Start importing Assets/Minifantasy_NPCs_Assets/Generic_NPCs/Dmg/Body/Trousers/Minifantasy_NPCsDmg_Trousers_brownleather.png using Guid(c1077286768f5a6448e41b9e72afded9) Importer(2089858483,192608db42251d675da83286b1cce702) (ScriptedImporter) -> (artifact id: 'fd3d6ac98a193bdf3710345b6239799a') in 0.0211754 seconds
Number of updated asset objects reloaded before import = 0Number of asset objects unloaded after import = 3

========================================================================
Received Import Request.
  Time since last request: 0.000029 seconds.
  path: Assets/Minifantasy_NPCs_Assets/Generic_NPCs/Dmg/Body/Doublets/Minifantasy_NPCsDmg_Doublet_red.png
  artifactKey: Guid(6a66ba4c5a75e784faa8a2e9e405f774) Importer(2089858483,192608db42251d675da83286b1cce702)
Start importing Assets/Minifantasy_NPCs_Assets/Generic_NPCs/Dmg/Body/Doublets/Minifantasy_NPCsDmg_Doublet_red.png using Guid(6a66ba4c5a75e784faa8a2e9e405f774) Importer(2089858483,192608db42251d675da83286b1cce702) (ScriptedImporter) -> (artifact id: 'e3e297560d6bed269dad5debb465fcf4') in 0.0182153 seconds
Number of updated asset objects reloaded before import = 0Number of asset objects unloaded after import = 3

========================================================================
Received Import Request.
  Time since last request: 0.000040 seconds.
  path: Assets/Minifantasy_NPCs_Assets/Generic_NPCs/Dmg/Body/Jacket/Minifantasy_NPCsDmg_Jacket_white.png
  artifactKey: Guid(aa6c5b9e1decbec4387c3c0e39c160e7) Importer(2089858483,192608db42251d675da83286b1cce702)
Start importing Assets/Minifantasy_NPCs_Assets/Generic_NPCs/Dmg/Body/Jacket/Minifantasy_NPCsDmg_Jacket_white.png using Guid(aa6c5b9e1decbec4387c3c0e39c160e7) Importer(2089858483,192608db42251d675da83286b1cce702) (ScriptedImporter) -> (artifact id: '2b5445aeb47c1c636489247622c6deea') in 0.0231723 seconds
Number of updated asset objects reloaded before import = 0Number of asset objects unloaded after import = 3

========================================================================
Received Import Request.
  Time since last request: 0.000022 seconds.
  path: Assets/Minifantasy_NPCs_Assets/Generic_NPCs/Dmg/Body/Gloves/Minifantasy_NPCsDmg_Gloves_white.png
  artifactKey: Guid(ad424d441453da8488a4214f9e8cb85c) Importer(2089858483,192608db42251d675da83286b1cce702)
Start importing Assets/Minifantasy_NPCs_Assets/Generic_NPCs/Dmg/Body/Gloves/Minifantasy_NPCsDmg_Gloves_white.png using Guid(ad424d441453da8488a4214f9e8cb85c) Importer(2089858483,192608db42251d675da83286b1cce702) (ScriptedImporter) -> (artifact id: '97289347465ef3032ea7cd99c1f305b7') in 0.0215266 seconds
Number of updated asset objects reloaded before import = 0Number of asset objects unloaded after import = 3

========================================================================
Received Import Request.
  Time since last request: 0.000033 seconds.
  path: Assets/Minifantasy_NPCs_Assets/Generic_NPCs/Dmg/Body/Shirt/Minifantasy_NPCsDmg_Shirt_black.png
  artifactKey: Guid(e9324df4eaf226243b570b4507ec256a) Importer(2089858483,192608db42251d675da83286b1cce702)
Start importing Assets/Minifantasy_NPCs_Assets/Generic_NPCs/Dmg/Body/Shirt/Minifantasy_NPCsDmg_Shirt_black.png using Guid(e9324df4eaf226243b570b4507ec256a) Importer(2089858483,192608db42251d675da83286b1cce702) (ScriptedImporter) -> (artifact id: '6983c8384c0d9590836b23f1c0db3d9e') in 0.0277531 seconds
Number of updated asset objects reloaded before import = 0Number of asset objects unloaded after import = 3

========================================================================
Received Import Request.
  Time since last request: 0.000051 seconds.
  path: Assets/Minifantasy_NPCs_Assets/Generic_NPCs/Dmg/Body/Shoes/Minifantasy_NPCsDmg_Shoes_whiteleather.png
  artifactKey: Guid(b94451c23de53b5468e4cf57268890ca) Importer(2089858483,192608db42251d675da83286b1cce702)
Start importing Assets/Minifantasy_NPCs_Assets/Generic_NPCs/Dmg/Body/Shoes/Minifantasy_NPCsDmg_Shoes_whiteleather.png using Guid(b94451c23de53b5468e4cf57268890ca) Importer(2089858483,192608db42251d675da83286b1cce702) (ScriptedImporter) -> (artifact id: '2206ef776a5f5ddf9896fe9ede660d87') in 0.024099 seconds
Number of updated asset objects reloaded before import = 0Number of asset objects unloaded after import = 3

========================================================================
Received Import Request.
  Time since last request: 0.000020 seconds.
  path: Assets/Minifantasy_NPCs_Assets/Generic_NPCs/Dmg/Body/ShoulderPads/Minifantasy_NPCsDmg_ShoulderPads_black.png
  artifactKey: Guid(6728aaab40230854692d996f281d7740) Importer(2089858483,192608db42251d675da83286b1cce702)
Start importing Assets/Minifantasy_NPCs_Assets/Generic_NPCs/Dmg/Body/ShoulderPads/Minifantasy_NPCsDmg_ShoulderPads_black.png using Guid(6728aaab40230854692d996f281d7740) Importer(2089858483,192608db42251d675da83286b1cce702) (ScriptedImporter) -> (artifact id: '82004937aac6d87d1318a72fb75706f7') in 0.0229609 seconds
Number of updated asset objects reloaded before import = 0Number of asset objects unloaded after import = 3

========================================================================
Received Import Request.
  Time since last request: 0.000023 seconds.
  path: Assets/Minifantasy_NPCs_Assets/Generic_NPCs/Dmg/Body/Togas/Minifantasy_NPCsDmg_Toga_white.png
  artifactKey: Guid(13c02299f70728343a5a046001299df8) Importer(2089858483,192608db42251d675da83286b1cce702)
Start importing Assets/Minifantasy_NPCs_Assets/Generic_NPCs/Dmg/Body/Togas/Minifantasy_NPCsDmg_Toga_white.png using Guid(13c02299f70728343a5a046001299df8) Importer(2089858483,192608db42251d675da83286b1cce702) (ScriptedImporter) -> (artifact id: '5842aece7c477d95b259d4319fd58465') in 0.0303443 seconds
Number of updated asset objects reloaded before import = 0Number of asset objects unloaded after import = 3

========================================================================
Received Import Request.
  Time since last request: 0.000039 seconds.
  path: Assets/Minifantasy_NPCs_Assets/Generic_NPCs/Dmg/Body/ShoulderPads/Minifantasy_NPCsDmg_ShoulderPads_purple.png
  artifactKey: Guid(c909289c4f203d64ab60cd92768044d3) Importer(2089858483,192608db42251d675da83286b1cce702)
Start importing Assets/Minifantasy_NPCs_Assets/Generic_NPCs/Dmg/Body/ShoulderPads/Minifantasy_NPCsDmg_ShoulderPads_purple.png using Guid(c909289c4f203d64ab60cd92768044d3) Importer(2089858483,192608db42251d675da83286b1cce702) (ScriptedImporter) -> (artifact id: '9db27bd67f339bf27a3442fedb257bb0') in 0.0300487 seconds
Number of updated asset objects reloaded before import = 0Number of asset objects unloaded after import = 3

========================================================================
Received Import Request.
  Time since last request: 0.000039 seconds.
  path: Assets/Minifantasy_NPCs_Assets/Generic_NPCs/Dmg/Body/Shirt/Minifantasy_NPCsDmg_Shirt_yellow.png
  artifactKey: Guid(369b8cfafba9ae04b826f8a5d6c30c2d) Importer(2089858483,192608db42251d675da83286b1cce702)
Start importing Assets/Minifantasy_NPCs_Assets/Generic_NPCs/Dmg/Body/Shirt/Minifantasy_NPCsDmg_Shirt_yellow.png using Guid(369b8cfafba9ae04b826f8a5d6c30c2d) Importer(2089858483,192608db42251d675da83286b1cce702) (ScriptedImporter) -> (artifact id: '3040ae3a07863db61a0636a797c9aeeb') in 0.0255694 seconds
Number of updated asset objects reloaded before import = 0Number of asset objects unloaded after import = 3

========================================================================
Received Import Request.
  Time since last request: 0.000019 seconds.
  path: Assets/Minifantasy_NPCs_Assets/Generic_NPCs/Dmg/Body/Togas/Minifantasy_NPCsDmg_Toga_magenta.png
  artifactKey: Guid(40f8814f3cc527f4db8e7eda057cb99e) Importer(2089858483,192608db42251d675da83286b1cce702)
Start importing Assets/Minifantasy_NPCs_Assets/Generic_NPCs/Dmg/Body/Togas/Minifantasy_NPCsDmg_Toga_magenta.png using Guid(40f8814f3cc527f4db8e7eda057cb99e) Importer(2089858483,192608db42251d675da83286b1cce702) (ScriptedImporter) -> (artifact id: '10ee7e1ee30de9ee527c926a2ade4e63') in 0.0232763 seconds
Number of updated asset objects reloaded before import = 0Number of asset objects unloaded after import = 3

========================================================================
Received Import Request.
  Time since last request: 0.000023 seconds.
  path: Assets/Minifantasy_NPCs_Assets/Generic_NPCs/Dmg/Body/Blouses/Minifantasy_NPCsDmg_Blouse_purple.png
  artifactKey: Guid(bd342f2e6ea6d704199c7c1807be2f2e) Importer(2089858483,192608db42251d675da83286b1cce702)
Start importing Assets/Minifantasy_NPCs_Assets/Generic_NPCs/Dmg/Body/Blouses/Minifantasy_NPCsDmg_Blouse_purple.png using Guid(bd342f2e6ea6d704199c7c1807be2f2e) Importer(2089858483,192608db42251d675da83286b1cce702) (ScriptedImporter) -> (artifact id: '40ab043ac62323d361a8ef05f4cd9e91') in 0.024932 seconds
Number of updated asset objects reloaded before import = 0Number of asset objects unloaded after import = 3

========================================================================
Received Import Request.
  Time since last request: 0.000032 seconds.
  path: Assets/Minifantasy_NPCs_Assets/Generic_NPCs/Dmg/Body/Doublets/Minifantasy_NPCsDmg_Doublet_magenta.png
  artifactKey: Guid(e1e54563c49d65a41aa0be84fcb9fb4e) Importer(2089858483,192608db42251d675da83286b1cce702)
Start importing Assets/Minifantasy_NPCs_Assets/Generic_NPCs/Dmg/Body/Doublets/Minifantasy_NPCsDmg_Doublet_magenta.png using Guid(e1e54563c49d65a41aa0be84fcb9fb4e) Importer(2089858483,192608db42251d675da83286b1cce702) (ScriptedImporter) -> (artifact id: '03a383dfd4d51ccd9165f062ff7ca6f4') in 0.0458381 seconds
Number of updated asset objects reloaded before import = 0Number of asset objects unloaded after import = 3

========================================================================
Received Import Request.
  Time since last request: 0.000040 seconds.
  path: Assets/Minifantasy_NPCs_Assets/Generic_NPCs/Dmg/Body/Shirt/Minifantasy_NPCsDmg_Shirt_green.png
  artifactKey: Guid(7e804a72fe9198845bf7a0586593c2dc) Importer(2089858483,192608db42251d675da83286b1cce702)
Start importing Assets/Minifantasy_NPCs_Assets/Generic_NPCs/Dmg/Body/Shirt/Minifantasy_NPCsDmg_Shirt_green.png using Guid(7e804a72fe9198845bf7a0586593c2dc) Importer(2089858483,192608db42251d675da83286b1cce702) (ScriptedImporter) -> (artifact id: '99301b6821c48977f60c7cccfbc9c6bf') in 0.027031 seconds
Number of updated asset objects reloaded before import = 0Number of asset objects unloaded after import = 3

========================================================================
Received Import Request.
  Time since last request: 0.000025 seconds.
  path: Assets/Minifantasy_NPCs_Assets/Generic_NPCs/Dmg/_Characters/Elf/Minifantasy_NPCsDmg_Elf_purpleskin.png
  artifactKey: Guid(6796fa55c5441f24996545374e35e347) Importer(2089858483,192608db42251d675da83286b1cce702)
Start importing Assets/Minifantasy_NPCs_Assets/Generic_NPCs/Dmg/_Characters/Elf/Minifantasy_NPCsDmg_Elf_purpleskin.png using Guid(6796fa55c5441f24996545374e35e347) Importer(2089858483,192608db42251d675da83286b1cce702) (ScriptedImporter) -> (artifact id: '3ae748443601b624a3edfb44fb47158d') in 0.0715411 seconds
Number of updated asset objects reloaded before import = 0Number of asset objects unloaded after import = 18

========================================================================
Received Import Request.
  Time since last request: 0.000022 seconds.
  path: Assets/Minifantasy_NPCs_Assets/Generic_NPCs/Die/_Characters/Orc/Minifantasy_NPCsDie_Orc_greenskin.png
  artifactKey: Guid(f41c37cf61c40364c96cff9475313a6e) Importer(2089858483,192608db42251d675da83286b1cce702)
Start importing Assets/Minifantasy_NPCs_Assets/Generic_NPCs/Die/_Characters/Orc/Minifantasy_NPCsDie_Orc_greenskin.png using Guid(f41c37cf61c40364c96cff9475313a6e) Importer(2089858483,192608db42251d675da83286b1cce702) (ScriptedImporter) -> (artifact id: '9b0a04cfc3d840a8a12a444f5b317588') in 0.0620701 seconds
Number of updated asset objects reloaded before import = 0Number of asset objects unloaded after import = 11

========================================================================
Received Import Request.
  Time since last request: 0.000038 seconds.
  path: Assets/Minifantasy_NPCs_Assets/Generic_NPCs/Die/Body/Shoes/Minifantasy_NPCsDie_Shoes_red.png
  artifactKey: Guid(b083b64c4dd38d043a518d9b4bf41a2d) Importer(2089858483,192608db42251d675da83286b1cce702)
Start importing Assets/Minifantasy_NPCs_Assets/Generic_NPCs/Die/Body/Shoes/Minifantasy_NPCsDie_Shoes_red.png using Guid(b083b64c4dd38d043a518d9b4bf41a2d) Importer(2089858483,192608db42251d675da83286b1cce702) (ScriptedImporter) -> (artifact id: '7820f0d25e541061f48fb82975294026') in 0.0203167 seconds
Number of updated asset objects reloaded before import = 0Number of asset objects unloaded after import = 3

========================================================================
Received Import Request.
  Time since last request: 0.000027 seconds.
  path: Assets/Minifantasy_NPCs_Assets/Generic_NPCs/Dmg/_Characters/Human/Minifantasy_NPCsDmg_Human_paleskin.png
  artifactKey: Guid(ffd1df76556ff184a907bafc6dd84293) Importer(2089858483,192608db42251d675da83286b1cce702)
Start importing Assets/Minifantasy_NPCs_Assets/Generic_NPCs/Dmg/_Characters/Human/Minifantasy_NPCsDmg_Human_paleskin.png using Guid(ffd1df76556ff184a907bafc6dd84293) Importer(2089858483,192608db42251d675da83286b1cce702) (ScriptedImporter) -> (artifact id: 'c6a8ae205d01ee0918d4da733503dacd') in 0.0500376 seconds
Number of updated asset objects reloaded before import = 0Number of asset objects unloaded after import = 18

========================================================================
Received Import Request.
  Time since last request: 0.000029 seconds.
  path: Assets/Minifantasy_NPCs_Assets/Generic_NPCs/Dmg/_Characters/Orc/Minifantasy_NPCsDmg_Orc_darkgreenskin.png
  artifactKey: Guid(744d755af322b21419b3894da2cace60) Importer(2089858483,192608db42251d675da83286b1cce702)
Start importing Assets/Minifantasy_NPCs_Assets/Generic_NPCs/Dmg/_Characters/Orc/Minifantasy_NPCsDmg_Orc_darkgreenskin.png using Guid(744d755af322b21419b3894da2cace60) Importer(2089858483,192608db42251d675da83286b1cce702) (ScriptedImporter) -> (artifact id: '388bb46a6948dc9ba40f5328e444eb97') in 0.0732293 seconds
Number of updated asset objects reloaded before import = 0Number of asset objects unloaded after import = 18

========================================================================
Received Import Request.
  Time since last request: 0.000029 seconds.
  path: Assets/Minifantasy_NPCs_Assets/Generic_NPCs/Idle/Body/Gloves/Minifantasy_NPCsIdle_Gloves_orange.png
  artifactKey: Guid(6708d6c8bc9709544a418a04598ef1d7) Importer(2089858483,192608db42251d675da83286b1cce702)
Start importing Assets/Minifantasy_NPCs_Assets/Generic_NPCs/Idle/Body/Gloves/Minifantasy_NPCsIdle_Gloves_orange.png using Guid(6708d6c8bc9709544a418a04598ef1d7) Importer(2089858483,192608db42251d675da83286b1cce702) (ScriptedImporter) -> (artifact id: '5e5e38c0c7580dbeefe7d89eacc12aad') in 0.0261649 seconds
Number of updated asset objects reloaded before import = 0Number of asset objects unloaded after import = 3

========================================================================
Received Import Request.
  Time since last request: 0.000033 seconds.
  path: Assets/Minifantasy_NPCs_Assets/Generic_NPCs/Idle/Body/Blouses/Minifantasy_NPCsIdle_Blouse_red.png
  artifactKey: Guid(9bea7e23b87270849a2993b2cc0e8847) Importer(2089858483,192608db42251d675da83286b1cce702)
Start importing Assets/Minifantasy_NPCs_Assets/Generic_NPCs/Idle/Body/Blouses/Minifantasy_NPCsIdle_Blouse_red.png using Guid(9bea7e23b87270849a2993b2cc0e8847) Importer(2089858483,192608db42251d675da83286b1cce702) (ScriptedImporter) -> (artifact id: '4b2dcdfe4c84d891f33e8efc7c06fe6e') in 0.0211824 seconds
Number of updated asset objects reloaded before import = 0Number of asset objects unloaded after import = 3

========================================================================
Received Import Request.
  Time since last request: 0.000044 seconds.
  path: Assets/Minifantasy_NPCs_Assets/Generic_NPCs/Idle/Body/Jacket/Minifantasy_NPCsIdle_Jacket_whiteleather.png
  artifactKey: Guid(51f1a2abddaec354c854f7c981893b06) Importer(2089858483,192608db42251d675da83286b1cce702)
Start importing Assets/Minifantasy_NPCs_Assets/Generic_NPCs/Idle/Body/Jacket/Minifantasy_NPCsIdle_Jacket_whiteleather.png using Guid(51f1a2abddaec354c854f7c981893b06) Importer(2089858483,192608db42251d675da83286b1cce702) (ScriptedImporter) -> (artifact id: '6d884a6b7cf1f8e474d29f56a447b3ea') in 0.0215043 seconds
Number of updated asset objects reloaded before import = 0Number of asset objects unloaded after import = 3

========================================================================
Received Import Request.
  Time since last request: 0.000024 seconds.
  path: Assets/Minifantasy_NPCs_Assets/Generic_NPCs/Idle/Body/Shirt/Minifantasy_NPCsIdle_Shirt_blackleather.png
  artifactKey: Guid(146c1427dd3a1c144b87e704a78c8dea) Importer(2089858483,192608db42251d675da83286b1cce702)
Start importing Assets/Minifantasy_NPCs_Assets/Generic_NPCs/Idle/Body/Shirt/Minifantasy_NPCsIdle_Shirt_blackleather.png using Guid(146c1427dd3a1c144b87e704a78c8dea) Importer(2089858483,192608db42251d675da83286b1cce702) (ScriptedImporter) -> (artifact id: 'cb39cfd3efd6251c775582c911db86c6') in 0.0162889 seconds
Number of updated asset objects reloaded before import = 0Number of asset objects unloaded after import = 3

========================================================================
Received Import Request.
  Time since last request: 0.000028 seconds.
  path: Assets/Minifantasy_NPCs_Assets/Generic_NPCs/Idle/Body/Doublets/Minifantasy_NPCsIdle_Doublet_magenta.png
  artifactKey: Guid(3db22969a1bd4154e9cbcee182e058c8) Importer(2089858483,192608db42251d675da83286b1cce702)
Start importing Assets/Minifantasy_NPCs_Assets/Generic_NPCs/Idle/Body/Doublets/Minifantasy_NPCsIdle_Doublet_magenta.png using Guid(3db22969a1bd4154e9cbcee182e058c8) Importer(2089858483,192608db42251d675da83286b1cce702) (ScriptedImporter) -> (artifact id: 'e85d0d4bcff74f3062ec488c875c01df') in 0.0236727 seconds
Number of updated asset objects reloaded before import = 0Number of asset objects unloaded after import = 3

========================================================================
Received Import Request.
  Time since last request: 0.000022 seconds.
  path: Assets/Minifantasy_NPCs_Assets/Generic_NPCs/Idle/Body/Blouses/Minifantasy_NPCsIdle_Blouse_magenta.png
  artifactKey: Guid(57ee25c17bad0df48b45d42aba0e65b1) Importer(2089858483,192608db42251d675da83286b1cce702)
Start importing Assets/Minifantasy_NPCs_Assets/Generic_NPCs/Idle/Body/Blouses/Minifantasy_NPCsIdle_Blouse_magenta.png using Guid(57ee25c17bad0df48b45d42aba0e65b1) Importer(2089858483,192608db42251d675da83286b1cce702) (ScriptedImporter) -> (artifact id: '2536ec7d1a372e60c00e4af1e53ad498') in 0.0207439 seconds
Number of updated asset objects reloaded before import = 0Number of asset objects unloaded after import = 3

========================================================================
Received Import Request.
  Time since last request: 0.000055 seconds.
  path: Assets/Minifantasy_NPCs_Assets/Generic_NPCs/Die/Body/Trousers/Minifantasy_NPCsDie_Trousers_red.png
  artifactKey: Guid(aa9a2ca23db92304aa3ca6b8addfcc23) Importer(2089858483,192608db42251d675da83286b1cce702)
Start importing Assets/Minifantasy_NPCs_Assets/Generic_NPCs/Die/Body/Trousers/Minifantasy_NPCsDie_Trousers_red.png using Guid(aa9a2ca23db92304aa3ca6b8addfcc23) Importer(2089858483,192608db42251d675da83286b1cce702) (ScriptedImporter) -> (artifact id: '2a9519abab887b2955cc380d8b18cfcc') in 0.0207139 seconds
Number of updated asset objects reloaded before import = 0Number of asset objects unloaded after import = 3

========================================================================
Received Import Request.
  Time since last request: 0.000019 seconds.
  path: Assets/Minifantasy_NPCs_Assets/Generic_NPCs/Dmg/Body/Jacket/Minifantasy_NPCsDmg_Jacket_lime.png
  artifactKey: Guid(9decff3bdb6980f4e83f75d41a7f51e9) Importer(2089858483,192608db42251d675da83286b1cce702)
Start importing Assets/Minifantasy_NPCs_Assets/Generic_NPCs/Dmg/Body/Jacket/Minifantasy_NPCsDmg_Jacket_lime.png using Guid(9decff3bdb6980f4e83f75d41a7f51e9) Importer(2089858483,192608db42251d675da83286b1cce702) (ScriptedImporter) -> (artifact id: 'fbdb46fa990df1ddd1206bfe268b625c') in 0.0207347 seconds
Number of updated asset objects reloaded before import = 0Number of asset objects unloaded after import = 3

========================================================================
Received Import Request.
  Time since last request: 0.000025 seconds.
  path: Assets/Minifantasy_NPCs_Assets/Generic_NPCs/Dmg/Body/Blouses/Minifantasy_NPCsDmg_Blouse_whiteleather.png
  artifactKey: Guid(1993c534bcac083438f971ffbc2bdc56) Importer(2089858483,192608db42251d675da83286b1cce702)
Start importing Assets/Minifantasy_NPCs_Assets/Generic_NPCs/Dmg/Body/Blouses/Minifantasy_NPCsDmg_Blouse_whiteleather.png using Guid(1993c534bcac083438f971ffbc2bdc56) Importer(2089858483,192608db42251d675da83286b1cce702) (ScriptedImporter) -> (artifact id: '1c765b7495e9d7c2f3b9361c661cf368') in 0.015391 seconds
Number of updated asset objects reloaded before import = 0Number of asset objects unloaded after import = 3

========================================================================
Received Import Request.
  Time since last request: 0.000034 seconds.
  path: Assets/Minifantasy_NPCs_Assets/Generic_NPCs/Dmg/Body/Trousers/Minifantasy_NPCsDmg_Trousers_blue.png
  artifactKey: Guid(d09ec70a1bb1dfc4fb3ef39a57271c0a) Importer(2089858483,192608db42251d675da83286b1cce702)
Start importing Assets/Minifantasy_NPCs_Assets/Generic_NPCs/Dmg/Body/Trousers/Minifantasy_NPCsDmg_Trousers_blue.png using Guid(d09ec70a1bb1dfc4fb3ef39a57271c0a) Importer(2089858483,192608db42251d675da83286b1cce702) (ScriptedImporter) -> (artifact id: '2b6707a4c496cc14f5251e76d14df1d6') in 0.0160644 seconds
Number of updated asset objects reloaded before import = 0Number of asset objects unloaded after import = 3

========================================================================
Received Import Request.
  Time since last request: 0.000022 seconds.
  path: Assets/Minifantasy_NPCs_Assets/Generic_NPCs/Dmg/Body/Shirt/Minifantasy_NPCsDmg_Shirt_orange.png
  artifactKey: Guid(fe08fa20b07c8424c9be76c2fb55c9fb) Importer(2089858483,192608db42251d675da83286b1cce702)
Start importing Assets/Minifantasy_NPCs_Assets/Generic_NPCs/Dmg/Body/Shirt/Minifantasy_NPCsDmg_Shirt_orange.png using Guid(fe08fa20b07c8424c9be76c2fb55c9fb) Importer(2089858483,192608db42251d675da83286b1cce702) (ScriptedImporter) -> (artifact id: 'f7b1e4bfc71015c5491b66268a3a2379') in 0.0206518 seconds
Number of updated asset objects reloaded before import = 0Number of asset objects unloaded after import = 3

========================================================================
Received Import Request.
  Time since last request: 0.000031 seconds.
  path: Assets/Minifantasy_NPCs_Assets/Generic_NPCs/Dmg/Body/Togas/Minifantasy_NPCsDmg_Toga_grey.png
  artifactKey: Guid(407a22524a71be64ab5523956eeb9553) Importer(2089858483,192608db42251d675da83286b1cce702)
Start importing Assets/Minifantasy_NPCs_Assets/Generic_NPCs/Dmg/Body/Togas/Minifantasy_NPCsDmg_Toga_grey.png using Guid(407a22524a71be64ab5523956eeb9553) Importer(2089858483,192608db42251d675da83286b1cce702) (ScriptedImporter) -> (artifact id: '5c0f46d82cd6befc56d28583dadd41af') in 0.0199023 seconds
Number of updated asset objects reloaded before import = 0Number of asset objects unloaded after import = 3

========================================================================
Received Import Request.
  Time since last request: 0.000015 seconds.
  path: Assets/Minifantasy_NPCs_Assets/Generic_NPCs/Idle/Body/Gloves/Minifantasy_NPCsIdle_Gloves_purple.png
  artifactKey: Guid(90d64700d5f344a4d9e8a7ded8eec465) Importer(2089858483,192608db42251d675da83286b1cce702)
Start importing Assets/Minifantasy_NPCs_Assets/Generic_NPCs/Idle/Body/Gloves/Minifantasy_NPCsIdle_Gloves_purple.png using Guid(90d64700d5f344a4d9e8a7ded8eec465) Importer(2089858483,192608db42251d675da83286b1cce702) (ScriptedImporter) -> (artifact id: '320fbd62649ece731ce7ce8f008fb5f8') in 0.0269065 seconds
Number of updated asset objects reloaded before import = 0Number of asset objects unloaded after import = 3

========================================================================
Received Import Request.
  Time since last request: 0.000017 seconds.
  path: Assets/Minifantasy_NPCs_Assets/Generic_NPCs/Idle/Body/Doublets/Minifantasy_NPCsIdle_Doublet_orange.png
  artifactKey: Guid(6dbd89f2735afe54dbb267e84b359a92) Importer(2089858483,192608db42251d675da83286b1cce702)
Start importing Assets/Minifantasy_NPCs_Assets/Generic_NPCs/Idle/Body/Doublets/Minifantasy_NPCsIdle_Doublet_orange.png using Guid(6dbd89f2735afe54dbb267e84b359a92) Importer(2089858483,192608db42251d675da83286b1cce702) (ScriptedImporter) -> (artifact id: 'c56462c6d4d0b0fc4d0f6f1d6b7e067f') in 0.0219437 seconds
Number of updated asset objects reloaded before import = 0Number of asset objects unloaded after import = 3

========================================================================
Received Import Request.
  Time since last request: 0.000019 seconds.
  path: Assets/Minifantasy_NPCs_Assets/Generic_NPCs/Dmg/Body/Shirt/Minifantasy_NPCsDmg_Shirt_blue.png
  artifactKey: Guid(0d07cb423702625469e4812fe46f9de8) Importer(2089858483,192608db42251d675da83286b1cce702)
Start importing Assets/Minifantasy_NPCs_Assets/Generic_NPCs/Dmg/Body/Shirt/Minifantasy_NPCsDmg_Shirt_blue.png using Guid(0d07cb423702625469e4812fe46f9de8) Importer(2089858483,192608db42251d675da83286b1cce702) (ScriptedImporter) -> (artifact id: '44afca963c7b7f58dfc04111792c27b5') in 0.0187961 seconds
Number of updated asset objects reloaded before import = 0Number of asset objects unloaded after import = 3

========================================================================
Received Import Request.
  Time since last request: 0.000032 seconds.
  path: Assets/Minifantasy_NPCs_Assets/Generic_NPCs/Idle/Body/Blouses/Minifantasy_NPCsIdle_Blouse_orange.png
  artifactKey: Guid(fa6d843a5d868e64f9ce9483bbd63573) Importer(2089858483,192608db42251d675da83286b1cce702)
Start importing Assets/Minifantasy_NPCs_Assets/Generic_NPCs/Idle/Body/Blouses/Minifantasy_NPCsIdle_Blouse_orange.png using Guid(fa6d843a5d868e64f9ce9483bbd63573) Importer(2089858483,192608db42251d675da83286b1cce702) (ScriptedImporter) -> (artifact id: 'c3b21f8b9efe271bc64003d9d151ca30') in 0.0200021 seconds
Number of updated asset objects reloaded before import = 0Number of asset objects unloaded after import = 3

========================================================================
Received Import Request.
  Time since last request: 0.000031 seconds.
  path: Assets/Minifantasy_NPCs_Assets/Generic_NPCs/Idle/Body/Blouses/Minifantasy_NPCsIdle_Blouse_whiteleather.png
  artifactKey: Guid(7d3341571622f944d951100eb613ba7f) Importer(2089858483,192608db42251d675da83286b1cce702)
Start importing Assets/Minifantasy_NPCs_Assets/Generic_NPCs/Idle/Body/Blouses/Minifantasy_NPCsIdle_Blouse_whiteleather.png using Guid(7d3341571622f944d951100eb613ba7f) Importer(2089858483,192608db42251d675da83286b1cce702) (ScriptedImporter) -> (artifact id: 'dffe6c2b62c2e66b3748d50ac6a8d816') in 0.0181471 seconds
Number of updated asset objects reloaded before import = 0Number of asset objects unloaded after import = 3

========================================================================
Received Import Request.
  Time since last request: 0.000021 seconds.
  path: Assets/Minifantasy_NPCs_Assets/Generic_NPCs/Dmg/Body/Blouses/Minifantasy_NPCsDmg_Blouse_brownleather.png
  artifactKey: Guid(300edb769abd5c3499f6322e7cb1272e) Importer(2089858483,192608db42251d675da83286b1cce702)
Start importing Assets/Minifantasy_NPCs_Assets/Generic_NPCs/Dmg/Body/Blouses/Minifantasy_NPCsDmg_Blouse_brownleather.png using Guid(300edb769abd5c3499f6322e7cb1272e) Importer(2089858483,192608db42251d675da83286b1cce702) (ScriptedImporter) -> (artifact id: '986ad7e4edaf75c07fd901d525c35cdb') in 0.0175524 seconds
Number of updated asset objects reloaded before import = 0Number of asset objects unloaded after import = 3

========================================================================
Received Import Request.
  Time since last request: 0.000021 seconds.
  path: Assets/Minifantasy_NPCs_Assets/Generic_NPCs/Dmg/Body/Gloves/Minifantasy_NPCsDmg_Gloves_blue.png
  artifactKey: Guid(589ec43acfcde0649908d2fc3cee9e93) Importer(2089858483,192608db42251d675da83286b1cce702)
Start importing Assets/Minifantasy_NPCs_Assets/Generic_NPCs/Dmg/Body/Gloves/Minifantasy_NPCsDmg_Gloves_blue.png using Guid(589ec43acfcde0649908d2fc3cee9e93) Importer(2089858483,192608db42251d675da83286b1cce702) (ScriptedImporter) -> (artifact id: '432f33cdb14bf35303d43e7be34f5218') in 0.0236521 seconds
Number of updated asset objects reloaded before import = 0Number of asset objects unloaded after import = 3

========================================================================
Received Import Request.
  Time since last request: 0.000024 seconds.
  path: Assets/Minifantasy_NPCs_Assets/Generic_NPCs/Idle/Body/Togas/Minifantasy_NPCsIdle_Toga_blackleather.png
  artifactKey: Guid(5b88e64ab67912d4d947c2b22205dd60) Importer(2089858483,192608db42251d675da83286b1cce702)
Start importing Assets/Minifantasy_NPCs_Assets/Generic_NPCs/Idle/Body/Togas/Minifantasy_NPCsIdle_Toga_blackleather.png using Guid(5b88e64ab67912d4d947c2b22205dd60) Importer(2089858483,192608db42251d675da83286b1cce702) (ScriptedImporter) -> (artifact id: '6f8c969f3ea2f2b73286cfe4bebf98d9') in 0.0176375 seconds
Number of updated asset objects reloaded before import = 0Number of asset objects unloaded after import = 3

========================================================================
Received Import Request.
  Time since last request: 0.000022 seconds.
  path: Assets/Minifantasy_NPCs_Assets/Generic_NPCs/Idle/Body/Trousers/Minifantasy_NPCsIdle_Trousers_grey.png
  artifactKey: Guid(1bdca059c606fcb4f91b6ae61d377d96) Importer(2089858483,192608db42251d675da83286b1cce702)
Start importing Assets/Minifantasy_NPCs_Assets/Generic_NPCs/Idle/Body/Trousers/Minifantasy_NPCsIdle_Trousers_grey.png using Guid(1bdca059c606fcb4f91b6ae61d377d96) Importer(2089858483,192608db42251d675da83286b1cce702) (ScriptedImporter) -> (artifact id: '0439ee7bf6a96608037f2f460bc1f8bc') in 0.0307775 seconds
Number of updated asset objects reloaded before import = 0Number of asset objects unloaded after import = 3

========================================================================
Received Import Request.
  Time since last request: 0.000033 seconds.
  path: Assets/Minifantasy_NPCs_Assets/Generic_NPCs/Idle/_Characters/Human/Minifantasy_NPCsIdle_Human_whiteskin.png
  artifactKey: Guid(63fb35e5c40c403459369d4a349e1550) Importer(2089858483,192608db42251d675da83286b1cce702)
Start importing Assets/Minifantasy_NPCs_Assets/Generic_NPCs/Idle/_Characters/Human/Minifantasy_NPCsIdle_Human_whiteskin.png using Guid(63fb35e5c40c403459369d4a349e1550) Importer(2089858483,192608db42251d675da83286b1cce702) (ScriptedImporter) -> (artifact id: '4205a2681dba081b71a42b855a7cce39') in 0.1999524 seconds
Number of updated asset objects reloaded before import = 0Number of asset objects unloaded after import = 66

========================================================================
Received Import Request.
  Time since last request: 0.000021 seconds.
  path: Assets/Minifantasy_NPCs_Assets/Generic_NPCs/Walk/Body/Blouses/Minifantasy_NPCsWalk_Blouse_blue.png
  artifactKey: Guid(d2b7e389a13ba464fa07dbdbd157d383) Importer(2089858483,192608db42251d675da83286b1cce702)
Start importing Assets/Minifantasy_NPCs_Assets/Generic_NPCs/Walk/Body/Blouses/Minifantasy_NPCsWalk_Blouse_blue.png using Guid(d2b7e389a13ba464fa07dbdbd157d383) Importer(2089858483,192608db42251d675da83286b1cce702) (ScriptedImporter) -> (artifact id: 'd92da6152bbe34f4f62d59f9deb2a938') in 0.022084 seconds
Number of updated asset objects reloaded before import = 0Number of asset objects unloaded after import = 3

========================================================================
Received Import Request.
  Time since last request: 0.000053 seconds.
  path: Assets/Minifantasy_NPCs_Assets/Generic_NPCs/Idle/Body/Trousers/Minifantasy_NPCsIdle_Trousers_magenta.png
  artifactKey: Guid(2f51258ed9cb7c04b93f1ba6c31334ab) Importer(2089858483,192608db42251d675da83286b1cce702)
Start importing Assets/Minifantasy_NPCs_Assets/Generic_NPCs/Idle/Body/Trousers/Minifantasy_NPCsIdle_Trousers_magenta.png using Guid(2f51258ed9cb7c04b93f1ba6c31334ab) Importer(2089858483,192608db42251d675da83286b1cce702) (ScriptedImporter) -> (artifact id: '0b82ae0f54787128526f7be2b61fb03b') in 0.0255968 seconds
Number of updated asset objects reloaded before import = 0Number of asset objects unloaded after import = 3

========================================================================
Received Import Request.
  Time since last request: 0.000021 seconds.
  path: Assets/Minifantasy_NPCs_Assets/Generic_NPCs/Idle/Body/Shirt/Minifantasy_NPCsIdle_Shirt_yellow.png
  artifactKey: Guid(e723360ec54079445abf5c6a60474f11) Importer(2089858483,192608db42251d675da83286b1cce702)
Start importing Assets/Minifantasy_NPCs_Assets/Generic_NPCs/Idle/Body/Shirt/Minifantasy_NPCsIdle_Shirt_yellow.png using Guid(e723360ec54079445abf5c6a60474f11) Importer(2089858483,192608db42251d675da83286b1cce702) (ScriptedImporter) -> (artifact id: 'f4c82beef6f6d9cf818ff481e06ad795') in 0.0259377 seconds
Number of updated asset objects reloaded before import = 0Number of asset objects unloaded after import = 3

========================================================================
Received Import Request.
  Time since last request: 0.000054 seconds.
  path: Assets/Minifantasy_NPCs_Assets/Generic_NPCs/Idle/Body/Shoes/Minifantasy_NPCsIdle_Shoes_blackleather.png
  artifactKey: Guid(d869a6f4fd050804f84191f3aa5a4624) Importer(2089858483,192608db42251d675da83286b1cce702)
Start importing Assets/Minifantasy_NPCs_Assets/Generic_NPCs/Idle/Body/Shoes/Minifantasy_NPCsIdle_Shoes_blackleather.png using Guid(d869a6f4fd050804f84191f3aa5a4624) Importer(2089858483,192608db42251d675da83286b1cce702) (ScriptedImporter) -> (artifact id: 'fada032bbac1de6a74a525b8624b096f') in 0.0218847 seconds
Number of updated asset objects reloaded before import = 0Number of asset objects unloaded after import = 3

========================================================================
Received Import Request.
  Time since last request: 0.000022 seconds.
  path: Assets/Minifantasy_NPCs_Assets/Generic_NPCs/Idle/Body/Togas/Minifantasy_NPCsIdle_Toga_blue.png
  artifactKey: Guid(23401d9b1d7745c4ea10f4b50a17d14d) Importer(2089858483,192608db42251d675da83286b1cce702)
Start importing Assets/Minifantasy_NPCs_Assets/Generic_NPCs/Idle/Body/Togas/Minifantasy_NPCsIdle_Toga_blue.png using Guid(23401d9b1d7745c4ea10f4b50a17d14d) Importer(2089858483,192608db42251d675da83286b1cce702) (ScriptedImporter) -> (artifact id: '7e6ef9dce4ded6c9aea0ceadb89f033b') in 0.021824 seconds
Number of updated asset objects reloaded before import = 0Number of asset objects unloaded after import = 3

========================================================================
Received Import Request.
  Time since last request: 0.000029 seconds.
  path: Assets/Minifantasy_NPCs_Assets/Generic_NPCs/Idle/Body/Shoes/Minifantasy_NPCsIdle_Shoes_blue.png
  artifactKey: Guid(0a5173644f9c93b4ab4c7bfaa9fa1383) Importer(2089858483,192608db42251d675da83286b1cce702)
Start importing Assets/Minifantasy_NPCs_Assets/Generic_NPCs/Idle/Body/Shoes/Minifantasy_NPCsIdle_Shoes_blue.png using Guid(0a5173644f9c93b4ab4c7bfaa9fa1383) Importer(2089858483,192608db42251d675da83286b1cce702) (ScriptedImporter) -> (artifact id: '8369250486e3f4e33b6399f818028d4b') in 0.0230405 seconds
Number of updated asset objects reloaded before import = 0Number of asset objects unloaded after import = 3

========================================================================
Received Import Request.
  Time since last request: 0.000025 seconds.
  path: Assets/Minifantasy_NPCs_Assets/Generic_NPCs/Idle/Body/Shirt/Minifantasy_NPCsIdle_Shirt_turquoise.png
  artifactKey: Guid(7c249e103a5680747a21199f47b377f3) Importer(2089858483,192608db42251d675da83286b1cce702)
Start importing Assets/Minifantasy_NPCs_Assets/Generic_NPCs/Idle/Body/Shirt/Minifantasy_NPCsIdle_Shirt_turquoise.png using Guid(7c249e103a5680747a21199f47b377f3) Importer(2089858483,192608db42251d675da83286b1cce702) (ScriptedImporter) -> (artifact id: '2e7c0649151e8ee18b5418f4a57faa10') in 0.023595 seconds
Number of updated asset objects reloaded before import = 0Number of asset objects unloaded after import = 3

========================================================================
Received Import Request.
  Time since last request: 0.000023 seconds.
  path: Assets/Minifantasy_NPCs_Assets/Generic_NPCs/Idle/Body/ShoulderPads/Minifantasy_NPCsIdle_ShoulderPads_purple.png
  artifactKey: Guid(5612f1b02b4301b438599fffadf471e6) Importer(2089858483,192608db42251d675da83286b1cce702)
Start importing Assets/Minifantasy_NPCs_Assets/Generic_NPCs/Idle/Body/ShoulderPads/Minifantasy_NPCsIdle_ShoulderPads_purple.png using Guid(5612f1b02b4301b438599fffadf471e6) Importer(2089858483,192608db42251d675da83286b1cce702) (ScriptedImporter) -> (artifact id: '0b4d5fed8e2d871ac63a37e59be7c7a2') in 0.0230408 seconds
Number of updated asset objects reloaded before import = 0Number of asset objects unloaded after import = 3

========================================================================
Received Import Request.
  Time since last request: 0.000027 seconds.
  path: Assets/Minifantasy_NPCs_Assets/Generic_NPCs/Idle/Body/Trousers/Minifantasy_NPCsIdle_Trousers_red.png
  artifactKey: Guid(7a03e938ddbb1094f81ab179066f2a5c) Importer(2089858483,192608db42251d675da83286b1cce702)
Start importing Assets/Minifantasy_NPCs_Assets/Generic_NPCs/Idle/Body/Trousers/Minifantasy_NPCsIdle_Trousers_red.png using Guid(7a03e938ddbb1094f81ab179066f2a5c) Importer(2089858483,192608db42251d675da83286b1cce702) (ScriptedImporter) -> (artifact id: '0b9ad72ec0e8261638758028836482b6') in 0.0253745 seconds
Number of updated asset objects reloaded before import = 0Number of asset objects unloaded after import = 3

========================================================================
Received Import Request.
  Time since last request: 0.000047 seconds.
  path: Assets/Minifantasy_NPCs_Assets/Generic_NPCs/Idle/Body/Shoes/Minifantasy_NPCsIdle_Shoes_turquoise.png
  artifactKey: Guid(3c79bf88abb2fef48ac2d7029ddce7dc) Importer(2089858483,192608db42251d675da83286b1cce702)
Start importing Assets/Minifantasy_NPCs_Assets/Generic_NPCs/Idle/Body/Shoes/Minifantasy_NPCsIdle_Shoes_turquoise.png using Guid(3c79bf88abb2fef48ac2d7029ddce7dc) Importer(2089858483,192608db42251d675da83286b1cce702) (ScriptedImporter) -> (artifact id: '56421247ba173e056c7f5e6822dc1ba5') in 0.023661 seconds
Number of updated asset objects reloaded before import = 0Number of asset objects unloaded after import = 3

========================================================================
Received Import Request.
  Time since last request: 0.000025 seconds.
  path: Assets/Minifantasy_NPCs_Assets/Generic_NPCs/Idle/Body/Shoes/Minifantasy_NPCsIdle_Shoes_purple.png
  artifactKey: Guid(a497acf72cfb07a4ba8eca86c812683e) Importer(2089858483,192608db42251d675da83286b1cce702)
Start importing Assets/Minifantasy_NPCs_Assets/Generic_NPCs/Idle/Body/Shoes/Minifantasy_NPCsIdle_Shoes_purple.png using Guid(a497acf72cfb07a4ba8eca86c812683e) Importer(2089858483,192608db42251d675da83286b1cce702) (ScriptedImporter) -> (artifact id: 'd5d0ec9c9b25d34b1d9987b78ec498f7') in 0.032242 seconds
Number of updated asset objects reloaded before import = 0Number of asset objects unloaded after import = 3

========================================================================
Received Import Request.
  Time since last request: 0.000026 seconds.
  path: Assets/Minifantasy_NPCs_Assets/Generic_NPCs/Idle/_Characters/Orc/Minifantasy_NPCsIdle_Orc_oliveskin.png
  artifactKey: Guid(12f49046493d48a49a7296293d7012d4) Importer(2089858483,192608db42251d675da83286b1cce702)
Start importing Assets/Minifantasy_NPCs_Assets/Generic_NPCs/Idle/_Characters/Orc/Minifantasy_NPCsIdle_Orc_oliveskin.png using Guid(12f49046493d48a49a7296293d7012d4) Importer(2089858483,192608db42251d675da83286b1cce702) (ScriptedImporter) -> (artifact id: 'c6e6937e6f2ad5c77be77c1918d3f167') in 0.2591385 seconds
Number of updated asset objects reloaded before import = 0Number of asset objects unloaded after import = 66

========================================================================
Received Import Request.
  Time since last request: 0.000028 seconds.
  path: Assets/Minifantasy_NPCs_Assets/Generic_NPCs/Walk/Body/Gloves/Minifantasy_NPCsWalk_Gloves_grey.png
  artifactKey: Guid(eb37948b66fa8734589d85b68ed6dd12) Importer(2089858483,192608db42251d675da83286b1cce702)
Start importing Assets/Minifantasy_NPCs_Assets/Generic_NPCs/Walk/Body/Gloves/Minifantasy_NPCsWalk_Gloves_grey.png using Guid(eb37948b66fa8734589d85b68ed6dd12) Importer(2089858483,192608db42251d675da83286b1cce702) (ScriptedImporter) -> (artifact id: 'd82005b7b9ef2f9559cf41e421a6e5c3') in 0.0338896 seconds
Number of updated asset objects reloaded before import = 0Number of asset objects unloaded after import = 3

========================================================================
Received Import Request.
  Time since last request: 0.000042 seconds.
  path: Assets/Minifantasy_NPCs_Assets/Generic_NPCs/Walk/Body/Jacket/Minifantasy_NPCsWalk_Jacket_magenta.png
  artifactKey: Guid(85c6e69ab7b8f6a41ac4d904042ffa20) Importer(2089858483,192608db42251d675da83286b1cce702)
Start importing Assets/Minifantasy_NPCs_Assets/Generic_NPCs/Walk/Body/Jacket/Minifantasy_NPCsWalk_Jacket_magenta.png using Guid(85c6e69ab7b8f6a41ac4d904042ffa20) Importer(2089858483,192608db42251d675da83286b1cce702) (ScriptedImporter) -> (artifact id: '4532ae85c1277c80048f3a243fd33d47') in 0.0262571 seconds
Number of updated asset objects reloaded before import = 0Number of asset objects unloaded after import = 3

========================================================================
Received Import Request.
  Time since last request: 0.000018 seconds.
  path: Assets/Minifantasy_NPCs_Assets/Generic_NPCs/Walk/Body/Shirt/Minifantasy_NPCsWalk_Shirt_blue.png
  artifactKey: Guid(dbe6bd6f43d9a544e809d5cb824659fb) Importer(2089858483,192608db42251d675da83286b1cce702)
Start importing Assets/Minifantasy_NPCs_Assets/Generic_NPCs/Walk/Body/Shirt/Minifantasy_NPCsWalk_Shirt_blue.png using Guid(dbe6bd6f43d9a544e809d5cb824659fb) Importer(2089858483,192608db42251d675da83286b1cce702) (ScriptedImporter) -> (artifact id: '1f1f30bd51e0bab27890d01f590e6a62') in 0.025732 seconds
Number of updated asset objects reloaded before import = 0Number of asset objects unloaded after import = 3

========================================================================
Received Import Request.
  Time since last request: 0.000040 seconds.
  path: Assets/Minifantasy_NPCs_Assets/Generic_NPCs/Walk/Body/Jacket/Minifantasy_NPCsWalk_Jacket_white.png
  artifactKey: Guid(16d41f0a18d18d5469b918e88564f132) Importer(2089858483,192608db42251d675da83286b1cce702)
Start importing Assets/Minifantasy_NPCs_Assets/Generic_NPCs/Walk/Body/Jacket/Minifantasy_NPCsWalk_Jacket_white.png using Guid(16d41f0a18d18d5469b918e88564f132) Importer(2089858483,192608db42251d675da83286b1cce702) (ScriptedImporter) -> (artifact id: 'ec25bc0cec6701b555f99b30cdaa855b') in 0.0233179 seconds
Number of updated asset objects reloaded before import = 0Number of asset objects unloaded after import = 3

========================================================================
Received Import Request.
  Time since last request: 0.000026 seconds.
  path: Assets/Minifantasy_NPCs_Assets/Generic_NPCs/Walk/Body/Gloves/Minifantasy_NPCsWalk_Gloves_magenta.png
  artifactKey: Guid(8b7906d30cd39b34cb34ffc49cd6bb03) Importer(2089858483,192608db42251d675da83286b1cce702)
Start importing Assets/Minifantasy_NPCs_Assets/Generic_NPCs/Walk/Body/Gloves/Minifantasy_NPCsWalk_Gloves_magenta.png using Guid(8b7906d30cd39b34cb34ffc49cd6bb03) Importer(2089858483,192608db42251d675da83286b1cce702) (ScriptedImporter) -> (artifact id: 'cd833333ebd1a32c875bd25ebaa13db4') in 0.0257693 seconds
Number of updated asset objects reloaded before import = 0Number of asset objects unloaded after import = 3

========================================================================
Received Import Request.
  Time since last request: 0.000039 seconds.
  path: Assets/Minifantasy_NPCs_Assets/Generic_NPCs/Walk/Body/Gloves/Minifantasy_NPCsWalk_Gloves_blue.png
  artifactKey: Guid(0aa38d97cc08458448261cef6eef1779) Importer(2089858483,192608db42251d675da83286b1cce702)
Start importing Assets/Minifantasy_NPCs_Assets/Generic_NPCs/Walk/Body/Gloves/Minifantasy_NPCsWalk_Gloves_blue.png using Guid(0aa38d97cc08458448261cef6eef1779) Importer(2089858483,192608db42251d675da83286b1cce702) (ScriptedImporter) -> (artifact id: '93c5eecc5fe8b17259d6da54dd90d5c3') in 0.0265324 seconds
Number of updated asset objects reloaded before import = 0Number of asset objects unloaded after import = 3

========================================================================
Received Import Request.
  Time since last request: 0.000019 seconds.
  path: Assets/Minifantasy_NPCs_Assets/Generic_NPCs/Walk/Body/Jacket/Minifantasy_NPCsWalk_Jacket_grey.png
  artifactKey: Guid(18f693f816e9a5e488fde09dc5238920) Importer(2089858483,192608db42251d675da83286b1cce702)
Start importing Assets/Minifantasy_NPCs_Assets/Generic_NPCs/Walk/Body/Jacket/Minifantasy_NPCsWalk_Jacket_grey.png using Guid(18f693f816e9a5e488fde09dc5238920) Importer(2089858483,192608db42251d675da83286b1cce702) (ScriptedImporter) -> (artifact id: '254b1597878e1dcdf93dff117c8ceae2') in 0.0496301 seconds
Number of updated asset objects reloaded before import = 0Number of asset objects unloaded after import = 3

========================================================================
Received Import Request.
  Time since last request: 0.000021 seconds.
  path: Assets/Minifantasy_NPCs_Assets/Generic_NPCs/Walk/Body/Gloves/Minifantasy_NPCsWalk_Gloves_purple.png
  artifactKey: Guid(bf07281a1e7789d4f898a4f92a9dd500) Importer(2089858483,192608db42251d675da83286b1cce702)
Start importing Assets/Minifantasy_NPCs_Assets/Generic_NPCs/Walk/Body/Gloves/Minifantasy_NPCsWalk_Gloves_purple.png using Guid(bf07281a1e7789d4f898a4f92a9dd500) Importer(2089858483,192608db42251d675da83286b1cce702) (ScriptedImporter) -> (artifact id: '3eca66608b29284c6fc553ef1d665bcf') in 0.0275684 seconds
Number of updated asset objects reloaded before import = 0Number of asset objects unloaded after import = 3

========================================================================
Received Import Request.
  Time since last request: 0.000026 seconds.
  path: Assets/Minifantasy_NPCs_Assets/Generic_NPCs/Walk/Body/Jacket/Minifantasy_NPCsWalk_Jacket_purple.png
  artifactKey: Guid(41d057289cca12d4584155d210873ad0) Importer(2089858483,192608db42251d675da83286b1cce702)
Start importing Assets/Minifantasy_NPCs_Assets/Generic_NPCs/Walk/Body/Jacket/Minifantasy_NPCsWalk_Jacket_purple.png using Guid(41d057289cca12d4584155d210873ad0) Importer(2089858483,192608db42251d675da83286b1cce702) (ScriptedImporter) -> (artifact id: 'd56e194da5b0dd7907381d358785a576') in 0.031435 seconds
Number of updated asset objects reloaded before import = 0Number of asset objects unloaded after import = 3

========================================================================
Received Import Request.
  Time since last request: 0.000036 seconds.
  path: Assets/Minifantasy_NPCs_Assets/Generic_NPCs/Walk/Body/Blouses/Minifantasy_NPCsWalk_Blouse_red.png
  artifactKey: Guid(be06b4985d3e2ff4788c7b5632658332) Importer(2089858483,192608db42251d675da83286b1cce702)
Start importing Assets/Minifantasy_NPCs_Assets/Generic_NPCs/Walk/Body/Blouses/Minifantasy_NPCsWalk_Blouse_red.png using Guid(be06b4985d3e2ff4788c7b5632658332) Importer(2089858483,192608db42251d675da83286b1cce702) (ScriptedImporter) -> (artifact id: 'f8a3e96f467a7893d282fd42d5215f86') in 0.0284037 seconds
Number of updated asset objects reloaded before import = 0Number of asset objects unloaded after import = 3

========================================================================
Received Import Request.
  Time since last request: 0.000020 seconds.
  path: Assets/Minifantasy_NPCs_Assets/Generic_NPCs/Walk/Body/Doublets/Minifantasy_NPCsWalk_Doublet_green.png
  artifactKey: Guid(f5d3dd4adba6550408e77a722f327fbd) Importer(2089858483,192608db42251d675da83286b1cce702)
Start importing Assets/Minifantasy_NPCs_Assets/Generic_NPCs/Walk/Body/Doublets/Minifantasy_NPCsWalk_Doublet_green.png using Guid(f5d3dd4adba6550408e77a722f327fbd) Importer(2089858483,192608db42251d675da83286b1cce702) (ScriptedImporter) -> (artifact id: 'd3bdbc22ca5199deb7207064cfac7468') in 0.0206939 seconds
Number of updated asset objects reloaded before import = 0Number of asset objects unloaded after import = 3

========================================================================
Received Import Request.
  Time since last request: 0.000018 seconds.
  path: Assets/Minifantasy_NPCs_Assets/Generic_NPCs/Idle/_Characters/Orc/Minifantasy_NPCsIdle_Orc_emeraldskin.png
  artifactKey: Guid(0176e98cbc8e99742a682a2dfd56de51) Importer(2089858483,192608db42251d675da83286b1cce702)
Start importing Assets/Minifantasy_NPCs_Assets/Generic_NPCs/Idle/_Characters/Orc/Minifantasy_NPCsIdle_Orc_emeraldskin.png using Guid(0176e98cbc8e99742a682a2dfd56de51) Importer(2089858483,192608db42251d675da83286b1cce702) (ScriptedImporter) -> (artifact id: 'f99c8381ca4bd885212e8e7a7f058ca3') in 0.1717555 seconds
Number of updated asset objects reloaded before import = 0Number of asset objects unloaded after import = 66

========================================================================
Received Import Request.
  Time since last request: 0.000028 seconds.
  path: Assets/Minifantasy_NPCs_Assets/Generic_NPCs/Walk/Body/Togas/Minifantasy_NPCsWalk_Toga_blackleather.png
  artifactKey: Guid(754f93c30e51ba8488f1a7efcfd4cd33) Importer(2089858483,192608db42251d675da83286b1cce702)
Start importing Assets/Minifantasy_NPCs_Assets/Generic_NPCs/Walk/Body/Togas/Minifantasy_NPCsWalk_Toga_blackleather.png using Guid(754f93c30e51ba8488f1a7efcfd4cd33) Importer(2089858483,192608db42251d675da83286b1cce702) (ScriptedImporter) -> (artifact id: 'ef132ca3d2a0c0bc11dbe625c0cf5f1b') in 0.0254051 seconds
Number of updated asset objects reloaded before import = 0Number of asset objects unloaded after import = 3

========================================================================
Received Import Request.
  Time since last request: 0.000129 seconds.
  path: Assets/Minifantasy_NPCs_Assets/Generic_NPCs/Walk/Body/Togas/Minifantasy_NPCsWalk_Toga_white.png
  artifactKey: Guid(9781434db2ed8c14189463e48db753dc) Importer(2089858483,192608db42251d675da83286b1cce702)
Start importing Assets/Minifantasy_NPCs_Assets/Generic_NPCs/Walk/Body/Togas/Minifantasy_NPCsWalk_Toga_white.png using Guid(9781434db2ed8c14189463e48db753dc) Importer(2089858483,192608db42251d675da83286b1cce702) (ScriptedImporter) -> (artifact id: '7db716ef79a3a443a45d72afde3da9b6') in 0.0219708 seconds
Number of updated asset objects reloaded before import = 0Number of asset objects unloaded after import = 3

========================================================================
Received Import Request.
  Time since last request: 0.000020 seconds.
  path: Assets/Minifantasy_NPCs_Assets/Generic_NPCs/Walk/Body/ShoulderPads/Minifantasy_NPCsWalk_ShoulderPads_grey.png
  artifactKey: Guid(1b4ae07dad6abb84aa2ac87b7697d976) Importer(2089858483,192608db42251d675da83286b1cce702)
Start importing Assets/Minifantasy_NPCs_Assets/Generic_NPCs/Walk/Body/ShoulderPads/Minifantasy_NPCsWalk_ShoulderPads_grey.png using Guid(1b4ae07dad6abb84aa2ac87b7697d976) Importer(2089858483,192608db42251d675da83286b1cce702) (ScriptedImporter) -> (artifact id: '10b7c1cda75b418217945aa6a54ea230') in 0.0234591 seconds
Number of updated asset objects reloaded before import = 0Number of asset objects unloaded after import = 3

========================================================================
Received Import Request.
  Time since last request: 0.000127 seconds.
  path: Assets/Minifantasy_NPCs_Assets/Generic_NPCs/Walk/Body/Togas/Minifantasy_NPCsWalk_Toga_blue.png
  artifactKey: Guid(5df87e8c016ac5240b71bee4a867a9de) Importer(2089858483,192608db42251d675da83286b1cce702)
Start importing Assets/Minifantasy_NPCs_Assets/Generic_NPCs/Walk/Body/Togas/Minifantasy_NPCsWalk_Toga_blue.png using Guid(5df87e8c016ac5240b71bee4a867a9de) Importer(2089858483,192608db42251d675da83286b1cce702) (ScriptedImporter) -> (artifact id: '8a7cd4d16f10265bdc2e6c4f54acb126') in 0.025272 seconds
Number of updated asset objects reloaded before import = 0Number of asset objects unloaded after import = 3

========================================================================
Received Import Request.
  Time since last request: 0.000030 seconds.
  path: Assets/Minifantasy_NPCs_Assets/Generic_NPCs/Walk/Body/Shoes/Minifantasy_NPCsWalk_Shoes_orange.png
  artifactKey: Guid(0962a843e21225541be4a7c56f127f04) Importer(2089858483,192608db42251d675da83286b1cce702)
Start importing Assets/Minifantasy_NPCs_Assets/Generic_NPCs/Walk/Body/Shoes/Minifantasy_NPCsWalk_Shoes_orange.png using Guid(0962a843e21225541be4a7c56f127f04) Importer(2089858483,192608db42251d675da83286b1cce702) (ScriptedImporter) -> (artifact id: '549f9dfe1a2731ff3e2186aed99547ef') in 0.0232472 seconds
Number of updated asset objects reloaded before import = 0Number of asset objects unloaded after import = 3

========================================================================
Received Import Request.
  Time since last request: 0.000029 seconds.
  path: Assets/Minifantasy_NPCs_Assets/Generic_NPCs/Walk/Body/Shoes/Minifantasy_NPCsWalk_Shoes_purple.png
  artifactKey: Guid(517a3850787f7fb4dbaf0f18c4050e99) Importer(2089858483,192608db42251d675da83286b1cce702)
Start importing Assets/Minifantasy_NPCs_Assets/Generic_NPCs/Walk/Body/Shoes/Minifantasy_NPCsWalk_Shoes_purple.png using Guid(517a3850787f7fb4dbaf0f18c4050e99) Importer(2089858483,192608db42251d675da83286b1cce702) (ScriptedImporter) -> (artifact id: '9709806e4a6fec1a22a02d23dc4fe5cb') in 0.0181348 seconds
Number of updated asset objects reloaded before import = 0Number of asset objects unloaded after import = 3

========================================================================
Received Import Request.
  Time since last request: 0.000031 seconds.
  path: Assets/Minifantasy_NPCs_Assets/Generic_NPCs/Walk/Body/Shoes/Minifantasy_NPCsWalk_Shoes_brownleather.png
  artifactKey: Guid(dbad0273f85363f4fa611dca9f9df150) Importer(2089858483,192608db42251d675da83286b1cce702)
Start importing Assets/Minifantasy_NPCs_Assets/Generic_NPCs/Walk/Body/Shoes/Minifantasy_NPCsWalk_Shoes_brownleather.png using Guid(dbad0273f85363f4fa611dca9f9df150) Importer(2089858483,192608db42251d675da83286b1cce702) (ScriptedImporter) -> (artifact id: '6bf1c9f4ba1342d5971404d45cc1c720') in 0.0194972 seconds
Number of updated asset objects reloaded before import = 0Number of asset objects unloaded after import = 3

========================================================================
Received Import Request.
  Time since last request: 0.000017 seconds.
  path: Assets/Minifantasy_NPCs_Assets/Generic_NPCs/Walk/Body/Shoes/Minifantasy_NPCsWalk_Shoes_lime.png
  artifactKey: Guid(9b00d2e996f767949870111355dcf1e0) Importer(2089858483,192608db42251d675da83286b1cce702)
Start importing Assets/Minifantasy_NPCs_Assets/Generic_NPCs/Walk/Body/Shoes/Minifantasy_NPCsWalk_Shoes_lime.png using Guid(9b00d2e996f767949870111355dcf1e0) Importer(2089858483,192608db42251d675da83286b1cce702) (ScriptedImporter) -> (artifact id: '7df0be585b9268d39526335c9dbc9a90') in 0.0194734 seconds
Number of updated asset objects reloaded before import = 0Number of asset objects unloaded after import = 3

========================================================================
Received Import Request.
  Time since last request: 0.000019 seconds.
  path: Assets/Minifantasy_NPCs_Assets/Generic_NPCs/Walk/Body/Togas/Minifantasy_NPCsWalk_Toga_magenta.png
  artifactKey: Guid(def4ab1cb3bc94d45bdff2a81c31c8a3) Importer(2089858483,192608db42251d675da83286b1cce702)
Start importing Assets/Minifantasy_NPCs_Assets/Generic_NPCs/Walk/Body/Togas/Minifantasy_NPCsWalk_Toga_magenta.png using Guid(def4ab1cb3bc94d45bdff2a81c31c8a3) Importer(2089858483,192608db42251d675da83286b1cce702) (ScriptedImporter) -> (artifact id: '7d43c4c5a5319475fc1aa5871c56e6a6') in 0.0161097 seconds
Number of updated asset objects reloaded before import = 0Number of asset objects unloaded after import = 3

========================================================================
Received Import Request.
  Time since last request: 0.000024 seconds.
  path: Assets/Minifantasy_NPCs_Assets/Generic_NPCs/Walk/Body/Shirt/Minifantasy_NPCsWalk_Shirt_purple.png
  artifactKey: Guid(ce7d738e62d6aa24eb4d50a3b3be320c) Importer(2089858483,192608db42251d675da83286b1cce702)
Start importing Assets/Minifantasy_NPCs_Assets/Generic_NPCs/Walk/Body/Shirt/Minifantasy_NPCsWalk_Shirt_purple.png using Guid(ce7d738e62d6aa24eb4d50a3b3be320c) Importer(2089858483,192608db42251d675da83286b1cce702) (ScriptedImporter) -> (artifact id: '1289c1f10b8f4c6801db081efe810980') in 0.015833 seconds
Number of updated asset objects reloaded before import = 0Number of asset objects unloaded after import = 3

========================================================================
Received Import Request.
  Time since last request: 0.000023 seconds.
  path: Assets/Minifantasy_NPCs_Assets/Generic_NPCs/Walk/Body/ShoulderPads/Minifantasy_NPCsWalk_ShoulderPads_turquoise.png
  artifactKey: Guid(74b8bdf8b9f1a6744afefeb5c507739d) Importer(2089858483,192608db42251d675da83286b1cce702)
Start importing Assets/Minifantasy_NPCs_Assets/Generic_NPCs/Walk/Body/ShoulderPads/Minifantasy_NPCsWalk_ShoulderPads_turquoise.png using Guid(74b8bdf8b9f1a6744afefeb5c507739d) Importer(2089858483,192608db42251d675da83286b1cce702) (ScriptedImporter) -> (artifact id: '0bc425d14a4e987f5f399e630557ffd5') in 0.0162399 seconds
Number of updated asset objects reloaded before import = 0Number of asset objects unloaded after import = 3

========================================================================
Received Import Request.
  Time since last request: 0.000016 seconds.
  path: Assets/Minifantasy_NPCs_Assets/Generic_NPCs/Walk/Body/ShoulderPads/Minifantasy_NPCsWalk_ShoulderPads_white.png
  artifactKey: Guid(3db42496eabfd45428ae897057d41564) Importer(2089858483,192608db42251d675da83286b1cce702)
Start importing Assets/Minifantasy_NPCs_Assets/Generic_NPCs/Walk/Body/ShoulderPads/Minifantasy_NPCsWalk_ShoulderPads_white.png using Guid(3db42496eabfd45428ae897057d41564) Importer(2089858483,192608db42251d675da83286b1cce702) (ScriptedImporter) -> (artifact id: 'b6af489adee139855292303efae4239f') in 0.02298 seconds
Number of updated asset objects reloaded before import = 0Number of asset objects unloaded after import = 3

========================================================================
Received Import Request.
  Time since last request: 0.000026 seconds.
  path: Assets/Minifantasy_NPCs_Assets/Generic_NPCs/Idle/Body/ShoulderPads/Minifantasy_NPCsIdle_ShoulderPads_white.png
  artifactKey: Guid(13159d3209412954cabd1f900b8b1a29) Importer(2089858483,192608db42251d675da83286b1cce702)
Start importing Assets/Minifantasy_NPCs_Assets/Generic_NPCs/Idle/Body/ShoulderPads/Minifantasy_NPCsIdle_ShoulderPads_white.png using Guid(13159d3209412954cabd1f900b8b1a29) Importer(2089858483,192608db42251d675da83286b1cce702) (ScriptedImporter) -> (artifact id: '5f79237e596489607d8b87aee424e349') in 0.0209833 seconds
Number of updated asset objects reloaded before import = 0Number of asset objects unloaded after import = 3

========================================================================
Received Import Request.
  Time since last request: 0.000019 seconds.
  path: Assets/Minifantasy_NPCs_Assets/Generic_NPCs/Dmg/Body/Gloves/Minifantasy_NPCsDmg_Gloves_whiteleather.png
  artifactKey: Guid(8f89825dc849bbc4990a14740a87a047) Importer(2089858483,192608db42251d675da83286b1cce702)
Start importing Assets/Minifantasy_NPCs_Assets/Generic_NPCs/Dmg/Body/Gloves/Minifantasy_NPCsDmg_Gloves_whiteleather.png using Guid(8f89825dc849bbc4990a14740a87a047) Importer(2089858483,192608db42251d675da83286b1cce702) (ScriptedImporter) -> (artifact id: '4c19f060a2c8bfe2e9abf09399ff8953') in 0.0173538 seconds
Number of updated asset objects reloaded before import = 0Number of asset objects unloaded after import = 3

========================================================================
Received Import Request.
  Time since last request: 0.000025 seconds.
  path: Assets/Minifantasy_NPCs_Assets/Generic_NPCs/Dmg/Body/Jacket/Minifantasy_NPCsDmg_Jacket_blue.png
  artifactKey: Guid(d23566bd0f8823a4e8d97ca48e3d031e) Importer(2089858483,192608db42251d675da83286b1cce702)
Start importing Assets/Minifantasy_NPCs_Assets/Generic_NPCs/Dmg/Body/Jacket/Minifantasy_NPCsDmg_Jacket_blue.png using Guid(d23566bd0f8823a4e8d97ca48e3d031e) Importer(2089858483,192608db42251d675da83286b1cce702) (ScriptedImporter) -> (artifact id: '272e814893e0239a16bbb7335a2236dc') in 0.0203826 seconds
Number of updated asset objects reloaded before import = 0Number of asset objects unloaded after import = 3

========================================================================
Received Import Request.
  Time since last request: 0.000030 seconds.
  path: Assets/Minifantasy_NPCs_Assets/Generic_NPCs/Walk/Body/Togas/Minifantasy_NPCsWalk_Toga_green.png
  artifactKey: Guid(fecaf3b0013763b4988a94d7d39ec6ad) Importer(2089858483,192608db42251d675da83286b1cce702)
Start importing Assets/Minifantasy_NPCs_Assets/Generic_NPCs/Walk/Body/Togas/Minifantasy_NPCsWalk_Toga_green.png using Guid(fecaf3b0013763b4988a94d7d39ec6ad) Importer(2089858483,192608db42251d675da83286b1cce702) (ScriptedImporter) -> (artifact id: '4ee5ca5564994c6d418c92eefade5350') in 0.0208712 seconds
Number of updated asset objects reloaded before import = 0Number of asset objects unloaded after import = 3

========================================================================
Received Import Request.
  Time since last request: 0.000018 seconds.
  path: Assets/Minifantasy_NPCs_Assets/Generic_NPCs/Walk/Body/Trousers/Minifantasy_NPCsWalk_Trousers_lime.png
  artifactKey: Guid(fa8df031f5bca06488827853d1926dc6) Importer(2089858483,192608db42251d675da83286b1cce702)
Start importing Assets/Minifantasy_NPCs_Assets/Generic_NPCs/Walk/Body/Trousers/Minifantasy_NPCsWalk_Trousers_lime.png using Guid(fa8df031f5bca06488827853d1926dc6) Importer(2089858483,192608db42251d675da83286b1cce702) (ScriptedImporter) -> (artifact id: '9d8baa70efbcbf9c5e7bff8566c4673b') in 0.0161354 seconds
Number of updated asset objects reloaded before import = 0Number of asset objects unloaded after import = 3

========================================================================
Received Import Request.
  Time since last request: 0.000018 seconds.
  path: Assets/Minifantasy_NPCs_Assets/Generic_NPCs/Idle/Body/Doublets/Minifantasy_NPCsIdle_Doublet_blue.png
  artifactKey: Guid(fdd26b1fc3a9906468be2514c08e9648) Importer(2089858483,192608db42251d675da83286b1cce702)
Start importing Assets/Minifantasy_NPCs_Assets/Generic_NPCs/Idle/Body/Doublets/Minifantasy_NPCsIdle_Doublet_blue.png using Guid(fdd26b1fc3a9906468be2514c08e9648) Importer(2089858483,192608db42251d675da83286b1cce702) (ScriptedImporter) -> (artifact id: 'ab8897cf976716188ba1d3c1dbad7b3c') in 0.021817 seconds
Number of updated asset objects reloaded before import = 0Number of asset objects unloaded after import = 3

========================================================================
Received Import Request.
  Time since last request: 0.000022 seconds.
  path: Assets/Minifantasy_NPCs_Assets/Generic_NPCs/Walk/Body/ShoulderPads/Minifantasy_NPCsWalk_ShoulderPads_yellow.png
  artifactKey: Guid(9df7ddf0a77e26948af6dca04d7040a9) Importer(2089858483,192608db42251d675da83286b1cce702)
Start importing Assets/Minifantasy_NPCs_Assets/Generic_NPCs/Walk/Body/ShoulderPads/Minifantasy_NPCsWalk_ShoulderPads_yellow.png using Guid(9df7ddf0a77e26948af6dca04d7040a9) Importer(2089858483,192608db42251d675da83286b1cce702) (ScriptedImporter) -> (artifact id: '566ab3b6f15e124740759fd1ac519a6f') in 0.0235951 seconds
Number of updated asset objects reloaded before import = 0Number of asset objects unloaded after import = 3

========================================================================
Received Import Request.
  Time since last request: 0.000022 seconds.
  path: Assets/Plugins/Sirenix/Odin Inspector/Assets/Editor/SdfIconAtlas.png
  artifactKey: Guid(2a0112a98875dfd488b5d10bdb8a4903) Importer(2089858483,192608db42251d675da83286b1cce702)
Start importing Assets/Plugins/Sirenix/Odin Inspector/Assets/Editor/SdfIconAtlas.png using Guid(2a0112a98875dfd488b5d10bdb8a4903) Importer(2089858483,192608db42251d675da83286b1cce702) (ScriptedImporter) -> (artifact id: 'faf7c76f0c74d6465ed83f9710127ec4') in 0.0346588 seconds
Number of updated asset objects reloaded before import = 0Number of asset objects unloaded after import = 1

========================================================================
Received Import Request.
  Time since last request: 0.000043 seconds.
  path: Assets/Minifantasy_NPCs_Assets/Generic_NPCs/Die/Head/Facial_Hair/Goatee/Minifantasy_NPCsDie_FacialHair_Goatee_blonde.png
  artifactKey: Guid(7ce1e2815c918e54a8dc599bb1e92c6c) Importer(2089858483,192608db42251d675da83286b1cce702)
Start importing Assets/Minifantasy_NPCs_Assets/Generic_NPCs/Die/Head/Facial_Hair/Goatee/Minifantasy_NPCsDie_FacialHair_Goatee_blonde.png using Guid(7ce1e2815c918e54a8dc599bb1e92c6c) Importer(2089858483,192608db42251d675da83286b1cce702) (ScriptedImporter) -> (artifact id: '9fbbe6be4fe494d047704b873be54908') in 0.0249144 seconds
Number of updated asset objects reloaded before import = 0Number of asset objects unloaded after import = 3

========================================================================
Received Import Request.
  Time since last request: 0.000017 seconds.
  path: Assets/Minifantasy_NPCs_Assets/Generic_NPCs/Walk/Body/Trousers/Minifantasy_NPCsWalk_Trousers_red.png
  artifactKey: Guid(bc649378d0282e241a97491196d35a44) Importer(2089858483,192608db42251d675da83286b1cce702)
Start importing Assets/Minifantasy_NPCs_Assets/Generic_NPCs/Walk/Body/Trousers/Minifantasy_NPCsWalk_Trousers_red.png using Guid(bc649378d0282e241a97491196d35a44) Importer(2089858483,192608db42251d675da83286b1cce702) (ScriptedImporter) -> (artifact id: '62ddce4f36dd7ecc111b1790c45ec802') in 0.019036 seconds
Number of updated asset objects reloaded before import = 0Number of asset objects unloaded after import = 3

========================================================================
Received Import Request.
  Time since last request: 0.000017 seconds.
  path: Assets/Minifantasy_NPCs_Assets/Generic_NPCs/Walk/_Characters/Elf/Minifantasy_NPCsWalk_Elf_purpleskin.png
  artifactKey: Guid(a653e5e527fbd8f4d87a051188366b56) Importer(2089858483,192608db42251d675da83286b1cce702)
Start importing Assets/Minifantasy_NPCs_Assets/Generic_NPCs/Walk/_Characters/Elf/Minifantasy_NPCsWalk_Elf_purpleskin.png using Guid(a653e5e527fbd8f4d87a051188366b56) Importer(2089858483,192608db42251d675da83286b1cce702) (ScriptedImporter) -> (artifact id: '39d84157280a7a0530e830c595d41f28') in 0.0523055 seconds
Number of updated asset objects reloaded before import = 0Number of asset objects unloaded after import = 18

========================================================================
Received Import Request.
  Time since last request: 0.000019 seconds.
  path: Assets/Minifantasy_NPCs_Assets/Generic_NPCs/Die/Head/Facial_Hair/Chin_Strap/Minifantasy_NPCsDie_FacialHair_ChinStrap_green.png
  artifactKey: Guid(ff0d4ca4d59727e49a485adbc478429b) Importer(2089858483,192608db42251d675da83286b1cce702)
Start importing Assets/Minifantasy_NPCs_Assets/Generic_NPCs/Die/Head/Facial_Hair/Chin_Strap/Minifantasy_NPCsDie_FacialHair_ChinStrap_green.png using Guid(ff0d4ca4d59727e49a485adbc478429b) Importer(2089858483,192608db42251d675da83286b1cce702) (ScriptedImporter) -> (artifact id: 'b2b9900094ab961f337d79705b00dbd9') in 0.0184773 seconds
Number of updated asset objects reloaded before import = 0Number of asset objects unloaded after import = 3

========================================================================
Received Import Request.
  Time since last request: 0.000032 seconds.
  path: Assets/Plugins/UniTask/Runtime/External/Addressables/UniTask.Addressables.asmdef
  artifactKey: Guid(593a5b492d29ac6448b1ebf7f035ef33) Importer(2089858483,192608db42251d675da83286b1cce702)
Start importing Assets/Plugins/UniTask/Runtime/External/Addressables/UniTask.Addressables.asmdef using Guid(593a5b492d29ac6448b1ebf7f035ef33) Importer(2089858483,192608db42251d675da83286b1cce702) (ScriptedImporter) -> (artifact id: '04681aec1ab2277e0a5f559f0ac1bb86') in 0.0070853 seconds
Number of updated asset objects reloaded before import = 0Number of asset objects unloaded after import = 1

========================================================================
Received Import Request.
  Time since last request: 0.000017 seconds.
  path: Assets/Minifantasy_NPCs_Assets/Generic_NPCs/Die/Head/Facial_Hair/Chin_Curtain/Minifantasy_NPCsDie_FacialHair_ChinCurtain_brown.png
  artifactKey: Guid(4abed3be310ef6c448578ea8636bbd52) Importer(2089858483,192608db42251d675da83286b1cce702)
Start importing Assets/Minifantasy_NPCs_Assets/Generic_NPCs/Die/Head/Facial_Hair/Chin_Curtain/Minifantasy_NPCsDie_FacialHair_ChinCurtain_brown.png using Guid(4abed3be310ef6c448578ea8636bbd52) Importer(2089858483,192608db42251d675da83286b1cce702) (ScriptedImporter) -> (artifact id: 'a46d0424bc1dba58d14024518af81250') in 0.0247029 seconds
Number of updated asset objects reloaded before import = 0Number of asset objects unloaded after import = 3

========================================================================
Received Import Request.
  Time since last request: 0.000020 seconds.
  path: Assets/Minifantasy_NPCs_Assets/Generic_NPCs/Walk/_Characters/Orc/Minifantasy_NPCsWalk_Orc_emeraldskin.png
  artifactKey: Guid(e17ead2b40526aa43ad6b4bb06d5f282) Importer(2089858483,192608db42251d675da83286b1cce702)
Start importing Assets/Minifantasy_NPCs_Assets/Generic_NPCs/Walk/_Characters/Orc/Minifantasy_NPCsWalk_Orc_emeraldskin.png using Guid(e17ead2b40526aa43ad6b4bb06d5f282) Importer(2089858483,192608db42251d675da83286b1cce702) (ScriptedImporter) -> (artifact id: 'f99e846a8453e499e92917a6d649d481') in 0.0433865 seconds
Number of updated asset objects reloaded before import = 0Number of asset objects unloaded after import = 18

========================================================================
Received Import Request.
  Time since last request: 0.000027 seconds.
  path: Assets/Minifantasy_NPCs_Assets/Generic_NPCs/Die/Head/Facial_Hair/Chin_Curtain/Minifantasy_NPCsDie_FacialHair_ChinCurtain_black.png
  artifactKey: Guid(574e4a881fffc8242a670e428f2e6019) Importer(2089858483,192608db42251d675da83286b1cce702)
Start importing Assets/Minifantasy_NPCs_Assets/Generic_NPCs/Die/Head/Facial_Hair/Chin_Curtain/Minifantasy_NPCsDie_FacialHair_ChinCurtain_black.png using Guid(574e4a881fffc8242a670e428f2e6019) Importer(2089858483,192608db42251d675da83286b1cce702) (ScriptedImporter) -> (artifact id: 'd6edc5ba04c81709807abd03f0b0349f') in 0.0188648 seconds
Number of updated asset objects reloaded before import = 0Number of asset objects unloaded after import = 3

========================================================================
Received Import Request.
  Time since last request: 0.000037 seconds.
  path: Assets/Plugins/Sirenix/Odin Inspector/Config/Editor/ColorPaletteManager.asset
  artifactKey: Guid(95fcdf4abed734a48a7076dcf969c7fe) Importer(2089858483,192608db42251d675da83286b1cce702)
Start importing Assets/Plugins/Sirenix/Odin Inspector/Config/Editor/ColorPaletteManager.asset using Guid(95fcdf4abed734a48a7076dcf969c7fe) Importer(2089858483,192608db42251d675da83286b1cce702) (ScriptedImporter) -> (artifact id: '58098ce6b8b79ef49b22e7f1dbb76531') in 0.0128482 seconds
Number of updated asset objects reloaded before import = 0Number of asset objects unloaded after import = 1

========================================================================
Received Import Request.
  Time since last request: 0.000021 seconds.
  path: Assets/Minifantasy_NPCs_Assets/Generic_NPCs/Die/Head/Facial_Hair/Goatee/Minifantasy_NPCsDie_FacialHair_Goatee_pink.png
  artifactKey: Guid(3befb14c5b13c73449296891e8c5facc) Importer(2089858483,192608db42251d675da83286b1cce702)
Start importing Assets/Minifantasy_NPCs_Assets/Generic_NPCs/Die/Head/Facial_Hair/Goatee/Minifantasy_NPCsDie_FacialHair_Goatee_pink.png using Guid(3befb14c5b13c73449296891e8c5facc) Importer(2089858483,192608db42251d675da83286b1cce702) (ScriptedImporter) -> (artifact id: '0956e325930bc4e58663fab8284bb340') in 0.0264302 seconds
Number of updated asset objects reloaded before import = 0Number of asset objects unloaded after import = 3

========================================================================
Received Import Request.
  Time since last request: 0.000021 seconds.
  path: Assets/Plugins/Sirenix/Odin Inspector/Modules/Unity.Mathematics/MathematicsDrawers.cs
  artifactKey: Guid(74718b273a32d874a9dc3c58269c36b3) Importer(2089858483,192608db42251d675da83286b1cce702)
Start importing Assets/Plugins/Sirenix/Odin Inspector/Modules/Unity.Mathematics/MathematicsDrawers.cs using Guid(74718b273a32d874a9dc3c58269c36b3) Importer(2089858483,192608db42251d675da83286b1cce702) (ScriptedImporter) -> (artifact id: 'c9d77b6d10c8e5f0fdef47827db4a1bf') in 0.005908 seconds
Number of updated asset objects reloaded before import = 0Number of asset objects unloaded after import = 0

========================================================================
Received Import Request.
  Time since last request: 0.000022 seconds.
  path: Assets/Minifantasy_NPCs_Assets/Generic_NPCs/Die/Head/Facial_Hair/Goatee/Minifantasy_NPCsDie_FacialHair_Goatee_brown.png
  artifactKey: Guid(f31b06e3ba10433498471395fe1fcf2f) Importer(2089858483,192608db42251d675da83286b1cce702)
Start importing Assets/Minifantasy_NPCs_Assets/Generic_NPCs/Die/Head/Facial_Hair/Goatee/Minifantasy_NPCsDie_FacialHair_Goatee_brown.png using Guid(f31b06e3ba10433498471395fe1fcf2f) Importer(2089858483,192608db42251d675da83286b1cce702) (ScriptedImporter) -> (artifact id: '4023e5d09520b8d2f2cb80b00bb9fdb0') in 0.0264695 seconds
Number of updated asset objects reloaded before import = 0Number of asset objects unloaded after import = 3

========================================================================
Received Import Request.
  Time since last request: 0.000054 seconds.
  path: Assets/Plugins/Sirenix/Odin Inspector/Assets/Editor/OdinPathLookup.asset
  artifactKey: Guid(08379ccefc05200459f90a1c0711a340) Importer(2089858483,192608db42251d675da83286b1cce702)
Start importing Assets/Plugins/Sirenix/Odin Inspector/Assets/Editor/OdinPathLookup.asset using Guid(08379ccefc05200459f90a1c0711a340) Importer(2089858483,192608db42251d675da83286b1cce702) (ScriptedImporter) -> (artifact id: '4c8df542628aceb42eda0c8fa51a7786') in 0.0083935 seconds
Number of updated asset objects reloaded before import = 0Number of asset objects unloaded after import = 1

========================================================================
Received Import Request.
  Time since last request: 0.000041 seconds.
  path: Assets/Minifantasy_NPCs_Assets/Generic_NPCs/Walk/Body/Togas/Minifantasy_NPCsWalk_Toga_lime.png
  artifactKey: Guid(92f48c639ed4a3442975a1f58e45c34a) Importer(2089858483,192608db42251d675da83286b1cce702)
Start importing Assets/Minifantasy_NPCs_Assets/Generic_NPCs/Walk/Body/Togas/Minifantasy_NPCsWalk_Toga_lime.png using Guid(92f48c639ed4a3442975a1f58e45c34a) Importer(2089858483,192608db42251d675da83286b1cce702) (ScriptedImporter) -> (artifact id: 'd46bcd90984cfa7115e7abf818e21cb2') in 0.0312722 seconds
Number of updated asset objects reloaded before import = 0Number of asset objects unloaded after import = 3

========================================================================
Received Import Request.
  Time since last request: 0.000025 seconds.
  path: Assets/Plugins/UniTask/Runtime/Linq/UnityExtensions/EveryValueChanged.cs
  artifactKey: Guid(1ec39f1c41c305344854782c935ad354) Importer(2089858483,192608db42251d675da83286b1cce702)
Start importing Assets/Plugins/UniTask/Runtime/Linq/UnityExtensions/EveryValueChanged.cs using Guid(1ec39f1c41c305344854782c935ad354) Importer(2089858483,192608db42251d675da83286b1cce702) (ScriptedImporter) -> (artifact id: '2ab07397642454cdb118a27e0ccd972b') in 0.0077038 seconds
Number of updated asset objects reloaded before import = 0Number of asset objects unloaded after import = 0

========================================================================
Received Import Request.
  Time since last request: 0.000021 seconds.
  path: Assets/Plugins/UniTask/Runtime/External/TextMeshPro/UniTask.TextMeshPro.asmdef
  artifactKey: Guid(dc47925d1a5fa2946bdd37746b2b5d48) Importer(2089858483,192608db42251d675da83286b1cce702)
Start importing Assets/Plugins/UniTask/Runtime/External/TextMeshPro/UniTask.TextMeshPro.asmdef using Guid(dc47925d1a5fa2946bdd37746b2b5d48) Importer(2089858483,192608db42251d675da83286b1cce702) (ScriptedImporter) -> (artifact id: '1471c8ed0e00ec9bac1944b3420f1b44') in 0.0062256 seconds
Number of updated asset objects reloaded before import = 0Number of asset objects unloaded after import = 1

========================================================================
Received Import Request.
  Time since last request: 0.000021 seconds.
  path: Assets/Minifantasy_NPCs_Assets/Generic_NPCs/Walk/Body/Shirt/Minifantasy_NPCsWalk_Shirt_black.png
  artifactKey: Guid(f278c2283f2c6314e822b7d9acfd1c0d) Importer(2089858483,192608db42251d675da83286b1cce702)
Start importing Assets/Minifantasy_NPCs_Assets/Generic_NPCs/Walk/Body/Shirt/Minifantasy_NPCsWalk_Shirt_black.png using Guid(f278c2283f2c6314e822b7d9acfd1c0d) Importer(2089858483,192608db42251d675da83286b1cce702) (ScriptedImporter) -> (artifact id: 'b46e70276a57575ad7dc70a1cc54b101') in 0.0237494 seconds
Number of updated asset objects reloaded before import = 0Number of asset objects unloaded after import = 3

========================================================================
Received Import Request.
  Time since last request: 0.000071 seconds.
  path: Assets/Minifantasy_NPCs_Assets/Generic_NPCs/Die/Head/Hairstyles/Long/Minifantasy_NPCsDie_HumanHair_Long_brown.png
  artifactKey: Guid(120bcefbbe5b7a9488e2e323b0c38f6c) Importer(2089858483,192608db42251d675da83286b1cce702)
Start importing Assets/Minifantasy_NPCs_Assets/Generic_NPCs/Die/Head/Hairstyles/Long/Minifantasy_NPCsDie_HumanHair_Long_brown.png using Guid(120bcefbbe5b7a9488e2e323b0c38f6c) Importer(2089858483,192608db42251d675da83286b1cce702) (ScriptedImporter) -> (artifact id: '6f61bc729afeaad71ae5bf3bbbf78c00') in 0.0416724 seconds
Number of updated asset objects reloaded before import = 0Number of asset objects unloaded after import = 10

========================================================================
Received Import Request.
  Time since last request: 0.000041 seconds.
  path: Assets/Minifantasy_NPCs_Assets/Generic_NPCs/Die/Head/Hairstyles/Mohawk/Minifantasy_NPCsDie_HumanHair_Mohawk_purple.png
  artifactKey: Guid(221be3d329e502e44a6754b34b6e53fc) Importer(2089858483,192608db42251d675da83286b1cce702)
Start importing Assets/Minifantasy_NPCs_Assets/Generic_NPCs/Die/Head/Hairstyles/Mohawk/Minifantasy_NPCsDie_HumanHair_Mohawk_purple.png using Guid(221be3d329e502e44a6754b34b6e53fc) Importer(2089858483,192608db42251d675da83286b1cce702) (ScriptedImporter) -> (artifact id: 'b89404f456555d26b31552d9d4116ee4') in 0.0437387 seconds
Number of updated asset objects reloaded before import = 0Number of asset objects unloaded after import = 8

========================================================================
Received Import Request.
  Time since last request: 0.000030 seconds.
  path: Assets/Minifantasy_NPCs_Assets/Generic_NPCs/Die/Head/Hairstyles/Bold/Minifantasy_NPCsDie_HumanHair_Bold_pink.png
  artifactKey: Guid(be627e70ecf852148a7819101e522811) Importer(2089858483,192608db42251d675da83286b1cce702)
Start importing Assets/Minifantasy_NPCs_Assets/Generic_NPCs/Die/Head/Hairstyles/Bold/Minifantasy_NPCsDie_HumanHair_Bold_pink.png using Guid(be627e70ecf852148a7819101e522811) Importer(2089858483,192608db42251d675da83286b1cce702) (ScriptedImporter) -> (artifact id: 'c132b06cd3f221534fbaae64224a8b41') in 0.022168 seconds
Number of updated asset objects reloaded before import = 0Number of asset objects unloaded after import = 3

========================================================================
Received Import Request.
  Time since last request: 0.000020 seconds.
  path: Assets/Minifantasy_NPCs_Assets/Generic_NPCs/Die/Head/Hairstyles/Bubble/Minifantasy_NPCsDie_HumanHair_Bubble_brown.png
  artifactKey: Guid(0377977db6bda1d40998e8cfe2028bf4) Importer(2089858483,192608db42251d675da83286b1cce702)
Start importing Assets/Minifantasy_NPCs_Assets/Generic_NPCs/Die/Head/Hairstyles/Bubble/Minifantasy_NPCsDie_HumanHair_Bubble_brown.png using Guid(0377977db6bda1d40998e8cfe2028bf4) Importer(2089858483,192608db42251d675da83286b1cce702) (ScriptedImporter) -> (artifact id: 'acc1de454dc3b826017a57766fc30b19') in 0.0468101 seconds
Number of updated asset objects reloaded before import = 0Number of asset objects unloaded after import = 11

========================================================================
Received Import Request.
  Time since last request: 0.000027 seconds.
  path: Assets/Minifantasy_NPCs_Assets/Generic_NPCs/Die/Head/Hairstyles/Mohawk/Minifantasy_NPCsDie_HumanHair_Mohawk_blue.png
  artifactKey: Guid(f55516ea741439f41be38530150425e1) Importer(2089858483,192608db42251d675da83286b1cce702)
Start importing Assets/Minifantasy_NPCs_Assets/Generic_NPCs/Die/Head/Hairstyles/Mohawk/Minifantasy_NPCsDie_HumanHair_Mohawk_blue.png using Guid(f55516ea741439f41be38530150425e1) Importer(2089858483,192608db42251d675da83286b1cce702) (ScriptedImporter) -> (artifact id: 'c915e226ba3ae493d7944c2cb8b81d11') in 0.0464031 seconds
Number of updated asset objects reloaded before import = 0Number of asset objects unloaded after import = 8

========================================================================
Received Import Request.
  Time since last request: 0.000035 seconds.
  path: Assets/Minifantasy_NPCs_Assets/Generic_NPCs/Die/Head/Facial_Hair/LongBeard/Minifantasy_NPCsDie_FacialHair_LongBeard_turquoise.png
  artifactKey: Guid(e8bd3d9681790a64cbf654322fa37b0f) Importer(2089858483,192608db42251d675da83286b1cce702)
Start importing Assets/Minifantasy_NPCs_Assets/Generic_NPCs/Die/Head/Facial_Hair/LongBeard/Minifantasy_NPCsDie_FacialHair_LongBeard_turquoise.png using Guid(e8bd3d9681790a64cbf654322fa37b0f) Importer(2089858483,192608db42251d675da83286b1cce702) (ScriptedImporter) -> (artifact id: 'acbda0fc506044d830c85422a7803726') in 0.0443821 seconds
Number of updated asset objects reloaded before import = 0Number of asset objects unloaded after import = 3

========================================================================
Received Import Request.
  Time since last request: 0.000020 seconds.
  path: Assets/Minifantasy_NPCs_Assets/Generic_NPCs/Die/Head/Facial_Hair/LongBeard/Minifantasy_NPCsDie_FacialHair_LongBeard_green.png
  artifactKey: Guid(0836dd1a2e05a6d4f8dc32ff7a710eef) Importer(2089858483,192608db42251d675da83286b1cce702)
Start importing Assets/Minifantasy_NPCs_Assets/Generic_NPCs/Die/Head/Facial_Hair/LongBeard/Minifantasy_NPCsDie_FacialHair_LongBeard_green.png using Guid(0836dd1a2e05a6d4f8dc32ff7a710eef) Importer(2089858483,192608db42251d675da83286b1cce702) (ScriptedImporter) -> (artifact id: 'b1ee1ccb1152eb09c7a5245a78cdcf68') in 0.0477983 seconds
Number of updated asset objects reloaded before import = 0Number of asset objects unloaded after import = 3

========================================================================
Received Import Request.
  Time since last request: 0.000028 seconds.
  path: Assets/Plugins/Sirenix/Odin Inspector/Config/Editor/TypeRegistryUserConfig.asset
  artifactKey: Guid(f6208f429a77cca4bbc7c632ac8d0f8d) Importer(2089858483,192608db42251d675da83286b1cce702)
Start importing Assets/Plugins/Sirenix/Odin Inspector/Config/Editor/TypeRegistryUserConfig.asset using Guid(f6208f429a77cca4bbc7c632ac8d0f8d) Importer(2089858483,192608db42251d675da83286b1cce702) (ScriptedImporter) -> (artifact id: 'e73451f151480a9962829ff0fcc937b8') in 0.0180098 seconds
Number of updated asset objects reloaded before import = 0Number of asset objects unloaded after import = 1

========================================================================
Received Import Request.
  Time since last request: 0.000023 seconds.
  path: Assets/Plugins/UniTask/Runtime/External/DOTween/DOTweenAsyncExtensions.cs
  artifactKey: Guid(1f448d5bc5b232e4f98d89d5d1832e8e) Importer(2089858483,192608db42251d675da83286b1cce702)
Start importing Assets/Plugins/UniTask/Runtime/External/DOTween/DOTweenAsyncExtensions.cs using Guid(1f448d5bc5b232e4f98d89d5d1832e8e) Importer(2089858483,192608db42251d675da83286b1cce702) (ScriptedImporter) -> (artifact id: 'addde0a1d06d05196f55fdf09c36c5c5') in 0.0115759 seconds
Number of updated asset objects reloaded before import = 0Number of asset objects unloaded after import = 0

========================================================================
Received Import Request.
  Time since last request: 0.000029 seconds.
  path: Assets/Minifantasy_NPCs_Assets/Generic_NPCs/Die/Head/Hairstyles/Bold/Minifantasy_NPCsDie_HumanHair_Bold_brown.png
  artifactKey: Guid(a5c613773c5dea7409e5526015e86817) Importer(2089858483,192608db42251d675da83286b1cce702)
Start importing Assets/Minifantasy_NPCs_Assets/Generic_NPCs/Die/Head/Hairstyles/Bold/Minifantasy_NPCsDie_HumanHair_Bold_brown.png using Guid(a5c613773c5dea7409e5526015e86817) Importer(2089858483,192608db42251d675da83286b1cce702) (ScriptedImporter) -> (artifact id: 'fe031346eda0396a0fa4d4861d687dec') in 0.0327224 seconds
Number of updated asset objects reloaded before import = 0Number of asset objects unloaded after import = 3

========================================================================
Received Import Request.
  Time since last request: 0.000020 seconds.
  path: Assets/Minifantasy_NPCs_Assets/Generic_NPCs/Walk/_Characters/Elf/Minifantasy_NPCsWalk_Elf_albinoskin.png
  artifactKey: Guid(f9b4e9a3e92994948a9d3c7cf6bcaf7a) Importer(2089858483,192608db42251d675da83286b1cce702)
Start importing Assets/Minifantasy_NPCs_Assets/Generic_NPCs/Walk/_Characters/Elf/Minifantasy_NPCsWalk_Elf_albinoskin.png using Guid(f9b4e9a3e92994948a9d3c7cf6bcaf7a) Importer(2089858483,192608db42251d675da83286b1cce702) (ScriptedImporter) -> (artifact id: 'd4969bebc5118fdf14ecc14308295508') in 0.0586709 seconds
Number of updated asset objects reloaded before import = 0Number of asset objects unloaded after import = 18

========================================================================
Received Import Request.
  Time since last request: 0.000021 seconds.
  path: Assets/Minifantasy_NPCs_Assets/Generic_NPCs/Die/Head/Hairstyles/Bubble/Minifantasy_NPCsDie_HumanHair_Bubble_pink.png
  artifactKey: Guid(76128ed0d1e8bf641a050cd4d4229fb7) Importer(2089858483,192608db42251d675da83286b1cce702)
Start importing Assets/Minifantasy_NPCs_Assets/Generic_NPCs/Die/Head/Hairstyles/Bubble/Minifantasy_NPCsDie_HumanHair_Bubble_pink.png using Guid(76128ed0d1e8bf641a050cd4d4229fb7) Importer(2089858483,192608db42251d675da83286b1cce702) (ScriptedImporter) -> (artifact id: 'a821287b9e918faca1089dbea1c96496') in 0.04272 seconds
Number of updated asset objects reloaded before import = 0Number of asset objects unloaded after import = 11

========================================================================
Received Import Request.
  Time since last request: 0.000023 seconds.
  path: Assets/Minifantasy_NPCs_Assets/Generic_NPCs/Die/Head/Hairstyles/Toupee/Minifantasy_NPCsDie_HumanHair_Toupee_green.png
  artifactKey: Guid(6c46c377f49ef6546b8bebd6d2e82287) Importer(2089858483,192608db42251d675da83286b1cce702)
Start importing Assets/Minifantasy_NPCs_Assets/Generic_NPCs/Die/Head/Hairstyles/Toupee/Minifantasy_NPCsDie_HumanHair_Toupee_green.png using Guid(6c46c377f49ef6546b8bebd6d2e82287) Importer(2089858483,192608db42251d675da83286b1cce702) (ScriptedImporter) -> (artifact id: '9f45c30f427e4fbe58fb1f1b17c2db2e') in 0.0337629 seconds
Number of updated asset objects reloaded before import = 0Number of asset objects unloaded after import = 9

========================================================================
Received Import Request.
  Time since last request: 0.000039 seconds.
  path: Assets/Minifantasy_NPCs_Assets/Generic_NPCs/Die/Head/Hairstyles/PonyTail/Minifantasy_NPCsDie_HumanHair_PonyTail_blue.png
  artifactKey: Guid(097069d747479504db202785d0cfc9c2) Importer(2089858483,192608db42251d675da83286b1cce702)
Start importing Assets/Minifantasy_NPCs_Assets/Generic_NPCs/Die/Head/Hairstyles/PonyTail/Minifantasy_NPCsDie_HumanHair_PonyTail_blue.png using Guid(097069d747479504db202785d0cfc9c2) Importer(2089858483,192608db42251d675da83286b1cce702) (ScriptedImporter) -> (artifact id: 'eea957e09a4dfd637d5cde4519ec92ef') in 0.0262253 seconds
Number of updated asset objects reloaded before import = 0Number of asset objects unloaded after import = 8

========================================================================
Received Import Request.
  Time since last request: 0.000021 seconds.
  path: Assets/Minifantasy_NPCs_Assets/Generic_NPCs/Die/Head/Hats/Bandana/Minifantasy_NPCsDie_Hat_Bandana_whiteleather.png
  artifactKey: Guid(6b8f6e134f7a81244a69b7d3533b26c6) Importer(2089858483,192608db42251d675da83286b1cce702)
Start importing Assets/Minifantasy_NPCs_Assets/Generic_NPCs/Die/Head/Hats/Bandana/Minifantasy_NPCsDie_Hat_Bandana_whiteleather.png using Guid(6b8f6e134f7a81244a69b7d3533b26c6) Importer(2089858483,192608db42251d675da83286b1cce702) (ScriptedImporter) -> (artifact id: '435f4a66acb0182e809335f803b5f7d6') in 0.0164694 seconds
Number of updated asset objects reloaded before import = 0Number of asset objects unloaded after import = 3

========================================================================
Received Import Request.
  Time since last request: 0.000020 seconds.
  path: Assets/Minifantasy_NPCs_Assets/Generic_NPCs/Die/Head/Hairstyles/Short/Minifantasy_NPCsDie_HumanHair_Short _purple.png
  artifactKey: Guid(499e96166998ca24581337e5d97d6e68) Importer(2089858483,192608db42251d675da83286b1cce702)
Start importing Assets/Minifantasy_NPCs_Assets/Generic_NPCs/Die/Head/Hairstyles/Short/Minifantasy_NPCsDie_HumanHair_Short _purple.png using Guid(499e96166998ca24581337e5d97d6e68) Importer(2089858483,192608db42251d675da83286b1cce702) (ScriptedImporter) -> (artifact id: '4b2f490d2af033c984c81d45d79c66fa') in 0.0335782 seconds
Number of updated asset objects reloaded before import = 0Number of asset objects unloaded after import = 8

========================================================================
Received Import Request.
  Time since last request: 0.000021 seconds.
  path: Assets/Minifantasy_NPCs_Assets/Generic_NPCs/Die/Head/Hairstyles/Toupee/Minifantasy_NPCsDie_HumanHair_Toupee_blonde.png
  artifactKey: Guid(3a7693cc135856f458c13ab31a1d09f5) Importer(2089858483,192608db42251d675da83286b1cce702)
Start importing Assets/Minifantasy_NPCs_Assets/Generic_NPCs/Die/Head/Hairstyles/Toupee/Minifantasy_NPCsDie_HumanHair_Toupee_blonde.png using Guid(3a7693cc135856f458c13ab31a1d09f5) Importer(2089858483,192608db42251d675da83286b1cce702) (ScriptedImporter) -> (artifact id: 'ca9ecf3481513756d0966b45c71e2108') in 0.029408 seconds
Number of updated asset objects reloaded before import = 0Number of asset objects unloaded after import = 9

========================================================================
Received Import Request.
  Time since last request: 0.000023 seconds.
  path: Assets/Minifantasy_NPCs_Assets/Generic_NPCs/Die/Head/Hairstyles/PonyTail/Minifantasy_NPCsDie_HumanHair_PonyTail_purple.png
  artifactKey: Guid(79b68c79050f83d4ead2995f2f9ea8f5) Importer(2089858483,192608db42251d675da83286b1cce702)
Start importing Assets/Minifantasy_NPCs_Assets/Generic_NPCs/Die/Head/Hairstyles/PonyTail/Minifantasy_NPCsDie_HumanHair_PonyTail_purple.png using Guid(79b68c79050f83d4ead2995f2f9ea8f5) Importer(2089858483,192608db42251d675da83286b1cce702) (ScriptedImporter) -> (artifact id: '8287bb93fc0e81507cd70786a4e3f611') in 0.0436815 seconds
Number of updated asset objects reloaded before import = 0Number of asset objects unloaded after import = 8

========================================================================
Received Import Request.
  Time since last request: 0.000036 seconds.
  path: Assets/Minifantasy_NPCs_Assets/Generic_NPCs/Die/Head/Hairstyles/Toupee/Minifantasy_NPCsDie_HumanHair_Toupee_black.png
  artifactKey: Guid(05c420a411728764bbe2979446c11dd9) Importer(2089858483,192608db42251d675da83286b1cce702)
Start importing Assets/Minifantasy_NPCs_Assets/Generic_NPCs/Die/Head/Hairstyles/Toupee/Minifantasy_NPCsDie_HumanHair_Toupee_black.png using Guid(05c420a411728764bbe2979446c11dd9) Importer(2089858483,192608db42251d675da83286b1cce702) (ScriptedImporter) -> (artifact id: '03303cfa6c8001ee94aa3f0e72ebee0b') in 0.040731 seconds
Number of updated asset objects reloaded before import = 0Number of asset objects unloaded after import = 9

========================================================================
Received Import Request.
  Time since last request: 0.000038 seconds.
  path: Assets/Minifantasy_NPCs_Assets/Generic_NPCs/Die/Head/Hats/Bandana/Minifantasy_NPCsDie_Hat_Bandana_yellow.png
  artifactKey: Guid(00b791f14daeb99488f5f85d830368d2) Importer(2089858483,192608db42251d675da83286b1cce702)
Start importing Assets/Minifantasy_NPCs_Assets/Generic_NPCs/Die/Head/Hats/Bandana/Minifantasy_NPCsDie_Hat_Bandana_yellow.png using Guid(00b791f14daeb99488f5f85d830368d2) Importer(2089858483,192608db42251d675da83286b1cce702) (ScriptedImporter) -> (artifact id: 'd12013a741962f6771166fd1ddfb725d') in 0.0154693 seconds
Number of updated asset objects reloaded before import = 0Number of asset objects unloaded after import = 3

========================================================================
Received Import Request.
  Time since last request: 0.000018 seconds.
  path: Assets/Minifantasy_NPCs_Assets/Generic_NPCs/Die/Head/Hairstyles/PonyTail/Minifantasy_NPCsDie_HumanHair_PonyTail_green.png
  artifactKey: Guid(75d1b07f8e15d784780f95e7fbedda31) Importer(2089858483,192608db42251d675da83286b1cce702)
Start importing Assets/Minifantasy_NPCs_Assets/Generic_NPCs/Die/Head/Hairstyles/PonyTail/Minifantasy_NPCsDie_HumanHair_PonyTail_green.png using Guid(75d1b07f8e15d784780f95e7fbedda31) Importer(2089858483,192608db42251d675da83286b1cce702) (ScriptedImporter) -> (artifact id: 'e027f04046e77e9e45b5b6f3808a658c') in 0.0317833 seconds
Number of updated asset objects reloaded before import = 0Number of asset objects unloaded after import = 8

========================================================================
Received Import Request.
  Time since last request: 0.000020 seconds.
  path: Assets/Minifantasy_NPCs_Assets/Generic_NPCs/Die/Head/Hats/CowboyHat/Minifantasy_NPCsDie_Hat_CowboyHat_blackleather.png
  artifactKey: Guid(e1dd17067bfd10d4a8e0ec2c8b0407ba) Importer(2089858483,192608db42251d675da83286b1cce702)
Start importing Assets/Minifantasy_NPCs_Assets/Generic_NPCs/Die/Head/Hats/CowboyHat/Minifantasy_NPCsDie_Hat_CowboyHat_blackleather.png using Guid(e1dd17067bfd10d4a8e0ec2c8b0407ba) Importer(2089858483,192608db42251d675da83286b1cce702) (ScriptedImporter) -> (artifact id: '5e89cffa849fc1b5577e3ac485fe2375') in 0.0388873 seconds
Number of updated asset objects reloaded before import = 0Number of asset objects unloaded after import = 12

========================================================================
Received Import Request.
  Time since last request: 0.000045 seconds.
  path: Assets/Minifantasy_NPCs_Assets/Generic_NPCs/Die/Head/Hats/Bandana/Minifantasy_NPCsDie_Hat_Bandana_white.png
  artifactKey: Guid(826ab8cbf2a15484fb8f91076adda32f) Importer(2089858483,192608db42251d675da83286b1cce702)
Start importing Assets/Minifantasy_NPCs_Assets/Generic_NPCs/Die/Head/Hats/Bandana/Minifantasy_NPCsDie_Hat_Bandana_white.png using Guid(826ab8cbf2a15484fb8f91076adda32f) Importer(2089858483,192608db42251d675da83286b1cce702) (ScriptedImporter) -> (artifact id: '3dae3d62d8334c605bca255dc48df19e') in 0.0203226 seconds
Number of updated asset objects reloaded before import = 0Number of asset objects unloaded after import = 3

========================================================================
Received Import Request.
  Time since last request: 0.000024 seconds.
  path: Assets/Minifantasy_NPCs_Assets/Generic_NPCs/Die/Head/Hairstyles/Short/Minifantasy_NPCsDie_HumanHair_Short _blue.png
  artifactKey: Guid(64a1aec48c472a1419f55dab94b89d29) Importer(2089858483,192608db42251d675da83286b1cce702)
Start importing Assets/Minifantasy_NPCs_Assets/Generic_NPCs/Die/Head/Hairstyles/Short/Minifantasy_NPCsDie_HumanHair_Short _blue.png using Guid(64a1aec48c472a1419f55dab94b89d29) Importer(2089858483,192608db42251d675da83286b1cce702) (ScriptedImporter) -> (artifact id: 'fc501eae18740c8692289a6891381c62') in 0.0317019 seconds
Number of updated asset objects reloaded before import = 0Number of asset objects unloaded after import = 8

========================================================================
Received Import Request.
  Time since last request: 0.000019 seconds.
  path: Assets/Minifantasy_NPCs_Assets/Generic_NPCs/Die/Head/Hairstyles/Mane/Minifantasy_NPCsDie_HumanHair_Mane_pink.png
  artifactKey: Guid(9b1f1108f00a05b4787703ccbb2a519c) Importer(2089858483,192608db42251d675da83286b1cce702)
Start importing Assets/Minifantasy_NPCs_Assets/Generic_NPCs/Die/Head/Hairstyles/Mane/Minifantasy_NPCsDie_HumanHair_Mane_pink.png using Guid(9b1f1108f00a05b4787703ccbb2a519c) Importer(2089858483,192608db42251d675da83286b1cce702) (ScriptedImporter) -> (artifact id: 'd3717f633498da188833ec513a20e87e') in 0.0379569 seconds
Number of updated asset objects reloaded before import = 0Number of asset objects unloaded after import = 12

========================================================================
Received Import Request.
  Time since last request: 0.000029 seconds.
  path: Assets/Minifantasy_NPCs_Assets/Generic_NPCs/Die/Head/Facial_Hair/Moustache/Minifantasy_NPCsDie_FacialHair_Moustache_blue.png
  artifactKey: Guid(300fbb6984bd5494a9d6ecafbdf6d0fe) Importer(2089858483,192608db42251d675da83286b1cce702)
Start importing Assets/Minifantasy_NPCs_Assets/Generic_NPCs/Die/Head/Facial_Hair/Moustache/Minifantasy_NPCsDie_FacialHair_Moustache_blue.png using Guid(300fbb6984bd5494a9d6ecafbdf6d0fe) Importer(2089858483,192608db42251d675da83286b1cce702) (ScriptedImporter) -> (artifact id: '849b72d513f328f6f82b569bf8a0235d') in 0.0236078 seconds
Number of updated asset objects reloaded before import = 0Number of asset objects unloaded after import = 3

========================================================================
Received Import Request.
  Time since last request: 0.000048 seconds.
  path: Assets/Minifantasy_NPCs_Assets/Generic_NPCs/Die/Head/Hats/CowboyHat/Minifantasy_NPCsDie_Hat_CowboyHat_black.png
  artifactKey: Guid(5687e2d79918f684b9cb85080910b62b) Importer(2089858483,192608db42251d675da83286b1cce702)
Start importing Assets/Minifantasy_NPCs_Assets/Generic_NPCs/Die/Head/Hats/CowboyHat/Minifantasy_NPCsDie_Hat_CowboyHat_black.png using Guid(5687e2d79918f684b9cb85080910b62b) Importer(2089858483,192608db42251d675da83286b1cce702) (ScriptedImporter) -> (artifact id: '507fd3863b9240343230e55189fd9b80') in 0.0403642 seconds
Number of updated asset objects reloaded before import = 0Number of asset objects unloaded after import = 12

========================================================================
Received Import Request.
  Time since last request: 0.000021 seconds.
  path: Assets/Minifantasy_NPCs_Assets/Generic_NPCs/Die/Head/Hats/CowboyHat/Minifantasy_NPCsDie_Hat_CowboyHat_white.png
  artifactKey: Guid(b75719cba36bc164aac6f109d30e32b9) Importer(2089858483,192608db42251d675da83286b1cce702)
Start importing Assets/Minifantasy_NPCs_Assets/Generic_NPCs/Die/Head/Hats/CowboyHat/Minifantasy_NPCsDie_Hat_CowboyHat_white.png using Guid(b75719cba36bc164aac6f109d30e32b9) Importer(2089858483,192608db42251d675da83286b1cce702) (ScriptedImporter) -> (artifact id: '3c331997ea2f0e1bc170e03430b82707') in 0.038849 seconds
Number of updated asset objects reloaded before import = 0Number of asset objects unloaded after import = 12

========================================================================
Received Import Request.
  Time since last request: 0.000021 seconds.
  path: Assets/Minifantasy_NPCs_Assets/Generic_NPCs/Die/Head/Hats/FedoraHat/Minifantasy_NPCsDie_Hat_FedoraHat_grey.png
  artifactKey: Guid(603b4f2d0613f3c4a877a7f36bcae2b8) Importer(2089858483,192608db42251d675da83286b1cce702)
Start importing Assets/Minifantasy_NPCs_Assets/Generic_NPCs/Die/Head/Hats/FedoraHat/Minifantasy_NPCsDie_Hat_FedoraHat_grey.png using Guid(603b4f2d0613f3c4a877a7f36bcae2b8) Importer(2089858483,192608db42251d675da83286b1cce702) (ScriptedImporter) -> (artifact id: 'eac5b9022ec8ef30fbfd56f39d5792c9') in 0.0473557 seconds
Number of updated asset objects reloaded before import = 0Number of asset objects unloaded after import = 12

========================================================================
Received Import Request.
  Time since last request: 0.000022 seconds.
  path: Assets/Minifantasy_NPCs_Assets/Generic_NPCs/Die/Head/Hats/Hood/Minifantasy_NPCsDie_Hat_Hood_orange.png
  artifactKey: Guid(5f29c905062942e409ab84a75f5afd8b) Importer(2089858483,192608db42251d675da83286b1cce702)
Start importing Assets/Minifantasy_NPCs_Assets/Generic_NPCs/Die/Head/Hats/Hood/Minifantasy_NPCsDie_Hat_Hood_orange.png using Guid(5f29c905062942e409ab84a75f5afd8b) Importer(2089858483,192608db42251d675da83286b1cce702) (ScriptedImporter) -> (artifact id: '13d1959dbfc867b64acc6fba808fa026') in 0.0544354 seconds
Number of updated asset objects reloaded before import = 0Number of asset objects unloaded after import = 11

========================================================================
Received Import Request.
  Time since last request: 0.000031 seconds.
  path: Assets/Minifantasy_NPCs_Assets/Generic_NPCs/Die/Head/Hats/Hood/Minifantasy_NPCsDie_Hat_Hood_grey.png
  artifactKey: Guid(4af4a9bb31657dc4fbefab16c4d761c5) Importer(2089858483,192608db42251d675da83286b1cce702)
Start importing Assets/Minifantasy_NPCs_Assets/Generic_NPCs/Die/Head/Hats/Hood/Minifantasy_NPCsDie_Hat_Hood_grey.png using Guid(4af4a9bb31657dc4fbefab16c4d761c5) Importer(2089858483,192608db42251d675da83286b1cce702) (ScriptedImporter) -> (artifact id: '126b42202f31763e8c7ddaac5565257a') in 0.0486592 seconds
Number of updated asset objects reloaded before import = 0Number of asset objects unloaded after import = 11

========================================================================
Received Import Request.
  Time since last request: 0.000025 seconds.
  path: Assets/Minifantasy_NPCs_Assets/Generic_NPCs/Die/Head/Hats/LongHat/Minifantasy_NPCsDie_Hat_LongHat_blackleather.png
  artifactKey: Guid(5643aa6049c516d4097668e329827a4b) Importer(2089858483,192608db42251d675da83286b1cce702)
Start importing Assets/Minifantasy_NPCs_Assets/Generic_NPCs/Die/Head/Hats/LongHat/Minifantasy_NPCsDie_Hat_LongHat_blackleather.png using Guid(5643aa6049c516d4097668e329827a4b) Importer(2089858483,192608db42251d675da83286b1cce702) (ScriptedImporter) -> (artifact id: '37c68ae53905e0413be1494baab50917') in 0.047355 seconds
Number of updated asset objects reloaded before import = 0Number of asset objects unloaded after import = 12

========================================================================
Received Import Request.
  Time since last request: 0.000026 seconds.
  path: Assets/Minifantasy_NPCs_Assets/Generic_NPCs/Die/Head/Hats/FedoraHat/Minifantasy_NPCsDie_Hat_FedoraHat_purple.png
  artifactKey: Guid(9f3c7d2a91d869e4386f8f2c6f54ffb1) Importer(2089858483,192608db42251d675da83286b1cce702)
Start importing Assets/Minifantasy_NPCs_Assets/Generic_NPCs/Die/Head/Hats/FedoraHat/Minifantasy_NPCsDie_Hat_FedoraHat_purple.png using Guid(9f3c7d2a91d869e4386f8f2c6f54ffb1) Importer(2089858483,192608db42251d675da83286b1cce702) (ScriptedImporter) -> (artifact id: '6272bf6494dfc9bf1a8bbab2479dc0df') in 0.0449591 seconds
Number of updated asset objects reloaded before import = 0Number of asset objects unloaded after import = 12

========================================================================
Received Import Request.
  Time since last request: 0.000024 seconds.
  path: Assets/Minifantasy_NPCs_Assets/Generic_NPCs/Die/Head/Hats/Hood/Minifantasy_NPCsDie_Hat_Hood_blue.png
  artifactKey: Guid(3dee255607f420f4aacaaf2ec3f7707e) Importer(2089858483,192608db42251d675da83286b1cce702)
Start importing Assets/Minifantasy_NPCs_Assets/Generic_NPCs/Die/Head/Hats/Hood/Minifantasy_NPCsDie_Hat_Hood_blue.png using Guid(3dee255607f420f4aacaaf2ec3f7707e) Importer(2089858483,192608db42251d675da83286b1cce702) (ScriptedImporter) -> (artifact id: 'f08804f781f3f069b08d30775b7fcba0') in 0.0433789 seconds
Number of updated asset objects reloaded before import = 0Number of asset objects unloaded after import = 11

========================================================================
Received Import Request.
  Time since last request: 0.000042 seconds.
  path: Assets/Minifantasy_NPCs_Assets/Generic_NPCs/Die/Head/Hats/FedoraHat/Minifantasy_NPCsDie_Hat_FedoraHat_red.png
  artifactKey: Guid(447f9ee73dae19f4a8d8b840d2ddcd79) Importer(2089858483,192608db42251d675da83286b1cce702)
Start importing Assets/Minifantasy_NPCs_Assets/Generic_NPCs/Die/Head/Hats/FedoraHat/Minifantasy_NPCsDie_Hat_FedoraHat_red.png using Guid(447f9ee73dae19f4a8d8b840d2ddcd79) Importer(2089858483,192608db42251d675da83286b1cce702) (ScriptedImporter) -> (artifact id: '4d836196dfde545346029943d2390640') in 0.046548 seconds
Number of updated asset objects reloaded before import = 0Number of asset objects unloaded after import = 12

========================================================================
Received Import Request.
  Time since last request: 0.000023 seconds.
  path: Assets/Minifantasy_NPCs_Assets/Generic_NPCs/Die/Head/Hats/CowboyHat/Minifantasy_NPCsDie_Hat_CowboyHat_grey.png
  artifactKey: Guid(eb60355ca25cd5d46b44d00738e1e4a0) Importer(2089858483,192608db42251d675da83286b1cce702)
Start importing Assets/Minifantasy_NPCs_Assets/Generic_NPCs/Die/Head/Hats/CowboyHat/Minifantasy_NPCsDie_Hat_CowboyHat_grey.png using Guid(eb60355ca25cd5d46b44d00738e1e4a0) Importer(2089858483,192608db42251d675da83286b1cce702) (ScriptedImporter) -> (artifact id: '2b71624636dda92327715782343c0e95') in 0.0492408 seconds
Number of updated asset objects reloaded before import = 0Number of asset objects unloaded after import = 12

========================================================================
Received Import Request.
  Time since last request: 0.000020 seconds.
  path: Assets/Minifantasy_NPCs_Assets/Generic_NPCs/Die/Head/Hats/LongHat/Minifantasy_NPCsDie_Hat_LongHat_green.png
  artifactKey: Guid(c9806629fc54d3d4aad20d83de8ada3c) Importer(2089858483,192608db42251d675da83286b1cce702)
Start importing Assets/Minifantasy_NPCs_Assets/Generic_NPCs/Die/Head/Hats/LongHat/Minifantasy_NPCsDie_Hat_LongHat_green.png using Guid(c9806629fc54d3d4aad20d83de8ada3c) Importer(2089858483,192608db42251d675da83286b1cce702) (ScriptedImporter) -> (artifact id: 'e8c79f51b31c45b319ce717ae2a12b31') in 0.0429167 seconds
Number of updated asset objects reloaded before import = 0Number of asset objects unloaded after import = 12

========================================================================
Received Import Request.
  Time since last request: 0.000022 seconds.
  path: Assets/Minifantasy_NPCs_Assets/Generic_NPCs/Die/Head/Hats/CowboyHat/Minifantasy_NPCsDie_Hat_CowboyHat_blue.png
  artifactKey: Guid(19a85137849444c4c92f3dbce8bdea8f) Importer(2089858483,192608db42251d675da83286b1cce702)
Start importing Assets/Minifantasy_NPCs_Assets/Generic_NPCs/Die/Head/Hats/CowboyHat/Minifantasy_NPCsDie_Hat_CowboyHat_blue.png using Guid(19a85137849444c4c92f3dbce8bdea8f) Importer(2089858483,192608db42251d675da83286b1cce702) (ScriptedImporter) -> (artifact id: '88d07ec27839c6565b52a69a850e7cc7') in 0.0486918 seconds
Number of updated asset objects reloaded before import = 0Number of asset objects unloaded after import = 12

========================================================================
Received Import Request.
  Time since last request: 0.000033 seconds.
  path: Assets/Minifantasy_NPCs_Assets/Generic_NPCs/Die/Head/Hats/TrapperHat/Minifantasy_NPCsDie_Hat_TrapperHat_red.png
  artifactKey: Guid(fd929813cfb0f504e8ba3fbf8916d7b3) Importer(2089858483,192608db42251d675da83286b1cce702)
Start importing Assets/Minifantasy_NPCs_Assets/Generic_NPCs/Die/Head/Hats/TrapperHat/Minifantasy_NPCsDie_Hat_TrapperHat_red.png using Guid(fd929813cfb0f504e8ba3fbf8916d7b3) Importer(2089858483,192608db42251d675da83286b1cce702) (ScriptedImporter) -> (artifact id: '1afb0e3a22e1064fc05baf090b9e860b') in 0.0513066 seconds
Number of updated asset objects reloaded before import = 0Number of asset objects unloaded after import = 10

========================================================================
Received Import Request.
  Time since last request: 0.000062 seconds.
  path: Assets/Minifantasy_NPCs_Assets/Generic_NPCs/Die/Head/Hats/RangerHat/Minifantasy_NPCsDie_Hat_RangerHat_green.png
  artifactKey: Guid(3e027b469d955994bb025901196338d8) Importer(2089858483,192608db42251d675da83286b1cce702)
Start importing Assets/Minifantasy_NPCs_Assets/Generic_NPCs/Die/Head/Hats/RangerHat/Minifantasy_NPCsDie_Hat_RangerHat_green.png using Guid(3e027b469d955994bb025901196338d8) Importer(2089858483,192608db42251d675da83286b1cce702) (ScriptedImporter) -> (artifact id: 'ffec59de074a4c9bd26d27047f972fdc') in 0.057074 seconds
Number of updated asset objects reloaded before import = 0Number of asset objects unloaded after import = 8

========================================================================
Received Import Request.
  Time since last request: 0.000025 seconds.
  path: Assets/Minifantasy_NPCs_Assets/Generic_NPCs/Die/Head/Hats/TrapperHat/Minifantasy_NPCsDie_Hat_TrapperHat_black.png
  artifactKey: Guid(d07cfbc11c737704d9f759370171a8ea) Importer(2089858483,192608db42251d675da83286b1cce702)
Start importing Assets/Minifantasy_NPCs_Assets/Generic_NPCs/Die/Head/Hats/TrapperHat/Minifantasy_NPCsDie_Hat_TrapperHat_black.png using Guid(d07cfbc11c737704d9f759370171a8ea) Importer(2089858483,192608db42251d675da83286b1cce702) (ScriptedImporter) -> (artifact id: 'f43ea76cdfa98bede961375131853d13') in 0.0637635 seconds
Number of updated asset objects reloaded before import = 0Number of asset objects unloaded after import = 10

========================================================================
Received Import Request.
  Time since last request: 0.000029 seconds.
  path: Assets/Minifantasy_NPCs_Assets/Generic_NPCs/Die/Head/Hats/PompomBeanie/Minifantasy_NPCsDie_Hat_PomPomBeanie_purple.png
  artifactKey: Guid(cf10a889e01d91f4c8b529a9108b1b58) Importer(2089858483,192608db42251d675da83286b1cce702)
Start importing Assets/Minifantasy_NPCs_Assets/Generic_NPCs/Die/Head/Hats/PompomBeanie/Minifantasy_NPCsDie_Hat_PomPomBeanie_purple.png using Guid(cf10a889e01d91f4c8b529a9108b1b58) Importer(2089858483,192608db42251d675da83286b1cce702) (ScriptedImporter) -> (artifact id: '52caacacdf1ca09ff4c3d29dc812544a') in 0.0592174 seconds
Number of updated asset objects reloaded before import = 0Number of asset objects unloaded after import = 10

========================================================================
Received Import Request.
  Time since last request: 0.000024 seconds.
  path: Assets/Minifantasy_NPCs_Assets/Generic_NPCs/Die/Head/Hats/PompomBeanie/Minifantasy_NPCsDie_Hat_PomPomBeanie_red.png
  artifactKey: Guid(3e84dfbccfba64e4998f3c7605fa8278) Importer(2089858483,192608db42251d675da83286b1cce702)
Start importing Assets/Minifantasy_NPCs_Assets/Generic_NPCs/Die/Head/Hats/PompomBeanie/Minifantasy_NPCsDie_Hat_PomPomBeanie_red.png using Guid(3e84dfbccfba64e4998f3c7605fa8278) Importer(2089858483,192608db42251d675da83286b1cce702) (ScriptedImporter) -> (artifact id: 'e4f33844cd5d9571c101ad5204f1a1cb') in 0.0458965 seconds
Number of updated asset objects reloaded before import = 0Number of asset objects unloaded after import = 10

========================================================================
Received Import Request.
  Time since last request: 0.000042 seconds.
  path: Assets/Minifantasy_NPCs_Assets/Generic_NPCs/Die/Head/Hats/RangerHat/Minifantasy_NPCsDie_Hat_RangerHat_white.png
  artifactKey: Guid(27f8e30a0ac92c045abe583252bedd2a) Importer(2089858483,192608db42251d675da83286b1cce702)
Start importing Assets/Minifantasy_NPCs_Assets/Generic_NPCs/Die/Head/Hats/RangerHat/Minifantasy_NPCsDie_Hat_RangerHat_white.png using Guid(27f8e30a0ac92c045abe583252bedd2a) Importer(2089858483,192608db42251d675da83286b1cce702) (ScriptedImporter) -> (artifact id: 'a48d31548d360c88f69f440b2a4f62bf') in 0.0364239 seconds
Number of updated asset objects reloaded before import = 0Number of asset objects unloaded after import = 8

========================================================================
Received Import Request.
  Time since last request: 0.000028 seconds.
  path: Assets/Minifantasy_NPCs_Assets/Generic_NPCs/Die/Head/Hats/PompomBeanie/Minifantasy_NPCsDie_Hat_PomPomBeanie_turquoise.png
  artifactKey: Guid(b43abc7078ce06749a7716a238298f92) Importer(2089858483,192608db42251d675da83286b1cce702)
Start importing Assets/Minifantasy_NPCs_Assets/Generic_NPCs/Die/Head/Hats/PompomBeanie/Minifantasy_NPCsDie_Hat_PomPomBeanie_turquoise.png using Guid(b43abc7078ce06749a7716a238298f92) Importer(2089858483,192608db42251d675da83286b1cce702) (ScriptedImporter) -> (artifact id: '93b8c7bb185ff29ca69d9db85c0248a7') in 0.0370716 seconds
Number of updated asset objects reloaded before import = 0Number of asset objects unloaded after import = 10

========================================================================
Received Import Request.
  Time since last request: 0.000034 seconds.
  path: Assets/Minifantasy_NPCs_Assets/Generic_NPCs/Die/Head/Hats/TrapperHat/Minifantasy_NPCsDie_Hat_TrapperHat_purple.png
  artifactKey: Guid(3ff8e7dae19868648a477f8ce9be228c) Importer(2089858483,192608db42251d675da83286b1cce702)
Start importing Assets/Minifantasy_NPCs_Assets/Generic_NPCs/Die/Head/Hats/TrapperHat/Minifantasy_NPCsDie_Hat_TrapperHat_purple.png using Guid(3ff8e7dae19868648a477f8ce9be228c) Importer(2089858483,192608db42251d675da83286b1cce702) (ScriptedImporter) -> (artifact id: '5b8aa1b661d5719da5910d626bf06dfd') in 0.0372957 seconds
Number of updated asset objects reloaded before import = 0Number of asset objects unloaded after import = 10

========================================================================
Received Import Request.
  Time since last request: 0.000030 seconds.
  path: Assets/Minifantasy_NPCs_Assets/Generic_NPCs/Die/Head/Hats/LongHat/Minifantasy_NPCsDie_Hat_LongHat_brownleather.png
  artifactKey: Guid(9e3f1be524311e3429a2b60040311c61) Importer(2089858483,192608db42251d675da83286b1cce702)
Start importing Assets/Minifantasy_NPCs_Assets/Generic_NPCs/Die/Head/Hats/LongHat/Minifantasy_NPCsDie_Hat_LongHat_brownleather.png using Guid(9e3f1be524311e3429a2b60040311c61) Importer(2089858483,192608db42251d675da83286b1cce702) (ScriptedImporter) -> (artifact id: 'ff75008d97b73a4f78f5faab8a955910') in 0.0619074 seconds
Number of updated asset objects reloaded before import = 0Number of asset objects unloaded after import = 12

========================================================================
Received Import Request.
  Time since last request: 0.000026 seconds.
  path: Assets/Minifantasy_NPCs_Assets/Generic_NPCs/Dmg/Head/Facial_Hair/Chin_Strap/Minifantasy_NPCsDmg_FacialHair_ChinStrap_red.png
  artifactKey: Guid(5aa0264d6ccf79848a7e86d6991803a0) Importer(2089858483,192608db42251d675da83286b1cce702)
Start importing Assets/Minifantasy_NPCs_Assets/Generic_NPCs/Dmg/Head/Facial_Hair/Chin_Strap/Minifantasy_NPCsDmg_FacialHair_ChinStrap_red.png using Guid(5aa0264d6ccf79848a7e86d6991803a0) Importer(2089858483,192608db42251d675da83286b1cce702) (ScriptedImporter) -> (artifact id: '5f91216640ae05f28042abd96e4a6323') in 0.0185329 seconds
Number of updated asset objects reloaded before import = 0Number of asset objects unloaded after import = 3

========================================================================
Received Import Request.
  Time since last request: 0.000088 seconds.
  path: Assets/Minifantasy_NPCs_Assets/Generic_NPCs/Dmg/Head/Facial_Hair/Chin_Curtain/Minifantasy_NPCsDmg_FacialHair_ChinCurtain_white.png
  artifactKey: Guid(90e59a7c712bc0c468b8ddf3343b976d) Importer(2089858483,192608db42251d675da83286b1cce702)
Start importing Assets/Minifantasy_NPCs_Assets/Generic_NPCs/Dmg/Head/Facial_Hair/Chin_Curtain/Minifantasy_NPCsDmg_FacialHair_ChinCurtain_white.png using Guid(90e59a7c712bc0c468b8ddf3343b976d) Importer(2089858483,192608db42251d675da83286b1cce702) (ScriptedImporter) -> (artifact id: 'cb4718d3bd176933737938ac96358bf2') in 0.0204274 seconds
Number of updated asset objects reloaded before import = 0Number of asset objects unloaded after import = 3

========================================================================
Received Import Request.
  Time since last request: 0.000035 seconds.
  path: Assets/Minifantasy_NPCs_Assets/Generic_NPCs/Dmg/Head/Facial_Hair/Chin_Curtain/Minifantasy_NPCsDmg_FacialHair_ChinCurtain_black.png
  artifactKey: Guid(675f33a23ac63fa47b1541cb64112fc9) Importer(2089858483,192608db42251d675da83286b1cce702)
Start importing Assets/Minifantasy_NPCs_Assets/Generic_NPCs/Dmg/Head/Facial_Hair/Chin_Curtain/Minifantasy_NPCsDmg_FacialHair_ChinCurtain_black.png using Guid(675f33a23ac63fa47b1541cb64112fc9) Importer(2089858483,192608db42251d675da83286b1cce702) (ScriptedImporter) -> (artifact id: '831d0b849cd0e958214f64483184cb46') in 0.023794 seconds
Number of updated asset objects reloaded before import = 0Number of asset objects unloaded after import = 3

========================================================================
Received Import Request.
  Time since last request: 0.000024 seconds.
  path: Assets/Minifantasy_NPCs_Assets/Generic_NPCs/Dmg/Head/Facial_Hair/Chin_Strap/Minifantasy_NPCsDmg_FacialHair_ChinStrap_pink.png
  artifactKey: Guid(5d881648ed18964469ac5d8c0f13d3b0) Importer(2089858483,192608db42251d675da83286b1cce702)
Start importing Assets/Minifantasy_NPCs_Assets/Generic_NPCs/Dmg/Head/Facial_Hair/Chin_Strap/Minifantasy_NPCsDmg_FacialHair_ChinStrap_pink.png using Guid(5d881648ed18964469ac5d8c0f13d3b0) Importer(2089858483,192608db42251d675da83286b1cce702) (ScriptedImporter) -> (artifact id: '6d11dd961565f12d41dbe13fa86c7937') in 0.0220728 seconds
Number of updated asset objects reloaded before import = 0Number of asset objects unloaded after import = 3

========================================================================
Received Import Request.
  Time since last request: 0.000022 seconds.
  path: Assets/Minifantasy_NPCs_Assets/Generic_NPCs/Dmg/Head/Facial_Hair/Goatee/Minifantasy_NPCsDmg_FacialHair_Goatee_red.png
  artifactKey: Guid(f53a2da9cc296e040a6380a16935b794) Importer(2089858483,192608db42251d675da83286b1cce702)
Start importing Assets/Minifantasy_NPCs_Assets/Generic_NPCs/Dmg/Head/Facial_Hair/Goatee/Minifantasy_NPCsDmg_FacialHair_Goatee_red.png using Guid(f53a2da9cc296e040a6380a16935b794) Importer(2089858483,192608db42251d675da83286b1cce702) (ScriptedImporter) -> (artifact id: 'c8d94b0cc0b70ddeac7018e3eaa6ec78') in 0.0228144 seconds
Number of updated asset objects reloaded before import = 0Number of asset objects unloaded after import = 3

========================================================================
Received Import Request.
  Time since last request: 0.000041 seconds.
  path: Assets/Minifantasy_NPCs_Assets/Generic_NPCs/Dmg/Head/Facial_Hair/Chin_Curtain/Minifantasy_NPCsDmg_FacialHair_ChinCurtain_blonde.png
  artifactKey: Guid(061cc5a7ca58d2543aa1b01157b500c5) Importer(2089858483,192608db42251d675da83286b1cce702)
Start importing Assets/Minifantasy_NPCs_Assets/Generic_NPCs/Dmg/Head/Facial_Hair/Chin_Curtain/Minifantasy_NPCsDmg_FacialHair_ChinCurtain_blonde.png using Guid(061cc5a7ca58d2543aa1b01157b500c5) Importer(2089858483,192608db42251d675da83286b1cce702) (ScriptedImporter) -> (artifact id: 'd88acb12806c42d34968b4b5792257f2') in 0.0208315 seconds
Number of updated asset objects reloaded before import = 0Number of asset objects unloaded after import = 3

========================================================================
Received Import Request.
  Time since last request: 0.000023 seconds.
  path: Assets/Minifantasy_NPCs_Assets/Generic_NPCs/Dmg/Head/Facial_Hair/Chin_Strap/Minifantasy_NPCsDmg_FacialHair_ChinStrap_green.png
  artifactKey: Guid(7af28b05d0c14a24fa73ebec71fe6519) Importer(2089858483,192608db42251d675da83286b1cce702)
Start importing Assets/Minifantasy_NPCs_Assets/Generic_NPCs/Dmg/Head/Facial_Hair/Chin_Strap/Minifantasy_NPCsDmg_FacialHair_ChinStrap_green.png using Guid(7af28b05d0c14a24fa73ebec71fe6519) Importer(2089858483,192608db42251d675da83286b1cce702) (ScriptedImporter) -> (artifact id: '19038ee90771cb17b023e61afcd89703') in 0.0362728 seconds
Number of updated asset objects reloaded before import = 0Number of asset objects unloaded after import = 3

========================================================================
Received Import Request.
  Time since last request: 0.000026 seconds.
  path: Assets/Minifantasy_NPCs_Assets/Generic_NPCs/Dmg/Head/Facial_Hair/Chin_Strap/Minifantasy_NPCsDmg_FacialHair_ChinStrap_blue.png
  artifactKey: Guid(9047c5fa83c8ead4192d8e984976d954) Importer(2089858483,192608db42251d675da83286b1cce702)
Start importing Assets/Minifantasy_NPCs_Assets/Generic_NPCs/Dmg/Head/Facial_Hair/Chin_Strap/Minifantasy_NPCsDmg_FacialHair_ChinStrap_blue.png using Guid(9047c5fa83c8ead4192d8e984976d954) Importer(2089858483,192608db42251d675da83286b1cce702) (ScriptedImporter) -> (artifact id: '26e25e2f76b7c31dc8a4a4866a9089d3') in 0.0221463 seconds
Number of updated asset objects reloaded before import = 0Number of asset objects unloaded after import = 3

========================================================================
Received Import Request.
  Time since last request: 0.000017 seconds.
  path: Assets/Minifantasy_NPCs_Assets/Generic_NPCs/Dmg/Head/Facial_Hair/Chin_Curtain/Minifantasy_NPCsDmg_FacialHair_ChinCurtain_red.png
  artifactKey: Guid(88fa8103e33e5074787445a62c8b3618) Importer(2089858483,192608db42251d675da83286b1cce702)
Start importing Assets/Minifantasy_NPCs_Assets/Generic_NPCs/Dmg/Head/Facial_Hair/Chin_Curtain/Minifantasy_NPCsDmg_FacialHair_ChinCurtain_red.png using Guid(88fa8103e33e5074787445a62c8b3618) Importer(2089858483,192608db42251d675da83286b1cce702) (ScriptedImporter) -> (artifact id: '1c2bdcb28d7ec2b43419e90a292c6219') in 0.0232131 seconds
Number of updated asset objects reloaded before import = 0Number of asset objects unloaded after import = 3

========================================================================
Received Import Request.
  Time since last request: 0.000032 seconds.
  path: Assets/Minifantasy_NPCs_Assets/Generic_NPCs/Dmg/Head/Facial_Hair/LongBeard/Minifantasy_NPCsDmg_FacialHair_LongBeard_black.png
  artifactKey: Guid(697f8213f334ec140b87108e95951da2) Importer(2089858483,192608db42251d675da83286b1cce702)
Start importing Assets/Minifantasy_NPCs_Assets/Generic_NPCs/Dmg/Head/Facial_Hair/LongBeard/Minifantasy_NPCsDmg_FacialHair_LongBeard_black.png using Guid(697f8213f334ec140b87108e95951da2) Importer(2089858483,192608db42251d675da83286b1cce702) (ScriptedImporter) -> (artifact id: '4001be53e4431476b40a1376ff1d7099') in 0.0164341 seconds
Number of updated asset objects reloaded before import = 0Number of asset objects unloaded after import = 3

========================================================================
Received Import Request.
  Time since last request: 0.000020 seconds.
  path: Assets/Minifantasy_NPCs_Assets/Generic_NPCs/Die/Head/Hats/CowboyHat/Minifantasy_NPCsDie_Hat_CowboyHat_orange.png
  artifactKey: Guid(cfac287a56997164780f186f25a0291e) Importer(2089858483,192608db42251d675da83286b1cce702)
Start importing Assets/Minifantasy_NPCs_Assets/Generic_NPCs/Die/Head/Hats/CowboyHat/Minifantasy_NPCsDie_Hat_CowboyHat_orange.png using Guid(cfac287a56997164780f186f25a0291e) Importer(2089858483,192608db42251d675da83286b1cce702) (ScriptedImporter) -> (artifact id: '7ca3aa70ae8d3017ca8912335970c8ef') in 0.0450812 seconds
Number of updated asset objects reloaded before import = 0Number of asset objects unloaded after import = 12

========================================================================
Received Import Request.
  Time since last request: 0.000038 seconds.
  path: Assets/Minifantasy_NPCs_Assets/Generic_NPCs/Die/Head/Facial_Hair/LongBeard/Minifantasy_NPCsDie_FacialHair_LongBeard_blonde.png
  artifactKey: Guid(2e2d842ba893e6043a91fd13859f6817) Importer(2089858483,192608db42251d675da83286b1cce702)
Start importing Assets/Minifantasy_NPCs_Assets/Generic_NPCs/Die/Head/Facial_Hair/LongBeard/Minifantasy_NPCsDie_FacialHair_LongBeard_blonde.png using Guid(2e2d842ba893e6043a91fd13859f6817) Importer(2089858483,192608db42251d675da83286b1cce702) (ScriptedImporter) -> (artifact id: 'a1c2ac73e5891404bf4865ffc75850ec') in 0.0182013 seconds
Number of updated asset objects reloaded before import = 0Number of asset objects unloaded after import = 3

========================================================================
Received Import Request.
  Time since last request: 0.000017 seconds.
  path: Assets/Minifantasy_NPCs_Assets/Generic_NPCs/Dmg/Head/Facial_Hair/Moustache/Minifantasy_NPCsDmg_FacialHair_Moustache_blonde.png
  artifactKey: Guid(e58ef12d33379a1488323ab339aef9e1) Importer(2089858483,192608db42251d675da83286b1cce702)
Start importing Assets/Minifantasy_NPCs_Assets/Generic_NPCs/Dmg/Head/Facial_Hair/Moustache/Minifantasy_NPCsDmg_FacialHair_Moustache_blonde.png using Guid(e58ef12d33379a1488323ab339aef9e1) Importer(2089858483,192608db42251d675da83286b1cce702) (ScriptedImporter) -> (artifact id: '568b930afaf41a7bcffd2a33d83edd14') in 0.0178854 seconds
Number of updated asset objects reloaded before import = 0Number of asset objects unloaded after import = 3

========================================================================
Received Import Request.
  Time since last request: 0.000027 seconds.
  path: Assets/Minifantasy_NPCs_Assets/Generic_NPCs/Dmg/Head/Hairstyles/Long/Minifantasy_NPCsDmg_HumanHair_Long_pink.png
  artifactKey: Guid(b70f66a8de2b9274bbb3bab427e86fd1) Importer(2089858483,192608db42251d675da83286b1cce702)
Start importing Assets/Minifantasy_NPCs_Assets/Generic_NPCs/Dmg/Head/Hairstyles/Long/Minifantasy_NPCsDmg_HumanHair_Long_pink.png using Guid(b70f66a8de2b9274bbb3bab427e86fd1) Importer(2089858483,192608db42251d675da83286b1cce702) (ScriptedImporter) -> (artifact id: 'fadb1dd995b67e52cc91d6219d0c7b39') in 0.0626908 seconds
Number of updated asset objects reloaded before import = 0Number of asset objects unloaded after import = 18

========================================================================
Received Import Request.
  Time since last request: 0.000027 seconds.
  path: Assets/Minifantasy_NPCs_Assets/Generic_NPCs/Dmg/Head/Hairstyles/Bubble/Minifantasy_NPCsDmg_HumanHair_Bubble_brown.png
  artifactKey: Guid(190a10916e92d944182573dca8a99bf9) Importer(2089858483,192608db42251d675da83286b1cce702)
Start importing Assets/Minifantasy_NPCs_Assets/Generic_NPCs/Dmg/Head/Hairstyles/Bubble/Minifantasy_NPCsDmg_HumanHair_Bubble_brown.png using Guid(190a10916e92d944182573dca8a99bf9) Importer(2089858483,192608db42251d675da83286b1cce702) (ScriptedImporter) -> (artifact id: 'd4400eb47fa2d6ab4cc101e81cb5202f') in 0.0578293 seconds
Number of updated asset objects reloaded before import = 0Number of asset objects unloaded after import = 18

========================================================================
Received Import Request.
  Time since last request: 0.000018 seconds.
  path: Assets/Minifantasy_NPCs_Assets/Generic_NPCs/Dmg/Head/Hairstyles/Bold/Minifantasy_NPCsDmg_HumanHair_Bold_blue.png
  artifactKey: Guid(210491abb020bcd49965a1186b5f74a2) Importer(2089858483,192608db42251d675da83286b1cce702)
Start importing Assets/Minifantasy_NPCs_Assets/Generic_NPCs/Dmg/Head/Hairstyles/Bold/Minifantasy_NPCsDmg_HumanHair_Bold_blue.png using Guid(210491abb020bcd49965a1186b5f74a2) Importer(2089858483,192608db42251d675da83286b1cce702) (ScriptedImporter) -> (artifact id: '9e0f273b3e268260f8fdeb6876b7edbc') in 0.0174152 seconds
Number of updated asset objects reloaded before import = 0Number of asset objects unloaded after import = 3

========================================================================
Received Import Request.
  Time since last request: 0.000022 seconds.
  path: Assets/Minifantasy_NPCs_Assets/Generic_NPCs/Dmg/Head/Facial_Hair/Moustache/Minifantasy_NPCsDmg_FacialHair_Moustache_pink.png
  artifactKey: Guid(d89c191fc40f4074bbea7c3641b07ac4) Importer(2089858483,192608db42251d675da83286b1cce702)
Start importing Assets/Minifantasy_NPCs_Assets/Generic_NPCs/Dmg/Head/Facial_Hair/Moustache/Minifantasy_NPCsDmg_FacialHair_Moustache_pink.png using Guid(d89c191fc40f4074bbea7c3641b07ac4) Importer(2089858483,192608db42251d675da83286b1cce702) (ScriptedImporter) -> (artifact id: '2f7e0b6b6b69b4278e6b03dcf7c96066') in 0.0191622 seconds
Number of updated asset objects reloaded before import = 0Number of asset objects unloaded after import = 3

========================================================================
Received Import Request.
  Time since last request: 0.000022 seconds.
  path: Assets/Minifantasy_NPCs_Assets/Generic_NPCs/Dmg/Head/Hairstyles/Bubble/Minifantasy_NPCsDmg_HumanHair_Bubble_turquoise.png
  artifactKey: Guid(99c65a2339beaff41906b1e80287b59a) Importer(2089858483,192608db42251d675da83286b1cce702)
Start importing Assets/Minifantasy_NPCs_Assets/Generic_NPCs/Dmg/Head/Hairstyles/Bubble/Minifantasy_NPCsDmg_HumanHair_Bubble_turquoise.png using Guid(99c65a2339beaff41906b1e80287b59a) Importer(2089858483,192608db42251d675da83286b1cce702) (ScriptedImporter) -> (artifact id: 'e085f6736a2b5240ed19d367dc101e29') in 0.0472123 seconds
Number of updated asset objects reloaded before import = 0Number of asset objects unloaded after import = 18

========================================================================
Received Import Request.
  Time since last request: 0.000038 seconds.
  path: Assets/Minifantasy_NPCs_Assets/Generic_NPCs/Dmg/Head/Facial_Hair/Moustache/Minifantasy_NPCsDmg_FacialHair_Moustache_turquoise.png
  artifactKey: Guid(a08c0d7eb9305394ea1cb6f4ddd008bb) Importer(2089858483,192608db42251d675da83286b1cce702)
Start importing Assets/Minifantasy_NPCs_Assets/Generic_NPCs/Dmg/Head/Facial_Hair/Moustache/Minifantasy_NPCsDmg_FacialHair_Moustache_turquoise.png using Guid(a08c0d7eb9305394ea1cb6f4ddd008bb) Importer(2089858483,192608db42251d675da83286b1cce702) (ScriptedImporter) -> (artifact id: 'd0ed257a10e28b55181ab74dcf35b84f') in 0.0235217 seconds
Number of updated asset objects reloaded before import = 0Number of asset objects unloaded after import = 3

========================================================================
Received Import Request.
  Time since last request: 0.000020 seconds.
  path: Assets/Minifantasy_NPCs_Assets/Generic_NPCs/Dmg/Head/Facial_Hair/Moustache/Minifantasy_NPCsDmg_FacialHair_Moustache_purple.png
  artifactKey: Guid(406b6a9d91a2bb644ae60ba75b8d6cb0) Importer(2089858483,192608db42251d675da83286b1cce702)
Start importing Assets/Minifantasy_NPCs_Assets/Generic_NPCs/Dmg/Head/Facial_Hair/Moustache/Minifantasy_NPCsDmg_FacialHair_Moustache_purple.png using Guid(406b6a9d91a2bb644ae60ba75b8d6cb0) Importer(2089858483,192608db42251d675da83286b1cce702) (ScriptedImporter) -> (artifact id: 'edcf9977d8c1739ea3d25b5a78e91739') in 0.0152582 seconds
Number of updated asset objects reloaded before import = 0Number of asset objects unloaded after import = 3

========================================================================
Received Import Request.
  Time since last request: 0.000018 seconds.
  path: Assets/Minifantasy_NPCs_Assets/Generic_NPCs/Dmg/Head/Hairstyles/Long/Minifantasy_NPCsDmg_HumanHair_Long_purple.png
  artifactKey: Guid(ceef990d8c932384b87615be38fa91c0) Importer(2089858483,192608db42251d675da83286b1cce702)
Start importing Assets/Minifantasy_NPCs_Assets/Generic_NPCs/Dmg/Head/Hairstyles/Long/Minifantasy_NPCsDmg_HumanHair_Long_purple.png using Guid(ceef990d8c932384b87615be38fa91c0) Importer(2089858483,192608db42251d675da83286b1cce702) (ScriptedImporter) -> (artifact id: 'cbaee9fa112bf413f29df88de1d72462') in 0.0622365 seconds
Number of updated asset objects reloaded before import = 0Number of asset objects unloaded after import = 18

========================================================================
Received Import Request.
  Time since last request: 0.000023 seconds.
  path: Assets/Minifantasy_NPCs_Assets/Generic_NPCs/Dmg/Head/Hairstyles/Long/Minifantasy_NPCsDmg_HumanHair_Long_red.png
  artifactKey: Guid(4212236b747f92a47bd3d88277a4f251) Importer(2089858483,192608db42251d675da83286b1cce702)
Start importing Assets/Minifantasy_NPCs_Assets/Generic_NPCs/Dmg/Head/Hairstyles/Long/Minifantasy_NPCsDmg_HumanHair_Long_red.png using Guid(4212236b747f92a47bd3d88277a4f251) Importer(2089858483,192608db42251d675da83286b1cce702) (ScriptedImporter) -> (artifact id: '1e8c0960822be86f01f5cf19df20c0fd') in 0.0582374 seconds
Number of updated asset objects reloaded before import = 0Number of asset objects unloaded after import = 18

========================================================================
Received Import Request.
  Time since last request: 0.000034 seconds.
  path: Assets/Minifantasy_NPCs_Assets/Generic_NPCs/Dmg/Head/Hairstyles/Long/Minifantasy_NPCsDmg_HumanHair_Long_white.png
  artifactKey: Guid(0c112cbfd2a5d6a40b36b96d8aac5ae9) Importer(2089858483,192608db42251d675da83286b1cce702)
Start importing Assets/Minifantasy_NPCs_Assets/Generic_NPCs/Dmg/Head/Hairstyles/Long/Minifantasy_NPCsDmg_HumanHair_Long_white.png using Guid(0c112cbfd2a5d6a40b36b96d8aac5ae9) Importer(2089858483,192608db42251d675da83286b1cce702) (ScriptedImporter) -> (artifact id: '2eecc855164e65420bf274c3e99e9aec') in 0.0494979 seconds
Number of updated asset objects reloaded before import = 0Number of asset objects unloaded after import = 18

========================================================================
Received Import Request.
  Time since last request: 0.000026 seconds.
  path: Assets/Minifantasy_NPCs_Assets/Generic_NPCs/Dmg/Head/Hairstyles/Toupee/Minifantasy_NPCsDmg_HumanHair_Toupee_pink.png
  artifactKey: Guid(12202283f14e37e4e821fc51086c8c08) Importer(2089858483,192608db42251d675da83286b1cce702)
Start importing Assets/Minifantasy_NPCs_Assets/Generic_NPCs/Dmg/Head/Hairstyles/Toupee/Minifantasy_NPCsDmg_HumanHair_Toupee_pink.png using Guid(12202283f14e37e4e821fc51086c8c08) Importer(2089858483,192608db42251d675da83286b1cce702) (ScriptedImporter) -> (artifact id: '10660e127c3fa8539167f78bae6b5bca') in 0.0839983 seconds
Number of updated asset objects reloaded before import = 0Number of asset objects unloaded after import = 18

========================================================================
Received Import Request.
  Time since last request: 0.000023 seconds.
  path: Assets/Minifantasy_NPCs_Assets/Generic_NPCs/Dmg/Head/Hairstyles/Mohawk/Minifantasy_NPCsDmg_HumanHair_Mohawk_blue.png
  artifactKey: Guid(f3d38afcfbb555d42b6ecc6e78e428cf) Importer(2089858483,192608db42251d675da83286b1cce702)
Start importing Assets/Minifantasy_NPCs_Assets/Generic_NPCs/Dmg/Head/Hairstyles/Mohawk/Minifantasy_NPCsDmg_HumanHair_Mohawk_blue.png using Guid(f3d38afcfbb555d42b6ecc6e78e428cf) Importer(2089858483,192608db42251d675da83286b1cce702) (ScriptedImporter) -> (artifact id: 'b4fa1bd281638f369b606ee52fc83388') in 0.0640309 seconds
Number of updated asset objects reloaded before import = 0Number of asset objects unloaded after import = 18

========================================================================
Received Import Request.
  Time since last request: 0.000040 seconds.
  path: Assets/Minifantasy_NPCs_Assets/Generic_NPCs/Dmg/Head/Hairstyles/Short/Minifantasy_NPCsDmg_HumanHair_Short _green.png
  artifactKey: Guid(f6336bc4568d6b94caf979064a457b39) Importer(2089858483,192608db42251d675da83286b1cce702)
Start importing Assets/Minifantasy_NPCs_Assets/Generic_NPCs/Dmg/Head/Hairstyles/Short/Minifantasy_NPCsDmg_HumanHair_Short _green.png using Guid(f6336bc4568d6b94caf979064a457b39) Importer(2089858483,192608db42251d675da83286b1cce702) (ScriptedImporter) -> (artifact id: '36ecb20588de9f54ae9674ae8a091e58') in 0.0498722 seconds
Number of updated asset objects reloaded before import = 0Number of asset objects unloaded after import = 18

========================================================================
Received Import Request.
  Time since last request: 0.000026 seconds.
  path: Assets/Minifantasy_NPCs_Assets/Generic_NPCs/Dmg/Head/Hairstyles/Short/Minifantasy_NPCsDmg_HumanHair_Short _turquoise.png
  artifactKey: Guid(85483a877799eff4cac12e89b307d14e) Importer(2089858483,192608db42251d675da83286b1cce702)
Start importing Assets/Minifantasy_NPCs_Assets/Generic_NPCs/Dmg/Head/Hairstyles/Short/Minifantasy_NPCsDmg_HumanHair_Short _turquoise.png using Guid(85483a877799eff4cac12e89b307d14e) Importer(2089858483,192608db42251d675da83286b1cce702) (ScriptedImporter) -> (artifact id: 'f77c88ce871cb2d8fad51be60cd9f0fe') in 0.0527848 seconds
Number of updated asset objects reloaded before import = 0Number of asset objects unloaded after import = 18

========================================================================
Received Import Request.
  Time since last request: 0.000021 seconds.
  path: Assets/Minifantasy_NPCs_Assets/Generic_NPCs/Dmg/Head/Hairstyles/Mane/Minifantasy_NPCsDmg_HumanHair_Mane_turquoise.png
  artifactKey: Guid(fa798b91a9679d44e9f9ad565b97798c) Importer(2089858483,192608db42251d675da83286b1cce702)
Start importing Assets/Minifantasy_NPCs_Assets/Generic_NPCs/Dmg/Head/Hairstyles/Mane/Minifantasy_NPCsDmg_HumanHair_Mane_turquoise.png using Guid(fa798b91a9679d44e9f9ad565b97798c) Importer(2089858483,192608db42251d675da83286b1cce702) (ScriptedImporter) -> (artifact id: 'a6bd68d93e4178e21f3f4d1cec5d9175') in 0.0662799 seconds
Number of updated asset objects reloaded before import = 0Number of asset objects unloaded after import = 18

========================================================================
Received Import Request.
  Time since last request: 0.000047 seconds.
  path: Assets/Minifantasy_NPCs_Assets/Generic_NPCs/Dmg/Head/Hairstyles/Toupee/Minifantasy_NPCsDmg_HumanHair_Toupee_blonde.png
  artifactKey: Guid(3abe63f648abc6843b22b6836acb50e9) Importer(2089858483,192608db42251d675da83286b1cce702)
Start importing Assets/Minifantasy_NPCs_Assets/Generic_NPCs/Dmg/Head/Hairstyles/Toupee/Minifantasy_NPCsDmg_HumanHair_Toupee_blonde.png using Guid(3abe63f648abc6843b22b6836acb50e9) Importer(2089858483,192608db42251d675da83286b1cce702) (ScriptedImporter) -> (artifact id: 'c8cc84f284ea29f29a5b4217b6eb89b0') in 0.0490592 seconds
Number of updated asset objects reloaded before import = 0Number of asset objects unloaded after import = 18

========================================================================
Received Import Request.
  Time since last request: 0.000034 seconds.
  path: Assets/Minifantasy_NPCs_Assets/Generic_NPCs/Dmg/Head/Hairstyles/Short/Minifantasy_NPCsDmg_HumanHair_Short _purple.png
  artifactKey: Guid(c7c20ca54647f8148b37f1fc6ee16846) Importer(2089858483,192608db42251d675da83286b1cce702)
Start importing Assets/Minifantasy_NPCs_Assets/Generic_NPCs/Dmg/Head/Hairstyles/Short/Minifantasy_NPCsDmg_HumanHair_Short _purple.png using Guid(c7c20ca54647f8148b37f1fc6ee16846) Importer(2089858483,192608db42251d675da83286b1cce702) (ScriptedImporter) -> (artifact id: 'f665eb29e0cbd7ce5e34aaee03493ee7') in 0.0666773 seconds
Number of updated asset objects reloaded before import = 0Number of asset objects unloaded after import = 18

========================================================================
Received Import Request.
  Time since last request: 0.000020 seconds.
  path: Assets/Minifantasy_NPCs_Assets/Generic_NPCs/Dmg/Head/Hairstyles/Short/Minifantasy_NPCsDmg_HumanHair_Short _blue.png
  artifactKey: Guid(75451045f135923419f130bac63cbf6f) Importer(2089858483,192608db42251d675da83286b1cce702)
Start importing Assets/Minifantasy_NPCs_Assets/Generic_NPCs/Dmg/Head/Hairstyles/Short/Minifantasy_NPCsDmg_HumanHair_Short _blue.png using Guid(75451045f135923419f130bac63cbf6f) Importer(2089858483,192608db42251d675da83286b1cce702) (ScriptedImporter) -> (artifact id: '38102a3cb61d6cd8bb9f3665c53c5063') in 0.0459343 seconds
Number of updated asset objects reloaded before import = 0Number of asset objects unloaded after import = 18

========================================================================
Received Import Request.
  Time since last request: 0.000022 seconds.
  path: Assets/Minifantasy_NPCs_Assets/Generic_NPCs/Dmg/Head/Hats/Bandana/Minifantasy_NPCsDmg_Hat_Bandana_red.png
  artifactKey: Guid(ac7e2fd73ac1c994e80460f234b3505f) Importer(2089858483,192608db42251d675da83286b1cce702)
Start importing Assets/Minifantasy_NPCs_Assets/Generic_NPCs/Dmg/Head/Hats/Bandana/Minifantasy_NPCsDmg_Hat_Bandana_red.png using Guid(ac7e2fd73ac1c994e80460f234b3505f) Importer(2089858483,192608db42251d675da83286b1cce702) (ScriptedImporter) -> (artifact id: 'ac1f4179551bc89f66f3cbda49316fa4') in 0.0229182 seconds
Number of updated asset objects reloaded before import = 0Number of asset objects unloaded after import = 3

========================================================================
Received Import Request.
  Time since last request: 0.000049 seconds.
  path: Assets/Minifantasy_NPCs_Assets/Generic_NPCs/Dmg/Head/Hats/Bandana/Minifantasy_NPCsDmg_Hat_Bandana_magenta.png
  artifactKey: Guid(30c8e65b45545dd46b2bf59cfe366e58) Importer(2089858483,192608db42251d675da83286b1cce702)
Start importing Assets/Minifantasy_NPCs_Assets/Generic_NPCs/Dmg/Head/Hats/Bandana/Minifantasy_NPCsDmg_Hat_Bandana_magenta.png using Guid(30c8e65b45545dd46b2bf59cfe366e58) Importer(2089858483,192608db42251d675da83286b1cce702) (ScriptedImporter) -> (artifact id: 'f1f00e0792c0aad807fc4a744089c16e') in 0.0275452 seconds
Number of updated asset objects reloaded before import = 0Number of asset objects unloaded after import = 3

========================================================================
Received Import Request.
  Time since last request: 0.000020 seconds.
  path: Assets/Minifantasy_NPCs_Assets/Generic_NPCs/Dmg/Head/Hats/Bandana/Minifantasy_NPCsDmg_Hat_Bandana_brownleather.png
  artifactKey: Guid(a69b5bf66c5ee0944b0957d1a57ecbc6) Importer(2089858483,192608db42251d675da83286b1cce702)
Start importing Assets/Minifantasy_NPCs_Assets/Generic_NPCs/Dmg/Head/Hats/Bandana/Minifantasy_NPCsDmg_Hat_Bandana_brownleather.png using Guid(a69b5bf66c5ee0944b0957d1a57ecbc6) Importer(2089858483,192608db42251d675da83286b1cce702) (ScriptedImporter) -> (artifact id: '1954c9b0b3a71f911c36adef3d6ba49c') in 0.0415642 seconds
Number of updated asset objects reloaded before import = 0Number of asset objects unloaded after import = 3

========================================================================
Received Import Request.
  Time since last request: 0.000023 seconds.
  path: Assets/Minifantasy_NPCs_Assets/Generic_NPCs/Dmg/Head/Hats/CowboyHat/Minifantasy_NPCsDmg_Hat_CowboyHat_blue.png
  artifactKey: Guid(1ed84f6ffc3924f4c99d8c8260b5c704) Importer(2089858483,192608db42251d675da83286b1cce702)
Start importing Assets/Minifantasy_NPCs_Assets/Generic_NPCs/Dmg/Head/Hats/CowboyHat/Minifantasy_NPCsDmg_Hat_CowboyHat_blue.png using Guid(1ed84f6ffc3924f4c99d8c8260b5c704) Importer(2089858483,192608db42251d675da83286b1cce702) (ScriptedImporter) -> (artifact id: 'bd3a053ca2f69fb78a50a97fe3a763da') in 0.0767902 seconds
Number of updated asset objects reloaded before import = 0Number of asset objects unloaded after import = 18

========================================================================
Received Import Request.
  Time since last request: 0.000025 seconds.
  path: Assets/Minifantasy_NPCs_Assets/Generic_NPCs/Dmg/Head/Hats/CowboyHat/Minifantasy_NPCsDmg_Hat_CowboyHat_green.png
  artifactKey: Guid(624900cae40d8fa4db3d266fc37552f7) Importer(2089858483,192608db42251d675da83286b1cce702)
Start importing Assets/Minifantasy_NPCs_Assets/Generic_NPCs/Dmg/Head/Hats/CowboyHat/Minifantasy_NPCsDmg_Hat_CowboyHat_green.png using Guid(624900cae40d8fa4db3d266fc37552f7) Importer(2089858483,192608db42251d675da83286b1cce702) (ScriptedImporter) -> (artifact id: 'cb18d7935fc27b8de041bdfb28c120fc') in 0.0843151 seconds
Number of updated asset objects reloaded before import = 0Number of asset objects unloaded after import = 18

========================================================================
Received Import Request.
  Time since last request: 0.000044 seconds.
  path: Assets/Minifantasy_NPCs_Assets/Generic_NPCs/Dmg/Head/Hats/Bandana/Minifantasy_NPCsDmg_Hat_Bandana_grey.png
  artifactKey: Guid(be9adef409211b847808df7cd25da4a9) Importer(2089858483,192608db42251d675da83286b1cce702)
Start importing Assets/Minifantasy_NPCs_Assets/Generic_NPCs/Dmg/Head/Hats/Bandana/Minifantasy_NPCsDmg_Hat_Bandana_grey.png using Guid(be9adef409211b847808df7cd25da4a9) Importer(2089858483,192608db42251d675da83286b1cce702) (ScriptedImporter) -> (artifact id: 'eb45687763c7c7a726394e65a6de349a') in 0.0296091 seconds
Number of updated asset objects reloaded before import = 0Number of asset objects unloaded after import = 3

========================================================================
Received Import Request.
  Time since last request: 0.000026 seconds.
  path: Assets/Minifantasy_NPCs_Assets/Generic_NPCs/Dmg/Head/Hairstyles/Toupee/Minifantasy_NPCsDmg_HumanHair_Toupee_turquoise.png
  artifactKey: Guid(a7717cc8ce91fca4c8a5e3876cc46a53) Importer(2089858483,192608db42251d675da83286b1cce702)
Start importing Assets/Minifantasy_NPCs_Assets/Generic_NPCs/Dmg/Head/Hairstyles/Toupee/Minifantasy_NPCsDmg_HumanHair_Toupee_turquoise.png using Guid(a7717cc8ce91fca4c8a5e3876cc46a53) Importer(2089858483,192608db42251d675da83286b1cce702) (ScriptedImporter) -> (artifact id: '1ae2b9491697db0e08b53d099f21aa45') in 0.0758486 seconds
Number of updated asset objects reloaded before import = 0Number of asset objects unloaded after import = 18

========================================================================
Received Import Request.
  Time since last request: 0.000025 seconds.
  path: Assets/Minifantasy_NPCs_Assets/Generic_NPCs/Die/Head/Hairstyles/Bubble/Minifantasy_NPCsDie_HumanHair_Bubble_blue.png
  artifactKey: Guid(f0c3bf4455d44d9418acc6666f988c17) Importer(2089858483,192608db42251d675da83286b1cce702)
Start importing Assets/Minifantasy_NPCs_Assets/Generic_NPCs/Die/Head/Hairstyles/Bubble/Minifantasy_NPCsDie_HumanHair_Bubble_blue.png using Guid(f0c3bf4455d44d9418acc6666f988c17) Importer(2089858483,192608db42251d675da83286b1cce702) (ScriptedImporter) -> (artifact id: 'f933364d3a23fc52697f358321ab7828') in 0.0640468 seconds
Number of updated asset objects reloaded before import = 0Number of asset objects unloaded after import = 11

========================================================================
Received Import Request.
  Time since last request: 0.000041 seconds.
  path: Assets/Minifantasy_NPCs_Assets/Generic_NPCs/Dmg/Head/Hats/Hood/Minifantasy_NPCsDmg_Hat_Hood_orange.png
  artifactKey: Guid(835346e82d933824a9294941e9146df6) Importer(2089858483,192608db42251d675da83286b1cce702)
Start importing Assets/Minifantasy_NPCs_Assets/Generic_NPCs/Dmg/Head/Hats/Hood/Minifantasy_NPCsDmg_Hat_Hood_orange.png using Guid(835346e82d933824a9294941e9146df6) Importer(2089858483,192608db42251d675da83286b1cce702) (ScriptedImporter) -> (artifact id: 'c0d4f318a134b9d42c2a5e19f858dc63') in 0.089274 seconds
Number of updated asset objects reloaded before import = 0Number of asset objects unloaded after import = 18

========================================================================
Received Import Request.
  Time since last request: 0.000023 seconds.
  path: Assets/Minifantasy_NPCs_Assets/Generic_NPCs/Dmg/Head/Hats/FedoraHat/Minifantasy_NPCsDmg_Hat_FedoraHat_blackleather.png
  artifactKey: Guid(13fecce1b95d56749876c8d75275248a) Importer(2089858483,192608db42251d675da83286b1cce702)
Start importing Assets/Minifantasy_NPCs_Assets/Generic_NPCs/Dmg/Head/Hats/FedoraHat/Minifantasy_NPCsDmg_Hat_FedoraHat_blackleather.png using Guid(13fecce1b95d56749876c8d75275248a) Importer(2089858483,192608db42251d675da83286b1cce702) (ScriptedImporter) -> (artifact id: '65f8f1e3a8c287fe3f17ff2e661d97d5') in 0.0722992 seconds
Number of updated asset objects reloaded before import = 0Number of asset objects unloaded after import = 18

========================================================================
Received Import Request.
  Time since last request: 0.000026 seconds.
  path: Assets/Minifantasy_NPCs_Assets/Generic_NPCs/Dmg/Head/Hats/Hood/Minifantasy_NPCsDmg_Hat_Hood_blackleather.png
  artifactKey: Guid(a41bb4f8f129f034f9ca2b027dfe6987) Importer(2089858483,192608db42251d675da83286b1cce702)
Start importing Assets/Minifantasy_NPCs_Assets/Generic_NPCs/Dmg/Head/Hats/Hood/Minifantasy_NPCsDmg_Hat_Hood_blackleather.png using Guid(a41bb4f8f129f034f9ca2b027dfe6987) Importer(2089858483,192608db42251d675da83286b1cce702) (ScriptedImporter) -> (artifact id: '1675d4130342f9ac03af1d8b615b0c3f') in 0.0615211 seconds
Number of updated asset objects reloaded before import = 0Number of asset objects unloaded after import = 18

========================================================================
Received Import Request.
  Time since last request: 0.000032 seconds.
  path: Assets/Minifantasy_NPCs_Assets/Generic_NPCs/Dmg/Head/Hats/FedoraHat/Minifantasy_NPCsDmg_Hat_FedoraHat_white.png
  artifactKey: Guid(bc86567f55e124f41a540a0995ba840e) Importer(2089858483,192608db42251d675da83286b1cce702)
Start importing Assets/Minifantasy_NPCs_Assets/Generic_NPCs/Dmg/Head/Hats/FedoraHat/Minifantasy_NPCsDmg_Hat_FedoraHat_white.png using Guid(bc86567f55e124f41a540a0995ba840e) Importer(2089858483,192608db42251d675da83286b1cce702) (ScriptedImporter) -> (artifact id: '2f5172157c9c3d71ba3e9fe92e489211') in 0.0571942 seconds
Number of updated asset objects reloaded before import = 0Number of asset objects unloaded after import = 18

========================================================================
Received Import Request.
  Time since last request: 0.000017 seconds.
  path: Assets/Minifantasy_NPCs_Assets/Generic_NPCs/Dmg/Head/Hats/FedoraHat/Minifantasy_NPCsDmg_Hat_FedoraHat_black.png
  artifactKey: Guid(8739f2c6ceca41647b495f2144f4b5a1) Importer(2089858483,192608db42251d675da83286b1cce702)
Start importing Assets/Minifantasy_NPCs_Assets/Generic_NPCs/Dmg/Head/Hats/FedoraHat/Minifantasy_NPCsDmg_Hat_FedoraHat_black.png using Guid(8739f2c6ceca41647b495f2144f4b5a1) Importer(2089858483,192608db42251d675da83286b1cce702) (ScriptedImporter) -> (artifact id: '70456332fa0be9701e3784cb41f5f918') in 0.0539049 seconds
Number of updated asset objects reloaded before import = 0Number of asset objects unloaded after import = 18

========================================================================
Received Import Request.
  Time since last request: 0.000023 seconds.
  path: Assets/Minifantasy_NPCs_Assets/Generic_NPCs/Dmg/Head/Hats/PompomBeanie/Minifantasy_NPCsDmg_Hat_PomPomBeanie_blackleather.png
  artifactKey: Guid(6424e3a462dcdbf479a5d70e77f14216) Importer(2089858483,192608db42251d675da83286b1cce702)
Start importing Assets/Minifantasy_NPCs_Assets/Generic_NPCs/Dmg/Head/Hats/PompomBeanie/Minifantasy_NPCsDmg_Hat_PomPomBeanie_blackleather.png using Guid(6424e3a462dcdbf479a5d70e77f14216) Importer(2089858483,192608db42251d675da83286b1cce702) (ScriptedImporter) -> (artifact id: 'b99332510addc3aa27ced1876a7883be') in 0.0777252 seconds
Number of updated asset objects reloaded before import = 0Number of asset objects unloaded after import = 18

========================================================================
Received Import Request.
  Time since last request: 0.000025 seconds.
  path: Assets/Minifantasy_NPCs_Assets/Generic_NPCs/Dmg/Head/Hats/LongHat/Minifantasy_NPCsDmg_Hat_LongHat_blue.png
  artifactKey: Guid(dac4d1390f5dfba4f9b7ffb627aed9ff) Importer(2089858483,192608db42251d675da83286b1cce702)
Start importing Assets/Minifantasy_NPCs_Assets/Generic_NPCs/Dmg/Head/Hats/LongHat/Minifantasy_NPCsDmg_Hat_LongHat_blue.png using Guid(dac4d1390f5dfba4f9b7ffb627aed9ff) Importer(2089858483,192608db42251d675da83286b1cce702) (ScriptedImporter) -> (artifact id: '41d78114953ac76cd8d95c7c0d4c2990') in 0.0583736 seconds
Number of updated asset objects reloaded before import = 0Number of asset objects unloaded after import = 18

========================================================================
Received Import Request.
  Time since last request: 0.000044 seconds.
  path: Assets/Minifantasy_NPCs_Assets/Generic_NPCs/Dmg/Head/Hats/LongHat/Minifantasy_NPCsDmg_Hat_LongHat_blackleather.png
  artifactKey: Guid(795e43ef3ea82bb4ea40cee400ff655e) Importer(2089858483,192608db42251d675da83286b1cce702)
Start importing Assets/Minifantasy_NPCs_Assets/Generic_NPCs/Dmg/Head/Hats/LongHat/Minifantasy_NPCsDmg_Hat_LongHat_blackleather.png using Guid(795e43ef3ea82bb4ea40cee400ff655e) Importer(2089858483,192608db42251d675da83286b1cce702) (ScriptedImporter) -> (artifact id: '7559a4142d94e34b4279aa9720d846cf') in 0.0428061 seconds
Number of updated asset objects reloaded before import = 0Number of asset objects unloaded after import = 18

========================================================================
Received Import Request.
  Time since last request: 0.000015 seconds.
  path: Assets/Minifantasy_NPCs_Assets/Generic_NPCs/Dmg/Head/Hats/PompomBeanie/Minifantasy_NPCsDmg_Hat_PomPomBeanie_green.png
  artifactKey: Guid(08402421bb2970d4f85f24158a0d53ad) Importer(2089858483,192608db42251d675da83286b1cce702)
Start importing Assets/Minifantasy_NPCs_Assets/Generic_NPCs/Dmg/Head/Hats/PompomBeanie/Minifantasy_NPCsDmg_Hat_PomPomBeanie_green.png using Guid(08402421bb2970d4f85f24158a0d53ad) Importer(2089858483,192608db42251d675da83286b1cce702) (ScriptedImporter) -> (artifact id: 'e44aa48eb7e1ed64f235014e628ceb57') in 0.0443747 seconds
Number of updated asset objects reloaded before import = 0Number of asset objects unloaded after import = 18

========================================================================
Received Import Request.
  Time since last request: 0.000021 seconds.
  path: Assets/Minifantasy_NPCs_Assets/Generic_NPCs/Dmg/Head/Hats/LongHat/Minifantasy_NPCsDmg_Hat_LongHat_red.png
  artifactKey: Guid(27c52d53f89f0724685181043a8a6ab0) Importer(2089858483,192608db42251d675da83286b1cce702)
Start importing Assets/Minifantasy_NPCs_Assets/Generic_NPCs/Dmg/Head/Hats/LongHat/Minifantasy_NPCsDmg_Hat_LongHat_red.png using Guid(27c52d53f89f0724685181043a8a6ab0) Importer(2089858483,192608db42251d675da83286b1cce702) (ScriptedImporter) -> (artifact id: '3fcd622e0e1cc35f622e439772038d1c') in 0.0597029 seconds
Number of updated asset objects reloaded before import = 0Number of asset objects unloaded after import = 18

========================================================================
Received Import Request.
  Time since last request: 0.000026 seconds.
  path: Assets/Minifantasy_NPCs_Assets/Generic_NPCs/Dmg/Head/Hats/Hood/Minifantasy_NPCsDmg_Hat_Hood_white.png
  artifactKey: Guid(f8a30362ca024634e866428d31dda277) Importer(2089858483,192608db42251d675da83286b1cce702)
Start importing Assets/Minifantasy_NPCs_Assets/Generic_NPCs/Dmg/Head/Hats/Hood/Minifantasy_NPCsDmg_Hat_Hood_white.png using Guid(f8a30362ca024634e866428d31dda277) Importer(2089858483,192608db42251d675da83286b1cce702) (ScriptedImporter) -> (artifact id: '67d1852f2d5fb039e64dc3d104b6e9d0') in 0.0526076 seconds
Number of updated asset objects reloaded before import = 0Number of asset objects unloaded after import = 18

========================================================================
Received Import Request.
  Time since last request: 0.000030 seconds.
  path: Assets/Minifantasy_NPCs_Assets/Generic_NPCs/Dmg/Head/Facial_Hair/Moustache/Minifantasy_NPCsDmg_FacialHair_Moustache_black.png
  artifactKey: Guid(f67b6c2cc170b844ba7ce038c032bf1b) Importer(2089858483,192608db42251d675da83286b1cce702)
Start importing Assets/Minifantasy_NPCs_Assets/Generic_NPCs/Dmg/Head/Facial_Hair/Moustache/Minifantasy_NPCsDmg_FacialHair_Moustache_black.png using Guid(f67b6c2cc170b844ba7ce038c032bf1b) Importer(2089858483,192608db42251d675da83286b1cce702) (ScriptedImporter) -> (artifact id: '2ac7545276e338984025bd684acef9f4') in 0.0200577 seconds
Number of updated asset objects reloaded before import = 0Number of asset objects unloaded after import = 3

========================================================================
Received Import Request.
  Time since last request: 0.000017 seconds.
  path: Assets/Minifantasy_NPCs_Assets/Generic_NPCs/Dmg/Head/Hairstyles/Mohawk/Minifantasy_NPCsDmg_HumanHair_Mohawk_red.png
  artifactKey: Guid(f92d22bb2917cfc48bd5252be53d5969) Importer(2089858483,192608db42251d675da83286b1cce702)
Start importing Assets/Minifantasy_NPCs_Assets/Generic_NPCs/Dmg/Head/Hairstyles/Mohawk/Minifantasy_NPCsDmg_HumanHair_Mohawk_red.png using Guid(f92d22bb2917cfc48bd5252be53d5969) Importer(2089858483,192608db42251d675da83286b1cce702) (ScriptedImporter) -> (artifact id: '707e3e5c4003a1d8be35a90e440780ab') in 0.0698387 seconds
Number of updated asset objects reloaded before import = 0Number of asset objects unloaded after import = 18

========================================================================
Received Import Request.
  Time since last request: 0.000022 seconds.
  path: Assets/Minifantasy_NPCs_Assets/Generic_NPCs/Dmg/Head/Hats/RangerHat/Minifantasy_NPCsDmg_Hat_RangerHat_black.png
  artifactKey: Guid(625b1cfc99fecb04095c79bffc8ed93c) Importer(2089858483,192608db42251d675da83286b1cce702)
Start importing Assets/Minifantasy_NPCs_Assets/Generic_NPCs/Dmg/Head/Hats/RangerHat/Minifantasy_NPCsDmg_Hat_RangerHat_black.png using Guid(625b1cfc99fecb04095c79bffc8ed93c) Importer(2089858483,192608db42251d675da83286b1cce702) (ScriptedImporter) -> (artifact id: '483a3c910ec77674b5073a2bea3d3cfe') in 0.048836 seconds
Number of updated asset objects reloaded before import = 0Number of asset objects unloaded after import = 18

========================================================================
Received Import Request.
  Time since last request: 0.000065 seconds.
  path: Assets/Minifantasy_NPCs_Assets/Generic_NPCs/Dmg/Head/Hats/TrapperHat/Minifantasy_NPCsDmg_Hat_TrapperHat_black.png
  artifactKey: Guid(d45f0c679833dbf48acbcda804a62858) Importer(2089858483,192608db42251d675da83286b1cce702)
Start importing Assets/Minifantasy_NPCs_Assets/Generic_NPCs/Dmg/Head/Hats/TrapperHat/Minifantasy_NPCsDmg_Hat_TrapperHat_black.png using Guid(d45f0c679833dbf48acbcda804a62858) Importer(2089858483,192608db42251d675da83286b1cce702) (ScriptedImporter) -> (artifact id: '78fb28ff881c6f008094440793c5f467') in 0.0588223 seconds
Number of updated asset objects reloaded before import = 0Number of asset objects unloaded after import = 18

========================================================================
Received Import Request.
  Time since last request: 0.000031 seconds.
  path: Assets/Minifantasy_NPCs_Assets/Generic_NPCs/Dmg/Head/Hats/PompomBeanie/Minifantasy_NPCsDmg_Hat_PomPomBeanie_whiteleather.png
  artifactKey: Guid(131513d36e4c25f44901cb3b1377896c) Importer(2089858483,192608db42251d675da83286b1cce702)
Start importing Assets/Minifantasy_NPCs_Assets/Generic_NPCs/Dmg/Head/Hats/PompomBeanie/Minifantasy_NPCsDmg_Hat_PomPomBeanie_whiteleather.png using Guid(131513d36e4c25f44901cb3b1377896c) Importer(2089858483,192608db42251d675da83286b1cce702) (ScriptedImporter) -> (artifact id: 'ba7651a940a4bb57d80df5f86015c4a6') in 0.0470174 seconds
Number of updated asset objects reloaded before import = 0Number of asset objects unloaded after import = 18

========================================================================
Received Import Request.
  Time since last request: 0.000029 seconds.
  path: Assets/Minifantasy_NPCs_Assets/Generic_NPCs/Dmg/Head/Hats/RangerHat/Minifantasy_NPCsDmg_Hat_RangerHat_blackleather.png
  artifactKey: Guid(fcfdfadea21ab87448ceaabfaff17bd6) Importer(2089858483,192608db42251d675da83286b1cce702)
Start importing Assets/Minifantasy_NPCs_Assets/Generic_NPCs/Dmg/Head/Hats/RangerHat/Minifantasy_NPCsDmg_Hat_RangerHat_blackleather.png using Guid(fcfdfadea21ab87448ceaabfaff17bd6) Importer(2089858483,192608db42251d675da83286b1cce702) (ScriptedImporter) -> (artifact id: '465202efca244244d573e96521c7ca94') in 0.0499782 seconds
Number of updated asset objects reloaded before import = 0Number of asset objects unloaded after import = 18

========================================================================
Received Import Request.
  Time since last request: 0.000019 seconds.
  path: Assets/Minifantasy_NPCs_Assets/Generic_NPCs/Dmg/Head/Hats/TrapperHat/Minifantasy_NPCsDmg_Hat_TrapperHat_grey.png
  artifactKey: Guid(4d0d14cef238681488f6125dd0b8aa37) Importer(2089858483,192608db42251d675da83286b1cce702)
Start importing Assets/Minifantasy_NPCs_Assets/Generic_NPCs/Dmg/Head/Hats/TrapperHat/Minifantasy_NPCsDmg_Hat_TrapperHat_grey.png using Guid(4d0d14cef238681488f6125dd0b8aa37) Importer(2089858483,192608db42251d675da83286b1cce702) (ScriptedImporter) -> (artifact id: '9eefbf6d6944fcb7a47a8488febb4f4d') in 0.0496283 seconds
Number of updated asset objects reloaded before import = 0Number of asset objects unloaded after import = 18

========================================================================
Received Import Request.
  Time since last request: 0.000028 seconds.
  path: Assets/Minifantasy_NPCs_Assets/Generic_NPCs/Dmg/Head/Hats/RangerHat/Minifantasy_NPCsDmg_Hat_RangerHat_grey.png
  artifactKey: Guid(4c0b9cdae41c54b4c9299e28ea0973e0) Importer(2089858483,192608db42251d675da83286b1cce702)
Start importing Assets/Minifantasy_NPCs_Assets/Generic_NPCs/Dmg/Head/Hats/RangerHat/Minifantasy_NPCsDmg_Hat_RangerHat_grey.png using Guid(4c0b9cdae41c54b4c9299e28ea0973e0) Importer(2089858483,192608db42251d675da83286b1cce702) (ScriptedImporter) -> (artifact id: 'b0d43738cefa89d4cc3f4cd4796af334') in 0.051138 seconds
Number of updated asset objects reloaded before import = 0Number of asset objects unloaded after import = 18

========================================================================
Received Import Request.
  Time since last request: 0.000033 seconds.
  path: Assets/Minifantasy_NPCs_Assets/Generic_NPCs/Dmg/Head/Hats/PompomBeanie/Minifantasy_NPCsDmg_Hat_PomPomBeanie_yellow.png
  artifactKey: Guid(029b293676a9d884e88d742127533fd0) Importer(2089858483,192608db42251d675da83286b1cce702)
Start importing Assets/Minifantasy_NPCs_Assets/Generic_NPCs/Dmg/Head/Hats/PompomBeanie/Minifantasy_NPCsDmg_Hat_PomPomBeanie_yellow.png using Guid(029b293676a9d884e88d742127533fd0) Importer(2089858483,192608db42251d675da83286b1cce702) (ScriptedImporter) -> (artifact id: 'f98117ab58ef48e2fafbd91d7dc0093c') in 0.0553137 seconds
Number of updated asset objects reloaded before import = 0Number of asset objects unloaded after import = 18

========================================================================
Received Import Request.
  Time since last request: 0.000016 seconds.
  path: Assets/Minifantasy_NPCs_Assets/Generic_NPCs/Idle/Head/Facial_Hair/Chin_Curtain/Minifantasy_NPCsIdle_FacialHair_ChinCurtain_pink.png
  artifactKey: Guid(8577710b1965d2540971bb8aee5bdf87) Importer(2089858483,192608db42251d675da83286b1cce702)
Start importing Assets/Minifantasy_NPCs_Assets/Generic_NPCs/Idle/Head/Facial_Hair/Chin_Curtain/Minifantasy_NPCsIdle_FacialHair_ChinCurtain_pink.png using Guid(8577710b1965d2540971bb8aee5bdf87) Importer(2089858483,192608db42251d675da83286b1cce702) (ScriptedImporter) -> (artifact id: '4c4e39979fd52d71b69f6ae1b8abfad0') in 0.0179547 seconds
Number of updated asset objects reloaded before import = 0Number of asset objects unloaded after import = 3

========================================================================
Received Import Request.
  Time since last request: 0.000018 seconds.
  path: Assets/Minifantasy_NPCs_Assets/Generic_NPCs/Idle/Head/Facial_Hair/Chin_Curtain/Minifantasy_NPCsIdle_FacialHair_ChinCurtain_purple.png
  artifactKey: Guid(80bfd082d8b3be1489061c511757913d) Importer(2089858483,192608db42251d675da83286b1cce702)
Start importing Assets/Minifantasy_NPCs_Assets/Generic_NPCs/Idle/Head/Facial_Hair/Chin_Curtain/Minifantasy_NPCsIdle_FacialHair_ChinCurtain_purple.png using Guid(80bfd082d8b3be1489061c511757913d) Importer(2089858483,192608db42251d675da83286b1cce702) (ScriptedImporter) -> (artifact id: '76bba4dde4b295715dd0a890c8684637') in 0.0220341 seconds
Number of updated asset objects reloaded before import = 0Number of asset objects unloaded after import = 3

========================================================================
Received Import Request.
  Time since last request: 0.000021 seconds.
  path: Assets/Minifantasy_NPCs_Assets/Generic_NPCs/Idle/Head/Facial_Hair/Chin_Curtain/Minifantasy_NPCsIdle_FacialHair_ChinCurtain_blue.png
  artifactKey: Guid(b135d57862c794f4096a905e4d8a2556) Importer(2089858483,192608db42251d675da83286b1cce702)
Start importing Assets/Minifantasy_NPCs_Assets/Generic_NPCs/Idle/Head/Facial_Hair/Chin_Curtain/Minifantasy_NPCsIdle_FacialHair_ChinCurtain_blue.png using Guid(b135d57862c794f4096a905e4d8a2556) Importer(2089858483,192608db42251d675da83286b1cce702) (ScriptedImporter) -> (artifact id: '9d3e5f12eafabbe21505d8777af949ff') in 0.0184607 seconds
Number of updated asset objects reloaded before import = 0Number of asset objects unloaded after import = 3

========================================================================
Received Import Request.
  Time since last request: 0.000027 seconds.
  path: Assets/Minifantasy_NPCs_Assets/Generic_NPCs/Idle/Head/Facial_Hair/Chin_Strap/Minifantasy_NPCsIdle_FacialHair_ChinStrap_green.png
  artifactKey: Guid(387ea80afea279144ae68204dee15336) Importer(2089858483,192608db42251d675da83286b1cce702)
Start importing Assets/Minifantasy_NPCs_Assets/Generic_NPCs/Idle/Head/Facial_Hair/Chin_Strap/Minifantasy_NPCsIdle_FacialHair_ChinStrap_green.png using Guid(387ea80afea279144ae68204dee15336) Importer(2089858483,192608db42251d675da83286b1cce702) (ScriptedImporter) -> (artifact id: '11fbc7f601c5e56cecf7f4d6cda7d6f1') in 0.0170625 seconds
Number of updated asset objects reloaded before import = 0Number of asset objects unloaded after import = 3

========================================================================
Received Import Request.
  Time since last request: 0.000025 seconds.
  path: Assets/Minifantasy_NPCs_Assets/Generic_NPCs/Idle/Head/Facial_Hair/Chin_Strap/Minifantasy_NPCsIdle_FacialHair_ChinStrap_red.png
  artifactKey: Guid(65332e25b4eda634f992278837f19df0) Importer(2089858483,192608db42251d675da83286b1cce702)
Start importing Assets/Minifantasy_NPCs_Assets/Generic_NPCs/Idle/Head/Facial_Hair/Chin_Strap/Minifantasy_NPCsIdle_FacialHair_ChinStrap_red.png using Guid(65332e25b4eda634f992278837f19df0) Importer(2089858483,192608db42251d675da83286b1cce702) (ScriptedImporter) -> (artifact id: 'a77b53f1f2f632db57c56f082196d0ad') in 0.0241733 seconds
Number of updated asset objects reloaded before import = 0Number of asset objects unloaded after import = 3

========================================================================
Received Import Request.
  Time since last request: 0.000040 seconds.
  path: Assets/Minifantasy_NPCs_Assets/Generic_NPCs/Idle/Head/Facial_Hair/Chin_Curtain/Minifantasy_NPCsIdle_FacialHair_ChinCurtain_green.png
  artifactKey: Guid(f247254d7618814468cc908fd4a7176a) Importer(2089858483,192608db42251d675da83286b1cce702)
Start importing Assets/Minifantasy_NPCs_Assets/Generic_NPCs/Idle/Head/Facial_Hair/Chin_Curtain/Minifantasy_NPCsIdle_FacialHair_ChinCurtain_green.png using Guid(f247254d7618814468cc908fd4a7176a) Importer(2089858483,192608db42251d675da83286b1cce702) (ScriptedImporter) -> (artifact id: '1ab1588f41de555f68055aa9aed19009') in 0.0204606 seconds
Number of updated asset objects reloaded before import = 0Number of asset objects unloaded after import = 3

========================================================================
Received Import Request.
  Time since last request: 0.000039 seconds.
  path: Assets/Minifantasy_NPCs_Assets/Generic_NPCs/Idle/Head/Facial_Hair/Chin_Curtain/Minifantasy_NPCsIdle_FacialHair_ChinCurtain_red.png
  artifactKey: Guid(3f79a7ed0b6bd81409f33c2d467fc963) Importer(2089858483,192608db42251d675da83286b1cce702)
Start importing Assets/Minifantasy_NPCs_Assets/Generic_NPCs/Idle/Head/Facial_Hair/Chin_Curtain/Minifantasy_NPCsIdle_FacialHair_ChinCurtain_red.png using Guid(3f79a7ed0b6bd81409f33c2d467fc963) Importer(2089858483,192608db42251d675da83286b1cce702) (ScriptedImporter) -> (artifact id: 'bed5bde0404167d5c08a8f5d24d6419a') in 0.0472329 seconds
Number of updated asset objects reloaded before import = 0Number of asset objects unloaded after import = 3

========================================================================
Received Import Request.
  Time since last request: 0.000025 seconds.
  path: Assets/Minifantasy_NPCs_Assets/Generic_NPCs/Dmg/Head/Hats/RangerHat/Minifantasy_NPCsDmg_Hat_RangerHat_yellow.png
  artifactKey: Guid(dcfc49c38c5bcf04290d7961721425a2) Importer(2089858483,192608db42251d675da83286b1cce702)
Start importing Assets/Minifantasy_NPCs_Assets/Generic_NPCs/Dmg/Head/Hats/RangerHat/Minifantasy_NPCsDmg_Hat_RangerHat_yellow.png using Guid(dcfc49c38c5bcf04290d7961721425a2) Importer(2089858483,192608db42251d675da83286b1cce702) (ScriptedImporter) -> (artifact id: '68a38c62dda07e21208b1434758634ca') in 0.08622 seconds
Number of updated asset objects reloaded before import = 0Number of asset objects unloaded after import = 18

========================================================================
Received Import Request.
  Time since last request: 0.000032 seconds.
  path: Assets/Minifantasy_NPCs_Assets/Generic_NPCs/Dmg/Head/Hairstyles/Mohawk/Minifantasy_NPCsDmg_HumanHair_Mohawk_pink.png
  artifactKey: Guid(b7b05d7defc73eb43b8c13b253331b36) Importer(2089858483,192608db42251d675da83286b1cce702)
Start importing Assets/Minifantasy_NPCs_Assets/Generic_NPCs/Dmg/Head/Hairstyles/Mohawk/Minifantasy_NPCsDmg_HumanHair_Mohawk_pink.png using Guid(b7b05d7defc73eb43b8c13b253331b36) Importer(2089858483,192608db42251d675da83286b1cce702) (ScriptedImporter) -> (artifact id: 'f3d9c696a5e926815a484a3ee3aa4ef1') in 0.0469052 seconds
Number of updated asset objects reloaded before import = 0Number of asset objects unloaded after import = 18

========================================================================
Received Import Request.
  Time since last request: 0.000019 seconds.
  path: Assets/Minifantasy_NPCs_Assets/Generic_NPCs/Idle/Head/Facial_Hair/Moustache/Minifantasy_NPCsIdle_FacialHair_Moustache_blonde.png
  artifactKey: Guid(357705a60343ec344a384f243f4a50da) Importer(2089858483,192608db42251d675da83286b1cce702)
Start importing Assets/Minifantasy_NPCs_Assets/Generic_NPCs/Idle/Head/Facial_Hair/Moustache/Minifantasy_NPCsIdle_FacialHair_Moustache_blonde.png using Guid(357705a60343ec344a384f243f4a50da) Importer(2089858483,192608db42251d675da83286b1cce702) (ScriptedImporter) -> (artifact id: 'faa86618967fae7f8ad08aa44fae2866') in 0.0231306 seconds
Number of updated asset objects reloaded before import = 0Number of asset objects unloaded after import = 3

========================================================================
Received Import Request.
  Time since last request: 0.000022 seconds.
  path: Assets/Minifantasy_NPCs_Assets/Generic_NPCs/Idle/Head/Facial_Hair/Moustache/Minifantasy_NPCsIdle_FacialHair_Moustache_green.png
  artifactKey: Guid(dd9ff7dfbd5eeac448063dfe02008e31) Importer(2089858483,192608db42251d675da83286b1cce702)
Start importing Assets/Minifantasy_NPCs_Assets/Generic_NPCs/Idle/Head/Facial_Hair/Moustache/Minifantasy_NPCsIdle_FacialHair_Moustache_green.png using Guid(dd9ff7dfbd5eeac448063dfe02008e31) Importer(2089858483,192608db42251d675da83286b1cce702) (ScriptedImporter) -> (artifact id: 'a0749c5685ae8eac036c1f82de0ca2c3') in 0.0299898 seconds
Number of updated asset objects reloaded before import = 0Number of asset objects unloaded after import = 3

========================================================================
Received Import Request.
  Time since last request: 0.000027 seconds.
  path: Assets/Minifantasy_NPCs_Assets/Generic_NPCs/Idle/Head/Hairstyles/Bold/Minifantasy_NPCsIdle_HumanHair_Bold_blue.png
  artifactKey: Guid(2db12cef7a8d1f14a9e5f66b8003be04) Importer(2089858483,192608db42251d675da83286b1cce702)
Start importing Assets/Minifantasy_NPCs_Assets/Generic_NPCs/Idle/Head/Hairstyles/Bold/Minifantasy_NPCsIdle_HumanHair_Bold_blue.png using Guid(2db12cef7a8d1f14a9e5f66b8003be04) Importer(2089858483,192608db42251d675da83286b1cce702) (ScriptedImporter) -> (artifact id: 'dfac3fed51a166f6b302bcee51caf75e') in 0.0259846 seconds
Number of updated asset objects reloaded before import = 0Number of asset objects unloaded after import = 3

========================================================================
Received Import Request.
  Time since last request: 0.000038 seconds.
  path: Assets/Minifantasy_NPCs_Assets/Generic_NPCs/Idle/Head/Hairstyles/Bold/Minifantasy_NPCsIdle_HumanHair_Bold_pink.png
  artifactKey: Guid(fd01993bb2bcf454c836c110bba352f4) Importer(2089858483,192608db42251d675da83286b1cce702)
Start importing Assets/Minifantasy_NPCs_Assets/Generic_NPCs/Idle/Head/Hairstyles/Bold/Minifantasy_NPCsIdle_HumanHair_Bold_pink.png using Guid(fd01993bb2bcf454c836c110bba352f4) Importer(2089858483,192608db42251d675da83286b1cce702) (ScriptedImporter) -> (artifact id: 'e9780376153609679af4a54a4eff3401') in 0.022499 seconds
Number of updated asset objects reloaded before import = 0Number of asset objects unloaded after import = 3

========================================================================
Received Import Request.
  Time since last request: 0.000020 seconds.
  path: Assets/Minifantasy_NPCs_Assets/Generic_NPCs/Idle/Head/Facial_Hair/LongBeard/Minifantasy_NPCsIdle_FacialHair_LongBeard_red.png
  artifactKey: Guid(364f636abe7dbec48a82566e82b12bfb) Importer(2089858483,192608db42251d675da83286b1cce702)
Start importing Assets/Minifantasy_NPCs_Assets/Generic_NPCs/Idle/Head/Facial_Hair/LongBeard/Minifantasy_NPCsIdle_FacialHair_LongBeard_red.png using Guid(364f636abe7dbec48a82566e82b12bfb) Importer(2089858483,192608db42251d675da83286b1cce702) (ScriptedImporter) -> (artifact id: 'bbfee50fd7faaafd307c361d05baf63b') in 0.022792 seconds
Number of updated asset objects reloaded before import = 0Number of asset objects unloaded after import = 3

========================================================================
Received Import Request.
  Time since last request: 0.000028 seconds.
  path: Assets/Minifantasy_NPCs_Assets/Generic_NPCs/Idle/Head/Facial_Hair/Goatee/Minifantasy_NPCsIdle_FacialHair_Goatee_red.png
  artifactKey: Guid(61eb4db016e66a44489297331a0990b8) Importer(2089858483,192608db42251d675da83286b1cce702)
Start importing Assets/Minifantasy_NPCs_Assets/Generic_NPCs/Idle/Head/Facial_Hair/Goatee/Minifantasy_NPCsIdle_FacialHair_Goatee_red.png using Guid(61eb4db016e66a44489297331a0990b8) Importer(2089858483,192608db42251d675da83286b1cce702) (ScriptedImporter) -> (artifact id: 'aa46d9ebac94d97a61f0a71ce0d1bc02') in 0.0238791 seconds
Number of updated asset objects reloaded before import = 0Number of asset objects unloaded after import = 3

========================================================================
Received Import Request.
  Time since last request: 0.000029 seconds.
  path: Assets/Minifantasy_NPCs_Assets/Generic_NPCs/Idle/Head/Facial_Hair/Goatee/Minifantasy_NPCsIdle_FacialHair_Goatee_pink.png
  artifactKey: Guid(d8835957149309b4fb9b7ad8fd3b5c30) Importer(2089858483,192608db42251d675da83286b1cce702)
Start importing Assets/Minifantasy_NPCs_Assets/Generic_NPCs/Idle/Head/Facial_Hair/Goatee/Minifantasy_NPCsIdle_FacialHair_Goatee_pink.png using Guid(d8835957149309b4fb9b7ad8fd3b5c30) Importer(2089858483,192608db42251d675da83286b1cce702) (ScriptedImporter) -> (artifact id: 'ac92a9135990431cfa4aa2cedb7857dd') in 0.0250561 seconds
Number of updated asset objects reloaded before import = 0Number of asset objects unloaded after import = 3

========================================================================
Received Import Request.
  Time since last request: 0.000033 seconds.
  path: Assets/Minifantasy_NPCs_Assets/Generic_NPCs/Idle/Head/Facial_Hair/LongBeard/Minifantasy_NPCsIdle_FacialHair_LongBeard_green.png
  artifactKey: Guid(db1bacb72cb11b24b99e3136428a6e81) Importer(2089858483,192608db42251d675da83286b1cce702)
Start importing Assets/Minifantasy_NPCs_Assets/Generic_NPCs/Idle/Head/Facial_Hair/LongBeard/Minifantasy_NPCsIdle_FacialHair_LongBeard_green.png using Guid(db1bacb72cb11b24b99e3136428a6e81) Importer(2089858483,192608db42251d675da83286b1cce702) (ScriptedImporter) -> (artifact id: '993e2d96e3e07eff69e05a5442e49409') in 0.0348653 seconds
Number of updated asset objects reloaded before import = 0Number of asset objects unloaded after import = 3

========================================================================
Received Import Request.
  Time since last request: 0.000021 seconds.
  path: Assets/Minifantasy_NPCs_Assets/Generic_NPCs/Idle/Head/Hairstyles/Bold/Minifantasy_NPCsIdle_HumanHair_Bold_red.png
  artifactKey: Guid(dfe7af461b9765841b0b342adf34a015) Importer(2089858483,192608db42251d675da83286b1cce702)
Start importing Assets/Minifantasy_NPCs_Assets/Generic_NPCs/Idle/Head/Hairstyles/Bold/Minifantasy_NPCsIdle_HumanHair_Bold_red.png using Guid(dfe7af461b9765841b0b342adf34a015) Importer(2089858483,192608db42251d675da83286b1cce702) (ScriptedImporter) -> (artifact id: 'eb0c52f4c2c0e6efdae665cc2b721303') in 0.0200873 seconds
Number of updated asset objects reloaded before import = 0Number of asset objects unloaded after import = 3

========================================================================
Received Import Request.
  Time since last request: 0.000021 seconds.
  path: Assets/Minifantasy_NPCs_Assets/Generic_NPCs/Idle/Head/Hairstyles/Mane/Minifantasy_NPCsIdle_HumanHair_Mane_black.png
  artifactKey: Guid(15f63b31404d95c41ad213c2e1961427) Importer(2089858483,192608db42251d675da83286b1cce702)
Start importing Assets/Minifantasy_NPCs_Assets/Generic_NPCs/Idle/Head/Hairstyles/Mane/Minifantasy_NPCsIdle_HumanHair_Mane_black.png using Guid(15f63b31404d95c41ad213c2e1961427) Importer(2089858483,192608db42251d675da83286b1cce702) (ScriptedImporter) -> (artifact id: 'b6d373fa2696d2190d64197827e8da64') in 0.1879572 seconds
Number of updated asset objects reloaded before import = 0Number of asset objects unloaded after import = 66

========================================================================
Received Import Request.
  Time since last request: 0.000026 seconds.
  path: Assets/Minifantasy_NPCs_Assets/Generic_NPCs/Idle/Head/Hairstyles/Bubble/Minifantasy_NPCsIdle_HumanHair_Bubble_white.png
  artifactKey: Guid(091c69444643da342acc28eb56ac283f) Importer(2089858483,192608db42251d675da83286b1cce702)
Start importing Assets/Minifantasy_NPCs_Assets/Generic_NPCs/Idle/Head/Hairstyles/Bubble/Minifantasy_NPCsIdle_HumanHair_Bubble_white.png using Guid(091c69444643da342acc28eb56ac283f) Importer(2089858483,192608db42251d675da83286b1cce702) (ScriptedImporter) -> (artifact id: 'ab230b56992644c416308fa114236257') in 0.1674424 seconds
Number of updated asset objects reloaded before import = 0Number of asset objects unloaded after import = 66

========================================================================
Received Import Request.
  Time since last request: 0.000064 seconds.
  path: Assets/Minifantasy_NPCs_Assets/Generic_NPCs/Idle/Head/Hairstyles/Mane/Minifantasy_NPCsIdle_HumanHair_Mane_pink.png
  artifactKey: Guid(7790777e24f82144c807292397d86279) Importer(2089858483,192608db42251d675da83286b1cce702)
Start importing Assets/Minifantasy_NPCs_Assets/Generic_NPCs/Idle/Head/Hairstyles/Mane/Minifantasy_NPCsIdle_HumanHair_Mane_pink.png using Guid(7790777e24f82144c807292397d86279) Importer(2089858483,192608db42251d675da83286b1cce702) (ScriptedImporter) -> (artifact id: 'e73427c6d6911e28dc72295e0dafff15') in 0.239544 seconds
Number of updated asset objects reloaded before import = 0Number of asset objects unloaded after import = 66

========================================================================
Received Import Request.
  Time since last request: 0.000024 seconds.
  path: Assets/Minifantasy_NPCs_Assets/Generic_NPCs/Idle/Head/Hairstyles/Mohawk/Minifantasy_NPCsIdle_HumanHair_Mohawk_purple.png
  artifactKey: Guid(98ef5c8475b5e0e499da6aeeadf30886) Importer(2089858483,192608db42251d675da83286b1cce702)
Start importing Assets/Minifantasy_NPCs_Assets/Generic_NPCs/Idle/Head/Hairstyles/Mohawk/Minifantasy_NPCsIdle_HumanHair_Mohawk_purple.png using Guid(98ef5c8475b5e0e499da6aeeadf30886) Importer(2089858483,192608db42251d675da83286b1cce702) (ScriptedImporter) -> (artifact id: '6d3d681a99738bdfb909daa09a26dfbc') in 0.1674284 seconds
Number of updated asset objects reloaded before import = 0Number of asset objects unloaded after import = 66

========================================================================
Received Import Request.
  Time since last request: 0.000031 seconds.
  path: Assets/Minifantasy_NPCs_Assets/Generic_NPCs/Idle/Head/Hairstyles/Bubble/Minifantasy_NPCsIdle_HumanHair_Bubble_red.png
  artifactKey: Guid(a5bceae6548c0f54caf66a4a0a0c822c) Importer(2089858483,192608db42251d675da83286b1cce702)
Start importing Assets/Minifantasy_NPCs_Assets/Generic_NPCs/Idle/Head/Hairstyles/Bubble/Minifantasy_NPCsIdle_HumanHair_Bubble_red.png using Guid(a5bceae6548c0f54caf66a4a0a0c822c) Importer(2089858483,192608db42251d675da83286b1cce702) (ScriptedImporter) -> (artifact id: 'e3ffed2d67e6f954c8b5f35503a79caf') in 0.1751604 seconds
Number of updated asset objects reloaded before import = 0Number of asset objects unloaded after import = 66

========================================================================
Received Import Request.
  Time since last request: 0.000032 seconds.
  path: Assets/Minifantasy_NPCs_Assets/Generic_NPCs/Idle/Head/Hairstyles/PonyTail/Minifantasy_NPCsIdle_HumanHair_PonyTail_blue.png
  artifactKey: Guid(3851eb1bbff921c45bb50345461e2305) Importer(2089858483,192608db42251d675da83286b1cce702)
Start importing Assets/Minifantasy_NPCs_Assets/Generic_NPCs/Idle/Head/Hairstyles/PonyTail/Minifantasy_NPCsIdle_HumanHair_PonyTail_blue.png using Guid(3851eb1bbff921c45bb50345461e2305) Importer(2089858483,192608db42251d675da83286b1cce702) (ScriptedImporter) -> (artifact id: 'a14a24263e768e284a098e8bec8a7d45') in 0.2220178 seconds
Number of updated asset objects reloaded before import = 0Number of asset objects unloaded after import = 66

========================================================================
Received Import Request.
  Time since last request: 0.000040 seconds.
  path: Assets/Minifantasy_NPCs_Assets/Generic_NPCs/Idle/Head/Hairstyles/Mohawk/Minifantasy_NPCsIdle_HumanHair_Mohawk_red.png
  artifactKey: Guid(f944e846823663e4f8772f201054c6af) Importer(2089858483,192608db42251d675da83286b1cce702)
Start importing Assets/Minifantasy_NPCs_Assets/Generic_NPCs/Idle/Head/Hairstyles/Mohawk/Minifantasy_NPCsIdle_HumanHair_Mohawk_red.png using Guid(f944e846823663e4f8772f201054c6af) Importer(2089858483,192608db42251d675da83286b1cce702) (ScriptedImporter) -> (artifact id: '94bbe5dce9d5595dc37b914f3ddd1a9f') in 0.1638024 seconds
Number of updated asset objects reloaded before import = 0Number of asset objects unloaded after import = 66

========================================================================
Received Import Request.
  Time since last request: 0.000039 seconds.
  path: Assets/Minifantasy_NPCs_Assets/Generic_NPCs/Idle/Head/Hairstyles/Short/Minifantasy_NPCsIdle_HumanHair_Short _brown.png
  artifactKey: Guid(7a42b26e835756d47a987f7041c31d5a) Importer(2089858483,192608db42251d675da83286b1cce702)
Start importing Assets/Minifantasy_NPCs_Assets/Generic_NPCs/Idle/Head/Hairstyles/Short/Minifantasy_NPCsIdle_HumanHair_Short _brown.png using Guid(7a42b26e835756d47a987f7041c31d5a) Importer(2089858483,192608db42251d675da83286b1cce702) (ScriptedImporter) -> (artifact id: 'e09053997818498c5bc454740113bcf5') in 0.1591381 seconds
Number of updated asset objects reloaded before import = 0Number of asset objects unloaded after import = 66

========================================================================
Received Import Request.
  Time since last request: 0.000118 seconds.
  path: Assets/Minifantasy_NPCs_Assets/Generic_NPCs/Idle/Head/Hairstyles/PonyTail/Minifantasy_NPCsIdle_HumanHair_PonyTail_purple.png
  artifactKey: Guid(4ac7d9a49e653914a85e0de793952a63) Importer(2089858483,192608db42251d675da83286b1cce702)
Start importing Assets/Minifantasy_NPCs_Assets/Generic_NPCs/Idle/Head/Hairstyles/PonyTail/Minifantasy_NPCsIdle_HumanHair_PonyTail_purple.png using Guid(4ac7d9a49e653914a85e0de793952a63) Importer(2089858483,192608db42251d675da83286b1cce702) (ScriptedImporter) -> (artifact id: '323d40ac423ca6f5e7f59ac091933e98') in 0.2162664 seconds
Number of updated asset objects reloaded before import = 0Number of asset objects unloaded after import = 66

========================================================================
Received Import Request.
  Time since last request: 0.000025 seconds.
  path: Assets/Minifantasy_NPCs_Assets/Generic_NPCs/Idle/Head/Hairstyles/Mohawk/Minifantasy_NPCsIdle_HumanHair_Mohawk_brown.png
  artifactKey: Guid(d2ff9e3c73007054c8c04948c57bd93f) Importer(2089858483,192608db42251d675da83286b1cce702)
Start importing Assets/Minifantasy_NPCs_Assets/Generic_NPCs/Idle/Head/Hairstyles/Mohawk/Minifantasy_NPCsIdle_HumanHair_Mohawk_brown.png using Guid(d2ff9e3c73007054c8c04948c57bd93f) Importer(2089858483,192608db42251d675da83286b1cce702) (ScriptedImporter) -> (artifact id: '2ec830ffd7acf55e07b4259ef37575aa') in 0.215748 seconds
Number of updated asset objects reloaded before import = 0Number of asset objects unloaded after import = 66

========================================================================
Received Import Request.
  Time since last request: 0.000032 seconds.
  path: Assets/Minifantasy_NPCs_Assets/Generic_NPCs/Idle/Head/Hairstyles/Toupee/Minifantasy_NPCsIdle_HumanHair_Toupee_turquoise.png
  artifactKey: Guid(d87c12f8ca51e394582eab7224ad7535) Importer(2089858483,192608db42251d675da83286b1cce702)
Start importing Assets/Minifantasy_NPCs_Assets/Generic_NPCs/Idle/Head/Hairstyles/Toupee/Minifantasy_NPCsIdle_HumanHair_Toupee_turquoise.png using Guid(d87c12f8ca51e394582eab7224ad7535) Importer(2089858483,192608db42251d675da83286b1cce702) (ScriptedImporter) -> (artifact id: 'c9dcb0630e4584b0ea26dff85ec64393') in 0.1875043 seconds
Number of updated asset objects reloaded before import = 0Number of asset objects unloaded after import = 66

========================================================================
Received Import Request.
  Time since last request: 0.000019 seconds.
  path: Assets/Minifantasy_NPCs_Assets/Generic_NPCs/Idle/Head/Hairstyles/Toupee/Minifantasy_NPCsIdle_HumanHair_Toupee_black.png
  artifactKey: Guid(2aa3472c0a8e54545894fd8e02d0b3c9) Importer(2089858483,192608db42251d675da83286b1cce702)
Start importing Assets/Minifantasy_NPCs_Assets/Generic_NPCs/Idle/Head/Hairstyles/Toupee/Minifantasy_NPCsIdle_HumanHair_Toupee_black.png using Guid(2aa3472c0a8e54545894fd8e02d0b3c9) Importer(2089858483,192608db42251d675da83286b1cce702) (ScriptedImporter) -> (artifact id: 'd8cebfcf4757fc43da7129ea0c50a3b4') in 0.1814356 seconds
Number of updated asset objects reloaded before import = 0Number of asset objects unloaded after import = 66

========================================================================
Received Import Request.
  Time since last request: 0.000057 seconds.
  path: Assets/Minifantasy_NPCs_Assets/Generic_NPCs/Idle/Head/Hats/Bandana/Minifantasy_NPCsIdle_Hat_Bandana_black.png
  artifactKey: Guid(9d0776403d67f41429a9ea8f74524b4e) Importer(2089858483,192608db42251d675da83286b1cce702)
Start importing Assets/Minifantasy_NPCs_Assets/Generic_NPCs/Idle/Head/Hats/Bandana/Minifantasy_NPCsIdle_Hat_Bandana_black.png using Guid(9d0776403d67f41429a9ea8f74524b4e) Importer(2089858483,192608db42251d675da83286b1cce702) (ScriptedImporter) -> (artifact id: 'e53396e25d51d3cb408da743508c020a') in 0.0214706 seconds
Number of updated asset objects reloaded before import = 0Number of asset objects unloaded after import = 3

========================================================================
Received Import Request.
  Time since last request: 0.000029 seconds.
  path: Assets/Minifantasy_NPCs_Assets/Generic_NPCs/Idle/Head/Hairstyles/Long/Minifantasy_NPCsIdle_HumanHair_Long_red.png
  artifactKey: Guid(b785973ccfeaad74c88ba2168635378e) Importer(2089858483,192608db42251d675da83286b1cce702)
Start importing Assets/Minifantasy_NPCs_Assets/Generic_NPCs/Idle/Head/Hairstyles/Long/Minifantasy_NPCsIdle_HumanHair_Long_red.png using Guid(b785973ccfeaad74c88ba2168635378e) Importer(2089858483,192608db42251d675da83286b1cce702) (ScriptedImporter) -> (artifact id: '213ac0219594a3ea6d9f262730718ecd') in 0.198683 seconds
Number of updated asset objects reloaded before import = 0Number of asset objects unloaded after import = 66

========================================================================
Received Import Request.
  Time since last request: 0.000045 seconds.
  path: Assets/Minifantasy_NPCs_Assets/Generic_NPCs/Idle/Head/Hairstyles/Toupee/Minifantasy_NPCsIdle_HumanHair_Toupee_blonde.png
  artifactKey: Guid(43064a3e868f7e349aa6a9ee9b2d8580) Importer(2089858483,192608db42251d675da83286b1cce702)
Start importing Assets/Minifantasy_NPCs_Assets/Generic_NPCs/Idle/Head/Hairstyles/Toupee/Minifantasy_NPCsIdle_HumanHair_Toupee_blonde.png using Guid(43064a3e868f7e349aa6a9ee9b2d8580) Importer(2089858483,192608db42251d675da83286b1cce702) (ScriptedImporter) -> (artifact id: 'e6e9b9fae802561ee2bd34984b44531a') in 0.2434722 seconds
Number of updated asset objects reloaded before import = 0Number of asset objects unloaded after import = 66

========================================================================
Received Import Request.
  Time since last request: 0.000039 seconds.
  path: Assets/Minifantasy_NPCs_Assets/Generic_NPCs/Idle/Head/Hats/Bandana/Minifantasy_NPCsIdle_Hat_Bandana_white.png
  artifactKey: Guid(9b55b10f23766844f9dd6e21afcaa136) Importer(2089858483,192608db42251d675da83286b1cce702)
Start importing Assets/Minifantasy_NPCs_Assets/Generic_NPCs/Idle/Head/Hats/Bandana/Minifantasy_NPCsIdle_Hat_Bandana_white.png using Guid(9b55b10f23766844f9dd6e21afcaa136) Importer(2089858483,192608db42251d675da83286b1cce702) (ScriptedImporter) -> (artifact id: 'a1366776ef0cb09909619cf150754a20') in 0.0219639 seconds
Number of updated asset objects reloaded before import = 0Number of asset objects unloaded after import = 3

========================================================================
Received Import Request.
  Time since last request: 0.000017 seconds.
  path: Assets/Minifantasy_NPCs_Assets/Generic_NPCs/Idle/Head/Hats/Bandana/Minifantasy_NPCsIdle_Hat_Bandana_orange.png
  artifactKey: Guid(01187b5028282544f88c3548d26b4d58) Importer(2089858483,192608db42251d675da83286b1cce702)
Start importing Assets/Minifantasy_NPCs_Assets/Generic_NPCs/Idle/Head/Hats/Bandana/Minifantasy_NPCsIdle_Hat_Bandana_orange.png using Guid(01187b5028282544f88c3548d26b4d58) Importer(2089858483,192608db42251d675da83286b1cce702) (ScriptedImporter) -> (artifact id: '2fc62804cff632f701d96363c2196908') in 0.020022 seconds
Number of updated asset objects reloaded before import = 0Number of asset objects unloaded after import = 3

========================================================================
Received Import Request.
  Time since last request: 0.000026 seconds.
  path: Assets/Minifantasy_NPCs_Assets/Generic_NPCs/Idle/Head/Hats/Bandana/Minifantasy_NPCsIdle_Hat_Bandana_whiteleather.png
  artifactKey: Guid(78415a497e4296a43b7de5c5733f9942) Importer(2089858483,192608db42251d675da83286b1cce702)
Start importing Assets/Minifantasy_NPCs_Assets/Generic_NPCs/Idle/Head/Hats/Bandana/Minifantasy_NPCsIdle_Hat_Bandana_whiteleather.png using Guid(78415a497e4296a43b7de5c5733f9942) Importer(2089858483,192608db42251d675da83286b1cce702) (ScriptedImporter) -> (artifact id: '54e4e0913b5036cfaae7152297692745') in 0.03629 seconds
Number of updated asset objects reloaded before import = 0Number of asset objects unloaded after import = 3

========================================================================
Received Import Request.
  Time since last request: 0.000027 seconds.
  path: Assets/Minifantasy_NPCs_Assets/Generic_NPCs/Idle/Head/Hairstyles/PonyTail/Minifantasy_NPCsIdle_HumanHair_PonyTail_turquoise.png
  artifactKey: Guid(0d6c3095dd500864d84b27257630d57e) Importer(2089858483,192608db42251d675da83286b1cce702)
Start importing Assets/Minifantasy_NPCs_Assets/Generic_NPCs/Idle/Head/Hairstyles/PonyTail/Minifantasy_NPCsIdle_HumanHair_PonyTail_turquoise.png using Guid(0d6c3095dd500864d84b27257630d57e) Importer(2089858483,192608db42251d675da83286b1cce702) (ScriptedImporter) -> (artifact id: 'b359b75cdadb84f374b5bf1654b46b13') in 0.2162613 seconds
Number of updated asset objects reloaded before import = 0Number of asset objects unloaded after import = 66

========================================================================
Received Import Request.
  Time since last request: 0.000034 seconds.
  path: Assets/Minifantasy_NPCs_Assets/Generic_NPCs/Idle/Head/Hats/CowboyHat/Minifantasy_NPCsIdle_Hat_CowboyHat_red.png
  artifactKey: Guid(9d3db6acad4b89343aafb3f7b6ad40d4) Importer(2089858483,192608db42251d675da83286b1cce702)
Start importing Assets/Minifantasy_NPCs_Assets/Generic_NPCs/Idle/Head/Hats/CowboyHat/Minifantasy_NPCsIdle_Hat_CowboyHat_red.png using Guid(9d3db6acad4b89343aafb3f7b6ad40d4) Importer(2089858483,192608db42251d675da83286b1cce702) (ScriptedImporter) -> (artifact id: 'c7f12e432b59c36107d402601aa57435') in 0.1672608 seconds
Number of updated asset objects reloaded before import = 0Number of asset objects unloaded after import = 66

========================================================================
Received Import Request.
  Time since last request: 0.000025 seconds.
  path: Assets/Minifantasy_NPCs_Assets/Generic_NPCs/Idle/Head/Hats/CowboyHat/Minifantasy_NPCsIdle_Hat_CowboyHat_whiteleather.png
  artifactKey: Guid(f11b80e8f6418d24f9258438021a6801) Importer(2089858483,192608db42251d675da83286b1cce702)
Start importing Assets/Minifantasy_NPCs_Assets/Generic_NPCs/Idle/Head/Hats/CowboyHat/Minifantasy_NPCsIdle_Hat_CowboyHat_whiteleather.png using Guid(f11b80e8f6418d24f9258438021a6801) Importer(2089858483,192608db42251d675da83286b1cce702) (ScriptedImporter) -> (artifact id: 'f1a094b4f8e93616953730b3700682d0') in 0.172691 seconds
Number of updated asset objects reloaded before import = 0Number of asset objects unloaded after import = 66

========================================================================
Received Import Request.
  Time since last request: 0.000027 seconds.
  path: Assets/Minifantasy_NPCs_Assets/Generic_NPCs/Idle/Head/Hats/FedoraHat/Minifantasy_NPCsIdle_Hat_FedoraHat_brownleather.png
  artifactKey: Guid(8cca5debc288c014dbbc70aadb276ffa) Importer(2089858483,192608db42251d675da83286b1cce702)
Start importing Assets/Minifantasy_NPCs_Assets/Generic_NPCs/Idle/Head/Hats/FedoraHat/Minifantasy_NPCsIdle_Hat_FedoraHat_brownleather.png using Guid(8cca5debc288c014dbbc70aadb276ffa) Importer(2089858483,192608db42251d675da83286b1cce702) (ScriptedImporter) -> (artifact id: '3d17f7b56fd796f22d9c0d2e4e186b90') in 0.1743565 seconds
Number of updated asset objects reloaded before import = 0Number of asset objects unloaded after import = 66

========================================================================
Received Import Request.
  Time since last request: 0.000039 seconds.
  path: Assets/Minifantasy_NPCs_Assets/Generic_NPCs/Idle/Head/Hats/CowboyHat/Minifantasy_NPCsIdle_Hat_CowboyHat_yellow.png
  artifactKey: Guid(1b4223ab4be5e1b469ecbfd44d428734) Importer(2089858483,192608db42251d675da83286b1cce702)
Start importing Assets/Minifantasy_NPCs_Assets/Generic_NPCs/Idle/Head/Hats/CowboyHat/Minifantasy_NPCsIdle_Hat_CowboyHat_yellow.png using Guid(1b4223ab4be5e1b469ecbfd44d428734) Importer(2089858483,192608db42251d675da83286b1cce702) (ScriptedImporter) -> (artifact id: 'e5b0392a236c9744969f7e5fde01a783') in 0.1748165 seconds
Number of updated asset objects reloaded before import = 0Number of asset objects unloaded after import = 66

========================================================================
Received Import Request.
  Time since last request: 0.000022 seconds.
  path: Assets/Minifantasy_NPCs_Assets/Generic_NPCs/Idle/Head/Hats/Hood/Minifantasy_NPCsIdle_Hat_Hood_blackleather.png
  artifactKey: Guid(cd3fa3267b653f04790705125743dbb2) Importer(2089858483,192608db42251d675da83286b1cce702)
Start importing Assets/Minifantasy_NPCs_Assets/Generic_NPCs/Idle/Head/Hats/Hood/Minifantasy_NPCsIdle_Hat_Hood_blackleather.png using Guid(cd3fa3267b653f04790705125743dbb2) Importer(2089858483,192608db42251d675da83286b1cce702) (ScriptedImporter) -> (artifact id: 'a43520edeec37dd6170d1445a4a2fbda') in 0.1728025 seconds
Number of updated asset objects reloaded before import = 0Number of asset objects unloaded after import = 66

========================================================================
Received Import Request.
  Time since last request: 0.000041 seconds.
  path: Assets/Minifantasy_NPCs_Assets/Generic_NPCs/Idle/Head/Hairstyles/Long/Minifantasy_NPCsIdle_HumanHair_Long_white.png
  artifactKey: Guid(e0d83453f3664b84ea2de524d497f3f3) Importer(2089858483,192608db42251d675da83286b1cce702)
Start importing Assets/Minifantasy_NPCs_Assets/Generic_NPCs/Idle/Head/Hairstyles/Long/Minifantasy_NPCsIdle_HumanHair_Long_white.png using Guid(e0d83453f3664b84ea2de524d497f3f3) Importer(2089858483,192608db42251d675da83286b1cce702) (ScriptedImporter) -> (artifact id: '60ec4c3692771afcb3c5477037b7cbfb') in 0.1717878 seconds
Number of updated asset objects reloaded before import = 0Number of asset objects unloaded after import = 66

========================================================================
Received Import Request.
  Time since last request: 0.000023 seconds.
  path: Assets/Minifantasy_NPCs_Assets/Generic_NPCs/Idle/Head/Hats/Hood/Minifantasy_NPCsIdle_Hat_Hood_magenta.png
  artifactKey: Guid(1100285b9a57abb43b5a799f0bd549df) Importer(2089858483,192608db42251d675da83286b1cce702)
Start importing Assets/Minifantasy_NPCs_Assets/Generic_NPCs/Idle/Head/Hats/Hood/Minifantasy_NPCsIdle_Hat_Hood_magenta.png using Guid(1100285b9a57abb43b5a799f0bd549df) Importer(2089858483,192608db42251d675da83286b1cce702) (ScriptedImporter) -> (artifact id: '5162843902056b02fd3be258ed15669f') in 0.1601448 seconds
Number of updated asset objects reloaded before import = 0Number of asset objects unloaded after import = 66

========================================================================
Received Import Request.
  Time since last request: 0.000030 seconds.
  path: Assets/Minifantasy_NPCs_Assets/Generic_NPCs/Idle/Head/Hats/Hood/Minifantasy_NPCsIdle_Hat_Hood_lime.png
  artifactKey: Guid(8be0ae4d4debdd245a00fbc48a8b0de5) Importer(2089858483,192608db42251d675da83286b1cce702)
Start importing Assets/Minifantasy_NPCs_Assets/Generic_NPCs/Idle/Head/Hats/Hood/Minifantasy_NPCsIdle_Hat_Hood_lime.png using Guid(8be0ae4d4debdd245a00fbc48a8b0de5) Importer(2089858483,192608db42251d675da83286b1cce702) (ScriptedImporter) -> (artifact id: '7b24568c81569f4b096c86746ed79c4e') in 0.1918937 seconds
Number of updated asset objects reloaded before import = 0Number of asset objects unloaded after import = 66

========================================================================
Received Import Request.
  Time since last request: 0.000024 seconds.
  path: Assets/Minifantasy_NPCs_Assets/Generic_NPCs/Idle/Head/Hats/Hood/Minifantasy_NPCsIdle_Hat_Hood_white.png
  artifactKey: Guid(4d6f28286daa70a46a1d02273f183d4c) Importer(2089858483,192608db42251d675da83286b1cce702)
Start importing Assets/Minifantasy_NPCs_Assets/Generic_NPCs/Idle/Head/Hats/Hood/Minifantasy_NPCsIdle_Hat_Hood_white.png using Guid(4d6f28286daa70a46a1d02273f183d4c) Importer(2089858483,192608db42251d675da83286b1cce702) (ScriptedImporter) -> (artifact id: '99c152f8c4a21c74e3c028d85cbe92fe') in 0.1896207 seconds
Number of updated asset objects reloaded before import = 0Number of asset objects unloaded after import = 66

========================================================================
Received Import Request.
  Time since last request: 0.000041 seconds.
  path: Assets/Minifantasy_NPCs_Assets/Generic_NPCs/Idle/Head/Hats/LongHat/Minifantasy_NPCsIdle_Hat_LongHat_blackleather.png
  artifactKey: Guid(dfc2e245f38cba04e880f33cc6760971) Importer(2089858483,192608db42251d675da83286b1cce702)
Start importing Assets/Minifantasy_NPCs_Assets/Generic_NPCs/Idle/Head/Hats/LongHat/Minifantasy_NPCsIdle_Hat_LongHat_blackleather.png using Guid(dfc2e245f38cba04e880f33cc6760971) Importer(2089858483,192608db42251d675da83286b1cce702) (ScriptedImporter) -> (artifact id: '295d1e3e404a36eebf09038d51d63213') in 0.2207877 seconds
Number of updated asset objects reloaded before import = 0Number of asset objects unloaded after import = 66

========================================================================
Received Import Request.
  Time since last request: 0.000022 seconds.
  path: Assets/Minifantasy_NPCs_Assets/Generic_NPCs/Idle/Head/Hats/LongHat/Minifantasy_NPCsIdle_Hat_LongHat_orange.png
  artifactKey: Guid(801da3a4c80b6e6488b77937159ccb4a) Importer(2089858483,192608db42251d675da83286b1cce702)
Start importing Assets/Minifantasy_NPCs_Assets/Generic_NPCs/Idle/Head/Hats/LongHat/Minifantasy_NPCsIdle_Hat_LongHat_orange.png using Guid(801da3a4c80b6e6488b77937159ccb4a) Importer(2089858483,192608db42251d675da83286b1cce702) (ScriptedImporter) -> (artifact id: 'f39c53e3419be8f2c3bbb7f8acdc4423') in 0.2031183 seconds
Number of updated asset objects reloaded before import = 0Number of asset objects unloaded after import = 66

========================================================================
Received Import Request.
  Time since last request: 0.000038 seconds.
  path: Assets/Minifantasy_NPCs_Assets/Generic_NPCs/Idle/Head/Hats/LongHat/Minifantasy_NPCsIdle_Hat_LongHat_magenta.png
  artifactKey: Guid(6359dddc222a77746b31f5a72ba7fb40) Importer(2089858483,192608db42251d675da83286b1cce702)
Start importing Assets/Minifantasy_NPCs_Assets/Generic_NPCs/Idle/Head/Hats/LongHat/Minifantasy_NPCsIdle_Hat_LongHat_magenta.png using Guid(6359dddc222a77746b31f5a72ba7fb40) Importer(2089858483,192608db42251d675da83286b1cce702) (ScriptedImporter) -> (artifact id: '23ba042956d40ffbc097000e73a9d2e9') in 0.215526 seconds
Number of updated asset objects reloaded before import = 0Number of asset objects unloaded after import = 66

========================================================================
Received Import Request.
  Time since last request: 0.000028 seconds.
  path: Assets/Minifantasy_NPCs_Assets/Generic_NPCs/Idle/Head/Hats/LongHat/Minifantasy_NPCsIdle_Hat_LongHat_yellow.png
  artifactKey: Guid(09dfef6bcd324db43b3c64e5f41e1f77) Importer(2089858483,192608db42251d675da83286b1cce702)
Start importing Assets/Minifantasy_NPCs_Assets/Generic_NPCs/Idle/Head/Hats/LongHat/Minifantasy_NPCsIdle_Hat_LongHat_yellow.png using Guid(09dfef6bcd324db43b3c64e5f41e1f77) Importer(2089858483,192608db42251d675da83286b1cce702) (ScriptedImporter) -> (artifact id: '709505a27e1e89bb1583996337669813') in 0.1925612 seconds
Number of updated asset objects reloaded before import = 0Number of asset objects unloaded after import = 66

========================================================================
Received Import Request.
  Time since last request: 0.000032 seconds.
  path: Assets/Minifantasy_NPCs_Assets/Generic_NPCs/Idle/Head/Hats/LongHat/Minifantasy_NPCsIdle_Hat_LongHat_whiteleather.png
  artifactKey: Guid(901fbb2b88f9b954eab39d2b3772c239) Importer(2089858483,192608db42251d675da83286b1cce702)
Start importing Assets/Minifantasy_NPCs_Assets/Generic_NPCs/Idle/Head/Hats/LongHat/Minifantasy_NPCsIdle_Hat_LongHat_whiteleather.png using Guid(901fbb2b88f9b954eab39d2b3772c239) Importer(2089858483,192608db42251d675da83286b1cce702) (ScriptedImporter) -> (artifact id: 'ea592f3db50393ba3df081d67d1b4a7d') in 0.2305815 seconds
Number of updated asset objects reloaded before import = 0Number of asset objects unloaded after import = 66

========================================================================
Received Import Request.
  Time since last request: 0.000017 seconds.
  path: Assets/Minifantasy_NPCs_Assets/Generic_NPCs/Idle/Head/Hats/PompomBeanie/Minifantasy_NPCsIdle_Hat_PomPomBeanie_magenta.png
  artifactKey: Guid(b9b0491a0c0e9054b85a119b67d745b3) Importer(2089858483,192608db42251d675da83286b1cce702)
Start importing Assets/Minifantasy_NPCs_Assets/Generic_NPCs/Idle/Head/Hats/PompomBeanie/Minifantasy_NPCsIdle_Hat_PomPomBeanie_magenta.png using Guid(b9b0491a0c0e9054b85a119b67d745b3) Importer(2089858483,192608db42251d675da83286b1cce702) (ScriptedImporter) -> (artifact id: '2387d55173433d856d3e598a21ecc719') in 0.196344 seconds
Number of updated asset objects reloaded before import = 0Number of asset objects unloaded after import = 66

========================================================================
Received Import Request.
  Time since last request: 0.000029 seconds.
  path: Assets/Minifantasy_NPCs_Assets/Generic_NPCs/Idle/Head/Hats/PompomBeanie/Minifantasy_NPCsIdle_Hat_PomPomBeanie_red.png
  artifactKey: Guid(d8d702a4ea524694ca510771c34eef00) Importer(2089858483,192608db42251d675da83286b1cce702)
Start importing Assets/Minifantasy_NPCs_Assets/Generic_NPCs/Idle/Head/Hats/PompomBeanie/Minifantasy_NPCsIdle_Hat_PomPomBeanie_red.png using Guid(d8d702a4ea524694ca510771c34eef00) Importer(2089858483,192608db42251d675da83286b1cce702) (ScriptedImporter) -> (artifact id: '12df18ecbbe73bb74dcb9cd3f357056a') in 0.1850772 seconds
Number of updated asset objects reloaded before import = 0Number of asset objects unloaded after import = 66

========================================================================
Received Import Request.
  Time since last request: 0.000024 seconds.
  path: Assets/Minifantasy_NPCs_Assets/Generic_NPCs/Idle/Head/Hats/RangerHat/Minifantasy_NPCsIdle_Hat_RangerHat_brownleather.png
  artifactKey: Guid(91d83eaa78471bd4b9f0a059f7ad2883) Importer(2089858483,192608db42251d675da83286b1cce702)
Start importing Assets/Minifantasy_NPCs_Assets/Generic_NPCs/Idle/Head/Hats/RangerHat/Minifantasy_NPCsIdle_Hat_RangerHat_brownleather.png using Guid(91d83eaa78471bd4b9f0a059f7ad2883) Importer(2089858483,192608db42251d675da83286b1cce702) (ScriptedImporter) -> (artifact id: '376ee13aa80e346d29a8e84ef2edec21') in 0.1633729 seconds
Number of updated asset objects reloaded before import = 0Number of asset objects unloaded after import = 66

========================================================================
Received Import Request.
  Time since last request: 0.000061 seconds.
  path: Assets/Minifantasy_NPCs_Assets/Generic_NPCs/Idle/Head/Hats/RangerHat/Minifantasy_NPCsIdle_Hat_RangerHat_blackleather.png
  artifactKey: Guid(53c2cfbeba9e6c346bb8ecf195893b74) Importer(2089858483,192608db42251d675da83286b1cce702)
Start importing Assets/Minifantasy_NPCs_Assets/Generic_NPCs/Idle/Head/Hats/RangerHat/Minifantasy_NPCsIdle_Hat_RangerHat_blackleather.png using Guid(53c2cfbeba9e6c346bb8ecf195893b74) Importer(2089858483,192608db42251d675da83286b1cce702) (ScriptedImporter) -> (artifact id: '566ff070227edf51d4b0db94ca3b678c') in 0.1720625 seconds
Number of updated asset objects reloaded before import = 0Number of asset objects unloaded after import = 66

========================================================================
Received Import Request.
  Time since last request: 0.000021 seconds.
  path: Assets/Minifantasy_NPCs_Assets/Generic_NPCs/Idle/Head/Hats/LongHat/Minifantasy_NPCsIdle_Hat_LongHat_black.png
  artifactKey: Guid(f46f8b985ed4b4b439b50e60da17de8d) Importer(2089858483,192608db42251d675da83286b1cce702)
Start importing Assets/Minifantasy_NPCs_Assets/Generic_NPCs/Idle/Head/Hats/LongHat/Minifantasy_NPCsIdle_Hat_LongHat_black.png using Guid(f46f8b985ed4b4b439b50e60da17de8d) Importer(2089858483,192608db42251d675da83286b1cce702) (ScriptedImporter) -> (artifact id: '5843dcd0c351920f112ee8df6b2599a9') in 0.1522259 seconds
Number of updated asset objects reloaded before import = 0Number of asset objects unloaded after import = 66

========================================================================
Received Import Request.
  Time since last request: 0.000037 seconds.
  path: Assets/Minifantasy_NPCs_Assets/Generic_NPCs/Idle/Head/Hats/RangerHat/Minifantasy_NPCsIdle_Hat_RangerHat_whiteleather.png
  artifactKey: Guid(d0c32774a576c02469e2f721463ad243) Importer(2089858483,192608db42251d675da83286b1cce702)
Start importing Assets/Minifantasy_NPCs_Assets/Generic_NPCs/Idle/Head/Hats/RangerHat/Minifantasy_NPCsIdle_Hat_RangerHat_whiteleather.png using Guid(d0c32774a576c02469e2f721463ad243) Importer(2089858483,192608db42251d675da83286b1cce702) (ScriptedImporter) -> (artifact id: '19a0c8370ace41935dab9f7b6260242f') in 0.1945826 seconds
Number of updated asset objects reloaded before import = 0Number of asset objects unloaded after import = 66

========================================================================
Received Import Request.
  Time since last request: 0.000027 seconds.
  path: Assets/Minifantasy_NPCs_Assets/Generic_NPCs/Idle/Head/Hats/RangerHat/Minifantasy_NPCsIdle_Hat_RangerHat_white.png
  artifactKey: Guid(f4b12b402950a5f41a72416c26ba3f21) Importer(2089858483,192608db42251d675da83286b1cce702)
Start importing Assets/Minifantasy_NPCs_Assets/Generic_NPCs/Idle/Head/Hats/RangerHat/Minifantasy_NPCsIdle_Hat_RangerHat_white.png using Guid(f4b12b402950a5f41a72416c26ba3f21) Importer(2089858483,192608db42251d675da83286b1cce702) (ScriptedImporter) -> (artifact id: '2552d658eccb5000c7162d01de88c1fd') in 0.1398955 seconds
Number of updated asset objects reloaded before import = 0Number of asset objects unloaded after import = 66

========================================================================
Received Import Request.
  Time since last request: 0.000037 seconds.
  path: Assets/Minifantasy_NPCs_Assets/Generic_NPCs/Idle/Head/Hats/TrapperHat/Minifantasy_NPCsIdle_Hat_TrapperHat_orange.png
  artifactKey: Guid(fca9af061fc6d85499d40500419fbcc6) Importer(2089858483,192608db42251d675da83286b1cce702)
Start importing Assets/Minifantasy_NPCs_Assets/Generic_NPCs/Idle/Head/Hats/TrapperHat/Minifantasy_NPCsIdle_Hat_TrapperHat_orange.png using Guid(fca9af061fc6d85499d40500419fbcc6) Importer(2089858483,192608db42251d675da83286b1cce702) (ScriptedImporter) -> (artifact id: 'f1cc6aa4258c1199eceb4f85e68493ac') in 0.1679366 seconds
Number of updated asset objects reloaded before import = 0Number of asset objects unloaded after import = 66

========================================================================
Received Import Request.
  Time since last request: 0.000038 seconds.
  path: Assets/Minifantasy_NPCs_Assets/Generic_NPCs/Idle/Head/Hats/TrapperHat/Minifantasy_NPCsIdle_Hat_TrapperHat_grey.png
  artifactKey: Guid(951bb5fdeb7bdd642b30acb9c66417e3) Importer(2089858483,192608db42251d675da83286b1cce702)
Start importing Assets/Minifantasy_NPCs_Assets/Generic_NPCs/Idle/Head/Hats/TrapperHat/Minifantasy_NPCsIdle_Hat_TrapperHat_grey.png using Guid(951bb5fdeb7bdd642b30acb9c66417e3) Importer(2089858483,192608db42251d675da83286b1cce702) (ScriptedImporter) -> (artifact id: '870d7c7ec2c76d0485b6e8dd6d4ebe81') in 0.1939014 seconds
Number of updated asset objects reloaded before import = 0Number of asset objects unloaded after import = 66

========================================================================
Received Import Request.
  Time since last request: 0.000022 seconds.
  path: Assets/Minifantasy_NPCs_Assets/Generic_NPCs/Walk/Head/Facial_Hair/Chin_Curtain/Minifantasy_NPCsWalk_FacialHair_ChinCurtain_brown.png
  artifactKey: Guid(56d9bf34167c1ae4698f517cf1c94f04) Importer(2089858483,192608db42251d675da83286b1cce702)
Start importing Assets/Minifantasy_NPCs_Assets/Generic_NPCs/Walk/Head/Facial_Hair/Chin_Curtain/Minifantasy_NPCsWalk_FacialHair_ChinCurtain_brown.png using Guid(56d9bf34167c1ae4698f517cf1c94f04) Importer(2089858483,192608db42251d675da83286b1cce702) (ScriptedImporter) -> (artifact id: '9ea888788aafa43c64932a129a9dd2ab') in 0.0253584 seconds
Number of updated asset objects reloaded before import = 0Number of asset objects unloaded after import = 3

========================================================================
Received Import Request.
  Time since last request: 0.000032 seconds.
  path: Assets/Minifantasy_NPCs_Assets/Generic_NPCs/Walk/Head/Facial_Hair/Chin_Curtain/Minifantasy_NPCsWalk_FacialHair_ChinCurtain_pink.png
  artifactKey: Guid(7d8a43fa6ef380d42a60a58d6a725d8b) Importer(2089858483,192608db42251d675da83286b1cce702)
Start importing Assets/Minifantasy_NPCs_Assets/Generic_NPCs/Walk/Head/Facial_Hair/Chin_Curtain/Minifantasy_NPCsWalk_FacialHair_ChinCurtain_pink.png using Guid(7d8a43fa6ef380d42a60a58d6a725d8b) Importer(2089858483,192608db42251d675da83286b1cce702) (ScriptedImporter) -> (artifact id: 'b3bb6a0790539b1b3b2547d575c06d2c') in 0.0270868 seconds
Number of updated asset objects reloaded before import = 0Number of asset objects unloaded after import = 3

========================================================================
Received Import Request.
  Time since last request: 0.000023 seconds.
  path: Assets/Minifantasy_NPCs_Assets/Generic_NPCs/Idle/Head/Hats/TrapperHat/Minifantasy_NPCsIdle_Hat_TrapperHat_turquoise.png
  artifactKey: Guid(92982f689a169b94fa4dd88186263242) Importer(2089858483,192608db42251d675da83286b1cce702)
Start importing Assets/Minifantasy_NPCs_Assets/Generic_NPCs/Idle/Head/Hats/TrapperHat/Minifantasy_NPCsIdle_Hat_TrapperHat_turquoise.png using Guid(92982f689a169b94fa4dd88186263242) Importer(2089858483,192608db42251d675da83286b1cce702) (ScriptedImporter) -> (artifact id: 'bc8860be2338eb3ae21374f081b0742a') in 0.1616295 seconds
Number of updated asset objects reloaded before import = 0Number of asset objects unloaded after import = 66

========================================================================
Received Import Request.
  Time since last request: 0.000021 seconds.
  path: Assets/Minifantasy_NPCs_Assets/Generic_NPCs/Idle/Head/Hairstyles/Long/Minifantasy_NPCsIdle_HumanHair_Long_purple.png
  artifactKey: Guid(9ed57090031ecee47bc0a33e662ad099) Importer(2089858483,192608db42251d675da83286b1cce702)
Start importing Assets/Minifantasy_NPCs_Assets/Generic_NPCs/Idle/Head/Hairstyles/Long/Minifantasy_NPCsIdle_HumanHair_Long_purple.png using Guid(9ed57090031ecee47bc0a33e662ad099) Importer(2089858483,192608db42251d675da83286b1cce702) (ScriptedImporter) -> (artifact id: 'a18276293fb58790c1590a6f9d4e5330') in 0.1693587 seconds
Number of updated asset objects reloaded before import = 0Number of asset objects unloaded after import = 66

========================================================================
Received Import Request.
  Time since last request: 0.000033 seconds.
  path: Assets/Minifantasy_NPCs_Assets/Generic_NPCs/Walk/Head/Facial_Hair/Chin_Curtain/Minifantasy_NPCsWalk_FacialHair_ChinCurtain_turquoise.png
  artifactKey: Guid(dcc4f8f185e3d3d4ebe841ba6061120f) Importer(2089858483,192608db42251d675da83286b1cce702)
Start importing Assets/Minifantasy_NPCs_Assets/Generic_NPCs/Walk/Head/Facial_Hair/Chin_Curtain/Minifantasy_NPCsWalk_FacialHair_ChinCurtain_turquoise.png using Guid(dcc4f8f185e3d3d4ebe841ba6061120f) Importer(2089858483,192608db42251d675da83286b1cce702) (ScriptedImporter) -> (artifact id: '68a3827b51c8ff31ff2c44b551d31a22') in 0.017462 seconds
Number of updated asset objects reloaded before import = 0Number of asset objects unloaded after import = 3

========================================================================
Received Import Request.
  Time since last request: 0.000021 seconds.
  path: Assets/Minifantasy_NPCs_Assets/Generic_NPCs/Walk/Head/Facial_Hair/Chin_Strap/Minifantasy_NPCsWalk_FacialHair_ChinStrap_black.png
  artifactKey: Guid(92c8338817bfe2a408e38df9b4f49db5) Importer(2089858483,192608db42251d675da83286b1cce702)
Start importing Assets/Minifantasy_NPCs_Assets/Generic_NPCs/Walk/Head/Facial_Hair/Chin_Strap/Minifantasy_NPCsWalk_FacialHair_ChinStrap_black.png using Guid(92c8338817bfe2a408e38df9b4f49db5) Importer(2089858483,192608db42251d675da83286b1cce702) (ScriptedImporter) -> (artifact id: '29a3a7bd53d1862389bad5dfc536c83d') in 0.0218455 seconds
Number of updated asset objects reloaded before import = 0Number of asset objects unloaded after import = 3

========================================================================
Received Import Request.
  Time since last request: 0.000060 seconds.
  path: Assets/Minifantasy_NPCs_Assets/Generic_NPCs/Walk/Head/Facial_Hair/Chin_Strap/Minifantasy_NPCsWalk_FacialHair_ChinStrap_turquoise.png
  artifactKey: Guid(c7f3656064f090544b48ea0e81cfec90) Importer(2089858483,192608db42251d675da83286b1cce702)
Start importing Assets/Minifantasy_NPCs_Assets/Generic_NPCs/Walk/Head/Facial_Hair/Chin_Strap/Minifantasy_NPCsWalk_FacialHair_ChinStrap_turquoise.png using Guid(c7f3656064f090544b48ea0e81cfec90) Importer(2089858483,192608db42251d675da83286b1cce702) (ScriptedImporter) -> (artifact id: '5dc43102d83f18efc24581f581738d7a') in 0.02767 seconds
Number of updated asset objects reloaded before import = 0Number of asset objects unloaded after import = 3

========================================================================
Received Import Request.
  Time since last request: 0.000026 seconds.
  path: Assets/Minifantasy_NPCs_Assets/Generic_NPCs/Walk/Head/Facial_Hair/Chin_Strap/Minifantasy_NPCsWalk_FacialHair_ChinStrap_purple.png
  artifactKey: Guid(690ad7566646156479390ee458fc1d0b) Importer(2089858483,192608db42251d675da83286b1cce702)
Start importing Assets/Minifantasy_NPCs_Assets/Generic_NPCs/Walk/Head/Facial_Hair/Chin_Strap/Minifantasy_NPCsWalk_FacialHair_ChinStrap_purple.png using Guid(690ad7566646156479390ee458fc1d0b) Importer(2089858483,192608db42251d675da83286b1cce702) (ScriptedImporter) -> (artifact id: 'a5df70d8e0feb057e4612afe26b6fb88') in 0.0251287 seconds
Number of updated asset objects reloaded before import = 0Number of asset objects unloaded after import = 3

========================================================================
Received Import Request.
  Time since last request: 0.000042 seconds.
  path: Assets/Minifantasy_NPCs_Assets/Generic_NPCs/Idle/Head/Hats/Bandana/Minifantasy_NPCsIdle_Hat_Bandana_grey.png
  artifactKey: Guid(460806692a9299f4989f710b8e24792c) Importer(2089858483,192608db42251d675da83286b1cce702)
Start importing Assets/Minifantasy_NPCs_Assets/Generic_NPCs/Idle/Head/Hats/Bandana/Minifantasy_NPCsIdle_Hat_Bandana_grey.png using Guid(460806692a9299f4989f710b8e24792c) Importer(2089858483,192608db42251d675da83286b1cce702) (ScriptedImporter) -> (artifact id: '8306eaf5db5e41b1305571068cda418f') in 0.0435612 seconds
Number of updated asset objects reloaded before import = 0Number of asset objects unloaded after import = 3

========================================================================
Received Import Request.
  Time since last request: 0.000022 seconds.
  path: Assets/Minifantasy_NPCs_Assets/Generic_NPCs/Idle/Head/Hats/Bandana/Minifantasy_NPCsIdle_Hat_Bandana_blackleather.png
  artifactKey: Guid(7c4e3e4f8f09b6b42835346487900afe) Importer(2089858483,192608db42251d675da83286b1cce702)
Start importing Assets/Minifantasy_NPCs_Assets/Generic_NPCs/Idle/Head/Hats/Bandana/Minifantasy_NPCsIdle_Hat_Bandana_blackleather.png using Guid(7c4e3e4f8f09b6b42835346487900afe) Importer(2089858483,192608db42251d675da83286b1cce702) (ScriptedImporter) -> (artifact id: '8cb2805e77990cd3fc2b241c53088af2') in 0.0354854 seconds
Number of updated asset objects reloaded before import = 0Number of asset objects unloaded after import = 3

========================================================================
Received Import Request.
  Time since last request: 0.000023 seconds.
  path: Assets/Minifantasy_NPCs_Assets/Generic_NPCs/Idle/Head/Facial_Hair/LongBeard/Minifantasy_NPCsIdle_FacialHair_LongBeard_purple.png
  artifactKey: Guid(5926247e24ad4404284207dd5bce4211) Importer(2089858483,192608db42251d675da83286b1cce702)
Start importing Assets/Minifantasy_NPCs_Assets/Generic_NPCs/Idle/Head/Facial_Hair/LongBeard/Minifantasy_NPCsIdle_FacialHair_LongBeard_purple.png using Guid(5926247e24ad4404284207dd5bce4211) Importer(2089858483,192608db42251d675da83286b1cce702) (ScriptedImporter) -> (artifact id: '4e41da09f8e7e1387bf8269954d2dc70') in 0.0261669 seconds
Number of updated asset objects reloaded before import = 0Number of asset objects unloaded after import = 3

========================================================================
Received Import Request.
  Time since last request: 0.000028 seconds.
  path: Assets/Minifantasy_NPCs_Assets/Generic_NPCs/Walk/Head/Facial_Hair/LongBeard/Minifantasy_NPCsWalk_FacialHair_LongBeard_brown.png
  artifactKey: Guid(f7199ac479be1c04580d243d09fc722a) Importer(2089858483,192608db42251d675da83286b1cce702)
Start importing Assets/Minifantasy_NPCs_Assets/Generic_NPCs/Walk/Head/Facial_Hair/LongBeard/Minifantasy_NPCsWalk_FacialHair_LongBeard_brown.png using Guid(f7199ac479be1c04580d243d09fc722a) Importer(2089858483,192608db42251d675da83286b1cce702) (ScriptedImporter) -> (artifact id: '8ab9a44d897d3788052c1fa4036e9b48') in 0.0255638 seconds
Number of updated asset objects reloaded before import = 0Number of asset objects unloaded after import = 3

========================================================================
Received Import Request.
  Time since last request: 0.000033 seconds.
  path: Assets/Minifantasy_NPCs_Assets/Generic_NPCs/Walk/Head/Facial_Hair/LongBeard/Minifantasy_NPCsWalk_FacialHair_LongBeard_blonde.png
  artifactKey: Guid(efa95cd1343ea2a4dbe6c0f94bf552d4) Importer(2089858483,192608db42251d675da83286b1cce702)
Start importing Assets/Minifantasy_NPCs_Assets/Generic_NPCs/Walk/Head/Facial_Hair/LongBeard/Minifantasy_NPCsWalk_FacialHair_LongBeard_blonde.png using Guid(efa95cd1343ea2a4dbe6c0f94bf552d4) Importer(2089858483,192608db42251d675da83286b1cce702) (ScriptedImporter) -> (artifact id: 'cdde1cfc9e06b29a55f21ca98ce935a9') in 0.0204137 seconds
Number of updated asset objects reloaded before import = 0Number of asset objects unloaded after import = 3

========================================================================
Received Import Request.
  Time since last request: 0.000017 seconds.
  path: Assets/Minifantasy_NPCs_Assets/Generic_NPCs/Walk/Head/Facial_Hair/Goatee/Minifantasy_NPCsWalk_FacialHair_Goatee_blonde.png
  artifactKey: Guid(117e4e873416332488898cc9c59e004c) Importer(2089858483,192608db42251d675da83286b1cce702)
Start importing Assets/Minifantasy_NPCs_Assets/Generic_NPCs/Walk/Head/Facial_Hair/Goatee/Minifantasy_NPCsWalk_FacialHair_Goatee_blonde.png using Guid(117e4e873416332488898cc9c59e004c) Importer(2089858483,192608db42251d675da83286b1cce702) (ScriptedImporter) -> (artifact id: 'ae856b6e71a49af16532c006013d4f85') in 0.0177345 seconds
Number of updated asset objects reloaded before import = 0Number of asset objects unloaded after import = 3

========================================================================
Received Import Request.
  Time since last request: 0.000021 seconds.
  path: Assets/Minifantasy_NPCs_Assets/Generic_NPCs/Walk/Head/Facial_Hair/Goatee/Minifantasy_NPCsWalk_FacialHair_Goatee_green.png
  artifactKey: Guid(a7c537b66795ddc47b9b9beb898c4b46) Importer(2089858483,192608db42251d675da83286b1cce702)
Start importing Assets/Minifantasy_NPCs_Assets/Generic_NPCs/Walk/Head/Facial_Hair/Goatee/Minifantasy_NPCsWalk_FacialHair_Goatee_green.png using Guid(a7c537b66795ddc47b9b9beb898c4b46) Importer(2089858483,192608db42251d675da83286b1cce702) (ScriptedImporter) -> (artifact id: '1030af29493b64398ce3c915a06e824d') in 0.038503 seconds
Number of updated asset objects reloaded before import = 0Number of asset objects unloaded after import = 3

========================================================================
Received Import Request.
  Time since last request: 0.000028 seconds.
  path: Assets/Minifantasy_NPCs_Assets/Generic_NPCs/Walk/Head/Facial_Hair/LongBeard/Minifantasy_NPCsWalk_FacialHair_LongBeard_purple.png
  artifactKey: Guid(1ce0321f297587140bcd114f7a7a721c) Importer(2089858483,192608db42251d675da83286b1cce702)
Start importing Assets/Minifantasy_NPCs_Assets/Generic_NPCs/Walk/Head/Facial_Hair/LongBeard/Minifantasy_NPCsWalk_FacialHair_LongBeard_purple.png using Guid(1ce0321f297587140bcd114f7a7a721c) Importer(2089858483,192608db42251d675da83286b1cce702) (ScriptedImporter) -> (artifact id: '438d2605f6adf02a8b0ad5f69b2f99ab') in 0.0356985 seconds
Number of updated asset objects reloaded before import = 0Number of asset objects unloaded after import = 3

========================================================================
Received Import Request.
  Time since last request: 0.000041 seconds.
  path: Assets/Minifantasy_NPCs_Assets/Generic_NPCs/Walk/Head/Facial_Hair/Goatee/Minifantasy_NPCsWalk_FacialHair_Goatee_white.png
  artifactKey: Guid(f07a510cd1e0e4b429a71552221148f9) Importer(2089858483,192608db42251d675da83286b1cce702)
Start importing Assets/Minifantasy_NPCs_Assets/Generic_NPCs/Walk/Head/Facial_Hair/Goatee/Minifantasy_NPCsWalk_FacialHair_Goatee_white.png using Guid(f07a510cd1e0e4b429a71552221148f9) Importer(2089858483,192608db42251d675da83286b1cce702) (ScriptedImporter) -> (artifact id: '567dadd4a4a1d265a7aa534bc7486348') in 0.0412691 seconds
Number of updated asset objects reloaded before import = 0Number of asset objects unloaded after import = 3

========================================================================
Received Import Request.
  Time since last request: 0.000056 seconds.
  path: Assets/Minifantasy_NPCs_Assets/Generic_NPCs/Dmg/Body/Blouses/Minifantasy_NPCsDmg_Blouse_lime.png
  artifactKey: Guid(eb56590debf280e4ab25881c95cd2f92) Importer(2089858483,192608db42251d675da83286b1cce702)
Start importing Assets/Minifantasy_NPCs_Assets/Generic_NPCs/Dmg/Body/Blouses/Minifantasy_NPCsDmg_Blouse_lime.png using Guid(eb56590debf280e4ab25881c95cd2f92) Importer(2089858483,192608db42251d675da83286b1cce702) (ScriptedImporter) -> (artifact id: '6f223c46e961e4e90c21156dbbc89967') in 0.0238975 seconds
Number of updated asset objects reloaded before import = 0Number of asset objects unloaded after import = 3

========================================================================
Received Import Request.
  Time since last request: 0.000019 seconds.
  path: Assets/Minifantasy_NPCs_Assets/Generic_NPCs/Walk/Head/Facial_Hair/LongBeard/Minifantasy_NPCsWalk_FacialHair_LongBeard_white.png
  artifactKey: Guid(27d9a51cc6682c14bae890323a78ce92) Importer(2089858483,192608db42251d675da83286b1cce702)
Start importing Assets/Minifantasy_NPCs_Assets/Generic_NPCs/Walk/Head/Facial_Hair/LongBeard/Minifantasy_NPCsWalk_FacialHair_LongBeard_white.png using Guid(27d9a51cc6682c14bae890323a78ce92) Importer(2089858483,192608db42251d675da83286b1cce702) (ScriptedImporter) -> (artifact id: 'dd3cf38c731dae95b12999e77a60969c') in 0.0342074 seconds
Number of updated asset objects reloaded before import = 0Number of asset objects unloaded after import = 3

========================================================================
Received Import Request.
  Time since last request: 0.000023 seconds.
  path: Assets/Minifantasy_NPCs_Assets/Generic_NPCs/Walk/Head/Facial_Hair/Moustache/Minifantasy_NPCsWalk_FacialHair_Moustache_blue.png
  artifactKey: Guid(d11927cf0f6e44344a98774baddb799d) Importer(2089858483,192608db42251d675da83286b1cce702)
Start importing Assets/Minifantasy_NPCs_Assets/Generic_NPCs/Walk/Head/Facial_Hair/Moustache/Minifantasy_NPCsWalk_FacialHair_Moustache_blue.png using Guid(d11927cf0f6e44344a98774baddb799d) Importer(2089858483,192608db42251d675da83286b1cce702) (ScriptedImporter) -> (artifact id: '7373c94b9188d178953b2eb1713459b1') in 0.0258846 seconds
Number of updated asset objects reloaded before import = 0Number of asset objects unloaded after import = 3

========================================================================
Received Import Request.
  Time since last request: 0.000034 seconds.
  path: Assets/Minifantasy_NPCs_Assets/Generic_NPCs/Walk/Head/Hairstyles/Bold/Minifantasy_NPCsWalk_HumanHair_Bold_pink.png
  artifactKey: Guid(8262ef94a3277294b8aafca157d86d41) Importer(2089858483,192608db42251d675da83286b1cce702)
Start importing Assets/Minifantasy_NPCs_Assets/Generic_NPCs/Walk/Head/Hairstyles/Bold/Minifantasy_NPCsWalk_HumanHair_Bold_pink.png using Guid(8262ef94a3277294b8aafca157d86d41) Importer(2089858483,192608db42251d675da83286b1cce702) (ScriptedImporter) -> (artifact id: '6806b49f07f00917ea5d9d6d8bc071fe') in 0.0194135 seconds
Number of updated asset objects reloaded before import = 0Number of asset objects unloaded after import = 3

========================================================================
Received Import Request.
  Time since last request: 0.000021 seconds.
  path: Assets/Minifantasy_NPCs_Assets/Generic_NPCs/Walk/Head/Hairstyles/Bold/Minifantasy_NPCsWalk_HumanHair_Bold_green.png
  artifactKey: Guid(de36f048c21e372488ad9439f7439007) Importer(2089858483,192608db42251d675da83286b1cce702)
Start importing Assets/Minifantasy_NPCs_Assets/Generic_NPCs/Walk/Head/Hairstyles/Bold/Minifantasy_NPCsWalk_HumanHair_Bold_green.png using Guid(de36f048c21e372488ad9439f7439007) Importer(2089858483,192608db42251d675da83286b1cce702) (ScriptedImporter) -> (artifact id: '6264481679105938f8cced6e02aac2f4') in 0.0213105 seconds
Number of updated asset objects reloaded before import = 0Number of asset objects unloaded after import = 3

========================================================================
Received Import Request.
  Time since last request: 0.000018 seconds.
  path: Assets/Minifantasy_NPCs_Assets/Generic_NPCs/Walk/Head/Facial_Hair/Chin_Strap/Minifantasy_NPCsWalk_FacialHair_ChinStrap_brown.png
  artifactKey: Guid(3a20b64f047a7e04ca181b4dee2e3c2c) Importer(2089858483,192608db42251d675da83286b1cce702)
Start importing Assets/Minifantasy_NPCs_Assets/Generic_NPCs/Walk/Head/Facial_Hair/Chin_Strap/Minifantasy_NPCsWalk_FacialHair_ChinStrap_brown.png using Guid(3a20b64f047a7e04ca181b4dee2e3c2c) Importer(2089858483,192608db42251d675da83286b1cce702) (ScriptedImporter) -> (artifact id: '62c3ed4a51b1f4ac7b70cbf27b0d6dee') in 0.0179865 seconds
Number of updated asset objects reloaded before import = 0Number of asset objects unloaded after import = 3

========================================================================
Received Import Request.
  Time since last request: 0.000016 seconds.
  path: Assets/Minifantasy_NPCs_Assets/Generic_NPCs/Idle/Head/Hats/Hood/Minifantasy_NPCsIdle_Hat_Hood_blue.png
  artifactKey: Guid(c3ee48da0efdab34e81686056f0786e9) Importer(2089858483,192608db42251d675da83286b1cce702)
Start importing Assets/Minifantasy_NPCs_Assets/Generic_NPCs/Idle/Head/Hats/Hood/Minifantasy_NPCsIdle_Hat_Hood_blue.png using Guid(c3ee48da0efdab34e81686056f0786e9) Importer(2089858483,192608db42251d675da83286b1cce702) (ScriptedImporter) -> (artifact id: 'b57ee9a89214ef32dc6b4a662c904435') in 0.1511778 seconds
Number of updated asset objects reloaded before import = 0Number of asset objects unloaded after import = 66

========================================================================
Received Import Request.
  Time since last request: 0.000028 seconds.
  path: Assets/Minifantasy_NPCs_Assets/Generic_NPCs/Walk/Head/Hairstyles/Long/Minifantasy_NPCsWalk_HumanHair_Long_purple.png
  artifactKey: Guid(3d99b6c6edb089f40bbb89ac8f947f6b) Importer(2089858483,192608db42251d675da83286b1cce702)
Start importing Assets/Minifantasy_NPCs_Assets/Generic_NPCs/Walk/Head/Hairstyles/Long/Minifantasy_NPCsWalk_HumanHair_Long_purple.png using Guid(3d99b6c6edb089f40bbb89ac8f947f6b) Importer(2089858483,192608db42251d675da83286b1cce702) (ScriptedImporter) -> (artifact id: 'e249de92a567157200d1ee9881ca444c') in 0.0480877 seconds
Number of updated asset objects reloaded before import = 0Number of asset objects unloaded after import = 18

========================================================================
Received Import Request.
  Time since last request: 0.000051 seconds.
  path: Assets/Minifantasy_NPCs_Assets/Generic_NPCs/Walk/Head/Hairstyles/Bubble/Minifantasy_NPCsWalk_HumanHair_Bubble_red.png
  artifactKey: Guid(cdf0c6f65fb61854c8b88ff0f0e2db8b) Importer(2089858483,192608db42251d675da83286b1cce702)
Start importing Assets/Minifantasy_NPCs_Assets/Generic_NPCs/Walk/Head/Hairstyles/Bubble/Minifantasy_NPCsWalk_HumanHair_Bubble_red.png using Guid(cdf0c6f65fb61854c8b88ff0f0e2db8b) Importer(2089858483,192608db42251d675da83286b1cce702) (ScriptedImporter) -> (artifact id: '69328a2e001677e1f60be79a63789878') in 0.0558404 seconds
Number of updated asset objects reloaded before import = 0Number of asset objects unloaded after import = 18

========================================================================
Received Import Request.
  Time since last request: 0.000019 seconds.
  path: Assets/Minifantasy_NPCs_Assets/Generic_NPCs/Walk/Head/Hairstyles/Bubble/Minifantasy_NPCsWalk_HumanHair_Bubble_blue.png
  artifactKey: Guid(046216b8ec26cf643b5a118b295e53bb) Importer(2089858483,192608db42251d675da83286b1cce702)
Start importing Assets/Minifantasy_NPCs_Assets/Generic_NPCs/Walk/Head/Hairstyles/Bubble/Minifantasy_NPCsWalk_HumanHair_Bubble_blue.png using Guid(046216b8ec26cf643b5a118b295e53bb) Importer(2089858483,192608db42251d675da83286b1cce702) (ScriptedImporter) -> (artifact id: '28492b433928a9f0f6592433d4bb5724') in 0.0594756 seconds
Number of updated asset objects reloaded before import = 0Number of asset objects unloaded after import = 18

========================================================================
Received Import Request.
  Time since last request: 0.000019 seconds.
  path: Assets/Minifantasy_NPCs_Assets/Generic_NPCs/Walk/Head/Hairstyles/Mane/Minifantasy_NPCsWalk_HumanHair_Mane_brown.png
  artifactKey: Guid(43df07d5796eff1468e6394cd685dbcc) Importer(2089858483,192608db42251d675da83286b1cce702)
Start importing Assets/Minifantasy_NPCs_Assets/Generic_NPCs/Walk/Head/Hairstyles/Mane/Minifantasy_NPCsWalk_HumanHair_Mane_brown.png using Guid(43df07d5796eff1468e6394cd685dbcc) Importer(2089858483,192608db42251d675da83286b1cce702) (ScriptedImporter) -> (artifact id: '213cda4e044ea5f32e8ecedea7145c11') in 0.0643535 seconds
Number of updated asset objects reloaded before import = 0Number of asset objects unloaded after import = 18

========================================================================
Received Import Request.
  Time since last request: 0.000024 seconds.
  path: Assets/Minifantasy_NPCs_Assets/Generic_NPCs/Walk/Head/Hairstyles/Mohawk/Minifantasy_NPCsWalk_HumanHair_Mohawk_blue.png
  artifactKey: Guid(35cce518411659849a687fd9746f0869) Importer(2089858483,192608db42251d675da83286b1cce702)
Start importing Assets/Minifantasy_NPCs_Assets/Generic_NPCs/Walk/Head/Hairstyles/Mohawk/Minifantasy_NPCsWalk_HumanHair_Mohawk_blue.png using Guid(35cce518411659849a687fd9746f0869) Importer(2089858483,192608db42251d675da83286b1cce702) (ScriptedImporter) -> (artifact id: 'b1ecd10ba12db6bc6f33d48d01756347') in 0.0394959 seconds
Number of updated asset objects reloaded before import = 0Number of asset objects unloaded after import = 18

========================================================================
Received Import Request.
  Time since last request: 0.000035 seconds.
  path: Assets/Minifantasy_NPCs_Assets/Generic_NPCs/Walk/Head/Hairstyles/PonyTail/Minifantasy_NPCsWalk_HumanHair_PonyTail_black.png
  artifactKey: Guid(0cfae6598125c204b8878b9edf89bfc5) Importer(2089858483,192608db42251d675da83286b1cce702)
Start importing Assets/Minifantasy_NPCs_Assets/Generic_NPCs/Walk/Head/Hairstyles/PonyTail/Minifantasy_NPCsWalk_HumanHair_PonyTail_black.png using Guid(0cfae6598125c204b8878b9edf89bfc5) Importer(2089858483,192608db42251d675da83286b1cce702) (ScriptedImporter) -> (artifact id: 'c63c967fe5ed2dc046c28283a3450660') in 0.0660672 seconds
Number of updated asset objects reloaded before import = 0Number of asset objects unloaded after import = 18

========================================================================
Received Import Request.
  Time since last request: 0.000024 seconds.
  path: Assets/Minifantasy_NPCs_Assets/Generic_NPCs/Walk/Head/Hairstyles/Mohawk/Minifantasy_NPCsWalk_HumanHair_Mohawk_turquoise.png
  artifactKey: Guid(ba45805149af6b347983d984ea754b90) Importer(2089858483,192608db42251d675da83286b1cce702)
Start importing Assets/Minifantasy_NPCs_Assets/Generic_NPCs/Walk/Head/Hairstyles/Mohawk/Minifantasy_NPCsWalk_HumanHair_Mohawk_turquoise.png using Guid(ba45805149af6b347983d984ea754b90) Importer(2089858483,192608db42251d675da83286b1cce702) (ScriptedImporter) -> (artifact id: '39555275b835f00e5a57ba0cf4c32061') in 0.0635254 seconds
Number of updated asset objects reloaded before import = 0Number of asset objects unloaded after import = 18

========================================================================
Received Import Request.
  Time since last request: 0.000022 seconds.
  path: Assets/Minifantasy_NPCs_Assets/Generic_NPCs/Walk/Head/Hairstyles/Mane/Minifantasy_NPCsWalk_HumanHair_Mane_purple.png
  artifactKey: Guid(879ab52d04ace2f4c9ffafd3bf89ce23) Importer(2089858483,192608db42251d675da83286b1cce702)
Start importing Assets/Minifantasy_NPCs_Assets/Generic_NPCs/Walk/Head/Hairstyles/Mane/Minifantasy_NPCsWalk_HumanHair_Mane_purple.png using Guid(879ab52d04ace2f4c9ffafd3bf89ce23) Importer(2089858483,192608db42251d675da83286b1cce702) (ScriptedImporter) -> (artifact id: 'cfebced7dd4d9a2ef6bbb26fc9d351d0') in 0.0691808 seconds
Number of updated asset objects reloaded before import = 0Number of asset objects unloaded after import = 18

========================================================================
Received Import Request.
  Time since last request: 0.000056 seconds.
  path: Assets/Minifantasy_NPCs_Assets/Generic_NPCs/Walk/Head/Hairstyles/Mohawk/Minifantasy_NPCsWalk_HumanHair_Mohawk_purple.png
  artifactKey: Guid(dfff9d08d6fdfb4409198b7b21ae33d3) Importer(2089858483,192608db42251d675da83286b1cce702)
Start importing Assets/Minifantasy_NPCs_Assets/Generic_NPCs/Walk/Head/Hairstyles/Mohawk/Minifantasy_NPCsWalk_HumanHair_Mohawk_purple.png using Guid(dfff9d08d6fdfb4409198b7b21ae33d3) Importer(2089858483,192608db42251d675da83286b1cce702) (ScriptedImporter) -> (artifact id: '7979f828e3123a7903fc4bc2d72e5afb') in 0.0578997 seconds
Number of updated asset objects reloaded before import = 0Number of asset objects unloaded after import = 18

========================================================================
Received Import Request.
  Time since last request: 0.000017 seconds.
  path: Assets/Minifantasy_NPCs_Assets/Generic_NPCs/Walk/Head/Hairstyles/Short/Minifantasy_NPCsWalk_HumanHair_Short _blonde.png
  artifactKey: Guid(00b63996ced29fb48808aff5ea87d20d) Importer(2089858483,192608db42251d675da83286b1cce702)
Start importing Assets/Minifantasy_NPCs_Assets/Generic_NPCs/Walk/Head/Hairstyles/Short/Minifantasy_NPCsWalk_HumanHair_Short _blonde.png using Guid(00b63996ced29fb48808aff5ea87d20d) Importer(2089858483,192608db42251d675da83286b1cce702) (ScriptedImporter) -> (artifact id: '0d5ed66b3a11283004a0648f700df668') in 0.0771442 seconds
Number of updated asset objects reloaded before import = 0Number of asset objects unloaded after import = 18

========================================================================
Received Import Request.
  Time since last request: 0.000021 seconds.
  path: Assets/Minifantasy_NPCs_Assets/Generic_NPCs/Walk/Head/Hairstyles/Short/Minifantasy_NPCsWalk_HumanHair_Short _green.png
  artifactKey: Guid(03892d67d1b52b64b8d68520dc0474c1) Importer(2089858483,192608db42251d675da83286b1cce702)
Start importing Assets/Minifantasy_NPCs_Assets/Generic_NPCs/Walk/Head/Hairstyles/Short/Minifantasy_NPCsWalk_HumanHair_Short _green.png using Guid(03892d67d1b52b64b8d68520dc0474c1) Importer(2089858483,192608db42251d675da83286b1cce702) (ScriptedImporter) -> (artifact id: '78d90ca7faaf0d4c65a72cb7616be477') in 0.0575673 seconds
Number of updated asset objects reloaded before import = 0Number of asset objects unloaded after import = 18

========================================================================
Received Import Request.
  Time since last request: 0.000097 seconds.
  path: Assets/Minifantasy_NPCs_Assets/Generic_NPCs/Walk/Head/Hairstyles/Toupee/Minifantasy_NPCsWalk_HumanHair_Toupee_black.png
  artifactKey: Guid(b6e39dea8a7f5bc4dbfe1450dbcdb645) Importer(2089858483,192608db42251d675da83286b1cce702)
Start importing Assets/Minifantasy_NPCs_Assets/Generic_NPCs/Walk/Head/Hairstyles/Toupee/Minifantasy_NPCsWalk_HumanHair_Toupee_black.png using Guid(b6e39dea8a7f5bc4dbfe1450dbcdb645) Importer(2089858483,192608db42251d675da83286b1cce702) (ScriptedImporter) -> (artifact id: '2e0f27ae0cd9389f56d6fc6b7f53e2a9') in 0.0562308 seconds
Number of updated asset objects reloaded before import = 0Number of asset objects unloaded after import = 18

========================================================================
Received Import Request.
  Time since last request: 0.000022 seconds.
  path: Assets/Minifantasy_NPCs_Assets/Generic_NPCs/Walk/Head/Hairstyles/Mane/Minifantasy_NPCsWalk_HumanHair_Mane_white.png
  artifactKey: Guid(0530dd6887420dd45a88dccd121c367f) Importer(2089858483,192608db42251d675da83286b1cce702)
Start importing Assets/Minifantasy_NPCs_Assets/Generic_NPCs/Walk/Head/Hairstyles/Mane/Minifantasy_NPCsWalk_HumanHair_Mane_white.png using Guid(0530dd6887420dd45a88dccd121c367f) Importer(2089858483,192608db42251d675da83286b1cce702) (ScriptedImporter) -> (artifact id: '88201b48fcc36567c65387a0488277b3') in 0.045771 seconds
Number of updated asset objects reloaded before import = 0Number of asset objects unloaded after import = 18

========================================================================
Received Import Request.
  Time since last request: 0.000029 seconds.
  path: Assets/Minifantasy_NPCs_Assets/Generic_NPCs/Walk/Head/Hairstyles/Toupee/Minifantasy_NPCsWalk_HumanHair_Toupee_blue.png
  artifactKey: Guid(a2a45b264ac12464893f06b88e2d67a8) Importer(2089858483,192608db42251d675da83286b1cce702)
Start importing Assets/Minifantasy_NPCs_Assets/Generic_NPCs/Walk/Head/Hairstyles/Toupee/Minifantasy_NPCsWalk_HumanHair_Toupee_blue.png using Guid(a2a45b264ac12464893f06b88e2d67a8) Importer(2089858483,192608db42251d675da83286b1cce702) (ScriptedImporter) -> (artifact id: 'c416fc3ab0dc50a9f1c4f540ec7fbd12') in 0.0530273 seconds
Number of updated asset objects reloaded before import = 0Number of asset objects unloaded after import = 18

========================================================================
Received Import Request.
  Time since last request: 0.000028 seconds.
  path: Assets/Minifantasy_NPCs_Assets/Generic_NPCs/Walk/Head/Hairstyles/Toupee/Minifantasy_NPCsWalk_HumanHair_Toupee_brown.png
  artifactKey: Guid(84a33ed3cdf408d49a76c599633d1fc6) Importer(2089858483,192608db42251d675da83286b1cce702)
Start importing Assets/Minifantasy_NPCs_Assets/Generic_NPCs/Walk/Head/Hairstyles/Toupee/Minifantasy_NPCsWalk_HumanHair_Toupee_brown.png using Guid(84a33ed3cdf408d49a76c599633d1fc6) Importer(2089858483,192608db42251d675da83286b1cce702) (ScriptedImporter) -> (artifact id: 'bec501d61131548f87b715fc78d5c30b') in 0.054598 seconds
Number of updated asset objects reloaded before import = 0Number of asset objects unloaded after import = 18

========================================================================
Received Import Request.
  Time since last request: 0.000034 seconds.
  path: Assets/Minifantasy_NPCs_Assets/Generic_NPCs/Walk/Head/Hats/Bandana/Minifantasy_NPCsWalk_Hat_Bandana_green.png
  artifactKey: Guid(fc79611418e89a04780971cbb2458068) Importer(2089858483,192608db42251d675da83286b1cce702)
Start importing Assets/Minifantasy_NPCs_Assets/Generic_NPCs/Walk/Head/Hats/Bandana/Minifantasy_NPCsWalk_Hat_Bandana_green.png using Guid(fc79611418e89a04780971cbb2458068) Importer(2089858483,192608db42251d675da83286b1cce702) (ScriptedImporter) -> (artifact id: '044d8845c9295b8917ccd114480b8251') in 0.0202795 seconds
Number of updated asset objects reloaded before import = 0Number of asset objects unloaded after import = 3

========================================================================
Received Import Request.
  Time since last request: 0.000025 seconds.
  path: Assets/Minifantasy_NPCs_Assets/Generic_NPCs/Walk/Head/Hairstyles/Toupee/Minifantasy_NPCsWalk_HumanHair_Toupee_turquoise.png
  artifactKey: Guid(b90e7032589c6d54da3ce25be8e44444) Importer(2089858483,192608db42251d675da83286b1cce702)
Start importing Assets/Minifantasy_NPCs_Assets/Generic_NPCs/Walk/Head/Hairstyles/Toupee/Minifantasy_NPCsWalk_HumanHair_Toupee_turquoise.png using Guid(b90e7032589c6d54da3ce25be8e44444) Importer(2089858483,192608db42251d675da83286b1cce702) (ScriptedImporter) -> (artifact id: 'c104bd1e31f7d3afdd342d1bafdf3709') in 0.0751606 seconds
Number of updated asset objects reloaded before import = 0Number of asset objects unloaded after import = 18

========================================================================
Received Import Request.
  Time since last request: 0.000025 seconds.
  path: Assets/Minifantasy_NPCs_Assets/Generic_NPCs/Walk/Head/Hats/Bandana/Minifantasy_NPCsWalk_Hat_Bandana_red.png
  artifactKey: Guid(3aea3ced4fcd71645b8e7b2e2197102a) Importer(2089858483,192608db42251d675da83286b1cce702)
Start importing Assets/Minifantasy_NPCs_Assets/Generic_NPCs/Walk/Head/Hats/Bandana/Minifantasy_NPCsWalk_Hat_Bandana_red.png using Guid(3aea3ced4fcd71645b8e7b2e2197102a) Importer(2089858483,192608db42251d675da83286b1cce702) (ScriptedImporter) -> (artifact id: '6e28210257e9caf7895011923db1a2c5') in 0.0248017 seconds
Number of updated asset objects reloaded before import = 0Number of asset objects unloaded after import = 3

========================================================================
Received Import Request.
  Time since last request: 0.000026 seconds.
  path: Assets/Minifantasy_NPCs_Assets/Generic_NPCs/Walk/Head/Hairstyles/Toupee/Minifantasy_NPCsWalk_HumanHair_Toupee_purple.png
  artifactKey: Guid(220e03de4c466e340ac6a2aaf1631b15) Importer(2089858483,192608db42251d675da83286b1cce702)
Start importing Assets/Minifantasy_NPCs_Assets/Generic_NPCs/Walk/Head/Hairstyles/Toupee/Minifantasy_NPCsWalk_HumanHair_Toupee_purple.png using Guid(220e03de4c466e340ac6a2aaf1631b15) Importer(2089858483,192608db42251d675da83286b1cce702) (ScriptedImporter) -> (artifact id: '3fd92e52513b490821483f64b8ad2772') in 0.068918 seconds
Number of updated asset objects reloaded before import = 0Number of asset objects unloaded after import = 18

========================================================================
Received Import Request.
  Time since last request: 0.000054 seconds.
  path: Assets/Minifantasy_NPCs_Assets/Generic_NPCs/Walk/Head/Hairstyles/PonyTail/Minifantasy_NPCsWalk_HumanHair_PonyTail_white.png
  artifactKey: Guid(ab0e30f5d42ef5945969c789555cd677) Importer(2089858483,192608db42251d675da83286b1cce702)
Start importing Assets/Minifantasy_NPCs_Assets/Generic_NPCs/Walk/Head/Hairstyles/PonyTail/Minifantasy_NPCsWalk_HumanHair_PonyTail_white.png using Guid(ab0e30f5d42ef5945969c789555cd677) Importer(2089858483,192608db42251d675da83286b1cce702) (ScriptedImporter) -> (artifact id: '38745033748b67c5ce9b020bed363fa1') in 0.0988174 seconds
Number of updated asset objects reloaded before import = 0Number of asset objects unloaded after import = 18

========================================================================
Received Import Request.
  Time since last request: 0.000023 seconds.
  path: Assets/Minifantasy_NPCs_Assets/Generic_NPCs/Walk/Head/Hats/CowboyHat/Minifantasy_NPCsWalk_Hat_CowboyHat_blue.png
  artifactKey: Guid(684c5b16ab44d1d4a93b94bc1bdb13d8) Importer(2089858483,192608db42251d675da83286b1cce702)
Start importing Assets/Minifantasy_NPCs_Assets/Generic_NPCs/Walk/Head/Hats/CowboyHat/Minifantasy_NPCsWalk_Hat_CowboyHat_blue.png using Guid(684c5b16ab44d1d4a93b94bc1bdb13d8) Importer(2089858483,192608db42251d675da83286b1cce702) (ScriptedImporter) -> (artifact id: '2bec7b270029fb58a5d388fe6264345c') in 0.0575642 seconds
Number of updated asset objects reloaded before import = 0Number of asset objects unloaded after import = 18

========================================================================
Received Import Request.
  Time since last request: 0.000030 seconds.
  path: Assets/Minifantasy_NPCs_Assets/Generic_NPCs/Walk/Head/Hats/Bandana/Minifantasy_NPCsWalk_Hat_Bandana_yellow.png
  artifactKey: Guid(408dbe46a00d6844b96a47799d2102e1) Importer(2089858483,192608db42251d675da83286b1cce702)
Start importing Assets/Minifantasy_NPCs_Assets/Generic_NPCs/Walk/Head/Hats/Bandana/Minifantasy_NPCsWalk_Hat_Bandana_yellow.png using Guid(408dbe46a00d6844b96a47799d2102e1) Importer(2089858483,192608db42251d675da83286b1cce702) (ScriptedImporter) -> (artifact id: 'b4f929f84c12176b670d3425307c4508') in 0.021678 seconds
Number of updated asset objects reloaded before import = 0Number of asset objects unloaded after import = 3

========================================================================
Received Import Request.
  Time since last request: 0.000036 seconds.
  path: Assets/Minifantasy_NPCs_Assets/Generic_NPCs/Walk/Head/Hats/CowboyHat/Minifantasy_NPCsWalk_Hat_CowboyHat_lime.png
  artifactKey: Guid(8d9e7f6296da6b3408260fe5bcaed946) Importer(2089858483,192608db42251d675da83286b1cce702)
Start importing Assets/Minifantasy_NPCs_Assets/Generic_NPCs/Walk/Head/Hats/CowboyHat/Minifantasy_NPCsWalk_Hat_CowboyHat_lime.png using Guid(8d9e7f6296da6b3408260fe5bcaed946) Importer(2089858483,192608db42251d675da83286b1cce702) (ScriptedImporter) -> (artifact id: '2a08b2cb9f34e728dbbee5d23ac18ddc') in 0.0766888 seconds
Number of updated asset objects reloaded before import = 0Number of asset objects unloaded after import = 18

========================================================================
Received Import Request.
  Time since last request: 0.000612 seconds.
  path: Assets/Minifantasy_NPCs_Assets/Generic_NPCs/Walk/Head/Hats/CowboyHat/Minifantasy_NPCsWalk_Hat_CowboyHat_white.png
  artifactKey: Guid(5d5e47714de7c144b9931b29f27528d6) Importer(2089858483,192608db42251d675da83286b1cce702)
Start importing Assets/Minifantasy_NPCs_Assets/Generic_NPCs/Walk/Head/Hats/CowboyHat/Minifantasy_NPCsWalk_Hat_CowboyHat_white.png using Guid(5d5e47714de7c144b9931b29f27528d6) Importer(2089858483,192608db42251d675da83286b1cce702) (ScriptedImporter) -> (artifact id: '960144a24b9014bc119ccb2bd45cac83') in 0.0647806 seconds
Number of updated asset objects reloaded before import = 0Number of asset objects unloaded after import = 18

========================================================================
Received Import Request.
  Time since last request: 0.000027 seconds.
  path: Assets/Minifantasy_NPCs_Assets/Generic_NPCs/Walk/Head/Hats/FedoraHat/Minifantasy_NPCsWalk_Hat_FedoraHat_purple.png
  artifactKey: Guid(4b3dd2627f8145549b062af192c6b567) Importer(2089858483,192608db42251d675da83286b1cce702)
Start importing Assets/Minifantasy_NPCs_Assets/Generic_NPCs/Walk/Head/Hats/FedoraHat/Minifantasy_NPCsWalk_Hat_FedoraHat_purple.png using Guid(4b3dd2627f8145549b062af192c6b567) Importer(2089858483,192608db42251d675da83286b1cce702) (ScriptedImporter) -> (artifact id: 'da783df8c6dd492061c9bdc043103e58') in 0.0785421 seconds
Number of updated asset objects reloaded before import = 0Number of asset objects unloaded after import = 18

========================================================================
Received Import Request.
  Time since last request: 0.000043 seconds.
  path: Assets/Minifantasy_NPCs_Assets/Generic_NPCs/Walk/Head/Hats/Hood/Minifantasy_NPCsWalk_Hat_Hood_blue.png
  artifactKey: Guid(d6c59350a127740409375b915f4b5914) Importer(2089858483,192608db42251d675da83286b1cce702)
Start importing Assets/Minifantasy_NPCs_Assets/Generic_NPCs/Walk/Head/Hats/Hood/Minifantasy_NPCsWalk_Hat_Hood_blue.png using Guid(d6c59350a127740409375b915f4b5914) Importer(2089858483,192608db42251d675da83286b1cce702) (ScriptedImporter) -> (artifact id: '4635c1037cf07ad79372cbbafba650a6') in 0.0578449 seconds
Number of updated asset objects reloaded before import = 0Number of asset objects unloaded after import = 18

========================================================================
Received Import Request.
  Time since last request: 0.000025 seconds.
  path: Assets/Minifantasy_NPCs_Assets/Generic_NPCs/Walk/Head/Hats/Hood/Minifantasy_NPCsWalk_Hat_Hood_brownleather.png
  artifactKey: Guid(a9bd8599445ba8247b0b17bdb81fb62e) Importer(2089858483,192608db42251d675da83286b1cce702)
Start importing Assets/Minifantasy_NPCs_Assets/Generic_NPCs/Walk/Head/Hats/Hood/Minifantasy_NPCsWalk_Hat_Hood_brownleather.png using Guid(a9bd8599445ba8247b0b17bdb81fb62e) Importer(2089858483,192608db42251d675da83286b1cce702) (ScriptedImporter) -> (artifact id: '4efec43f37226b19eff23785521fea23') in 0.0844051 seconds
Number of updated asset objects reloaded before import = 0Number of asset objects unloaded after import = 18

========================================================================
Received Import Request.
  Time since last request: 0.000029 seconds.
  path: Assets/Minifantasy_NPCs_Assets/Generic_NPCs/Walk/Head/Hats/CowboyHat/Minifantasy_NPCsWalk_Hat_CowboyHat_black.png
  artifactKey: Guid(61496c37dfd7e9043b33b769b986d6ca) Importer(2089858483,192608db42251d675da83286b1cce702)
Start importing Assets/Minifantasy_NPCs_Assets/Generic_NPCs/Walk/Head/Hats/CowboyHat/Minifantasy_NPCsWalk_Hat_CowboyHat_black.png using Guid(61496c37dfd7e9043b33b769b986d6ca) Importer(2089858483,192608db42251d675da83286b1cce702) (ScriptedImporter) -> (artifact id: '56721ad2a47837627dd4577ebd499010') in 0.0712719 seconds
Number of updated asset objects reloaded before import = 0Number of asset objects unloaded after import = 18

========================================================================
Received Import Request.
  Time since last request: 0.000038 seconds.
  path: Assets/Minifantasy_NPCs_Assets/Generic_NPCs/Walk/Head/Hats/LongHat/Minifantasy_NPCsWalk_Hat_LongHat_magenta.png
  artifactKey: Guid(5b24bd2915a7dfb49835fa78e9c91a65) Importer(2089858483,192608db42251d675da83286b1cce702)
Start importing Assets/Minifantasy_NPCs_Assets/Generic_NPCs/Walk/Head/Hats/LongHat/Minifantasy_NPCsWalk_Hat_LongHat_magenta.png using Guid(5b24bd2915a7dfb49835fa78e9c91a65) Importer(2089858483,192608db42251d675da83286b1cce702) (ScriptedImporter) -> (artifact id: 'ccd6b7db5240b519e91365b1ba64a570') in 0.0822436 seconds
Number of updated asset objects reloaded before import = 0Number of asset objects unloaded after import = 18

========================================================================
Received Import Request.
  Time since last request: 0.000025 seconds.
  path: Assets/Minifantasy_NPCs_Assets/Generic_NPCs/Walk/Head/Hats/Hood/Minifantasy_NPCsWalk_Hat_Hood_purple.png
  artifactKey: Guid(e4faca80a3dff1e49b0779ad9b081b7f) Importer(2089858483,192608db42251d675da83286b1cce702)
Start importing Assets/Minifantasy_NPCs_Assets/Generic_NPCs/Walk/Head/Hats/Hood/Minifantasy_NPCsWalk_Hat_Hood_purple.png using Guid(e4faca80a3dff1e49b0779ad9b081b7f) Importer(2089858483,192608db42251d675da83286b1cce702) (ScriptedImporter) -> (artifact id: '6f854ee0a272248a3ea94e48818117e7') in 0.0576585 seconds
Number of updated asset objects reloaded before import = 0Number of asset objects unloaded after import = 18

========================================================================
Received Import Request.
  Time since last request: 0.000024 seconds.
  path: Assets/Minifantasy_NPCs_Assets/Generic_NPCs/Walk/Head/Hats/LongHat/Minifantasy_NPCsWalk_Hat_LongHat_brownleather.png
  artifactKey: Guid(dfd92f57abbd79547b37119a8eb8d3c0) Importer(2089858483,192608db42251d675da83286b1cce702)
Start importing Assets/Minifantasy_NPCs_Assets/Generic_NPCs/Walk/Head/Hats/LongHat/Minifantasy_NPCsWalk_Hat_LongHat_brownleather.png using Guid(dfd92f57abbd79547b37119a8eb8d3c0) Importer(2089858483,192608db42251d675da83286b1cce702) (ScriptedImporter) -> (artifact id: '5534d179507166bd6822a2932eaba86a') in 0.0801633 seconds
Number of updated asset objects reloaded before import = 0Number of asset objects unloaded after import = 18

========================================================================
Received Import Request.
  Time since last request: 0.000036 seconds.
  path: Assets/Minifantasy_NPCs_Assets/Generic_NPCs/Walk/Head/Hats/Hood/Minifantasy_NPCsWalk_Hat_Hood_turquoise.png
  artifactKey: Guid(6776188db2d48524cb480b444058c14e) Importer(2089858483,192608db42251d675da83286b1cce702)
Start importing Assets/Minifantasy_NPCs_Assets/Generic_NPCs/Walk/Head/Hats/Hood/Minifantasy_NPCsWalk_Hat_Hood_turquoise.png using Guid(6776188db2d48524cb480b444058c14e) Importer(2089858483,192608db42251d675da83286b1cce702) (ScriptedImporter) -> (artifact id: '5490a698b26b54f5df2e4f273064185a') in 0.0731111 seconds
Number of updated asset objects reloaded before import = 0Number of asset objects unloaded after import = 18

========================================================================
Received Import Request.
  Time since last request: 0.000034 seconds.
  path: Assets/Minifantasy_NPCs_Assets/Generic_NPCs/Walk/Head/Hats/PompomBeanie/Minifantasy_NPCsWalk_Hat_PomPomBeanie_purple.png
  artifactKey: Guid(e0cfff69325689445a16762efdb814c4) Importer(2089858483,192608db42251d675da83286b1cce702)
Start importing Assets/Minifantasy_NPCs_Assets/Generic_NPCs/Walk/Head/Hats/PompomBeanie/Minifantasy_NPCsWalk_Hat_PomPomBeanie_purple.png using Guid(e0cfff69325689445a16762efdb814c4) Importer(2089858483,192608db42251d675da83286b1cce702) (ScriptedImporter) -> (artifact id: '30951d2cf573245319b8abbeacf95813') in 0.0393134 seconds
Number of updated asset objects reloaded before import = 0Number of asset objects unloaded after import = 18

========================================================================
Received Import Request.
  Time since last request: 0.000022 seconds.
  path: Assets/Minifantasy_NPCs_Assets/Generic_NPCs/Walk/Head/Hats/PompomBeanie/Minifantasy_NPCsWalk_Hat_PomPomBeanie_lime.png
  artifactKey: Guid(c7aa8a09f6ee33f4bab639cfb754fef1) Importer(2089858483,192608db42251d675da83286b1cce702)
Start importing Assets/Minifantasy_NPCs_Assets/Generic_NPCs/Walk/Head/Hats/PompomBeanie/Minifantasy_NPCsWalk_Hat_PomPomBeanie_lime.png using Guid(c7aa8a09f6ee33f4bab639cfb754fef1) Importer(2089858483,192608db42251d675da83286b1cce702) (ScriptedImporter) -> (artifact id: '5f134da0fa57c425f7d383ce42a5a61c') in 0.0533367 seconds
Number of updated asset objects reloaded before import = 0Number of asset objects unloaded after import = 18

========================================================================
Received Import Request.
  Time since last request: 0.000173 seconds.
  path: Assets/Minifantasy_NPCs_Assets/Generic_NPCs/Walk/Head/Hats/LongHat/Minifantasy_NPCsWalk_Hat_LongHat_turquoise.png
  artifactKey: Guid(a146a959729b07249ab2d47b6ccb2bd7) Importer(2089858483,192608db42251d675da83286b1cce702)
Start importing Assets/Minifantasy_NPCs_Assets/Generic_NPCs/Walk/Head/Hats/LongHat/Minifantasy_NPCsWalk_Hat_LongHat_turquoise.png using Guid(a146a959729b07249ab2d47b6ccb2bd7) Importer(2089858483,192608db42251d675da83286b1cce702) (ScriptedImporter) -> (artifact id: '3d3ea082fd1d23619cf4a988c3e9ad6b') in 0.0516474 seconds
Number of updated asset objects reloaded before import = 0Number of asset objects unloaded after import = 18

========================================================================
Received Import Request.
  Time since last request: 0.000037 seconds.
  path: Assets/Minifantasy_NPCs_Assets/Generic_NPCs/Walk/Head/Hats/LongHat/Minifantasy_NPCsWalk_Hat_LongHat_red.png
  artifactKey: Guid(a558ebf0632dbc04e9c3d637a103f1f9) Importer(2089858483,192608db42251d675da83286b1cce702)
Start importing Assets/Minifantasy_NPCs_Assets/Generic_NPCs/Walk/Head/Hats/LongHat/Minifantasy_NPCsWalk_Hat_LongHat_red.png using Guid(a558ebf0632dbc04e9c3d637a103f1f9) Importer(2089858483,192608db42251d675da83286b1cce702) (ScriptedImporter) -> (artifact id: '01b62eec25ea7867505866ea5e825dee') in 0.0557798 seconds
Number of updated asset objects reloaded before import = 0Number of asset objects unloaded after import = 18

========================================================================
Received Import Request.
  Time since last request: 0.000030 seconds.
  path: Assets/Minifantasy_NPCs_Assets/Generic_NPCs/Walk/Head/Hats/FedoraHat/Minifantasy_NPCsWalk_Hat_FedoraHat_yellow.png
  artifactKey: Guid(342e55d66470a6e4e9d6b11a649c52b2) Importer(2089858483,192608db42251d675da83286b1cce702)
Start importing Assets/Minifantasy_NPCs_Assets/Generic_NPCs/Walk/Head/Hats/FedoraHat/Minifantasy_NPCsWalk_Hat_FedoraHat_yellow.png using Guid(342e55d66470a6e4e9d6b11a649c52b2) Importer(2089858483,192608db42251d675da83286b1cce702) (ScriptedImporter) -> (artifact id: '6a66fae631ab52d56cb41651d1657069') in 0.0556233 seconds
Number of updated asset objects reloaded before import = 0Number of asset objects unloaded after import = 18

========================================================================
Received Import Request.
  Time since last request: 0.000019 seconds.
  path: Assets/Minifantasy_NPCs_Assets/Generic_NPCs/Walk/Head/Hats/RangerHat/Minifantasy_NPCsWalk_Hat_RangerHat_green.png
  artifactKey: Guid(4fc1a300d6fab5943bee32c12eae675e) Importer(2089858483,192608db42251d675da83286b1cce702)
Start importing Assets/Minifantasy_NPCs_Assets/Generic_NPCs/Walk/Head/Hats/RangerHat/Minifantasy_NPCsWalk_Hat_RangerHat_green.png using Guid(4fc1a300d6fab5943bee32c12eae675e) Importer(2089858483,192608db42251d675da83286b1cce702) (ScriptedImporter) -> (artifact id: 'f26a2b85a23aa5e71308fcdee995c1f3') in 0.0536054 seconds
Number of updated asset objects reloaded before import = 0Number of asset objects unloaded after import = 18

========================================================================
Received Import Request.
  Time since last request: 0.000037 seconds.
  path: Assets/Minifantasy_NPCs_Assets/Generic_NPCs/Walk/Head/Hats/RangerHat/Minifantasy_NPCsWalk_Hat_RangerHat_blackleather.png
  artifactKey: Guid(0077a8fdf4778a746bf83c0d92d6138a) Importer(2089858483,192608db42251d675da83286b1cce702)
Start importing Assets/Minifantasy_NPCs_Assets/Generic_NPCs/Walk/Head/Hats/RangerHat/Minifantasy_NPCsWalk_Hat_RangerHat_blackleather.png using Guid(0077a8fdf4778a746bf83c0d92d6138a) Importer(2089858483,192608db42251d675da83286b1cce702) (ScriptedImporter) -> (artifact id: '295e5528d80df4ed680dc5f9ae136efa') in 0.0595034 seconds
Number of updated asset objects reloaded before import = 0Number of asset objects unloaded after import = 18

========================================================================
Received Import Request.
  Time since last request: 0.000025 seconds.
  path: Assets/Minifantasy_NPCs_Assets/Generic_NPCs/Walk/Head/Hats/RangerHat/Minifantasy_NPCsWalk_Hat_RangerHat_blue.png
  artifactKey: Guid(76ffc1f04ef9f2d4a9bd51671635640d) Importer(2089858483,192608db42251d675da83286b1cce702)
Start importing Assets/Minifantasy_NPCs_Assets/Generic_NPCs/Walk/Head/Hats/RangerHat/Minifantasy_NPCsWalk_Hat_RangerHat_blue.png using Guid(76ffc1f04ef9f2d4a9bd51671635640d) Importer(2089858483,192608db42251d675da83286b1cce702) (ScriptedImporter) -> (artifact id: 'c44f18814b81634384467608df92f4b6') in 0.0549453 seconds
Number of updated asset objects reloaded before import = 0Number of asset objects unloaded after import = 18

========================================================================
Received Import Request.
  Time since last request: 0.000022 seconds.
  path: Assets/Minifantasy_NPCs_Assets/Generic_NPCs/Walk/Head/Hats/RangerHat/Minifantasy_NPCsWalk_Hat_RangerHat_black.png
  artifactKey: Guid(fdfd13f21186211459ffe20d046d8ea1) Importer(2089858483,192608db42251d675da83286b1cce702)
Start importing Assets/Minifantasy_NPCs_Assets/Generic_NPCs/Walk/Head/Hats/RangerHat/Minifantasy_NPCsWalk_Hat_RangerHat_black.png using Guid(fdfd13f21186211459ffe20d046d8ea1) Importer(2089858483,192608db42251d675da83286b1cce702) (ScriptedImporter) -> (artifact id: '20aaa4c4bd0fed4f05ad515270c1db81') in 0.053461 seconds
Number of updated asset objects reloaded before import = 0Number of asset objects unloaded after import = 18

========================================================================
Received Import Request.
  Time since last request: 0.000040 seconds.
  path: Assets/Minifantasy_NPCs_Assets/Generic_NPCs/Walk/Head/Hats/TrapperHat/Minifantasy_NPCsWalk_Hat_TrapperHat_black.png
  artifactKey: Guid(c35958f8351425a40a020af375321004) Importer(2089858483,192608db42251d675da83286b1cce702)
Start importing Assets/Minifantasy_NPCs_Assets/Generic_NPCs/Walk/Head/Hats/TrapperHat/Minifantasy_NPCsWalk_Hat_TrapperHat_black.png using Guid(c35958f8351425a40a020af375321004) Importer(2089858483,192608db42251d675da83286b1cce702) (ScriptedImporter) -> (artifact id: '6725fd19cb3b50c2100ad6332118b43f') in 0.0561283 seconds
Number of updated asset objects reloaded before import = 0Number of asset objects unloaded after import = 18

========================================================================
Received Import Request.
  Time since last request: 0.000018 seconds.
  path: Assets/Minifantasy_NPCs_Assets/Generic_NPCs/Walk/Head/Hats/TrapperHat/Minifantasy_NPCsWalk_Hat_TrapperHat_white.png
  artifactKey: Guid(68376e03a8849724790ffe423cabe325) Importer(2089858483,192608db42251d675da83286b1cce702)
Start importing Assets/Minifantasy_NPCs_Assets/Generic_NPCs/Walk/Head/Hats/TrapperHat/Minifantasy_NPCsWalk_Hat_TrapperHat_white.png using Guid(68376e03a8849724790ffe423cabe325) Importer(2089858483,192608db42251d675da83286b1cce702) (ScriptedImporter) -> (artifact id: 'bf6b2fb5fb339d664f2be33ddb4b0927') in 0.0523482 seconds
Number of updated asset objects reloaded before import = 0Number of asset objects unloaded after import = 18

========================================================================
Received Import Request.
  Time since last request: 0.000027 seconds.
  path: Assets/Plugins/Sirenix/Odin Inspector/Assets/Editor/Hidden/LazyEditorIconShader.shader
  artifactKey: Guid(2ad0a53eacb91bd4fbe0dc668bf25e6f) Importer(2089858483,192608db42251d675da83286b1cce702)
Start importing Assets/Plugins/Sirenix/Odin Inspector/Assets/Editor/Hidden/LazyEditorIconShader.shader using Guid(2ad0a53eacb91bd4fbe0dc668bf25e6f) Importer(2089858483,192608db42251d675da83286b1cce702) (ScriptedImporter) -> (artifact id: '06e2e68fce140a43a9023c55ed68f73a') in 0.0108738 seconds
Number of updated asset objects reloaded before import = 0Number of asset objects unloaded after import = 1

========================================================================
Received Import Request.
  Time since last request: 0.000031 seconds.
  path: Assets/Minifantasy_NPCs_Assets/Generic_NPCs/Walk/Head/Hats/TrapperHat/Minifantasy_NPCsWalk_Hat_TrapperHat_green.png
  artifactKey: Guid(4f9d2d2647f5ca9449b9a2382b38bae3) Importer(2089858483,192608db42251d675da83286b1cce702)
Start importing Assets/Minifantasy_NPCs_Assets/Generic_NPCs/Walk/Head/Hats/TrapperHat/Minifantasy_NPCsWalk_Hat_TrapperHat_green.png using Guid(4f9d2d2647f5ca9449b9a2382b38bae3) Importer(2089858483,192608db42251d675da83286b1cce702) (ScriptedImporter) -> (artifact id: '028c05389f6b4646be39a79486c4cad4') in 0.06741 seconds
Number of updated asset objects reloaded before import = 0Number of asset objects unloaded after import = 18

========================================================================
Received Import Request.
  Time since last request: 0.000029 seconds.
  path: Assets/Minifantasy_NPCs_Assets/Generic_NPCs/Walk/Head/Hats/TrapperHat/Minifantasy_NPCsWalk_Hat_TrapperHat_brownleather.png
  artifactKey: Guid(e91fd59abb914ee4b963fc7db3268508) Importer(2089858483,192608db42251d675da83286b1cce702)
Start importing Assets/Minifantasy_NPCs_Assets/Generic_NPCs/Walk/Head/Hats/TrapperHat/Minifantasy_NPCsWalk_Hat_TrapperHat_brownleather.png using Guid(e91fd59abb914ee4b963fc7db3268508) Importer(2089858483,192608db42251d675da83286b1cce702) (ScriptedImporter) -> (artifact id: '1b3924f66f0dac78772452526a76c1f2') in 0.042901 seconds
Number of updated asset objects reloaded before import = 0Number of asset objects unloaded after import = 18

========================================================================
Received Import Request.
  Time since last request: 0.000024 seconds.
  path: Assets/Plugins/Sirenix/Odin Inspector/Modules/Unity.Addressables/Internal/OdinAddressableReflectionValidator.cs
  artifactKey: Guid(97bf306f5a4249b192921db9152934f6) Importer(2089858483,192608db42251d675da83286b1cce702)
Start importing Assets/Plugins/Sirenix/Odin Inspector/Modules/Unity.Addressables/Internal/OdinAddressableReflectionValidator.cs using Guid(97bf306f5a4249b192921db9152934f6) Importer(2089858483,192608db42251d675da83286b1cce702) (ScriptedImporter) -> (artifact id: '6f9d3448824a3a18b7a53431278c77ca') in 0.0059443 seconds
Number of updated asset objects reloaded before import = 0Number of asset objects unloaded after import = 0

========================================================================
Received Import Request.
  Time since last request: 0.000028 seconds.
  path: Assets/Minifantasy_NPCs_Assets/Generic_NPCs/Idle/Head/Hats/PompomBeanie/Minifantasy_NPCsIdle_Hat_PomPomBeanie_lime.png
  artifactKey: Guid(1d15b3810d0bb4141b0cb4b7fee993e5) Importer(2089858483,192608db42251d675da83286b1cce702)
Start importing Assets/Minifantasy_NPCs_Assets/Generic_NPCs/Idle/Head/Hats/PompomBeanie/Minifantasy_NPCsIdle_Hat_PomPomBeanie_lime.png using Guid(1d15b3810d0bb4141b0cb4b7fee993e5) Importer(2089858483,192608db42251d675da83286b1cce702) (ScriptedImporter) -> (artifact id: 'e90a7173546b2b8467a9b3a9f474e8ce') in 0.1864082 seconds
Number of updated asset objects reloaded before import = 0Number of asset objects unloaded after import = 66

========================================================================
Received Import Request.
  Time since last request: 0.000023 seconds.
  path: Assets/Plugins/Sirenix/Odin Inspector/Modules/Unity.Addressables/Validators/AssetReferenceValidator.cs
  artifactKey: Guid(b44b08a1f58a83149988fde5ac600fe4) Importer(2089858483,192608db42251d675da83286b1cce702)
Start importing Assets/Plugins/Sirenix/Odin Inspector/Modules/Unity.Addressables/Validators/AssetReferenceValidator.cs using Guid(b44b08a1f58a83149988fde5ac600fe4) Importer(2089858483,192608db42251d675da83286b1cce702) (ScriptedImporter) -> (artifact id: '981734e9050f86a07affac14ad58417c') in 0.0060037 seconds
Number of updated asset objects reloaded before import = 0Number of asset objects unloaded after import = 0

========================================================================
Received Import Request.
  Time since last request: 0.000038 seconds.
  path: Assets/Minifantasy_NPCs_Assets/Generic_NPCs/Dmg/Head/Hairstyles/PonyTail/Minifantasy_NPCsDmg_HumanHair_PonyTail_purple.png
  artifactKey: Guid(9c0e9ec51939eb4469121f942da5644c) Importer(2089858483,192608db42251d675da83286b1cce702)
Start importing Assets/Minifantasy_NPCs_Assets/Generic_NPCs/Dmg/Head/Hairstyles/PonyTail/Minifantasy_NPCsDmg_HumanHair_PonyTail_purple.png using Guid(9c0e9ec51939eb4469121f942da5644c) Importer(2089858483,192608db42251d675da83286b1cce702) (ScriptedImporter) -> (artifact id: '02295fd60259e3bf40da7efb8449be96') in 0.068535 seconds
Number of updated asset objects reloaded before import = 0Number of asset objects unloaded after import = 18

========================================================================
Received Import Request.
  Time since last request: 0.000022 seconds.
  path: Assets/Minifantasy_NPCs_Assets/Generic_NPCs/Dmg/Head/Hats/RangerHat/Minifantasy_NPCsDmg_Hat_RangerHat_turquoise.png
  artifactKey: Guid(bcbe51279e3ad6046854eb8057a63213) Importer(2089858483,192608db42251d675da83286b1cce702)
Start importing Assets/Minifantasy_NPCs_Assets/Generic_NPCs/Dmg/Head/Hats/RangerHat/Minifantasy_NPCsDmg_Hat_RangerHat_turquoise.png using Guid(bcbe51279e3ad6046854eb8057a63213) Importer(2089858483,192608db42251d675da83286b1cce702) (ScriptedImporter) -> (artifact id: '210d684854e5782eb07e7ed00403bfce') in 0.0882158 seconds
Number of updated asset objects reloaded before import = 0Number of asset objects unloaded after import = 18

========================================================================
Received Import Request.
  Time since last request: 0.000027 seconds.
  path: Assets/Minifantasy_NPCs_Assets/Generic_NPCs/Die/Head/Hairstyles/Long/Minifantasy_NPCsDie_HumanHair_Long_purple.png
  artifactKey: Guid(c53f052139358ce41ba0fb01a466d11a) Importer(2089858483,192608db42251d675da83286b1cce702)
Start importing Assets/Minifantasy_NPCs_Assets/Generic_NPCs/Die/Head/Hairstyles/Long/Minifantasy_NPCsDie_HumanHair_Long_purple.png using Guid(c53f052139358ce41ba0fb01a466d11a) Importer(2089858483,192608db42251d675da83286b1cce702) (ScriptedImporter) -> (artifact id: '4ab87b9c88c6bb0e2ed06886305676ab') in 0.0560143 seconds
Number of updated asset objects reloaded before import = 0Number of asset objects unloaded after import = 10

========================================================================
Received Import Request.
  Time since last request: 0.000049 seconds.
  path: Assets/Minifantasy_NPCs_Assets/Generic_NPCs/Die/Head/Hairstyles/Toupee/Minifantasy_NPCsDie_HumanHair_Toupee_white.png
  artifactKey: Guid(94da9aaaeef649a44b86f9c70e14a079) Importer(2089858483,192608db42251d675da83286b1cce702)
Start importing Assets/Minifantasy_NPCs_Assets/Generic_NPCs/Die/Head/Hairstyles/Toupee/Minifantasy_NPCsDie_HumanHair_Toupee_white.png using Guid(94da9aaaeef649a44b86f9c70e14a079) Importer(2089858483,192608db42251d675da83286b1cce702) (ScriptedImporter) -> (artifact id: '977506ca87a88af773b7cc6107f76aa1') in 0.0416522 seconds
Number of updated asset objects reloaded before import = 0Number of asset objects unloaded after import = 9

========================================================================
Received Import Request.
  Time since last request: 0.000019 seconds.
  path: Assets/Minifantasy_NPCs_Assets/Generic_NPCs/Die/Head/Hairstyles/Mane/Minifantasy_NPCsDie_HumanHair_Mane_purple.png
  artifactKey: Guid(494946138995e5747bd1c881781a78eb) Importer(2089858483,192608db42251d675da83286b1cce702)
Start importing Assets/Minifantasy_NPCs_Assets/Generic_NPCs/Die/Head/Hairstyles/Mane/Minifantasy_NPCsDie_HumanHair_Mane_purple.png using Guid(494946138995e5747bd1c881781a78eb) Importer(2089858483,192608db42251d675da83286b1cce702) (ScriptedImporter) -> (artifact id: '45da0eeba0ad65d0515e5da83e108d48') in 0.0475135 seconds
Number of updated asset objects reloaded before import = 0Number of asset objects unloaded after import = 12

========================================================================
Received Import Request.
  Time since last request: 0.000023 seconds.
  path: Assets/Minifantasy_NPCs_Assets/Generic_NPCs/Dmg/Head/Hairstyles/PonyTail/Minifantasy_NPCsDmg_HumanHair_PonyTail_black.png
  artifactKey: Guid(0798935399235b743a03ff75f8efd9e4) Importer(2089858483,192608db42251d675da83286b1cce702)
Start importing Assets/Minifantasy_NPCs_Assets/Generic_NPCs/Dmg/Head/Hairstyles/PonyTail/Minifantasy_NPCsDmg_HumanHair_PonyTail_black.png using Guid(0798935399235b743a03ff75f8efd9e4) Importer(2089858483,192608db42251d675da83286b1cce702) (ScriptedImporter) -> (artifact id: '662f8f9e5fd1db69eb055c54d1581275') in 0.0622358 seconds
Number of updated asset objects reloaded before import = 0Number of asset objects unloaded after import = 18

========================================================================
Received Import Request.
  Time since last request: 0.000073 seconds.
  path: Assets/Minifantasy_NPCs_Assets/Generic_NPCs/Dmg/Head/Facial_Hair/Chin_Curtain/Minifantasy_NPCsDmg_FacialHair_ChinCurtain_purple.png
  artifactKey: Guid(12554209120807c45930c29461b8ac57) Importer(2089858483,192608db42251d675da83286b1cce702)
Start importing Assets/Minifantasy_NPCs_Assets/Generic_NPCs/Dmg/Head/Facial_Hair/Chin_Curtain/Minifantasy_NPCsDmg_FacialHair_ChinCurtain_purple.png using Guid(12554209120807c45930c29461b8ac57) Importer(2089858483,192608db42251d675da83286b1cce702) (ScriptedImporter) -> (artifact id: 'fe4f3c460bacf695a4eab7c0506bfe0c') in 0.0257336 seconds
Number of updated asset objects reloaded before import = 0Number of asset objects unloaded after import = 3

========================================================================
Received Import Request.
  Time since last request: 0.000041 seconds.
  path: Assets/Minifantasy_NPCs_Assets/Generic_NPCs/Die/Head/Hats/Hood/Minifantasy_NPCsDie_Hat_Hood_white.png
  artifactKey: Guid(9281ac7dd3ea9e5449522a040d3ff46a) Importer(2089858483,192608db42251d675da83286b1cce702)
Start importing Assets/Minifantasy_NPCs_Assets/Generic_NPCs/Die/Head/Hats/Hood/Minifantasy_NPCsDie_Hat_Hood_white.png using Guid(9281ac7dd3ea9e5449522a040d3ff46a) Importer(2089858483,192608db42251d675da83286b1cce702) (ScriptedImporter) -> (artifact id: '6a96f51fc04148d2a22c5f5289fef9d2') in 0.0462626 seconds
Number of updated asset objects reloaded before import = 0Number of asset objects unloaded after import = 11

========================================================================
Received Import Request.
  Time since last request: 0.000023 seconds.
  path: Assets/Minifantasy_NPCs_Assets/Generic_NPCs/Die/Head/Hairstyles/Long/Minifantasy_NPCsDie_HumanHair_Long_white.png
  artifactKey: Guid(348f54b815976f040a08c125ec54c75c) Importer(2089858483,192608db42251d675da83286b1cce702)
Start importing Assets/Minifantasy_NPCs_Assets/Generic_NPCs/Die/Head/Hairstyles/Long/Minifantasy_NPCsDie_HumanHair_Long_white.png using Guid(348f54b815976f040a08c125ec54c75c) Importer(2089858483,192608db42251d675da83286b1cce702) (ScriptedImporter) -> (artifact id: 'f5731052738143b98e6c39f6a6f45ab2') in 0.0366617 seconds
Number of updated asset objects reloaded before import = 0Number of asset objects unloaded after import = 10

========================================================================
Received Import Request.
  Time since last request: 0.000020 seconds.
  path: Assets/Minifantasy_NPCs_Assets/Generic_NPCs/Walk/Head/Hats/Bandana/Minifantasy_NPCsWalk_Hat_Bandana_turquoise.png
  artifactKey: Guid(e93a9c47ead802c429744d67a932976a) Importer(2089858483,192608db42251d675da83286b1cce702)
Start importing Assets/Minifantasy_NPCs_Assets/Generic_NPCs/Walk/Head/Hats/Bandana/Minifantasy_NPCsWalk_Hat_Bandana_turquoise.png using Guid(e93a9c47ead802c429744d67a932976a) Importer(2089858483,192608db42251d675da83286b1cce702) (ScriptedImporter) -> (artifact id: '606be26a6ff04995c8cdec551cb9098e') in 0.034437 seconds
Number of updated asset objects reloaded before import = 0Number of asset objects unloaded after import = 3

========================================================================
Received Import Request.
  Time since last request: 0.000042 seconds.
  path: Assets/Minifantasy_NPCs_Assets/Generic_NPCs/Dmg/Head/Hats/CowboyHat/Minifantasy_NPCsDmg_Hat_CowboyHat_yellow.png
  artifactKey: Guid(dea7c83794fce55469ababdaeeeea1c6) Importer(2089858483,192608db42251d675da83286b1cce702)
Start importing Assets/Minifantasy_NPCs_Assets/Generic_NPCs/Dmg/Head/Hats/CowboyHat/Minifantasy_NPCsDmg_Hat_CowboyHat_yellow.png using Guid(dea7c83794fce55469ababdaeeeea1c6) Importer(2089858483,192608db42251d675da83286b1cce702) (ScriptedImporter) -> (artifact id: '96e0d007482f60c23719b61dae8cb271') in 0.0981337 seconds
Number of updated asset objects reloaded before import = 0Number of asset objects unloaded after import = 18

========================================================================
Received Import Request.
  Time since last request: 0.000073 seconds.
  path: Assets/Minifantasy_NPCs_Assets/Generic_NPCs/Dmg/Head/Hats/FedoraHat/Minifantasy_NPCsDmg_Hat_FedoraHat_turquoise.png
  artifactKey: Guid(b196957f013ccf14f92068a7b98e7fd4) Importer(2089858483,192608db42251d675da83286b1cce702)
Start importing Assets/Minifantasy_NPCs_Assets/Generic_NPCs/Dmg/Head/Hats/FedoraHat/Minifantasy_NPCsDmg_Hat_FedoraHat_turquoise.png using Guid(b196957f013ccf14f92068a7b98e7fd4) Importer(2089858483,192608db42251d675da83286b1cce702) (ScriptedImporter) -> (artifact id: 'bbd2dfc4575f446b91fe5471c17ba038') in 0.070376 seconds
Number of updated asset objects reloaded before import = 0Number of asset objects unloaded after import = 18

========================================================================
Received Import Request.
  Time since last request: 0.000029 seconds.
  path: Assets/Minifantasy_NPCs_Assets/Generic_NPCs/Dmg/Body/Shoes/Minifantasy_NPCsDmg_Shoes_orange.png
  artifactKey: Guid(683c6fc8c4e78764eb3917b99f4128cf) Importer(2089858483,192608db42251d675da83286b1cce702)
Start importing Assets/Minifantasy_NPCs_Assets/Generic_NPCs/Dmg/Body/Shoes/Minifantasy_NPCsDmg_Shoes_orange.png using Guid(683c6fc8c4e78764eb3917b99f4128cf) Importer(2089858483,192608db42251d675da83286b1cce702) (ScriptedImporter) -> (artifact id: '03d5c9375f0d6e9401cb2c00f79c5379') in 0.0245961 seconds
Number of updated asset objects reloaded before import = 0Number of asset objects unloaded after import = 3

========================================================================
Received Import Request.
  Time since last request: 0.000030 seconds.
  path: Assets/Minifantasy_NPCs_Assets/Generic_NPCs/Die/Head/Hats/CowboyHat/Minifantasy_NPCsDie_Hat_CowboyHat_lime.png
  artifactKey: Guid(b3b9e10603ff6e340bb9e91cb26dac4f) Importer(2089858483,192608db42251d675da83286b1cce702)
Start importing Assets/Minifantasy_NPCs_Assets/Generic_NPCs/Die/Head/Hats/CowboyHat/Minifantasy_NPCsDie_Hat_CowboyHat_lime.png using Guid(b3b9e10603ff6e340bb9e91cb26dac4f) Importer(2089858483,192608db42251d675da83286b1cce702) (ScriptedImporter) -> (artifact id: '94d692248fdd15314053b2fe0bf9739e') in 0.0450357 seconds
Number of updated asset objects reloaded before import = 0Number of asset objects unloaded after import = 12

========================================================================
Received Import Request.
  Time since last request: 0.000051 seconds.
  path: Assets/Minifantasy_NPCs_Assets/Generic_NPCs/Dmg/Body/Togas/Minifantasy_NPCsDmg_Toga_turquoise.png
  artifactKey: Guid(6a532ce6f042df24da870a38ce298efc) Importer(2089858483,192608db42251d675da83286b1cce702)
Start importing Assets/Minifantasy_NPCs_Assets/Generic_NPCs/Dmg/Body/Togas/Minifantasy_NPCsDmg_Toga_turquoise.png using Guid(6a532ce6f042df24da870a38ce298efc) Importer(2089858483,192608db42251d675da83286b1cce702) (ScriptedImporter) -> (artifact id: '9836bdf12eb31c320daba530a9effdbf') in 0.0230824 seconds
Number of updated asset objects reloaded before import = 0Number of asset objects unloaded after import = 3

========================================================================
Received Import Request.
  Time since last request: 0.000023 seconds.
  path: Assets/Minifantasy_NPCs_Assets/Generic_NPCs/Idle/Body/Jacket/Minifantasy_NPCsIdle_Jacket_blue.png
  artifactKey: Guid(558184fa9989dd14092ccce64af30f02) Importer(2089858483,192608db42251d675da83286b1cce702)
Start importing Assets/Minifantasy_NPCs_Assets/Generic_NPCs/Idle/Body/Jacket/Minifantasy_NPCsIdle_Jacket_blue.png using Guid(558184fa9989dd14092ccce64af30f02) Importer(2089858483,192608db42251d675da83286b1cce702) (ScriptedImporter) -> (artifact id: '21b4133807e7f275643b157e35b2b7e1') in 0.024867 seconds
Number of updated asset objects reloaded before import = 0Number of asset objects unloaded after import = 3

========================================================================
Received Import Request.
  Time since last request: 0.000021 seconds.
  path: Assets/Minifantasy_NPCs_Assets/Generic_NPCs/Idle/Body/Doublets/Minifantasy_NPCsIdle_Doublet_purple.png
  artifactKey: Guid(bb28ee0825e86394bb5e3a1025a8c9e1) Importer(2089858483,192608db42251d675da83286b1cce702)
Start importing Assets/Minifantasy_NPCs_Assets/Generic_NPCs/Idle/Body/Doublets/Minifantasy_NPCsIdle_Doublet_purple.png using Guid(bb28ee0825e86394bb5e3a1025a8c9e1) Importer(2089858483,192608db42251d675da83286b1cce702) (ScriptedImporter) -> (artifact id: 'b90c3f4469b1a9e9090e0e6893d65313') in 0.0201915 seconds
Number of updated asset objects reloaded before import = 0Number of asset objects unloaded after import = 3

========================================================================
Received Import Request.
  Time since last request: 0.000047 seconds.
  path: Assets/Minifantasy_NPCs_Assets/Generic_NPCs/Walk/Body/Trousers/Minifantasy_NPCsWalk_Trousers_magenta.png
  artifactKey: Guid(6d6fe19f36f817041bcd94d0e8bb2fae) Importer(2089858483,192608db42251d675da83286b1cce702)
Start importing Assets/Minifantasy_NPCs_Assets/Generic_NPCs/Walk/Body/Trousers/Minifantasy_NPCsWalk_Trousers_magenta.png using Guid(6d6fe19f36f817041bcd94d0e8bb2fae) Importer(2089858483,192608db42251d675da83286b1cce702) (ScriptedImporter) -> (artifact id: '3198fa3c8ef750a9e8166153b28243ec') in 0.0343649 seconds
Number of updated asset objects reloaded before import = 0Number of asset objects unloaded after import = 3

========================================================================
Received Import Request.
  Time since last request: 0.000129 seconds.
  path: Assets/Minifantasy_NPCs_Assets/Generic_NPCs/Die/Head/Hats/TrapperHat/Minifantasy_NPCsDie_Hat_TrapperHat_white.png
  artifactKey: Guid(9d9c20130f078544b8a66ae302cd3fc5) Importer(2089858483,192608db42251d675da83286b1cce702)
Start importing Assets/Minifantasy_NPCs_Assets/Generic_NPCs/Die/Head/Hats/TrapperHat/Minifantasy_NPCsDie_Hat_TrapperHat_white.png using Guid(9d9c20130f078544b8a66ae302cd3fc5) Importer(2089858483,192608db42251d675da83286b1cce702) (ScriptedImporter) -> (artifact id: '5631bae537c48a65801f76fbc11735f2') in 0.0368369 seconds
Number of updated asset objects reloaded before import = 0Number of asset objects unloaded after import = 10

========================================================================
Received Import Request.
  Time since last request: 0.000020 seconds.
  path: Assets/Minifantasy_NPCs_Assets/Generic_NPCs/Die/Body/Doublets/Minifantasy_NPCsDie_Doublet_brownleather.png
  artifactKey: Guid(6672ebb16f82cfe4e962a56ef33ed944) Importer(815301076,1909f56bfc062723c751e8b465ee728b)
Start importing Assets/Minifantasy_NPCs_Assets/Generic_NPCs/Die/Body/Doublets/Minifantasy_NPCsDie_Doublet_brownleather.png using Guid(6672ebb16f82cfe4e962a56ef33ed944) Importer(815301076,1909f56bfc062723c751e8b465ee728b) (PreviewImporter) -> (artifact id: '31b6c27f2afdd0122c05f280e6509174') in 0.0762904 seconds
Number of updated asset objects reloaded before import = 0Number of asset objects unloaded after import = 3

========================================================================
Received Import Request.
  Time since last request: 0.000023 seconds.
  path: Assets/Minifantasy_NPCs_Assets/Generic_NPCs/Die/Head/Facial_Hair/Chin_Strap/Minifantasy_NPCsDie_FacialHair_ChinStrap_turquoise.png
  artifactKey: Guid(e76a8dc51ef3e7048b16b0cd3561f4b8) Importer(815301076,1909f56bfc062723c751e8b465ee728b)
Start importing Assets/Minifantasy_NPCs_Assets/Generic_NPCs/Die/Head/Facial_Hair/Chin_Strap/Minifantasy_NPCsDie_FacialHair_ChinStrap_turquoise.png using Guid(e76a8dc51ef3e7048b16b0cd3561f4b8) Importer(815301076,1909f56bfc062723c751e8b465ee728b) (PreviewImporter) -> (artifact id: '92f630ace7b3fab574e524248c990a98') in 0.0169962 seconds
Number of updated asset objects reloaded before import = 0Number of asset objects unloaded after import = 3

========================================================================
Received Import Request.
  Time since last request: 0.000026 seconds.
  path: Assets/Minifantasy_NPCs_Assets/Generic_NPCs/Die/Body/Gloves/Minifantasy_NPCsDie_Gloves_green.png
  artifactKey: Guid(4f1fbc7ee2912634a9a0ea7e669a509d) Importer(815301076,1909f56bfc062723c751e8b465ee728b)
Start importing Assets/Minifantasy_NPCs_Assets/Generic_NPCs/Die/Body/Gloves/Minifantasy_NPCsDie_Gloves_green.png using Guid(4f1fbc7ee2912634a9a0ea7e669a509d) Importer(815301076,1909f56bfc062723c751e8b465ee728b) (PreviewImporter) -> (artifact id: '625b97365369572b8ec7bfe142047b1a') in 0.0115838 seconds
Number of updated asset objects reloaded before import = 0Number of asset objects unloaded after import = 3

========================================================================
Received Import Request.
  Time since last request: 0.000034 seconds.
  path: Assets/Minifantasy_NPCs_Assets/Generic_NPCs/Die/Head/Facial_Hair/Moustache/Minifantasy_NPCsDie_FacialHair_Moustache_pink.png
  artifactKey: Guid(4bb3f53568326464ea8ef01d066a0926) Importer(815301076,1909f56bfc062723c751e8b465ee728b)
Start importing Assets/Minifantasy_NPCs_Assets/Generic_NPCs/Die/Head/Facial_Hair/Moustache/Minifantasy_NPCsDie_FacialHair_Moustache_pink.png using Guid(4bb3f53568326464ea8ef01d066a0926) Importer(815301076,1909f56bfc062723c751e8b465ee728b) (PreviewImporter) -> (artifact id: '95951ac941396f73fb941ec837a2e75f') in 0.0137159 seconds
Number of updated asset objects reloaded before import = 0Number of asset objects unloaded after import = 3

========================================================================
Received Import Request.
  Time since last request: 0.000023 seconds.
  path: Assets/Minifantasy_NPCs_Assets/Generic_NPCs/Die/Body/Gloves/Minifantasy_NPCsDie_Gloves_black.png
  artifactKey: Guid(0fc4061e1dc145f4db9820210b77ec7d) Importer(815301076,1909f56bfc062723c751e8b465ee728b)
Start importing Assets/Minifantasy_NPCs_Assets/Generic_NPCs/Die/Body/Gloves/Minifantasy_NPCsDie_Gloves_black.png using Guid(0fc4061e1dc145f4db9820210b77ec7d) Importer(815301076,1909f56bfc062723c751e8b465ee728b) (PreviewImporter) -> (artifact id: 'bec08cc0a953e08eaea972b220a7d92c') in 0.0126882 seconds
Number of updated asset objects reloaded before import = 0Number of asset objects unloaded after import = 3

========================================================================
Received Import Request.
  Time since last request: 0.000018 seconds.
  path: Assets/Minifantasy_NPCs_Assets/Generic_NPCs/Die/Body/Gloves/Minifantasy_NPCsDie_Gloves_turquoise.png
  artifactKey: Guid(02ca013b13636cd45bc32184bde4eaec) Importer(815301076,1909f56bfc062723c751e8b465ee728b)
Start importing Assets/Minifantasy_NPCs_Assets/Generic_NPCs/Die/Body/Gloves/Minifantasy_NPCsDie_Gloves_turquoise.png using Guid(02ca013b13636cd45bc32184bde4eaec) Importer(815301076,1909f56bfc062723c751e8b465ee728b) (PreviewImporter) -> (artifact id: 'b56e1bbb328310b13662194b37852cf9') in 0.010715 seconds
Number of updated asset objects reloaded before import = 0Number of asset objects unloaded after import = 3

========================================================================
Received Import Request.
  Time since last request: 0.000025 seconds.
  path: Assets/Minifantasy_NPCs_Assets/Generic_NPCs/Die/Head/Facial_Hair/LongBeard/Minifantasy_NPCsDie_FacialHair_LongBeard_red.png
  artifactKey: Guid(1a0a5c2964380ad46a50567002aaa278) Importer(815301076,1909f56bfc062723c751e8b465ee728b)
Start importing Assets/Minifantasy_NPCs_Assets/Generic_NPCs/Die/Head/Facial_Hair/LongBeard/Minifantasy_NPCsDie_FacialHair_LongBeard_red.png using Guid(1a0a5c2964380ad46a50567002aaa278) Importer(815301076,1909f56bfc062723c751e8b465ee728b) (PreviewImporter) -> (artifact id: '5d3d4abdb0d24eabcbb57f0dc1e64f58') in 0.0109821 seconds
Number of updated asset objects reloaded before import = 0Number of asset objects unloaded after import = 3

========================================================================
Received Import Request.
  Time since last request: 0.000024 seconds.
  path: Assets/Minifantasy_NPCs_Assets/Generic_NPCs/Die/Head/Facial_Hair/Chin_Strap/Minifantasy_NPCsDie_FacialHair_ChinStrap_black.png
  artifactKey: Guid(46314dfeb1fc8554a9e1969072a1f169) Importer(815301076,1909f56bfc062723c751e8b465ee728b)
Start importing Assets/Minifantasy_NPCs_Assets/Generic_NPCs/Die/Head/Facial_Hair/Chin_Strap/Minifantasy_NPCsDie_FacialHair_ChinStrap_black.png using Guid(46314dfeb1fc8554a9e1969072a1f169) Importer(815301076,1909f56bfc062723c751e8b465ee728b) (PreviewImporter) -> (artifact id: '33f1c5cebc4229bca6b70cdbbfd25ce0') in 0.01022 seconds
Number of updated asset objects reloaded before import = 0Number of asset objects unloaded after import = 3

========================================================================
Received Import Request.
  Time since last request: 0.000030 seconds.
  path: Assets/Minifantasy_NPCs_Assets/Generic_NPCs/Die/Head/Hats/Bandana/Minifantasy_NPCsDie_Hat_Bandana_blue.png
  artifactKey: Guid(ae2aba4ae1c7d9043807c8e031c1b05a) Importer(815301076,1909f56bfc062723c751e8b465ee728b)
Start importing Assets/Minifantasy_NPCs_Assets/Generic_NPCs/Die/Head/Hats/Bandana/Minifantasy_NPCsDie_Hat_Bandana_blue.png using Guid(ae2aba4ae1c7d9043807c8e031c1b05a) Importer(815301076,1909f56bfc062723c751e8b465ee728b) (PreviewImporter) -> (artifact id: '5b218d34910db270dbf56008e02ba0ec') in 0.0108048 seconds
Number of updated asset objects reloaded before import = 0Number of asset objects unloaded after import = 3

========================================================================
Received Import Request.
  Time since last request: 0.000024 seconds.
  path: Assets/Minifantasy_NPCs_Assets/Generic_NPCs/Die/Body/Blouses/Minifantasy_NPCsDie_Blouse_brownleather.png
  artifactKey: Guid(de30168447bba3642b78b635a7972e73) Importer(815301076,1909f56bfc062723c751e8b465ee728b)
Start importing Assets/Minifantasy_NPCs_Assets/Generic_NPCs/Die/Body/Blouses/Minifantasy_NPCsDie_Blouse_brownleather.png using Guid(de30168447bba3642b78b635a7972e73) Importer(815301076,1909f56bfc062723c751e8b465ee728b) (PreviewImporter) -> (artifact id: 'a6ff84838438deac07615d71b3a766aa') in 0.0102799 seconds
Number of updated asset objects reloaded before import = 0Number of asset objects unloaded after import = 3

========================================================================
Received Import Request.
  Time since last request: 0.000022 seconds.
  path: Assets/Minifantasy_NPCs_Assets/Generic_NPCs/Die/Head/Facial_Hair/Chin_Strap/Minifantasy_NPCsDie_FacialHair_ChinStrap_brown.png
  artifactKey: Guid(da47f7392ae23f44c8a88917b06d4384) Importer(815301076,1909f56bfc062723c751e8b465ee728b)
Start importing Assets/Minifantasy_NPCs_Assets/Generic_NPCs/Die/Head/Facial_Hair/Chin_Strap/Minifantasy_NPCsDie_FacialHair_ChinStrap_brown.png using Guid(da47f7392ae23f44c8a88917b06d4384) Importer(815301076,1909f56bfc062723c751e8b465ee728b) (PreviewImporter) -> (artifact id: '863b845cabaa906b1a86a43698c3c87d') in 0.0136841 seconds
Number of updated asset objects reloaded before import = 0Number of asset objects unloaded after import = 3

========================================================================
Received Import Request.
  Time since last request: 0.000018 seconds.
  path: Assets/Minifantasy_NPCs_Assets/Generic_NPCs/Die/Body/Doublets/Minifantasy_NPCsDie_Doublet_purple.png
  artifactKey: Guid(0369b42582060864b9a8252e3bb79ff3) Importer(815301076,1909f56bfc062723c751e8b465ee728b)
Start importing Assets/Minifantasy_NPCs_Assets/Generic_NPCs/Die/Body/Doublets/Minifantasy_NPCsDie_Doublet_purple.png using Guid(0369b42582060864b9a8252e3bb79ff3) Importer(815301076,1909f56bfc062723c751e8b465ee728b) (PreviewImporter) -> (artifact id: '76199b670437763fd67f205a135c7d98') in 0.0099699 seconds
Number of updated asset objects reloaded before import = 0Number of asset objects unloaded after import = 3

========================================================================
Received Import Request.
  Time since last request: 0.000022 seconds.
  path: Assets/Minifantasy_NPCs_Assets/Generic_NPCs/Die/Head/Facial_Hair/Moustache/Minifantasy_NPCsDie_FacialHair_Moustache_purple.png
  artifactKey: Guid(db19d50196c715b4f9bda70b89d9da28) Importer(815301076,1909f56bfc062723c751e8b465ee728b)
Start importing Assets/Minifantasy_NPCs_Assets/Generic_NPCs/Die/Head/Facial_Hair/Moustache/Minifantasy_NPCsDie_FacialHair_Moustache_purple.png using Guid(db19d50196c715b4f9bda70b89d9da28) Importer(815301076,1909f56bfc062723c751e8b465ee728b) (PreviewImporter) -> (artifact id: '1088bd9b52998cb49dcd9f784288813a') in 0.0131884 seconds
Number of updated asset objects reloaded before import = 0Number of asset objects unloaded after import = 3

========================================================================
Received Import Request.
  Time since last request: 0.000031 seconds.
  path: Assets/Minifantasy_NPCs_Assets/Generic_NPCs/Die/Head/Facial_Hair/Chin_Strap/Minifantasy_NPCsDie_FacialHair_ChinStrap_white.png
  artifactKey: Guid(751b15b3ac4abf045b17c9ff6a3e559c) Importer(815301076,1909f56bfc062723c751e8b465ee728b)
Start importing Assets/Minifantasy_NPCs_Assets/Generic_NPCs/Die/Head/Facial_Hair/Chin_Strap/Minifantasy_NPCsDie_FacialHair_ChinStrap_white.png using Guid(751b15b3ac4abf045b17c9ff6a3e559c) Importer(815301076,1909f56bfc062723c751e8b465ee728b) (PreviewImporter) -> (artifact id: '4f3f13fa61c7cd5c06e77a59a53469a7') in 0.0099316 seconds
Number of updated asset objects reloaded before import = 0Number of asset objects unloaded after import = 3

========================================================================
Received Import Request.
  Time since last request: 0.000023 seconds.
  path: Assets/Minifantasy_NPCs_Assets/Generic_NPCs/Die/Head/Facial_Hair/Goatee/Minifantasy_NPCsDie_FacialHair_Goatee_white.png
  artifactKey: Guid(dfc1f411e0c284f4daaa893415ef2f7d) Importer(815301076,1909f56bfc062723c751e8b465ee728b)
Start importing Assets/Minifantasy_NPCs_Assets/Generic_NPCs/Die/Head/Facial_Hair/Goatee/Minifantasy_NPCsDie_FacialHair_Goatee_white.png using Guid(dfc1f411e0c284f4daaa893415ef2f7d) Importer(815301076,1909f56bfc062723c751e8b465ee728b) (PreviewImporter) -> (artifact id: '8a70250ce9806b2ef529ace10be95a95') in 0.023744 seconds
Number of updated asset objects reloaded before import = 0Number of asset objects unloaded after import = 3

========================================================================
Received Import Request.
  Time since last request: 0.000019 seconds.
  path: Assets/Minifantasy_NPCs_Assets/Generic_NPCs/Die/Head/Facial_Hair/Chin_Strap/Minifantasy_NPCsDie_FacialHair_ChinStrap_blue.png
  artifactKey: Guid(03708af96aca26c4c93d3dc4b424236d) Importer(815301076,1909f56bfc062723c751e8b465ee728b)
Start importing Assets/Minifantasy_NPCs_Assets/Generic_NPCs/Die/Head/Facial_Hair/Chin_Strap/Minifantasy_NPCsDie_FacialHair_ChinStrap_blue.png using Guid(03708af96aca26c4c93d3dc4b424236d) Importer(815301076,1909f56bfc062723c751e8b465ee728b) (PreviewImporter) -> (artifact id: '008d0fd62c2f290731bbcc66cacf4461') in 0.0148855 seconds
Number of updated asset objects reloaded before import = 0Number of asset objects unloaded after import = 3

========================================================================
Received Import Request.
  Time since last request: 0.000070 seconds.
  path: Assets/Minifantasy_NPCs_Assets/Generic_NPCs/Die/Head/Facial_Hair/Chin_Curtain/Minifantasy_NPCsDie_FacialHair_ChinCurtain_green.png
  artifactKey: Guid(bd9310e8d76647d439f92e9a686768e7) Importer(815301076,1909f56bfc062723c751e8b465ee728b)
Start importing Assets/Minifantasy_NPCs_Assets/Generic_NPCs/Die/Head/Facial_Hair/Chin_Curtain/Minifantasy_NPCsDie_FacialHair_ChinCurtain_green.png using Guid(bd9310e8d76647d439f92e9a686768e7) Importer(815301076,1909f56bfc062723c751e8b465ee728b) (PreviewImporter) -> (artifact id: '41315d43407f1444d76e4ef787a06647') in 0.0109034 seconds
Number of updated asset objects reloaded before import = 0Number of asset objects unloaded after import = 3

========================================================================
Received Import Request.
  Time since last request: 0.000022 seconds.
  path: Assets/Minifantasy_NPCs_Assets/Generic_NPCs/Die/Head/Facial_Hair/Goatee/Minifantasy_NPCsDie_FacialHair_Goatee_blonde.png
  artifactKey: Guid(7ce1e2815c918e54a8dc599bb1e92c6c) Importer(815301076,1909f56bfc062723c751e8b465ee728b)
Start importing Assets/Minifantasy_NPCs_Assets/Generic_NPCs/Die/Head/Facial_Hair/Goatee/Minifantasy_NPCsDie_FacialHair_Goatee_blonde.png using Guid(7ce1e2815c918e54a8dc599bb1e92c6c) Importer(815301076,1909f56bfc062723c751e8b465ee728b) (PreviewImporter) -> (artifact id: '2049f6f2d324bfe1d3f1fcc62eeb0a93') in 0.0098958 seconds
Number of updated asset objects reloaded before import = 0Number of asset objects unloaded after import = 3

========================================================================
Received Import Request.
  Time since last request: 0.000036 seconds.
  path: Assets/Minifantasy_NPCs_Assets/Generic_NPCs/Die/Head/Hats/Bandana/Minifantasy_NPCsDie_Hat_Bandana_black.png
  artifactKey: Guid(ed1fb150d0716234eada33acd1830072) Importer(815301076,1909f56bfc062723c751e8b465ee728b)
Start importing Assets/Minifantasy_NPCs_Assets/Generic_NPCs/Die/Head/Hats/Bandana/Minifantasy_NPCsDie_Hat_Bandana_black.png using Guid(ed1fb150d0716234eada33acd1830072) Importer(815301076,1909f56bfc062723c751e8b465ee728b) (PreviewImporter) -> (artifact id: '7cdba2e98e8b42c5d9e823272f41b3e9') in 0.0126045 seconds
Number of updated asset objects reloaded before import = 0Number of asset objects unloaded after import = 3

========================================================================
Received Import Request.
  Time since last request: 0.000021 seconds.
  path: Assets/Minifantasy_NPCs_Assets/Generic_NPCs/Die/Head/Facial_Hair/Chin_Curtain/Minifantasy_NPCsDie_FacialHair_ChinCurtain_pink.png
  artifactKey: Guid(8ef4391e13c7f584fbf0c85329f26080) Importer(815301076,1909f56bfc062723c751e8b465ee728b)
Start importing Assets/Minifantasy_NPCs_Assets/Generic_NPCs/Die/Head/Facial_Hair/Chin_Curtain/Minifantasy_NPCsDie_FacialHair_ChinCurtain_pink.png using Guid(8ef4391e13c7f584fbf0c85329f26080) Importer(815301076,1909f56bfc062723c751e8b465ee728b) (PreviewImporter) -> (artifact id: '10a4cc8d8f3d65bbad3da5a3f4bb76e2') in 0.012146 seconds
Number of updated asset objects reloaded before import = 0Number of asset objects unloaded after import = 3

========================================================================
Received Import Request.
  Time since last request: 0.000022 seconds.
  path: Assets/Minifantasy_NPCs_Assets/Generic_NPCs/Die/Head/Hats/Bandana/Minifantasy_NPCsDie_Hat_Bandana_turquoise.png
  artifactKey: Guid(5a9a614b46802c2438d9f60d508793fe) Importer(815301076,1909f56bfc062723c751e8b465ee728b)
Start importing Assets/Minifantasy_NPCs_Assets/Generic_NPCs/Die/Head/Hats/Bandana/Minifantasy_NPCsDie_Hat_Bandana_turquoise.png using Guid(5a9a614b46802c2438d9f60d508793fe) Importer(815301076,1909f56bfc062723c751e8b465ee728b) (PreviewImporter) -> (artifact id: '3fe1e5e7303b76f2d9118b219d1c78f9') in 0.011641 seconds
Number of updated asset objects reloaded before import = 0Number of asset objects unloaded after import = 3

========================================================================
Received Import Request.
  Time since last request: 0.000024 seconds.
  path: Assets/Minifantasy_NPCs_Assets/Generic_NPCs/Die/Head/Facial_Hair/Moustache/Minifantasy_NPCsDie_FacialHair_Moustache_black.png
  artifactKey: Guid(1829ae5e224b59e46b994d99061298e5) Importer(815301076,1909f56bfc062723c751e8b465ee728b)
Start importing Assets/Minifantasy_NPCs_Assets/Generic_NPCs/Die/Head/Facial_Hair/Moustache/Minifantasy_NPCsDie_FacialHair_Moustache_black.png using Guid(1829ae5e224b59e46b994d99061298e5) Importer(815301076,1909f56bfc062723c751e8b465ee728b) (PreviewImporter) -> (artifact id: 'ffa15bc084cb1d10fd0a06a53e37453c') in 0.0088762 seconds
Number of updated asset objects reloaded before import = 0Number of asset objects unloaded after import = 3

========================================================================
Received Import Request.
  Time since last request: 0.000023 seconds.
  path: Assets/Minifantasy_NPCs_Assets/Generic_NPCs/Die/_Characters/Elf/Minifantasy_NPCsDie_Elf_purpleskin.png
  artifactKey: Guid(be5a9e3d7e81fe44c8cea62fd93aa736) Importer(815301076,1909f56bfc062723c751e8b465ee728b)
Start importing Assets/Minifantasy_NPCs_Assets/Generic_NPCs/Die/_Characters/Elf/Minifantasy_NPCsDie_Elf_purpleskin.png using Guid(be5a9e3d7e81fe44c8cea62fd93aa736) Importer(815301076,1909f56bfc062723c751e8b465ee728b) (PreviewImporter) -> (artifact id: '183a6ddc3d3956eff57201a66362d82f') in 0.0364644 seconds
Number of updated asset objects reloaded before import = 0Number of asset objects unloaded after import = 11

========================================================================
Received Import Request.
  Time since last request: 0.000032 seconds.
  path: Assets/Minifantasy_NPCs_Assets/Generic_NPCs/Die/Body/Doublets/Minifantasy_NPCsDie_Doublet_orange.png
  artifactKey: Guid(b08649b3a52f4fb4eb379fe97d649d83) Importer(815301076,1909f56bfc062723c751e8b465ee728b)
Start importing Assets/Minifantasy_NPCs_Assets/Generic_NPCs/Die/Body/Doublets/Minifantasy_NPCsDie_Doublet_orange.png using Guid(b08649b3a52f4fb4eb379fe97d649d83) Importer(815301076,1909f56bfc062723c751e8b465ee728b) (PreviewImporter) -> (artifact id: 'b1243cad6ab461282d6bdcdf06a695a7') in 0.0099382 seconds
Number of updated asset objects reloaded before import = 0Number of asset objects unloaded after import = 3

========================================================================
Received Import Request.
  Time since last request: 0.000017 seconds.
  path: Assets/Minifantasy_NPCs_Assets/Generic_NPCs/Die/Minifantasy_NPCsDie.aseprite
  artifactKey: Guid(35e7ee9bdfab89f4c9e4184746475972) Importer(815301076,1909f56bfc062723c751e8b465ee728b)
Start importing Assets/Minifantasy_NPCs_Assets/Generic_NPCs/Die/Minifantasy_NPCsDie.aseprite using Guid(35e7ee9bdfab89f4c9e4184746475972) Importer(815301076,1909f56bfc062723c751e8b465ee728b) (PreviewImporter) -> (artifact id: '8f23175c6668c12d344ec80f4424305f') in 0.5906971 seconds
Number of updated asset objects reloaded before import = 0Number of asset objects unloaded after import = 7

========================================================================
Received Import Request.
  Time since last request: 0.000045 seconds.
  path: Assets/Minifantasy_NPCs_Assets/Generic_NPCs/Idle/Body/Blouses/Minifantasy_NPCsIdle_Blouse_white.png
  artifactKey: Guid(99bdf2d07a11c5f4a9d80245545d6cb3) Importer(2089858483,192608db42251d675da83286b1cce702)
Start importing Assets/Minifantasy_NPCs_Assets/Generic_NPCs/Idle/Body/Blouses/Minifantasy_NPCsIdle_Blouse_white.png using Guid(99bdf2d07a11c5f4a9d80245545d6cb3) Importer(2089858483,192608db42251d675da83286b1cce702) (ScriptedImporter) -> (artifact id: '6a11d0482d8133fdd79272608129e1bb') in 0.0352106 seconds
Number of updated asset objects reloaded before import = 0Number of asset objects unloaded after import = 3

========================================================================
Received Import Request.
  Time since last request: 0.000060 seconds.
  path: Assets/Minifantasy_NPCs_Assets/Generic_NPCs/Die/Head/Hairstyles/Bold/Minifantasy_NPCsDie_HumanHair_Bold_red.png
  artifactKey: Guid(feb813bfb5f972b4babceb69552c7d5e) Importer(2089858483,192608db42251d675da83286b1cce702)
Start importing Assets/Minifantasy_NPCs_Assets/Generic_NPCs/Die/Head/Hairstyles/Bold/Minifantasy_NPCsDie_HumanHair_Bold_red.png using Guid(feb813bfb5f972b4babceb69552c7d5e) Importer(2089858483,192608db42251d675da83286b1cce702) (ScriptedImporter) -> (artifact id: 'ef146f63a0e4f30f39a4bc26a5840857') in 0.0325593 seconds
Number of updated asset objects reloaded before import = 0Number of asset objects unloaded after import = 3

========================================================================
Received Import Request.
  Time since last request: 0.000062 seconds.
  path: Assets/Minifantasy_NPCs_Assets/Generic_NPCs/Dmg/Body/Doublets/Minifantasy_NPCsDmg_Doublet_brownleather.png
  artifactKey: Guid(b77a399b0c8da7c4fa7d2e4c39d662b7) Importer(2089858483,192608db42251d675da83286b1cce702)
Start importing Assets/Minifantasy_NPCs_Assets/Generic_NPCs/Dmg/Body/Doublets/Minifantasy_NPCsDmg_Doublet_brownleather.png using Guid(b77a399b0c8da7c4fa7d2e4c39d662b7) Importer(2089858483,192608db42251d675da83286b1cce702) (ScriptedImporter) -> (artifact id: 'a3cfc337d060f34a90d4d70bee4ba0d8') in 0.0334506 seconds
Number of updated asset objects reloaded before import = 0Number of asset objects unloaded after import = 3

========================================================================
Received Import Request.
  Time since last request: 0.000099 seconds.
  path: Assets/Minifantasy_NPCs_Assets/Generic_NPCs/Walk/Body/Shoes/Minifantasy_NPCsWalk_Shoes_red.png
  artifactKey: Guid(95d242c9eaf926548bf3cc81661ce00c) Importer(2089858483,192608db42251d675da83286b1cce702)
Start importing Assets/Minifantasy_NPCs_Assets/Generic_NPCs/Walk/Body/Shoes/Minifantasy_NPCsWalk_Shoes_red.png using Guid(95d242c9eaf926548bf3cc81661ce00c) Importer(2089858483,192608db42251d675da83286b1cce702) (ScriptedImporter) -> (artifact id: '8af3122829427a358aff29464166956e') in 0.0239591 seconds
Number of updated asset objects reloaded before import = 0Number of asset objects unloaded after import = 3

========================================================================
Received Import Request.
  Time since last request: 0.000027 seconds.
  path: Assets/Minifantasy_NPCs_Assets/Generic_NPCs/Idle/Body/Doublets/Minifantasy_NPCsIdle_Doublet_yellow.png
  artifactKey: Guid(f41cfeef7cfeb984da677d590ada9ede) Importer(2089858483,192608db42251d675da83286b1cce702)
Start importing Assets/Minifantasy_NPCs_Assets/Generic_NPCs/Idle/Body/Doublets/Minifantasy_NPCsIdle_Doublet_yellow.png using Guid(f41cfeef7cfeb984da677d590ada9ede) Importer(2089858483,192608db42251d675da83286b1cce702) (ScriptedImporter) -> (artifact id: '9056c01d0fa1ade16a509ae9f1609b83') in 0.0221594 seconds
Number of updated asset objects reloaded before import = 0Number of asset objects unloaded after import = 3

========================================================================
Received Import Request.
  Time since last request: 0.000045 seconds.
  path: Assets/Minifantasy_NPCs_Assets/Generic_NPCs/Walk/Body/Blouses/Minifantasy_NPCsWalk_Blouse_whiteleather.png
  artifactKey: Guid(225d8c75457091547afd9b876f64dc84) Importer(2089858483,192608db42251d675da83286b1cce702)
Start importing Assets/Minifantasy_NPCs_Assets/Generic_NPCs/Walk/Body/Blouses/Minifantasy_NPCsWalk_Blouse_whiteleather.png using Guid(225d8c75457091547afd9b876f64dc84) Importer(2089858483,192608db42251d675da83286b1cce702) (ScriptedImporter) -> (artifact id: 'aed276e3a7547adf3ff08b2d2266c996') in 0.0272122 seconds
Number of updated asset objects reloaded before import = 0Number of asset objects unloaded after import = 3

========================================================================
Received Import Request.
  Time since last request: 0.000047 seconds.
  path: Assets/Minifantasy_NPCs_Assets/Generic_NPCs/Walk/Body/ShoulderPads/Minifantasy_NPCsWalk_ShoulderPads_red.png
  artifactKey: Guid(aea9724f60fb9164bbd2eee0121b9c14) Importer(2089858483,192608db42251d675da83286b1cce702)
Start importing Assets/Minifantasy_NPCs_Assets/Generic_NPCs/Walk/Body/ShoulderPads/Minifantasy_NPCsWalk_ShoulderPads_red.png using Guid(aea9724f60fb9164bbd2eee0121b9c14) Importer(2089858483,192608db42251d675da83286b1cce702) (ScriptedImporter) -> (artifact id: '4cf09b6b766f37a97ab43cf7cd1137b2') in 0.0210576 seconds
Number of updated asset objects reloaded before import = 0Number of asset objects unloaded after import = 3

========================================================================
Received Import Request.
  Time since last request: 0.000029 seconds.
  path: Assets/Minifantasy_NPCs_Assets/Generic_NPCs/Idle/Body/ShoulderPads/Minifantasy_NPCsIdle_ShoulderPads_lime.png
  artifactKey: Guid(9b5e8e07d0d50f64fbc164d6ad022cb7) Importer(2089858483,192608db42251d675da83286b1cce702)
Start importing Assets/Minifantasy_NPCs_Assets/Generic_NPCs/Idle/Body/ShoulderPads/Minifantasy_NPCsIdle_ShoulderPads_lime.png using Guid(9b5e8e07d0d50f64fbc164d6ad022cb7) Importer(2089858483,192608db42251d675da83286b1cce702) (ScriptedImporter) -> (artifact id: '787507368217a3b74a8d7dcaf6b485ad') in 0.0263164 seconds
Number of updated asset objects reloaded before import = 0Number of asset objects unloaded after import = 3

========================================================================
Received Import Request.
  Time since last request: 0.000037 seconds.
  path: Assets/Minifantasy_NPCs_Assets/Generic_NPCs/Walk/Body/Blouses/Minifantasy_NPCsWalk_Blouse_white.png
  artifactKey: Guid(25cd7995352388e46a213c9ec3c12798) Importer(2089858483,192608db42251d675da83286b1cce702)
Start importing Assets/Minifantasy_NPCs_Assets/Generic_NPCs/Walk/Body/Blouses/Minifantasy_NPCsWalk_Blouse_white.png using Guid(25cd7995352388e46a213c9ec3c12798) Importer(2089858483,192608db42251d675da83286b1cce702) (ScriptedImporter) -> (artifact id: '912a3d124e045cc420bbebb0db207182') in 0.0190816 seconds
Number of updated asset objects reloaded before import = 0Number of asset objects unloaded after import = 3

========================================================================
Received Import Request.
  Time since last request: 0.000041 seconds.
  path: Assets/Minifantasy_NPCs_Assets/Generic_NPCs/Walk/Body/Doublets/Minifantasy_NPCsWalk_Doublet_grey.png
  artifactKey: Guid(57ea797e30bd1794783c2c4fab40b741) Importer(2089858483,192608db42251d675da83286b1cce702)
Start importing Assets/Minifantasy_NPCs_Assets/Generic_NPCs/Walk/Body/Doublets/Minifantasy_NPCsWalk_Doublet_grey.png using Guid(57ea797e30bd1794783c2c4fab40b741) Importer(2089858483,192608db42251d675da83286b1cce702) (ScriptedImporter) -> (artifact id: 'b4e337ddbfdc9cc0d91fc7af208e5ce1') in 0.0254431 seconds
Number of updated asset objects reloaded before import = 0Number of asset objects unloaded after import = 3

========================================================================
Received Import Request.
  Time since last request: 0.000027 seconds.
  path: Assets/Minifantasy_NPCs_Assets/Generic_NPCs/Idle/Body/Trousers/Minifantasy_NPCsIdle_Trousers_blue.png
  artifactKey: Guid(4ccb02df7e3d9a1429ca5f1a07e3cb92) Importer(2089858483,192608db42251d675da83286b1cce702)
Start importing Assets/Minifantasy_NPCs_Assets/Generic_NPCs/Idle/Body/Trousers/Minifantasy_NPCsIdle_Trousers_blue.png using Guid(4ccb02df7e3d9a1429ca5f1a07e3cb92) Importer(2089858483,192608db42251d675da83286b1cce702) (ScriptedImporter) -> (artifact id: '3324eeadaa3d7bb0845d453e7e2bf867') in 0.0309611 seconds
Number of updated asset objects reloaded before import = 0Number of asset objects unloaded after import = 3

========================================================================
Received Import Request.
  Time since last request: 0.000069 seconds.
  path: Assets/Minifantasy_NPCs_Assets/Generic_NPCs/Dmg/Body/Shirt/Minifantasy_NPCsDmg_Shirt_whiteleather.png
  artifactKey: Guid(63467d9b8762ddf468b029678b1145af) Importer(2089858483,192608db42251d675da83286b1cce702)
Start importing Assets/Minifantasy_NPCs_Assets/Generic_NPCs/Dmg/Body/Shirt/Minifantasy_NPCsDmg_Shirt_whiteleather.png using Guid(63467d9b8762ddf468b029678b1145af) Importer(2089858483,192608db42251d675da83286b1cce702) (ScriptedImporter) -> (artifact id: 'e237c9aeb910c51038ea0248396260cd') in 0.021588 seconds
Number of updated asset objects reloaded before import = 0Number of asset objects unloaded after import = 3

========================================================================
Received Import Request.
  Time since last request: 139.113570 seconds.
  path: Assets/Art/testWooden Shield.png
  artifactKey: Guid(23d12bde9756ca74a81dcaefcabf3b7f) Importer(815301076,1909f56bfc062723c751e8b465ee728b)
Start importing Assets/Art/testWooden Shield.png using Guid(23d12bde9756ca74a81dcaefcabf3b7f) Importer(815301076,1909f56bfc062723c751e8b465ee728b) (PreviewImporter) -> (artifact id: '6168485fa9b26e1b5cd77f8de4178c84') in 0.1231678 seconds
Number of updated asset objects reloaded before import = 0Number of asset objects unloaded after import = 33

========================================================================
Received Import Request.
  Time since last request: 13.684415 seconds.
  path: Assets/Art/testWalk.png
  artifactKey: Guid(85fcb0dc3aec8754d8afe88f94355ac7) Importer(815301076,1909f56bfc062723c751e8b465ee728b)
Start importing Assets/Art/testWalk.png using Guid(85fcb0dc3aec8754d8afe88f94355ac7) Importer(815301076,1909f56bfc062723c751e8b465ee728b) (PreviewImporter) -> (artifact id: '11ca1a8cb0f0c26edd03db3d2fc3c1b5') in 0.0792715 seconds
Number of updated asset objects reloaded before import = 0Number of asset objects unloaded after import = 18

========================================================================
Received Import Request.
  Time since last request: 0.386544 seconds.
  path: Assets/Art/testLongsword.png
  artifactKey: Guid(521d41759321bf44aa9b6eb7d46dace2) Importer(815301076,1909f56bfc062723c751e8b465ee728b)
Start importing Assets/Art/testLongsword.png using Guid(521d41759321bf44aa9b6eb7d46dace2) Importer(815301076,1909f56bfc062723c751e8b465ee728b) (PreviewImporter) -> (artifact id: 'd950459221f496ad3b15b872a5bdc970') in 0.0777925 seconds
Number of updated asset objects reloaded before import = 0Number of asset objects unloaded after import = 26

========================================================================
Received Prepare
Refreshing native plugins compatible for Editor in 4.73 ms, found 4 plugins.
Preloading 0 native plugins for Editor in 0.00 ms.
Unloading 35 Unused Serialized files (Serialized files now loaded: 0)
Unloading 6959 unused Assets / (8.9 MB). Loaded Objects now: 7871.
Memory consumption went from 158.6 MB to 149.6 MB.
Total: 111.081300 ms (FindLiveObjects: 1.679200 ms CreateObjectMapping: 1.393700 ms MarkObjects: 97.460400 ms  DeleteObjects: 10.542700 ms)

Prepare: number of updated asset objects reloaded= 0
========================================================================
Received Import Request.
  Time since last request: 32.152215 seconds.
  path: Assets/Art/MINIFANTASY Creatures - Super Low Res 2D Pixel Art by Krishna Palacio/Animations/Humanoids/Elf/ElfWalk_NW.anim
  artifactKey: Guid(215e7162a8c4a3849a1fd363a8378426) Importer(2089858483,192608db42251d675da83286b1cce702)
Start importing Assets/Art/MINIFANTASY Creatures - Super Low Res 2D Pixel Art by Krishna Palacio/Animations/Humanoids/Elf/ElfWalk_NW.anim using Guid(215e7162a8c4a3849a1fd363a8378426) Importer(2089858483,192608db42251d675da83286b1cce702) (ScriptedImporter) -> (artifact id: '2682795118e250b8aaf80547217d26ef') in 0.0357076 seconds
Number of updated asset objects reloaded before import = 0Number of asset objects unloaded after import = 1

========================================================================
Received Import Request.
  Time since last request: 0.000037 seconds.
  path: Assets/Art/MINIFANTASY Creatures - Super Low Res 2D Pixel Art by Krishna Palacio/Sprites/Humanoids/Dwarf/Dwarf_Yellow_Beard/Minifantasy_CreaturesDwarfYellowBearAnimations.png
  artifactKey: Guid(9f123c20fd797b844a02bbed9a903efd) Importer(2089858483,192608db42251d675da83286b1cce702)
Start importing Assets/Art/MINIFANTASY Creatures - Super Low Res 2D Pixel Art by Krishna Palacio/Sprites/Humanoids/Dwarf/Dwarf_Yellow_Beard/Minifantasy_CreaturesDwarfYellowBearAnimations.png using Guid(9f123c20fd797b844a02bbed9a903efd) Importer(2089858483,192608db42251d675da83286b1cce702) (ScriptedImporter) -> (artifact id: 'b0ccce29754074c2a0843d1bcd0af9a2') in 0.0199153 seconds
Number of updated asset objects reloaded before import = 0Number of asset objects unloaded after import = 3

========================================================================
Received Import Request.
  Time since last request: 0.000056 seconds.
  path: Assets/Art/MINIFANTASY Creatures - Super Low Res 2D Pixel Art by Krishna Palacio/Sprites/Humanoids/Elf/Minifantasy_CreaturesElfAttack.png
  artifactKey: Guid(fc05ab1e658f0484eb1efbcdd1a2f293) Importer(2089858483,192608db42251d675da83286b1cce702)
Start importing Assets/Art/MINIFANTASY Creatures - Super Low Res 2D Pixel Art by Krishna Palacio/Sprites/Humanoids/Elf/Minifantasy_CreaturesElfAttack.png using Guid(fc05ab1e658f0484eb1efbcdd1a2f293) Importer(2089858483,192608db42251d675da83286b1cce702) (ScriptedImporter) -> (artifact id: '3db66063e66757483bd6bcfaac849726') in 0.0685261 seconds
Number of updated asset objects reloaded before import = 0Number of asset objects unloaded after import = 18

========================================================================
Received Import Request.
  Time since last request: 0.000036 seconds.
  path: Assets/Art/MINIFANTASY Creatures - Super Low Res 2D Pixel Art by Krishna Palacio/Prefabs/Big_Guys/Yeti.prefab
  artifactKey: Guid(0e3cd37a27794be499217dbca658432a) Importer(2089858483,192608db42251d675da83286b1cce702)
Start importing Assets/Art/MINIFANTASY Creatures - Super Low Res 2D Pixel Art by Krishna Palacio/Prefabs/Big_Guys/Yeti.prefab using Guid(0e3cd37a27794be499217dbca658432a) Importer(2089858483,192608db42251d675da83286b1cce702) (ScriptedImporter) -> (artifact id: 'd6500295d304fa4b20e6d08eb695675e') in 0.0251771 seconds
Number of updated asset objects reloaded before import = 0Number of asset objects unloaded after import = 15

========================================================================
Received Import Request.
  Time since last request: 0.000034 seconds.
  path: Assets/Art/MINIFANTASY Creatures - Super Low Res 2D Pixel Art by Krishna Palacio/Sprites/Monsters/Slime/Green_Slime/Minifantasy_CreaturesSlimeGreenAnimations.png
  artifactKey: Guid(750c54eb6e187044ab44afbed39f9633) Importer(2089858483,192608db42251d675da83286b1cce702)
Start importing Assets/Art/MINIFANTASY Creatures - Super Low Res 2D Pixel Art by Krishna Palacio/Sprites/Monsters/Slime/Green_Slime/Minifantasy_CreaturesSlimeGreenAnimations.png using Guid(750c54eb6e187044ab44afbed39f9633) Importer(2089858483,192608db42251d675da83286b1cce702) (ScriptedImporter) -> (artifact id: '4a3d93f872f16e8331b1f9340216dc33') in 0.0317788 seconds
Number of updated asset objects reloaded before import = 0Number of asset objects unloaded after import = 3

========================================================================
Received Import Request.
  Time since last request: 0.000037 seconds.
  path: Assets/Art/MINIFANTASY Creatures - Super Low Res 2D Pixel Art by Krishna Palacio/Animations/Humanoids/Halfling/HalflingAttack_SE.anim
  artifactKey: Guid(0b368ffd57a3c964c865da6b00552f31) Importer(2089858483,192608db42251d675da83286b1cce702)
Start importing Assets/Art/MINIFANTASY Creatures - Super Low Res 2D Pixel Art by Krishna Palacio/Animations/Humanoids/Halfling/HalflingAttack_SE.anim using Guid(0b368ffd57a3c964c865da6b00552f31) Importer(2089858483,192608db42251d675da83286b1cce702) (ScriptedImporter) -> (artifact id: 'fb99b98f2db5548ea7b872a156eee0e6') in 0.0101719 seconds
Number of updated asset objects reloaded before import = 0Number of asset objects unloaded after import = 1

========================================================================
Received Import Request.
  Time since last request: 0.000032 seconds.
  path: Assets/Art/MINIFANTASY Creatures - Super Low Res 2D Pixel Art by Krishna Palacio/Sprites/Beasts/Wolf/Minifantasy_CreaturesWolfAnimations.png
  artifactKey: Guid(a5979e0a348376c4b9297832eb9d6c13) Importer(2089858483,192608db42251d675da83286b1cce702)
Start importing Assets/Art/MINIFANTASY Creatures - Super Low Res 2D Pixel Art by Krishna Palacio/Sprites/Beasts/Wolf/Minifantasy_CreaturesWolfAnimations.png using Guid(a5979e0a348376c4b9297832eb9d6c13) Importer(2089858483,192608db42251d675da83286b1cce702) (ScriptedImporter) -> (artifact id: 'd792d9e806cc6a976d5f27248e781771') in 0.0302189 seconds
Number of updated asset objects reloaded before import = 0Number of asset objects unloaded after import = 3

========================================================================
Received Import Request.
  Time since last request: 0.000035 seconds.
  path: Assets/Art/MINIFANTASY Creatures - Super Low Res 2D Pixel Art by Krishna Palacio/Animations/Humanoids/Dwarf/Dwarf_Yellow_Beard/DwarfYellowBearJump_NE.anim
  artifactKey: Guid(087916cff47527342bc889f8fa09e473) Importer(2089858483,192608db42251d675da83286b1cce702)
Start importing Assets/Art/MINIFANTASY Creatures - Super Low Res 2D Pixel Art by Krishna Palacio/Animations/Humanoids/Dwarf/Dwarf_Yellow_Beard/DwarfYellowBearJump_NE.anim using Guid(087916cff47527342bc889f8fa09e473) Importer(2089858483,192608db42251d675da83286b1cce702) (ScriptedImporter) -> (artifact id: '14d876e68c3c4a88ca83883cf5741d3f') in 0.0073343 seconds
Number of updated asset objects reloaded before import = 0Number of asset objects unloaded after import = 1

========================================================================
Received Import Request.
  Time since last request: 0.000032 seconds.
  path: Assets/Art/MINIFANTASY Creatures - Super Low Res 2D Pixel Art by Krishna Palacio/Animations/Big_Guys/Wargo/WargoIdle_NW.anim
  artifactKey: Guid(5002bbceefdca92419c77ce3bf2f5671) Importer(2089858483,192608db42251d675da83286b1cce702)
Start importing Assets/Art/MINIFANTASY Creatures - Super Low Res 2D Pixel Art by Krishna Palacio/Animations/Big_Guys/Wargo/WargoIdle_NW.anim using Guid(5002bbceefdca92419c77ce3bf2f5671) Importer(2089858483,192608db42251d675da83286b1cce702) (ScriptedImporter) -> (artifact id: 'd698a0315669fa383f57003bb6dc698c') in 0.0092557 seconds
Number of updated asset objects reloaded before import = 0Number of asset objects unloaded after import = 1

========================================================================
Received Import Request.
  Time since last request: 0.000093 seconds.
  path: Assets/Art/MINIFANTASY Creatures - Super Low Res 2D Pixel Art by Krishna Palacio/Sprites/Big_Guys/_Shadows/Mother Slime
  artifactKey: Guid(69c472dd3f21a6145994b9e4df930980) Importer(2089858483,192608db42251d675da83286b1cce702)
Start importing Assets/Art/MINIFANTASY Creatures - Super Low Res 2D Pixel Art by Krishna Palacio/Sprites/Big_Guys/_Shadows/Mother Slime using Guid(69c472dd3f21a6145994b9e4df930980) Importer(2089858483,192608db42251d675da83286b1cce702) (ScriptedImporter) -> (artifact id: '308d6aee424b1a971e4c896524f5b807') in 0.0054768 seconds
Number of updated asset objects reloaded before import = 0Number of asset objects unloaded after import = 1

========================================================================
Received Import Request.
  Time since last request: 0.000028 seconds.
  path: Assets/Art/MINIFANTASY Creatures - Super Low Res 2D Pixel Art by Krishna Palacio/Animations/Big_Guys/Mother_Slime
  artifactKey: Guid(f367a35a8f9f8fa4ba77c2ef4e63fd31) Importer(2089858483,192608db42251d675da83286b1cce702)
Start importing Assets/Art/MINIFANTASY Creatures - Super Low Res 2D Pixel Art by Krishna Palacio/Animations/Big_Guys/Mother_Slime using Guid(f367a35a8f9f8fa4ba77c2ef4e63fd31) Importer(2089858483,192608db42251d675da83286b1cce702) (ScriptedImporter) -> (artifact id: '02a091ad6fa05e9e725c319ed66100a7') in 0.0058657 seconds
Number of updated asset objects reloaded before import = 0Number of asset objects unloaded after import = 1

========================================================================
Received Import Request.
  Time since last request: 0.000024 seconds.
  path: Assets/Art/MINIFANTASY Creatures - Super Low Res 2D Pixel Art by Krishna Palacio/Animations/Big_Guys/Yeti/YetiIdle_NE.anim
  artifactKey: Guid(658ace7fac83e0e46bbbe093e9f1bb96) Importer(2089858483,192608db42251d675da83286b1cce702)
Start importing Assets/Art/MINIFANTASY Creatures - Super Low Res 2D Pixel Art by Krishna Palacio/Animations/Big_Guys/Yeti/YetiIdle_NE.anim using Guid(658ace7fac83e0e46bbbe093e9f1bb96) Importer(2089858483,192608db42251d675da83286b1cce702) (ScriptedImporter) -> (artifact id: 'cadf19633ee161386e055e4d584da131') in 0.0091261 seconds
Number of updated asset objects reloaded before import = 0Number of asset objects unloaded after import = 1

========================================================================
Received Import Request.
  Time since last request: 0.000086 seconds.
  path: Assets/Art/MINIFANTASY Creatures - Super Low Res 2D Pixel Art by Krishna Palacio/Sprites/Humanoids/Halfling
  artifactKey: Guid(39dec189f634b9a4a89d87bfaca3fbea) Importer(2089858483,192608db42251d675da83286b1cce702)
Start importing Assets/Art/MINIFANTASY Creatures - Super Low Res 2D Pixel Art by Krishna Palacio/Sprites/Humanoids/Halfling using Guid(39dec189f634b9a4a89d87bfaca3fbea) Importer(2089858483,192608db42251d675da83286b1cce702) (ScriptedImporter) -> (artifact id: 'ee931d17b9b4dc5ec31b7ab7900fb863') in 0.0056793 seconds
Number of updated asset objects reloaded before import = 0Number of asset objects unloaded after import = 1

========================================================================
Received Import Request.
  Time since last request: 0.000042 seconds.
  path: Assets/Art/MINIFANTASY Creatures - Super Low Res 2D Pixel Art by Krishna Palacio/Animations/Big_Guys/Yeti/YetiIdle_SW.anim
  artifactKey: Guid(8c210712795dad34db6a9ac475743670) Importer(2089858483,192608db42251d675da83286b1cce702)
Start importing Assets/Art/MINIFANTASY Creatures - Super Low Res 2D Pixel Art by Krishna Palacio/Animations/Big_Guys/Yeti/YetiIdle_SW.anim using Guid(8c210712795dad34db6a9ac475743670) Importer(2089858483,192608db42251d675da83286b1cce702) (ScriptedImporter) -> (artifact id: 'c80c182d695aeec32d95543ad3be9238') in 0.010922 seconds
Number of updated asset objects reloaded before import = 0Number of asset objects unloaded after import = 1

========================================================================
Received Import Request.
  Time since last request: 0.000051 seconds.
  path: Assets/Art/MINIFANTASY Creatures - Super Low Res 2D Pixel Art by Krishna Palacio/Sprites/Humanoids/_Shadows/Dwarf, Trasgo/Minifantasy_CreaturesShadowDwarSpinDie.png
  artifactKey: Guid(9d5c4ee55f2eee445bc26206ff4b3f7b) Importer(2089858483,192608db42251d675da83286b1cce702)
Start importing Assets/Art/MINIFANTASY Creatures - Super Low Res 2D Pixel Art by Krishna Palacio/Sprites/Humanoids/_Shadows/Dwarf, Trasgo/Minifantasy_CreaturesShadowDwarSpinDie.png using Guid(9d5c4ee55f2eee445bc26206ff4b3f7b) Importer(2089858483,192608db42251d675da83286b1cce702) (ScriptedImporter) -> (artifact id: '9441cf8cc50ba0f1b149cee79c42a0d8') in 0.0374857 seconds
Number of updated asset objects reloaded before import = 0Number of asset objects unloaded after import = 13

========================================================================
Received Import Request.
  Time since last request: 0.000034 seconds.
  path: Assets/Art/MINIFANTASY Creatures - Super Low Res 2D Pixel Art by Krishna Palacio/Animations/Monsters/Skeleton/Skeleton_IdleActivation_FromIdle.anim
  artifactKey: Guid(2cff5e98be9e8a4489ce0a6ad66c71e6) Importer(2089858483,192608db42251d675da83286b1cce702)
Start importing Assets/Art/MINIFANTASY Creatures - Super Low Res 2D Pixel Art by Krishna Palacio/Animations/Monsters/Skeleton/Skeleton_IdleActivation_FromIdle.anim using Guid(2cff5e98be9e8a4489ce0a6ad66c71e6) Importer(2089858483,192608db42251d675da83286b1cce702) (ScriptedImporter) -> (artifact id: '836d50010cfed30d59cbad4e08c58596') in 0.0111629 seconds
Number of updated asset objects reloaded before import = 0Number of asset objects unloaded after import = 1

========================================================================
Received Import Request.
  Time since last request: 0.000050 seconds.
  path: Assets/Art/MINIFANTASY Creatures - Super Low Res 2D Pixel Art by Krishna Palacio/Animations/Big_Guys
  artifactKey: Guid(731940f64e3744948a26a0263482d96d) Importer(2089858483,192608db42251d675da83286b1cce702)
Start importing Assets/Art/MINIFANTASY Creatures - Super Low Res 2D Pixel Art by Krishna Palacio/Animations/Big_Guys using Guid(731940f64e3744948a26a0263482d96d) Importer(2089858483,192608db42251d675da83286b1cce702) (ScriptedImporter) -> (artifact id: '1b964ae02cc5fd3f8b0f49f3b6c6d10f') in 0.0157645 seconds
Number of updated asset objects reloaded before import = 0Number of asset objects unloaded after import = 1

========================================================================
Received Import Request.
  Time since last request: 0.000051 seconds.
  path: Assets/Art/MINIFANTASY Creatures - Super Low Res 2D Pixel Art by Krishna Palacio/Animations/Humanoids/Trasgo/Trasgo_ChargedAttack_SE.anim
  artifactKey: Guid(ef2ae8095b7a63e449e1ea3e565d5d01) Importer(2089858483,192608db42251d675da83286b1cce702)
Start importing Assets/Art/MINIFANTASY Creatures - Super Low Res 2D Pixel Art by Krishna Palacio/Animations/Humanoids/Trasgo/Trasgo_ChargedAttack_SE.anim using Guid(ef2ae8095b7a63e449e1ea3e565d5d01) Importer(2089858483,192608db42251d675da83286b1cce702) (ScriptedImporter) -> (artifact id: 'adae3ea19f1998f780999166021895ba') in 0.1960428 seconds
Number of updated asset objects reloaded before import = 0Number of asset objects unloaded after import = 1

========================================================================
Received Import Request.
  Time since last request: 0.000037 seconds.
  path: Assets/Art/MINIFANTASY Creatures - Super Low Res 2D Pixel Art by Krishna Palacio/Sprites/Big_Guys/Cyclop/Minifantasy_CreaturesCyclopDmg.png
  artifactKey: Guid(8365b530e465d844c9a2e372cac104c4) Importer(2089858483,192608db42251d675da83286b1cce702)
Start importing Assets/Art/MINIFANTASY Creatures - Super Low Res 2D Pixel Art by Krishna Palacio/Sprites/Big_Guys/Cyclop/Minifantasy_CreaturesCyclopDmg.png using Guid(8365b530e465d844c9a2e372cac104c4) Importer(2089858483,192608db42251d675da83286b1cce702) (ScriptedImporter) -> (artifact id: 'bbe354d6c29a80213dc9779f290b1478') in 0.1075956 seconds
Number of updated asset objects reloaded before import = 0Number of asset objects unloaded after import = 18

========================================================================
Received Import Request.
  Time since last request: 0.000048 seconds.
  path: Assets/Art/MINIFANTASY Creatures - Super Low Res 2D Pixel Art by Krishna Palacio/Sprites/Beasts/_Shadows/Wolf/WolfShadow_Walk.png
  artifactKey: Guid(c32d0a34454110a409394bba50dfaa74) Importer(2089858483,192608db42251d675da83286b1cce702)
Start importing Assets/Art/MINIFANTASY Creatures - Super Low Res 2D Pixel Art by Krishna Palacio/Sprites/Beasts/_Shadows/Wolf/WolfShadow_Walk.png using Guid(c32d0a34454110a409394bba50dfaa74) Importer(2089858483,192608db42251d675da83286b1cce702) (ScriptedImporter) -> (artifact id: 'b24c6492529130ca939148aae20daa6c') in 0.1660975 seconds
Number of updated asset objects reloaded before import = 0Number of asset objects unloaded after import = 18

========================================================================
Received Import Request.
  Time since last request: 0.000039 seconds.
  path: Assets/Art/MINIFANTASY Creatures - Super Low Res 2D Pixel Art by Krishna Palacio/Animations/Monsters/Centaur/Centaur_Jump_NW.anim
  artifactKey: Guid(3ca090cc5fdc4b741a63a8f08f528c0d) Importer(2089858483,192608db42251d675da83286b1cce702)
Start importing Assets/Art/MINIFANTASY Creatures - Super Low Res 2D Pixel Art by Krishna Palacio/Animations/Monsters/Centaur/Centaur_Jump_NW.anim using Guid(3ca090cc5fdc4b741a63a8f08f528c0d) Importer(2089858483,192608db42251d675da83286b1cce702) (ScriptedImporter) -> (artifact id: '0bc91b38acb8a4a85c1cb58c86fabd6c') in 0.0252332 seconds
Number of updated asset objects reloaded before import = 0Number of asset objects unloaded after import = 1

========================================================================
Received Import Request.
  Time since last request: 0.000049 seconds.
  path: Assets/Art/MINIFANTASY Creatures - Super Low Res 2D Pixel Art by Krishna Palacio/Animations/Beasts/Bat/Bat_Dmg_NW.anim
  artifactKey: Guid(fd3f27872900a5544ac1251cfae38204) Importer(2089858483,192608db42251d675da83286b1cce702)
Start importing Assets/Art/MINIFANTASY Creatures - Super Low Res 2D Pixel Art by Krishna Palacio/Animations/Beasts/Bat/Bat_Dmg_NW.anim using Guid(fd3f27872900a5544ac1251cfae38204) Importer(2089858483,192608db42251d675da83286b1cce702) (ScriptedImporter) -> (artifact id: 'dde403b8205226ba5befc9d6d65f02a0') in 0.0097445 seconds
Number of updated asset objects reloaded before import = 0Number of asset objects unloaded after import = 1

========================================================================
Received Import Request.
  Time since last request: 0.000031 seconds.
  path: Assets/Art/MINIFANTASY Creatures - Super Low Res 2D Pixel Art by Krishna Palacio/Animations/Big_Guys/Yeti/YetiJump_NE.anim
  artifactKey: Guid(2874ad02b1dd3f94f8d6e7f603cfde05) Importer(2089858483,192608db42251d675da83286b1cce702)
Start importing Assets/Art/MINIFANTASY Creatures - Super Low Res 2D Pixel Art by Krishna Palacio/Animations/Big_Guys/Yeti/YetiJump_NE.anim using Guid(2874ad02b1dd3f94f8d6e7f603cfde05) Importer(2089858483,192608db42251d675da83286b1cce702) (ScriptedImporter) -> (artifact id: 'd56f1f51991ae4052068d5871f734580') in 0.0116511 seconds
Number of updated asset objects reloaded before import = 0Number of asset objects unloaded after import = 1

========================================================================
Received Import Request.
  Time since last request: 0.000028 seconds.
  path: Assets/Art/MINIFANTASY Creatures - Super Low Res 2D Pixel Art by Krishna Palacio/Animations/Humanoids/Orc/Wild Orc/WildOrc_Idle_NE.anim
  artifactKey: Guid(9c448ed30613a0e478972337e6e074d7) Importer(2089858483,192608db42251d675da83286b1cce702)
Start importing Assets/Art/MINIFANTASY Creatures - Super Low Res 2D Pixel Art by Krishna Palacio/Animations/Humanoids/Orc/Wild Orc/WildOrc_Idle_NE.anim using Guid(9c448ed30613a0e478972337e6e074d7) Importer(2089858483,192608db42251d675da83286b1cce702) (ScriptedImporter) -> (artifact id: '02fc672f854c15ab775797f2460de111') in 0.0188285 seconds
Number of updated asset objects reloaded before import = 0Number of asset objects unloaded after import = 1

========================================================================
Received Import Request.
  Time since last request: 0.000193 seconds.
  path: Assets/Art/MINIFANTASY Creatures - Super Low Res 2D Pixel Art by Krishna Palacio/Sprites/Big_Guys/Wargo/Minifantasy_CreaturesWargoDmg.png
  artifactKey: Guid(6d581626a7d0b5a45b5f84148a3f6171) Importer(2089858483,192608db42251d675da83286b1cce702)
Start importing Assets/Art/MINIFANTASY Creatures - Super Low Res 2D Pixel Art by Krishna Palacio/Sprites/Big_Guys/Wargo/Minifantasy_CreaturesWargoDmg.png using Guid(6d581626a7d0b5a45b5f84148a3f6171) Importer(2089858483,192608db42251d675da83286b1cce702) (ScriptedImporter) -> (artifact id: '1b1385f10baa8bf24bcec0995b1ca562') in 0.1683939 seconds
Number of updated asset objects reloaded before import = 0Number of asset objects unloaded after import = 18

========================================================================
Received Import Request.
  Time since last request: 0.000042 seconds.
  path: Assets/Art/MINIFANTASY Creatures - Super Low Res 2D Pixel Art by Krishna Palacio/Animations/Humanoids/Human/Human_Townsfolk/Minifantasy_CreaturesHumanTownsfolkJump_SE.anim
  artifactKey: Guid(08cdde4ebca732e47912cd55cb4f214f) Importer(2089858483,192608db42251d675da83286b1cce702)
Start importing Assets/Art/MINIFANTASY Creatures - Super Low Res 2D Pixel Art by Krishna Palacio/Animations/Humanoids/Human/Human_Townsfolk/Minifantasy_CreaturesHumanTownsfolkJump_SE.anim using Guid(08cdde4ebca732e47912cd55cb4f214f) Importer(2089858483,192608db42251d675da83286b1cce702) (ScriptedImporter) -> (artifact id: 'e23869b13bd175b48ec968da8d0a4c89') in 0.0395161 seconds
Number of updated asset objects reloaded before import = 0Number of asset objects unloaded after import = 1

========================================================================
Received Import Request.
  Time since last request: 0.000040 seconds.
  path: Assets/Art/MINIFANTASY Creatures - Super Low Res 2D Pixel Art by Krishna Palacio/Animations/Humanoids/Human/Human/HumanWalk_NW.anim
  artifactKey: Guid(edce0bf870ad8d14dabe169007037dbe) Importer(2089858483,192608db42251d675da83286b1cce702)
Start importing Assets/Art/MINIFANTASY Creatures - Super Low Res 2D Pixel Art by Krishna Palacio/Animations/Humanoids/Human/Human/HumanWalk_NW.anim using Guid(edce0bf870ad8d14dabe169007037dbe) Importer(2089858483,192608db42251d675da83286b1cce702) (ScriptedImporter) -> (artifact id: '003741685db810c75104fb733df6f13c') in 0.0350717 seconds
Number of updated asset objects reloaded before import = 0Number of asset objects unloaded after import = 1

========================================================================
Received Import Request.
  Time since last request: 0.000028 seconds.
  path: Assets/Art/MINIFANTASY Creatures - Super Low Res 2D Pixel Art by Krishna Palacio/Animations/Monsters/Skeleton/Skeleton_Dmg_SE.anim
  artifactKey: Guid(71559facff4c5dc4eaf1c32219357b63) Importer(2089858483,192608db42251d675da83286b1cce702)
Start importing Assets/Art/MINIFANTASY Creatures - Super Low Res 2D Pixel Art by Krishna Palacio/Animations/Monsters/Skeleton/Skeleton_Dmg_SE.anim using Guid(71559facff4c5dc4eaf1c32219357b63) Importer(2089858483,192608db42251d675da83286b1cce702) (ScriptedImporter) -> (artifact id: 'f813580dbb004de1391a389803663caf') in 0.0211727 seconds
Number of updated asset objects reloaded before import = 0Number of asset objects unloaded after import = 1

========================================================================
Received Import Request.
  Time since last request: 0.000036 seconds.
  path: Assets/Art/MINIFANTASY Creatures - Super Low Res 2D Pixel Art by Krishna Palacio/Animations/Beasts/Bat/Bat_Sleep_SleepIdle.anim
  artifactKey: Guid(dfc5d76e99be95e45ba898f05f81bf3c) Importer(2089858483,192608db42251d675da83286b1cce702)
Start importing Assets/Art/MINIFANTASY Creatures - Super Low Res 2D Pixel Art by Krishna Palacio/Animations/Beasts/Bat/Bat_Sleep_SleepIdle.anim using Guid(dfc5d76e99be95e45ba898f05f81bf3c) Importer(2089858483,192608db42251d675da83286b1cce702) (ScriptedImporter) -> (artifact id: '611bea9707c6cc090fb1d5954952a0b9') in 0.0147802 seconds
Number of updated asset objects reloaded before import = 0Number of asset objects unloaded after import = 1

========================================================================
Received Import Request.
  Time since last request: 0.000031 seconds.
  path: Assets/Art/MINIFANTASY Creatures - Super Low Res 2D Pixel Art by Krishna Palacio/Animations/Humanoids/Goblin/GoblinJump_NE.anim
  artifactKey: Guid(41726a78da602a94fbd3e971677f5207) Importer(2089858483,192608db42251d675da83286b1cce702)
Start importing Assets/Art/MINIFANTASY Creatures - Super Low Res 2D Pixel Art by Krishna Palacio/Animations/Humanoids/Goblin/GoblinJump_NE.anim using Guid(41726a78da602a94fbd3e971677f5207) Importer(2089858483,192608db42251d675da83286b1cce702) (ScriptedImporter) -> (artifact id: '142e01752faaa4e985cca90c40f055be') in 0.0137339 seconds
Number of updated asset objects reloaded before import = 0Number of asset objects unloaded after import = 1

========================================================================
Received Import Request.
  Time since last request: 0.000049 seconds.
  path: Assets/Art/MINIFANTASY Creatures - Super Low Res 2D Pixel Art by Krishna Palacio/Animations/Monsters/Skeleton
  artifactKey: Guid(97564a7bf31701d4c9940650bd5f55f4) Importer(2089858483,192608db42251d675da83286b1cce702)
Start importing Assets/Art/MINIFANTASY Creatures - Super Low Res 2D Pixel Art by Krishna Palacio/Animations/Monsters/Skeleton using Guid(97564a7bf31701d4c9940650bd5f55f4) Importer(2089858483,192608db42251d675da83286b1cce702) (ScriptedImporter) -> (artifact id: 'd172bf08ec8e0964c59590bdeb2cc636') in 0.0091997 seconds
Number of updated asset objects reloaded before import = 0Number of asset objects unloaded after import = 1

========================================================================
Received Import Request.
  Time since last request: 0.000044 seconds.
  path: Assets/Art/MINIFANTASY Creatures - Super Low Res 2D Pixel Art by Krishna Palacio/Sprites/Humanoids/_Shadows/Dwarf, Trasgo/Minifantasy_CreaturesShadowDwarJump.png
  artifactKey: Guid(1c6233ab19611464eafdb40fea32a583) Importer(2089858483,192608db42251d675da83286b1cce702)
Start importing Assets/Art/MINIFANTASY Creatures - Super Low Res 2D Pixel Art by Krishna Palacio/Sprites/Humanoids/_Shadows/Dwarf, Trasgo/Minifantasy_CreaturesShadowDwarJump.png using Guid(1c6233ab19611464eafdb40fea32a583) Importer(2089858483,192608db42251d675da83286b1cce702) (ScriptedImporter) -> (artifact id: '5400b5aabb6164e671b4a1fded78c968') in 0.0834396 seconds
Number of updated asset objects reloaded before import = 0Number of asset objects unloaded after import = 18

========================================================================
Received Import Request.
  Time since last request: 0.000039 seconds.
  path: Assets/Art/MINIFANTASY Creatures - Super Low Res 2D Pixel Art by Krishna Palacio/Animations/Monsters/Skeleton/Skeleton_Attack_NE.anim
  artifactKey: Guid(cc6431d48ae420e458a7aa0f7cde8833) Importer(2089858483,192608db42251d675da83286b1cce702)
Start importing Assets/Art/MINIFANTASY Creatures - Super Low Res 2D Pixel Art by Krishna Palacio/Animations/Monsters/Skeleton/Skeleton_Attack_NE.anim using Guid(cc6431d48ae420e458a7aa0f7cde8833) Importer(2089858483,192608db42251d675da83286b1cce702) (ScriptedImporter) -> (artifact id: '75c475c90aaa0bd26f8deec131aad680') in 0.0237938 seconds
Number of updated asset objects reloaded before import = 0Number of asset objects unloaded after import = 1

========================================================================
Received Import Request.
  Time since last request: 0.000092 seconds.
  path: Assets/Art/MINIFANTASY Creatures - Super Low Res 2D Pixel Art by Krishna Palacio/Sprites/Humanoids/Human/Human_Amazon/Minifantasy_CreaturesAmazonAnimations.png
  artifactKey: Guid(a0322e07158087e4e98d1bfd83af67ea) Importer(2089858483,192608db42251d675da83286b1cce702)
Start importing Assets/Art/MINIFANTASY Creatures - Super Low Res 2D Pixel Art by Krishna Palacio/Sprites/Humanoids/Human/Human_Amazon/Minifantasy_CreaturesAmazonAnimations.png using Guid(a0322e07158087e4e98d1bfd83af67ea) Importer(2089858483,192608db42251d675da83286b1cce702) (ScriptedImporter) -> (artifact id: 'f3f8a350b46f6d17365c1c0c5f70c33e') in 0.0206529 seconds
Number of updated asset objects reloaded before import = 0Number of asset objects unloaded after import = 3

========================================================================
Received Import Request.
  Time since last request: 0.000044 seconds.
  path: Assets/Art/MINIFANTASY Creatures - Super Low Res 2D Pixel Art by Krishna Palacio/Animations/Humanoids/Dwarf/Dwarf_Yellow_Beard/DwarfYellowBearWalk_NE.anim
  artifactKey: Guid(dc62d9d766cadc147a845899110fc171) Importer(2089858483,192608db42251d675da83286b1cce702)
Start importing Assets/Art/MINIFANTASY Creatures - Super Low Res 2D Pixel Art by Krishna Palacio/Animations/Humanoids/Dwarf/Dwarf_Yellow_Beard/DwarfYellowBearWalk_NE.anim using Guid(dc62d9d766cadc147a845899110fc171) Importer(2089858483,192608db42251d675da83286b1cce702) (ScriptedImporter) -> (artifact id: 'cdf77d268342fba30eb0aa3ba6d22dd5') in 0.0121796 seconds
Number of updated asset objects reloaded before import = 0Number of asset objects unloaded after import = 1

========================================================================
Received Import Request.
  Time since last request: 0.000039 seconds.
  path: Assets/Art/MINIFANTASY Creatures - Super Low Res 2D Pixel Art by Krishna Palacio/Animations/Monsters/Skeleton/Skeleton_Dmg_SW.anim
  artifactKey: Guid(a5930f3e315b48e4ea026513ff45b331) Importer(2089858483,192608db42251d675da83286b1cce702)
Start importing Assets/Art/MINIFANTASY Creatures - Super Low Res 2D Pixel Art by Krishna Palacio/Animations/Monsters/Skeleton/Skeleton_Dmg_SW.anim using Guid(a5930f3e315b48e4ea026513ff45b331) Importer(2089858483,192608db42251d675da83286b1cce702) (ScriptedImporter) -> (artifact id: '358170116a63ac14d2a77c329a128bef') in 0.0120162 seconds
Number of updated asset objects reloaded before import = 0Number of asset objects unloaded after import = 1

========================================================================
Received Import Request.
  Time since last request: 0.000031 seconds.
  path: Assets/Art/MINIFANTASY Creatures - Super Low Res 2D Pixel Art by Krishna Palacio/Sprites/Beasts/_Shadows/Bat/BatShadow_Dmg.png
  artifactKey: Guid(38da137265f8d0c458a0f83aefa6959a) Importer(2089858483,192608db42251d675da83286b1cce702)
Start importing Assets/Art/MINIFANTASY Creatures - Super Low Res 2D Pixel Art by Krishna Palacio/Sprites/Beasts/_Shadows/Bat/BatShadow_Dmg.png using Guid(38da137265f8d0c458a0f83aefa6959a) Importer(2089858483,192608db42251d675da83286b1cce702) (ScriptedImporter) -> (artifact id: 'df411dc42e20a4552473633765ae2bcb') in 0.0911436 seconds
Number of updated asset objects reloaded before import = 0Number of asset objects unloaded after import = 18

========================================================================
Received Import Request.
  Time since last request: 0.000048 seconds.
  path: Assets/Art/MINIFANTASY Creatures - Super Low Res 2D Pixel Art by Krishna Palacio/Sprites/Beasts/Wolf/Wolf_Jump.png
  artifactKey: Guid(cf0e83d4b4d945442999665db3ab0d8e) Importer(2089858483,192608db42251d675da83286b1cce702)
Start importing Assets/Art/MINIFANTASY Creatures - Super Low Res 2D Pixel Art by Krishna Palacio/Sprites/Beasts/Wolf/Wolf_Jump.png using Guid(cf0e83d4b4d945442999665db3ab0d8e) Importer(2089858483,192608db42251d675da83286b1cce702) (ScriptedImporter) -> (artifact id: '7badcfc38cb682137aca89e7e1e462c1') in 0.0580592 seconds
Number of updated asset objects reloaded before import = 0Number of asset objects unloaded after import = 18

========================================================================
Received Import Request.
  Time since last request: 0.000049 seconds.
  path: Assets/Art/MINIFANTASY Creatures - Super Low Res 2D Pixel Art by Krishna Palacio/Animations/Beasts/Wolf
  artifactKey: Guid(59a8eac80893aa044bacc3340b80af29) Importer(2089858483,192608db42251d675da83286b1cce702)
Start importing Assets/Art/MINIFANTASY Creatures - Super Low Res 2D Pixel Art by Krishna Palacio/Animations/Beasts/Wolf using Guid(59a8eac80893aa044bacc3340b80af29) Importer(2089858483,192608db42251d675da83286b1cce702) (ScriptedImporter) -> (artifact id: 'cac060198706bc6a6f35dbf73d23846b') in 0.0116884 seconds
Number of updated asset objects reloaded before import = 0Number of asset objects unloaded after import = 1

========================================================================
Received Import Request.
  Time since last request: 0.000037 seconds.
  path: Assets/Art/MINIFANTASY Creatures - Super Low Res 2D Pixel Art by Krishna Palacio/Sprites/Monsters/_Shadows/Wildfire/Minifantasy_CreaturesShadowWildfireFly.png
  artifactKey: Guid(ff4541c3779f2404ba56bf6c97d96a31) Importer(2089858483,192608db42251d675da83286b1cce702)
Start importing Assets/Art/MINIFANTASY Creatures - Super Low Res 2D Pixel Art by Krishna Palacio/Sprites/Monsters/_Shadows/Wildfire/Minifantasy_CreaturesShadowWildfireFly.png using Guid(ff4541c3779f2404ba56bf6c97d96a31) Importer(2089858483,192608db42251d675da83286b1cce702) (ScriptedImporter) -> (artifact id: 'b4ff5b9b05a85036df8041b53de95670') in 0.1522118 seconds
Number of updated asset objects reloaded before import = 0Number of asset objects unloaded after import = 18

========================================================================
Received Import Request.
  Time since last request: 0.000042 seconds.
  path: Assets/Art/MINIFANTASY Creatures - Super Low Res 2D Pixel Art by Krishna Palacio/Animations/Monsters/Centaur/Centaur_Dmg_NE.anim
  artifactKey: Guid(8ca336fd1fcb7d64d9418702286a4d67) Importer(2089858483,192608db42251d675da83286b1cce702)
Start importing Assets/Art/MINIFANTASY Creatures - Super Low Res 2D Pixel Art by Krishna Palacio/Animations/Monsters/Centaur/Centaur_Dmg_NE.anim using Guid(8ca336fd1fcb7d64d9418702286a4d67) Importer(2089858483,192608db42251d675da83286b1cce702) (ScriptedImporter) -> (artifact id: '5cb5b7e08dec060d6e60ce3eb10bd071') in 0.0118789 seconds
Number of updated asset objects reloaded before import = 0Number of asset objects unloaded after import = 1

========================================================================
Received Import Request.
  Time since last request: 0.000032 seconds.
  path: Assets/Art/MINIFANTASY Creatures - Super Low Res 2D Pixel Art by Krishna Palacio/Sprites/Monsters/Skeleton/Skeleton_Die.png
  artifactKey: Guid(00193a8b5d4763041825af507e5d2157) Importer(2089858483,192608db42251d675da83286b1cce702)
Start importing Assets/Art/MINIFANTASY Creatures - Super Low Res 2D Pixel Art by Krishna Palacio/Sprites/Monsters/Skeleton/Skeleton_Die.png using Guid(00193a8b5d4763041825af507e5d2157) Importer(2089858483,192608db42251d675da83286b1cce702) (ScriptedImporter) -> (artifact id: '791cdf0eb2778efda19afaa82860d06d') in 0.0720524 seconds
Number of updated asset objects reloaded before import = 0Number of asset objects unloaded after import = 11

========================================================================
Received Import Request.
  Time since last request: 0.000047 seconds.
  path: Assets/Art/MINIFANTASY Creatures - Super Low Res 2D Pixel Art by Krishna Palacio/Animations/Big_Guys/Mother_Slime/Green/MotherSlimeGreenJumpAttack_NW.anim
  artifactKey: Guid(6ef45c61fb4acc440b9fd1b75ce67ac5) Importer(2089858483,192608db42251d675da83286b1cce702)
Start importing Assets/Art/MINIFANTASY Creatures - Super Low Res 2D Pixel Art by Krishna Palacio/Animations/Big_Guys/Mother_Slime/Green/MotherSlimeGreenJumpAttack_NW.anim using Guid(6ef45c61fb4acc440b9fd1b75ce67ac5) Importer(2089858483,192608db42251d675da83286b1cce702) (ScriptedImporter) -> (artifact id: '759c6a8d14d32bf7f47832b7ced8dd0b') in 0.0156848 seconds
Number of updated asset objects reloaded before import = 0Number of asset objects unloaded after import = 1

========================================================================
Received Import Request.
  Time since last request: 0.000039 seconds.
  path: Assets/Art/MINIFANTASY Creatures - Super Low Res 2D Pixel Art by Krishna Palacio/Animations/Beasts/Wolf/Wolf_Walk_NE.anim
  artifactKey: Guid(1240de27bbc82ef46befedb91fc58a63) Importer(2089858483,192608db42251d675da83286b1cce702)
Start importing Assets/Art/MINIFANTASY Creatures - Super Low Res 2D Pixel Art by Krishna Palacio/Animations/Beasts/Wolf/Wolf_Walk_NE.anim using Guid(1240de27bbc82ef46befedb91fc58a63) Importer(2089858483,192608db42251d675da83286b1cce702) (ScriptedImporter) -> (artifact id: '054d9d7b5164d11bf82181b75c97d2aa') in 0.0124606 seconds
Number of updated asset objects reloaded before import = 0Number of asset objects unloaded after import = 1

========================================================================
Received Import Request.
  Time since last request: 0.000028 seconds.
  path: Assets/Art/MINIFANTASY Creatures - Super Low Res 2D Pixel Art by Krishna Palacio/Animations/Monsters/Wildfire/Wildfire_Fly_SE.anim
  artifactKey: Guid(2b0162cd55485d342a7e02cf83376b2c) Importer(2089858483,192608db42251d675da83286b1cce702)
Start importing Assets/Art/MINIFANTASY Creatures - Super Low Res 2D Pixel Art by Krishna Palacio/Animations/Monsters/Wildfire/Wildfire_Fly_SE.anim using Guid(2b0162cd55485d342a7e02cf83376b2c) Importer(2089858483,192608db42251d675da83286b1cce702) (ScriptedImporter) -> (artifact id: '7c0fc2eb6ac00efd219075ce2494672c') in 0.0121074 seconds
Number of updated asset objects reloaded before import = 0Number of asset objects unloaded after import = 1

========================================================================
Received Import Request.
  Time since last request: 0.000033 seconds.
  path: Assets/Art/MINIFANTASY Creatures - Super Low Res 2D Pixel Art by Krishna Palacio/Animations/Monsters/Slime/Blue/BlueSlime_Dmg_SE.anim
  artifactKey: Guid(8d8c5977b7b8f944391e1555aa887cac) Importer(2089858483,192608db42251d675da83286b1cce702)
Start importing Assets/Art/MINIFANTASY Creatures - Super Low Res 2D Pixel Art by Krishna Palacio/Animations/Monsters/Slime/Blue/BlueSlime_Dmg_SE.anim using Guid(8d8c5977b7b8f944391e1555aa887cac) Importer(2089858483,192608db42251d675da83286b1cce702) (ScriptedImporter) -> (artifact id: '6f50a31c860206edf183c8c7d85b1ce1') in 0.0112249 seconds
Number of updated asset objects reloaded before import = 0Number of asset objects unloaded after import = 1

========================================================================
Received Import Request.
  Time since last request: 0.000029 seconds.
  path: Assets/Art/MINIFANTASY Creatures - Super Low Res 2D Pixel Art by Krishna Palacio/Sprites/Humanoids/Elf/Minifantasy_CreaturesElfAnimations.png
  artifactKey: Guid(476304af4ee0f294f9c132b0f492ce53) Importer(2089858483,192608db42251d675da83286b1cce702)
Start importing Assets/Art/MINIFANTASY Creatures - Super Low Res 2D Pixel Art by Krishna Palacio/Sprites/Humanoids/Elf/Minifantasy_CreaturesElfAnimations.png using Guid(476304af4ee0f294f9c132b0f492ce53) Importer(2089858483,192608db42251d675da83286b1cce702) (ScriptedImporter) -> (artifact id: '8d8d271dffd0063a07bc722c75617d0c') in 0.046158 seconds
Number of updated asset objects reloaded before import = 0Number of asset objects unloaded after import = 3

========================================================================
Received Import Request.
  Time since last request: 0.000047 seconds.
  path: Assets/Art/MINIFANTASY Creatures - Super Low Res 2D Pixel Art by Krishna Palacio/Animations/Monsters/Slime/Blue
  artifactKey: Guid(28286d670ad4d62409b15b4aab4c0712) Importer(2089858483,192608db42251d675da83286b1cce702)
Start importing Assets/Art/MINIFANTASY Creatures - Super Low Res 2D Pixel Art by Krishna Palacio/Animations/Monsters/Slime/Blue using Guid(28286d670ad4d62409b15b4aab4c0712) Importer(2089858483,192608db42251d675da83286b1cce702) (ScriptedImporter) -> (artifact id: 'b5c5917db5b2a0e1b83e2693492df49f') in 0.008175 seconds
Number of updated asset objects reloaded before import = 0Number of asset objects unloaded after import = 1

========================================================================
Received Import Request.
  Time since last request: 0.000034 seconds.
  path: Assets/Art/MINIFANTASY Creatures - Super Low Res 2D Pixel Art by Krishna Palacio/Animations/Big_Guys/Yeti/YetiWalk_NE.anim
  artifactKey: Guid(33aa9d2a928c1ad4bb886d10d125d0c3) Importer(2089858483,192608db42251d675da83286b1cce702)
Start importing Assets/Art/MINIFANTASY Creatures - Super Low Res 2D Pixel Art by Krishna Palacio/Animations/Big_Guys/Yeti/YetiWalk_NE.anim using Guid(33aa9d2a928c1ad4bb886d10d125d0c3) Importer(2089858483,192608db42251d675da83286b1cce702) (ScriptedImporter) -> (artifact id: '093c627ec581931051dc5777e8d5139a') in 0.0095476 seconds
Number of updated asset objects reloaded before import = 0Number of asset objects unloaded after import = 1

========================================================================
Received Import Request.
  Time since last request: 0.000033 seconds.
  path: Assets/Art/MINIFANTASY Creatures - Super Low Res 2D Pixel Art by Krishna Palacio/Animations/Monsters/Undead_AnimatorController.controller
  artifactKey: Guid(0260e50e52d05ea49a77bd0cbe8fe64d) Importer(2089858483,192608db42251d675da83286b1cce702)
Start importing Assets/Art/MINIFANTASY Creatures - Super Low Res 2D Pixel Art by Krishna Palacio/Animations/Monsters/Undead_AnimatorController.controller using Guid(0260e50e52d05ea49a77bd0cbe8fe64d) Importer(2089858483,192608db42251d675da83286b1cce702) (ScriptedImporter) -> (artifact id: '561e1851e37c0c7b0e42d1690b4c83eb') in 0.0253942 seconds
Number of updated asset objects reloaded before import = 0Number of asset objects unloaded after import = 34

========================================================================
Received Import Request.
  Time since last request: 0.000041 seconds.
  path: Assets/Art/MINIFANTASY Creatures - Super Low Res 2D Pixel Art by Krishna Palacio/Animations/Big_Guys/Yeti/YetiDmg_SE.anim
  artifactKey: Guid(b3df90aaabb986b4ebdddef9740ab8ff) Importer(2089858483,192608db42251d675da83286b1cce702)
Start importing Assets/Art/MINIFANTASY Creatures - Super Low Res 2D Pixel Art by Krishna Palacio/Animations/Big_Guys/Yeti/YetiDmg_SE.anim using Guid(b3df90aaabb986b4ebdddef9740ab8ff) Importer(2089858483,192608db42251d675da83286b1cce702) (ScriptedImporter) -> (artifact id: '8a69742030eec50a9431a9665591ef9c') in 0.0142201 seconds
Number of updated asset objects reloaded before import = 0Number of asset objects unloaded after import = 1

========================================================================
Received Import Request.
  Time since last request: 0.000052 seconds.
  path: Assets/Art/MINIFANTASY Creatures - Super Low Res 2D Pixel Art by Krishna Palacio/Animations/Humanoids/Trasgo/Trasgo_Attack_SE.anim
  artifactKey: Guid(15742ac5e3c33d4499728ccdb432c76e) Importer(2089858483,192608db42251d675da83286b1cce702)
Start importing Assets/Art/MINIFANTASY Creatures - Super Low Res 2D Pixel Art by Krishna Palacio/Animations/Humanoids/Trasgo/Trasgo_Attack_SE.anim using Guid(15742ac5e3c33d4499728ccdb432c76e) Importer(2089858483,192608db42251d675da83286b1cce702) (ScriptedImporter) -> (artifact id: 'aa96ced7b17604a9a4b5458826bccefd') in 0.0094189 seconds
Number of updated asset objects reloaded before import = 0Number of asset objects unloaded after import = 1

========================================================================
Received Import Request.
  Time since last request: 0.000031 seconds.
  path: Assets/Art/MINIFANTASY Creatures - Super Low Res 2D Pixel Art by Krishna Palacio/Animations/Humanoids/Dwarf/Dwarf/DwarfAttack_SW.anim
  artifactKey: Guid(54d04d6e94a0fe646b4f759f856fe176) Importer(2089858483,192608db42251d675da83286b1cce702)
Start importing Assets/Art/MINIFANTASY Creatures - Super Low Res 2D Pixel Art by Krishna Palacio/Animations/Humanoids/Dwarf/Dwarf/DwarfAttack_SW.anim using Guid(54d04d6e94a0fe646b4f759f856fe176) Importer(2089858483,192608db42251d675da83286b1cce702) (ScriptedImporter) -> (artifact id: 'c3153597738f9e46993f7bc9bf1400e9') in 0.0116501 seconds
Number of updated asset objects reloaded before import = 0Number of asset objects unloaded after import = 1

========================================================================
Received Import Request.
  Time since last request: 0.000134 seconds.
  path: Assets/Art/MINIFANTASY Creatures - Super Low Res 2D Pixel Art by Krishna Palacio/Sprites/Monsters/Slime/Blue _Slime
  artifactKey: Guid(77d888cc3388d0f46afb2cb9c1a2e2b1) Importer(2089858483,192608db42251d675da83286b1cce702)
Start importing Assets/Art/MINIFANTASY Creatures - Super Low Res 2D Pixel Art by Krishna Palacio/Sprites/Monsters/Slime/Blue _Slime using Guid(77d888cc3388d0f46afb2cb9c1a2e2b1) Importer(2089858483,192608db42251d675da83286b1cce702) (ScriptedImporter) -> (artifact id: '9e132151d4f977602cad6c2145ba2e74') in 0.008849 seconds
Number of updated asset objects reloaded before import = 0Number of asset objects unloaded after import = 1

========================================================================
Received Import Request.
  Time since last request: 0.000031 seconds.
  path: Assets/Art/MINIFANTASY Creatures - Super Low Res 2D Pixel Art by Krishna Palacio/Sprites/Big_Guys/Troll/Minifantasy_CreaturesTrollDie.png
  artifactKey: Guid(1f1955b6223d88e4fb108e7805b9df1f) Importer(2089858483,192608db42251d675da83286b1cce702)
Start importing Assets/Art/MINIFANTASY Creatures - Super Low Res 2D Pixel Art by Krishna Palacio/Sprites/Big_Guys/Troll/Minifantasy_CreaturesTrollDie.png using Guid(1f1955b6223d88e4fb108e7805b9df1f) Importer(2089858483,192608db42251d675da83286b1cce702) (ScriptedImporter) -> (artifact id: 'cec2d112e55accc19ddeea376ac8653c') in 0.0611462 seconds
Number of updated asset objects reloaded before import = 0Number of asset objects unloaded after import = 16

========================================================================
Received Import Request.
  Time since last request: 0.000027 seconds.
  path: Assets/Art/MINIFANTASY Creatures - Super Low Res 2D Pixel Art by Krishna Palacio/Animations/Beasts/Bat/Bat_Dmg_SE.anim
  artifactKey: Guid(a5f665fd7e51aa44b91e7e37f1488083) Importer(2089858483,192608db42251d675da83286b1cce702)
Start importing Assets/Art/MINIFANTASY Creatures - Super Low Res 2D Pixel Art by Krishna Palacio/Animations/Beasts/Bat/Bat_Dmg_SE.anim using Guid(a5f665fd7e51aa44b91e7e37f1488083) Importer(2089858483,192608db42251d675da83286b1cce702) (ScriptedImporter) -> (artifact id: '686e31a6c9ef2229b64fef7db4e7ff7d') in 0.0103109 seconds
Number of updated asset objects reloaded before import = 0Number of asset objects unloaded after import = 1

========================================================================
Received Import Request.
  Time since last request: 0.000039 seconds.
  path: Assets/Art/MINIFANTASY Creatures - Super Low Res 2D Pixel Art by Krishna Palacio/Animations/Big_Guys/Mother_Slime/Green/MotherSlimeGreenJumpAttack_SE.anim
  artifactKey: Guid(9660c8d4d59826e40ac84176197fe580) Importer(2089858483,192608db42251d675da83286b1cce702)
Start importing Assets/Art/MINIFANTASY Creatures - Super Low Res 2D Pixel Art by Krishna Palacio/Animations/Big_Guys/Mother_Slime/Green/MotherSlimeGreenJumpAttack_SE.anim using Guid(9660c8d4d59826e40ac84176197fe580) Importer(2089858483,192608db42251d675da83286b1cce702) (ScriptedImporter) -> (artifact id: '6296c6adda552e112a537d87fa777f5b') in 0.0118156 seconds
Number of updated asset objects reloaded before import = 0Number of asset objects unloaded after import = 1

========================================================================
Received Import Request.
  Time since last request: 0.000033 seconds.
  path: Assets/Art/MINIFANTASY Creatures - Super Low Res 2D Pixel Art by Krishna Palacio/Sprites/Beasts/Bat/Bat_Die.png
  artifactKey: Guid(2a3d1ce1bffa2df45a6a78c8cdf0478c) Importer(2089858483,192608db42251d675da83286b1cce702)
Start importing Assets/Art/MINIFANTASY Creatures - Super Low Res 2D Pixel Art by Krishna Palacio/Sprites/Beasts/Bat/Bat_Die.png using Guid(2a3d1ce1bffa2df45a6a78c8cdf0478c) Importer(2089858483,192608db42251d675da83286b1cce702) (ScriptedImporter) -> (artifact id: '5bdfcb7a71e4a4e59d7a06361674c171') in 0.0386496 seconds
Number of updated asset objects reloaded before import = 0Number of asset objects unloaded after import = 11

========================================================================
Received Import Request.
  Time since last request: 0.000027 seconds.
  path: Assets/Art/MINIFANTASY Creatures - Super Low Res 2D Pixel Art by Krishna Palacio/Sprites/Humanoids/_Shadows/Dwarf, Trasgo
  artifactKey: Guid(0c7ca277115134447a1702cb72920d41) Importer(2089858483,192608db42251d675da83286b1cce702)
Start importing Assets/Art/MINIFANTASY Creatures - Super Low Res 2D Pixel Art by Krishna Palacio/Sprites/Humanoids/_Shadows/Dwarf, Trasgo using Guid(0c7ca277115134447a1702cb72920d41) Importer(2089858483,192608db42251d675da83286b1cce702) (ScriptedImporter) -> (artifact id: 'a1d718d09b781f1c5f8f6682124318c5') in 0.0047867 seconds
Number of updated asset objects reloaded before import = 0Number of asset objects unloaded after import = 1

========================================================================
Received Import Request.
  Time since last request: 0.000037 seconds.
  path: Assets/Art/MINIFANTASY Creatures - Super Low Res 2D Pixel Art by Krishna Palacio/Animations/Big_Guys/Troll/TrollJump_NE.anim
  artifactKey: Guid(ef40793e07173e440ac539348790530f) Importer(2089858483,192608db42251d675da83286b1cce702)
Start importing Assets/Art/MINIFANTASY Creatures - Super Low Res 2D Pixel Art by Krishna Palacio/Animations/Big_Guys/Troll/TrollJump_NE.anim using Guid(ef40793e07173e440ac539348790530f) Importer(2089858483,192608db42251d675da83286b1cce702) (ScriptedImporter) -> (artifact id: 'ee27bbe7495e37ef63422ae9e534082e') in 0.0121551 seconds
Number of updated asset objects reloaded before import = 0Number of asset objects unloaded after import = 1

========================================================================
Received Import Request.
  Time since last request: 0.000050 seconds.
  path: Assets/Art/MINIFANTASY Creatures - Super Low Res 2D Pixel Art by Krishna Palacio/Prefabs/Monsters/Blue Slime.prefab
  artifactKey: Guid(b3bec2a904bb6e7408e3b0f7a574d6fc) Importer(2089858483,192608db42251d675da83286b1cce702)
Start importing Assets/Art/MINIFANTASY Creatures - Super Low Res 2D Pixel Art by Krishna Palacio/Prefabs/Monsters/Blue Slime.prefab using Guid(b3bec2a904bb6e7408e3b0f7a574d6fc) Importer(2089858483,192608db42251d675da83286b1cce702) (ScriptedImporter) -> (artifact id: '42329c5ba9cc015acd3f65e4e1f8483e') in 0.0088595 seconds
Number of updated asset objects reloaded before import = 0Number of asset objects unloaded after import = 15

========================================================================
Received Import Request.
  Time since last request: 0.000030 seconds.
  path: Assets/Art/MINIFANTASY Creatures - Super Low Res 2D Pixel Art by Krishna Palacio/Animations/Big_Guys/Minotaur/MinotaurJump_NW.anim
  artifactKey: Guid(b485af56ac7488f48ba4d90d5dfdabe7) Importer(2089858483,192608db42251d675da83286b1cce702)
Start importing Assets/Art/MINIFANTASY Creatures - Super Low Res 2D Pixel Art by Krishna Palacio/Animations/Big_Guys/Minotaur/MinotaurJump_NW.anim using Guid(b485af56ac7488f48ba4d90d5dfdabe7) Importer(2089858483,192608db42251d675da83286b1cce702) (ScriptedImporter) -> (artifact id: '55ee98a1bb8cb174f2116d0c774554fa') in 0.0099435 seconds
Number of updated asset objects reloaded before import = 0Number of asset objects unloaded after import = 1

========================================================================
Received Import Request.
  Time since last request: 0.000035 seconds.
  path: Assets/Art/MINIFANTASY Creatures - Super Low Res 2D Pixel Art by Krishna Palacio/Animations/Humanoids/Elf/ElfIdle_NW.anim
  artifactKey: Guid(a1625bb1eac500d44be4419dc10670c4) Importer(2089858483,192608db42251d675da83286b1cce702)
Start importing Assets/Art/MINIFANTASY Creatures - Super Low Res 2D Pixel Art by Krishna Palacio/Animations/Humanoids/Elf/ElfIdle_NW.anim using Guid(a1625bb1eac500d44be4419dc10670c4) Importer(2089858483,192608db42251d675da83286b1cce702) (ScriptedImporter) -> (artifact id: '75240f2b3205e259b63735b839711521') in 0.0163189 seconds
Number of updated asset objects reloaded before import = 0Number of asset objects unloaded after import = 1

========================================================================
Received Import Request.
  Time since last request: 0.000051 seconds.
  path: Assets/Art/MINIFANTASY Creatures - Super Low Res 2D Pixel Art by Krishna Palacio/Prefabs/Beasts/Bat.prefab
  artifactKey: Guid(07d884aaba4561e489781c5a952f89af) Importer(2089858483,192608db42251d675da83286b1cce702)
Start importing Assets/Art/MINIFANTASY Creatures - Super Low Res 2D Pixel Art by Krishna Palacio/Prefabs/Beasts/Bat.prefab using Guid(07d884aaba4561e489781c5a952f89af) Importer(2089858483,192608db42251d675da83286b1cce702) (ScriptedImporter) -> (artifact id: 'd72329b41766dc649338d56f7504a8e0') in 0.0102012 seconds
Number of updated asset objects reloaded before import = 0Number of asset objects unloaded after import = 15

========================================================================
Received Import Request.
  Time since last request: 0.000050 seconds.
  path: Assets/Art/MINIFANTASY Creatures - Super Low Res 2D Pixel Art by Krishna Palacio/Animations/Big_Guys/Wargo/WargoBaseWalk_NE.anim
  artifactKey: Guid(4c174e65a86e87f43ac04e0261729635) Importer(2089858483,192608db42251d675da83286b1cce702)
Start importing Assets/Art/MINIFANTASY Creatures - Super Low Res 2D Pixel Art by Krishna Palacio/Animations/Big_Guys/Wargo/WargoBaseWalk_NE.anim using Guid(4c174e65a86e87f43ac04e0261729635) Importer(2089858483,192608db42251d675da83286b1cce702) (ScriptedImporter) -> (artifact id: '82157f789e0c54697b3de6a4ee54eafb') in 0.0104693 seconds
Number of updated asset objects reloaded before import = 0Number of asset objects unloaded after import = 1

========================================================================
Received Import Request.
  Time since last request: 0.000031 seconds.
  path: Assets/Art/MINIFANTASY Creatures - Super Low Res 2D Pixel Art by Krishna Palacio/Animations/Monsters/Slime/Green/SlimeGreen_JumpAttack_SE.anim
  artifactKey: Guid(7d8d2bc9b5f0ef54aba8f2190cb4a90a) Importer(2089858483,192608db42251d675da83286b1cce702)
Start importing Assets/Art/MINIFANTASY Creatures - Super Low Res 2D Pixel Art by Krishna Palacio/Animations/Monsters/Slime/Green/SlimeGreen_JumpAttack_SE.anim using Guid(7d8d2bc9b5f0ef54aba8f2190cb4a90a) Importer(2089858483,192608db42251d675da83286b1cce702) (ScriptedImporter) -> (artifact id: '96594a73e1d8d56dc51686f834b5d167') in 0.0116266 seconds
Number of updated asset objects reloaded before import = 0Number of asset objects unloaded after import = 1

========================================================================
Received Import Request.
  Time since last request: 0.000032 seconds.
  path: Assets/Art/MINIFANTASY Creatures - Super Low Res 2D Pixel Art by Krishna Palacio/Sprites/Monsters/_Shadows/Skeleton, Pumkin Horror/Minifantasy_CreaturesShadowPumpkinHorrorDie.png
  artifactKey: Guid(f317f929a1164cc46ace6f0921005f8c) Importer(2089858483,192608db42251d675da83286b1cce702)
Start importing Assets/Art/MINIFANTASY Creatures - Super Low Res 2D Pixel Art by Krishna Palacio/Sprites/Monsters/_Shadows/Skeleton, Pumkin Horror/Minifantasy_CreaturesShadowPumpkinHorrorDie.png using Guid(f317f929a1164cc46ace6f0921005f8c) Importer(2089858483,192608db42251d675da83286b1cce702) (ScriptedImporter) -> (artifact id: 'f2606e0338f6278a37e89cef60d7a89d') in 0.0730136 seconds
Number of updated asset objects reloaded before import = 0Number of asset objects unloaded after import = 14

========================================================================
Received Import Request.
  Time since last request: 0.000037 seconds.
  path: Assets/Art/MINIFANTASY Creatures - Super Low Res 2D Pixel Art by Krishna Palacio/Animations/Big_Guys/Mother_Slime/Green/MotherSlimeGreenIdle_NE.anim
  artifactKey: Guid(259d55ca0318d8d4dbe1538a62ceca94) Importer(2089858483,192608db42251d675da83286b1cce702)
Start importing Assets/Art/MINIFANTASY Creatures - Super Low Res 2D Pixel Art by Krishna Palacio/Animations/Big_Guys/Mother_Slime/Green/MotherSlimeGreenIdle_NE.anim using Guid(259d55ca0318d8d4dbe1538a62ceca94) Importer(2089858483,192608db42251d675da83286b1cce702) (ScriptedImporter) -> (artifact id: '5e7635db696853c68d28bb0105d651a9') in 0.0111331 seconds
Number of updated asset objects reloaded before import = 0Number of asset objects unloaded after import = 1

========================================================================
Received Import Request.
  Time since last request: 0.000107 seconds.
  path: Assets/Art/MINIFANTASY Creatures - Super Low Res 2D Pixel Art by Krishna Palacio/Animations/Humanoids/Human/Human_Amazon/AmazonJump_NW.anim
  artifactKey: Guid(b61188f25f53ca240a34a0042115d580) Importer(2089858483,192608db42251d675da83286b1cce702)
Start importing Assets/Art/MINIFANTASY Creatures - Super Low Res 2D Pixel Art by Krishna Palacio/Animations/Humanoids/Human/Human_Amazon/AmazonJump_NW.anim using Guid(b61188f25f53ca240a34a0042115d580) Importer(2089858483,192608db42251d675da83286b1cce702) (ScriptedImporter) -> (artifact id: '34a20d7d22d50e41482f28582f0f145c') in 0.0090599 seconds
Number of updated asset objects reloaded before import = 0Number of asset objects unloaded after import = 1

========================================================================
Received Import Request.
  Time since last request: 0.000032 seconds.
  path: Assets/Art/MINIFANTASY Creatures - Super Low Res 2D Pixel Art by Krishna Palacio/Animations/Big_Guys/Wargo/WargoIdle_NE.anim
  artifactKey: Guid(91ab8c78b4e33f249ade9ee486604e10) Importer(2089858483,192608db42251d675da83286b1cce702)
Start importing Assets/Art/MINIFANTASY Creatures - Super Low Res 2D Pixel Art by Krishna Palacio/Animations/Big_Guys/Wargo/WargoIdle_NE.anim using Guid(91ab8c78b4e33f249ade9ee486604e10) Importer(2089858483,192608db42251d675da83286b1cce702) (ScriptedImporter) -> (artifact id: '79b852f3bae548f76540a685ff1f37ed') in 0.0113819 seconds
Number of updated asset objects reloaded before import = 0Number of asset objects unloaded after import = 1

========================================================================
Received Import Request.
  Time since last request: 0.000031 seconds.
  path: Assets/Art/MINIFANTASY Creatures - Super Low Res 2D Pixel Art by Krishna Palacio/Animations/Big_Guys/Mother_Slime/Green/MotherSlimeGreenDmg_SW.anim
  artifactKey: Guid(ab6b9e85db42c304aa925d7e8267a6a6) Importer(2089858483,192608db42251d675da83286b1cce702)
Start importing Assets/Art/MINIFANTASY Creatures - Super Low Res 2D Pixel Art by Krishna Palacio/Animations/Big_Guys/Mother_Slime/Green/MotherSlimeGreenDmg_SW.anim using Guid(ab6b9e85db42c304aa925d7e8267a6a6) Importer(2089858483,192608db42251d675da83286b1cce702) (ScriptedImporter) -> (artifact id: 'c45dbda1571a48c89b47e7276d45e1be') in 0.0088462 seconds
Number of updated asset objects reloaded before import = 0Number of asset objects unloaded after import = 1

========================================================================
Received Import Request.
  Time since last request: 0.000027 seconds.
  path: Assets/Art/MINIFANTASY Creatures - Super Low Res 2D Pixel Art by Krishna Palacio/Animations/Big_Guys/Wargo/WargoBaseWalk_NW.anim
  artifactKey: Guid(3c4b573d6d9390d4fa87638ec2c6c6bb) Importer(2089858483,192608db42251d675da83286b1cce702)
Start importing Assets/Art/MINIFANTASY Creatures - Super Low Res 2D Pixel Art by Krishna Palacio/Animations/Big_Guys/Wargo/WargoBaseWalk_NW.anim using Guid(3c4b573d6d9390d4fa87638ec2c6c6bb) Importer(2089858483,192608db42251d675da83286b1cce702) (ScriptedImporter) -> (artifact id: '3f7edef801f0f9710608f183c7c0713b') in 0.0105279 seconds
Number of updated asset objects reloaded before import = 0Number of asset objects unloaded after import = 1

========================================================================
Received Import Request.
  Time since last request: 0.000035 seconds.
  path: Assets/Art/MINIFANTASY Creatures - Super Low Res 2D Pixel Art by Krishna Palacio/Sprites/Monsters/_Shadows/Slime/Blue/Minifantasy_CreaturesShadowBlueSlimeIdle.png
  artifactKey: Guid(800332718040ed74da3bee29bb5e7fc8) Importer(2089858483,192608db42251d675da83286b1cce702)
Start importing Assets/Art/MINIFANTASY Creatures - Super Low Res 2D Pixel Art by Krishna Palacio/Sprites/Monsters/_Shadows/Slime/Blue/Minifantasy_CreaturesShadowBlueSlimeIdle.png using Guid(800332718040ed74da3bee29bb5e7fc8) Importer(2089858483,192608db42251d675da83286b1cce702) (ScriptedImporter) -> (artifact id: '7954ffbf5aaec8c3898b55aa0a6cbf89') in 0.2061163 seconds
Number of updated asset objects reloaded before import = 0Number of asset objects unloaded after import = 34

========================================================================
Received Import Request.
  Time since last request: 0.000040 seconds.
  path: Assets/Art/MINIFANTASY Creatures - Super Low Res 2D Pixel Art by Krishna Palacio/Animations/Big_Guys/Troll/TrollDmg_NW.anim
  artifactKey: Guid(d42124c104b17764197f19ce3a75a07b) Importer(2089858483,192608db42251d675da83286b1cce702)
Start importing Assets/Art/MINIFANTASY Creatures - Super Low Res 2D Pixel Art by Krishna Palacio/Animations/Big_Guys/Troll/TrollDmg_NW.anim using Guid(d42124c104b17764197f19ce3a75a07b) Importer(2089858483,192608db42251d675da83286b1cce702) (ScriptedImporter) -> (artifact id: '2d4e67947c48cc5e030b4dcfee0e32fe') in 0.0125852 seconds
Number of updated asset objects reloaded before import = 0Number of asset objects unloaded after import = 1

========================================================================
Received Import Request.
  Time since last request: 0.000056 seconds.
  path: Assets/Art/MINIFANTASY Creatures - Super Low Res 2D Pixel Art by Krishna Palacio/Sprites/Big_Guys/_Shadows/Wargo
  artifactKey: Guid(b7fe47a518daedd4eabba9e3712ab6b1) Importer(2089858483,192608db42251d675da83286b1cce702)
Start importing Assets/Art/MINIFANTASY Creatures - Super Low Res 2D Pixel Art by Krishna Palacio/Sprites/Big_Guys/_Shadows/Wargo using Guid(b7fe47a518daedd4eabba9e3712ab6b1) Importer(2089858483,192608db42251d675da83286b1cce702) (ScriptedImporter) -> (artifact id: 'f62fb88ff2dfbe249a5bbc3eade5e6fc') in 0.0062017 seconds
Number of updated asset objects reloaded before import = 0Number of asset objects unloaded after import = 1

========================================================================
Received Import Request.
  Time since last request: 0.000033 seconds.
  path: Assets/Art/MINIFANTASY Creatures - Super Low Res 2D Pixel Art by Krishna Palacio/Sprites/Monsters/Slime/Blue _Slime/BlueSlime_Die.png
  artifactKey: Guid(fc042cbc1bc24034cbb97ce6b1ac0c58) Importer(2089858483,192608db42251d675da83286b1cce702)
Start importing Assets/Art/MINIFANTASY Creatures - Super Low Res 2D Pixel Art by Krishna Palacio/Sprites/Monsters/Slime/Blue _Slime/BlueSlime_Die.png using Guid(fc042cbc1bc24034cbb97ce6b1ac0c58) Importer(2089858483,192608db42251d675da83286b1cce702) (ScriptedImporter) -> (artifact id: '8538145f56d243ffa87fa31577829deb') in 0.0968998 seconds
Number of updated asset objects reloaded before import = 0Number of asset objects unloaded after import = 11

========================================================================
Received Import Request.
  Time since last request: 0.000038 seconds.
  path: Assets/Art/MINIFANTASY Creatures - Super Low Res 2D Pixel Art by Krishna Palacio/Sprites/Humanoids/Halfling/Minifantasy_CreaturesHalflingChargedAttack.png
  artifactKey: Guid(54025f6fed4efcf47b9d5f3f66b2ec17) Importer(2089858483,192608db42251d675da83286b1cce702)
Start importing Assets/Art/MINIFANTASY Creatures - Super Low Res 2D Pixel Art by Krishna Palacio/Sprites/Humanoids/Halfling/Minifantasy_CreaturesHalflingChargedAttack.png using Guid(54025f6fed4efcf47b9d5f3f66b2ec17) Importer(2089858483,192608db42251d675da83286b1cce702) (ScriptedImporter) -> (artifact id: '8b9352a0dec7cfef97c23b54bcadc9fd') in 0.0929963 seconds
Number of updated asset objects reloaded before import = 0Number of asset objects unloaded after import = 20

========================================================================
Received Import Request.
  Time since last request: 0.000073 seconds.
  path: Assets/Art/MINIFANTASY Creatures - Super Low Res 2D Pixel Art by Krishna Palacio/Sprites/Humanoids/Dwarf/Dwarf_Yellow_Beard/Minifantasy_CreaturesDwarfYellowBearWalk.png
  artifactKey: Guid(ac135a6ed5c2af742a88fe20b7e7f5d1) Importer(2089858483,192608db42251d675da83286b1cce702)
Start importing Assets/Art/MINIFANTASY Creatures - Super Low Res 2D Pixel Art by Krishna Palacio/Sprites/Humanoids/Dwarf/Dwarf_Yellow_Beard/Minifantasy_CreaturesDwarfYellowBearWalk.png using Guid(ac135a6ed5c2af742a88fe20b7e7f5d1) Importer(2089858483,192608db42251d675da83286b1cce702) (ScriptedImporter) -> (artifact id: 'b76b4bd45f974f637bb1fdb9b6147f70') in 0.0971949 seconds
Number of updated asset objects reloaded before import = 0Number of asset objects unloaded after import = 18

========================================================================
Received Import Request.
  Time since last request: 0.000036 seconds.
  path: Assets/Art/MINIFANTASY Creatures - Super Low Res 2D Pixel Art by Krishna Palacio/Animations/Humanoids/Human/Human_Townsfolk/Minifantasy_CreaturesHumanTownsfolkIdle_SE.anim
  artifactKey: Guid(c608aca45c0e9c4489cb77ab4f55c0dd) Importer(2089858483,192608db42251d675da83286b1cce702)
Start importing Assets/Art/MINIFANTASY Creatures - Super Low Res 2D Pixel Art by Krishna Palacio/Animations/Humanoids/Human/Human_Townsfolk/Minifantasy_CreaturesHumanTownsfolkIdle_SE.anim using Guid(c608aca45c0e9c4489cb77ab4f55c0dd) Importer(2089858483,192608db42251d675da83286b1cce702) (ScriptedImporter) -> (artifact id: 'ff428ff1a6bc83a5f99b308256ab39c4') in 0.1002582 seconds
Number of updated asset objects reloaded before import = 0Number of asset objects unloaded after import = 1

========================================================================
Received Import Request.
  Time since last request: 0.000034 seconds.
  path: Assets/Art/MINIFANTASY Creatures - Super Low Res 2D Pixel Art by Krishna Palacio/Sprites/Big_Guys/_Shadows/Mother Slime/Green
  artifactKey: Guid(de20d8b097a32b14ab9f6b049386a334) Importer(2089858483,192608db42251d675da83286b1cce702)
Start importing Assets/Art/MINIFANTASY Creatures - Super Low Res 2D Pixel Art by Krishna Palacio/Sprites/Big_Guys/_Shadows/Mother Slime/Green using Guid(de20d8b097a32b14ab9f6b049386a334) Importer(2089858483,192608db42251d675da83286b1cce702) (ScriptedImporter) -> (artifact id: '36ae707202ad68650dbe1740e4aa897c') in 0.1763069 seconds
Number of updated asset objects reloaded before import = 0Number of asset objects unloaded after import = 1

========================================================================
Received Import Request.
  Time since last request: 0.000042 seconds.
  path: Assets/Art/MINIFANTASY Creatures - Super Low Res 2D Pixel Art by Krishna Palacio/Sprites/Big_Guys/Wargo/Minifantasy_CreaturesWargoAttack.png
  artifactKey: Guid(91c378770f71cce42850aa2c6967c2d4) Importer(2089858483,192608db42251d675da83286b1cce702)
Start importing Assets/Art/MINIFANTASY Creatures - Super Low Res 2D Pixel Art by Krishna Palacio/Sprites/Big_Guys/Wargo/Minifantasy_CreaturesWargoAttack.png using Guid(91c378770f71cce42850aa2c6967c2d4) Importer(2089858483,192608db42251d675da83286b1cce702) (ScriptedImporter) -> (artifact id: '0aa2ca02afcbbd30a597f12c18aa772f') in 0.0845706 seconds
Number of updated asset objects reloaded before import = 0Number of asset objects unloaded after import = 18

========================================================================
Received Import Request.
  Time since last request: 0.000037 seconds.
  path: Assets/Art/MINIFANTASY Creatures - Super Low Res 2D Pixel Art by Krishna Palacio/Animations/Monsters/Evil Snowman/EvilSnowman_Attack_NE.anim
  artifactKey: Guid(adff6f444c80ede46a0b771ed9018efb) Importer(2089858483,192608db42251d675da83286b1cce702)
Start importing Assets/Art/MINIFANTASY Creatures - Super Low Res 2D Pixel Art by Krishna Palacio/Animations/Monsters/Evil Snowman/EvilSnowman_Attack_NE.anim using Guid(adff6f444c80ede46a0b771ed9018efb) Importer(2089858483,192608db42251d675da83286b1cce702) (ScriptedImporter) -> (artifact id: 'ddd5238ae72795a2e80cad69d1ed1ef4') in 0.0107327 seconds
Number of updated asset objects reloaded before import = 0Number of asset objects unloaded after import = 1

========================================================================
Received Import Request.
  Time since last request: 0.000032 seconds.
  path: Assets/Art/MINIFANTASY Creatures - Super Low Res 2D Pixel Art by Krishna Palacio/Animations/Humanoids/Orc/Orc/Orc_Jump_NW.anim
  artifactKey: Guid(feaa50f04479df943b6f4ed16b9fe40e) Importer(2089858483,192608db42251d675da83286b1cce702)
Start importing Assets/Art/MINIFANTASY Creatures - Super Low Res 2D Pixel Art by Krishna Palacio/Animations/Humanoids/Orc/Orc/Orc_Jump_NW.anim using Guid(feaa50f04479df943b6f4ed16b9fe40e) Importer(2089858483,192608db42251d675da83286b1cce702) (ScriptedImporter) -> (artifact id: '7b7cb65844075363357648a75047f429') in 0.0079323 seconds
Number of updated asset objects reloaded before import = 0Number of asset objects unloaded after import = 1

========================================================================
Received Import Request.
  Time since last request: 0.000046 seconds.
  path: Assets/Art/MINIFANTASY Creatures - Super Low Res 2D Pixel Art by Krishna Palacio/Animations/Humanoids/Trasgo/Trasgo_AnimatorOverrideController.overrideController
  artifactKey: Guid(2b8fb197859c169438c4888c806d88aa) Importer(2089858483,192608db42251d675da83286b1cce702)
Start importing Assets/Art/MINIFANTASY Creatures - Super Low Res 2D Pixel Art by Krishna Palacio/Animations/Humanoids/Trasgo/Trasgo_AnimatorOverrideController.overrideController using Guid(2b8fb197859c169438c4888c806d88aa) Importer(2089858483,192608db42251d675da83286b1cce702) (ScriptedImporter) -> (artifact id: 'ed0719d166bfe468366b6304645917f3') in 0.0264302 seconds
Number of updated asset objects reloaded before import = 0Number of asset objects unloaded after import = 23

========================================================================
Received Import Request.
  Time since last request: 0.000031 seconds.
  path: Assets/Art/MINIFANTASY Creatures - Super Low Res 2D Pixel Art by Krishna Palacio/Sprites/Big_Guys/Mother_Slime/Blue_Mother_Slime/Minifantasy_CreaturesBlueMotherSlimeJumpAttack.png
  artifactKey: Guid(655863beccff1d240a9ca930f863f461) Importer(2089858483,192608db42251d675da83286b1cce702)
Start importing Assets/Art/MINIFANTASY Creatures - Super Low Res 2D Pixel Art by Krishna Palacio/Sprites/Big_Guys/Mother_Slime/Blue_Mother_Slime/Minifantasy_CreaturesBlueMotherSlimeJumpAttack.png using Guid(655863beccff1d240a9ca930f863f461) Importer(2089858483,192608db42251d675da83286b1cce702) (ScriptedImporter) -> (artifact id: '6e2b010893ce5ad711fe31435d3b53df') in 0.0616591 seconds
Number of updated asset objects reloaded before import = 0Number of asset objects unloaded after import = 18

========================================================================
Received Import Request.
  Time since last request: 0.000034 seconds.
  path: Assets/Art/MINIFANTASY Creatures - Super Low Res 2D Pixel Art by Krishna Palacio/Animations/Humanoids/Goblin/GoblinAttack_SW.anim
  artifactKey: Guid(9112f88bd6b66f94795649c6ba6dec49) Importer(2089858483,192608db42251d675da83286b1cce702)
Start importing Assets/Art/MINIFANTASY Creatures - Super Low Res 2D Pixel Art by Krishna Palacio/Animations/Humanoids/Goblin/GoblinAttack_SW.anim using Guid(9112f88bd6b66f94795649c6ba6dec49) Importer(2089858483,192608db42251d675da83286b1cce702) (ScriptedImporter) -> (artifact id: '4010158ff2f02bf6167443d820110103') in 0.011523 seconds
Number of updated asset objects reloaded before import = 0Number of asset objects unloaded after import = 1

========================================================================
Received Import Request.
  Time since last request: 0.000051 seconds.
  path: Assets/Art/MINIFANTASY Creatures - Super Low Res 2D Pixel Art by Krishna Palacio/Prefabs/Big_Guys
  artifactKey: Guid(56467b9b00a3eed4b982d4958af7fd46) Importer(2089858483,192608db42251d675da83286b1cce702)
Start importing Assets/Art/MINIFANTASY Creatures - Super Low Res 2D Pixel Art by Krishna Palacio/Prefabs/Big_Guys using Guid(56467b9b00a3eed4b982d4958af7fd46) Importer(2089858483,192608db42251d675da83286b1cce702) (ScriptedImporter) -> (artifact id: '39f1cd885351034c0f83205fcf97c5b4') in 0.0061963 seconds
Number of updated asset objects reloaded before import = 0Number of asset objects unloaded after import = 1

========================================================================
Received Import Request.
  Time since last request: 0.000041 seconds.
  path: Assets/Art/MINIFANTASY Creatures - Super Low Res 2D Pixel Art by Krishna Palacio/Sprites/Humanoids/Dwarf/Dwarf_Yellow_Beard/Minifantasy_CreaturesDwarfYellowBearAttack.png
  artifactKey: Guid(307e089f1cc6f094f81c57bd567a7c0d) Importer(2089858483,192608db42251d675da83286b1cce702)
Start importing Assets/Art/MINIFANTASY Creatures - Super Low Res 2D Pixel Art by Krishna Palacio/Sprites/Humanoids/Dwarf/Dwarf_Yellow_Beard/Minifantasy_CreaturesDwarfYellowBearAttack.png using Guid(307e089f1cc6f094f81c57bd567a7c0d) Importer(2089858483,192608db42251d675da83286b1cce702) (ScriptedImporter) -> (artifact id: '944fdeb82cd470f1679e381fd1a21ed4') in 0.1147286 seconds
Number of updated asset objects reloaded before import = 0Number of asset objects unloaded after import = 18

========================================================================
Received Import Request.
  Time since last request: 0.000038 seconds.
  path: Assets/Art/MINIFANTASY Creatures - Super Low Res 2D Pixel Art by Krishna Palacio/Animations/Monsters/Slime/Blue/BlueSlime_Dmg_SW.anim
  artifactKey: Guid(d3833c780df16f24bac905aafbd581a7) Importer(2089858483,192608db42251d675da83286b1cce702)
Start importing Assets/Art/MINIFANTASY Creatures - Super Low Res 2D Pixel Art by Krishna Palacio/Animations/Monsters/Slime/Blue/BlueSlime_Dmg_SW.anim using Guid(d3833c780df16f24bac905aafbd581a7) Importer(2089858483,192608db42251d675da83286b1cce702) (ScriptedImporter) -> (artifact id: '105cb560faa9623bf8d8d2a5997d9b32') in 0.011287 seconds
Number of updated asset objects reloaded before import = 0Number of asset objects unloaded after import = 1

========================================================================
Received Import Request.
  Time since last request: 0.000032 seconds.
  path: Assets/Art/MINIFANTASY Creatures - Super Low Res 2D Pixel Art by Krishna Palacio/Sprites/Big_Guys/_Shadows/Minotaur/Minifantasy_CreaturesShadowMinotaurlIdle.png
  artifactKey: Guid(9cc3726d14290be4f903bc9a568365c5) Importer(2089858483,192608db42251d675da83286b1cce702)
Start importing Assets/Art/MINIFANTASY Creatures - Super Low Res 2D Pixel Art by Krishna Palacio/Sprites/Big_Guys/_Shadows/Minotaur/Minifantasy_CreaturesShadowMinotaurlIdle.png using Guid(9cc3726d14290be4f903bc9a568365c5) Importer(2089858483,192608db42251d675da83286b1cce702) (ScriptedImporter) -> (artifact id: 'd44365223edf88719af6c882f7cde2e1') in 0.1975902 seconds
Number of updated asset objects reloaded before import = 0Number of asset objects unloaded after import = 66

========================================================================
Received Import Request.
  Time since last request: 0.000037 seconds.
  path: Assets/Art/MINIFANTASY Creatures - Super Low Res 2D Pixel Art by Krishna Palacio/Animations/Humanoids/Dwarf/Dwarf_Yellow_Beard/DwarfYellowBeardIdle_SE.anim
  artifactKey: Guid(ec59a9bfb7a740a4a8e6cd1d9e357069) Importer(2089858483,192608db42251d675da83286b1cce702)
Start importing Assets/Art/MINIFANTASY Creatures - Super Low Res 2D Pixel Art by Krishna Palacio/Animations/Humanoids/Dwarf/Dwarf_Yellow_Beard/DwarfYellowBeardIdle_SE.anim using Guid(ec59a9bfb7a740a4a8e6cd1d9e357069) Importer(2089858483,192608db42251d675da83286b1cce702) (ScriptedImporter) -> (artifact id: '500d5731115821cbaee7c17f88ae8319') in 0.0116144 seconds
Number of updated asset objects reloaded before import = 0Number of asset objects unloaded after import = 1

========================================================================
Received Import Request.
  Time since last request: 0.000039 seconds.
  path: Assets/Art/MINIFANTASY Creatures - Super Low Res 2D Pixel Art by Krishna Palacio/Scripts/CTR_DemoManager.cs
  artifactKey: Guid(0a1d4a2f347841f47aa4229bfd5a27f5) Importer(2089858483,192608db42251d675da83286b1cce702)
Start importing Assets/Art/MINIFANTASY Creatures - Super Low Res 2D Pixel Art by Krishna Palacio/Scripts/CTR_DemoManager.cs using Guid(0a1d4a2f347841f47aa4229bfd5a27f5) Importer(2089858483,192608db42251d675da83286b1cce702) (ScriptedImporter) -> (artifact id: 'cb2698247e8af35b2d8ef48d5b0d0b88') in 0.0076239 seconds
Number of updated asset objects reloaded before import = 0Number of asset objects unloaded after import = 0

========================================================================
Received Import Request.
  Time since last request: 0.000096 seconds.
  path: Assets/Art/MINIFANTASY Creatures - Super Low Res 2D Pixel Art by Krishna Palacio/Animations/Humanoids/Goblin/GoblinIdle_SE.anim
  artifactKey: Guid(b24d5e95d9bb3024db1497e12f386b1e) Importer(2089858483,192608db42251d675da83286b1cce702)
Start importing Assets/Art/MINIFANTASY Creatures - Super Low Res 2D Pixel Art by Krishna Palacio/Animations/Humanoids/Goblin/GoblinIdle_SE.anim using Guid(b24d5e95d9bb3024db1497e12f386b1e) Importer(2089858483,192608db42251d675da83286b1cce702) (ScriptedImporter) -> (artifact id: '0c1ebf7ceeeb3d02a9afd082c6cd0a4d') in 0.0095185 seconds
Number of updated asset objects reloaded before import = 0Number of asset objects unloaded after import = 1

========================================================================
Received Import Request.
  Time since last request: 0.000026 seconds.
  path: Assets/Art/MINIFANTASY Creatures - Super Low Res 2D Pixel Art by Krishna Palacio/Sprites/Humanoids/Human/Human_Amazon/Minifantasy_CreaturesAmazonAttack.png
  artifactKey: Guid(ee094bf79f720db45a732df6ef101d21) Importer(2089858483,192608db42251d675da83286b1cce702)
Start importing Assets/Art/MINIFANTASY Creatures - Super Low Res 2D Pixel Art by Krishna Palacio/Sprites/Humanoids/Human/Human_Amazon/Minifantasy_CreaturesAmazonAttack.png using Guid(ee094bf79f720db45a732df6ef101d21) Importer(2089858483,192608db42251d675da83286b1cce702) (ScriptedImporter) -> (artifact id: '85ff1712d1d83261160aff00161e6791') in 0.0661212 seconds
Number of updated asset objects reloaded before import = 0Number of asset objects unloaded after import = 18

========================================================================
Received Import Request.
  Time since last request: 0.000036 seconds.
  path: Assets/Art/MINIFANTASY Creatures - Super Low Res 2D Pixel Art by Krishna Palacio/Animations/Monsters/Skeleton/Skeleton_Attack_NW.anim
  artifactKey: Guid(d57008700cd862c438c8f56a6685d29d) Importer(2089858483,192608db42251d675da83286b1cce702)
Start importing Assets/Art/MINIFANTASY Creatures - Super Low Res 2D Pixel Art by Krishna Palacio/Animations/Monsters/Skeleton/Skeleton_Attack_NW.anim using Guid(d57008700cd862c438c8f56a6685d29d) Importer(2089858483,192608db42251d675da83286b1cce702) (ScriptedImporter) -> (artifact id: 'c452f3deed1e58f34015793295492018') in 0.0075893 seconds
Number of updated asset objects reloaded before import = 0Number of asset objects unloaded after import = 1

========================================================================
Received Import Request.
  Time since last request: 0.000037 seconds.
  path: Assets/Art/MINIFANTASY Creatures - Super Low Res 2D Pixel Art by Krishna Palacio/Animations/Humanoids/Trasgo/Trasgo_Attack_NE.anim
  artifactKey: Guid(fbd5e9b264fb496499720ef11c2cb37d) Importer(2089858483,192608db42251d675da83286b1cce702)
Start importing Assets/Art/MINIFANTASY Creatures - Super Low Res 2D Pixel Art by Krishna Palacio/Animations/Humanoids/Trasgo/Trasgo_Attack_NE.anim using Guid(fbd5e9b264fb496499720ef11c2cb37d) Importer(2089858483,192608db42251d675da83286b1cce702) (ScriptedImporter) -> (artifact id: '84ccfcf1003a5fda1ff6565351f0cf62') in 0.0093233 seconds
Number of updated asset objects reloaded before import = 0Number of asset objects unloaded after import = 1

========================================================================
Received Import Request.
  Time since last request: 0.000026 seconds.
  path: Assets/Art/MINIFANTASY Creatures - Super Low Res 2D Pixel Art by Krishna Palacio/Animations/Monsters/Centaur/Centaur_Walk_NW.anim
  artifactKey: Guid(6738cdcf717ced0419be57910a5682bc) Importer(2089858483,192608db42251d675da83286b1cce702)
Start importing Assets/Art/MINIFANTASY Creatures - Super Low Res 2D Pixel Art by Krishna Palacio/Animations/Monsters/Centaur/Centaur_Walk_NW.anim using Guid(6738cdcf717ced0419be57910a5682bc) Importer(2089858483,192608db42251d675da83286b1cce702) (ScriptedImporter) -> (artifact id: 'd03b38b314ac79fd26b348106b0def93') in 0.0088554 seconds
Number of updated asset objects reloaded before import = 0Number of asset objects unloaded after import = 1

========================================================================
Received Import Request.
  Time since last request: 0.000022 seconds.
  path: Assets/Art/MINIFANTASY Creatures - Super Low Res 2D Pixel Art by Krishna Palacio/Animations/Monsters/Centaur/Centaur_Attack_NE.anim
  artifactKey: Guid(0e42e58b7bf61bc4c983db7301c98c2a) Importer(2089858483,192608db42251d675da83286b1cce702)
Start importing Assets/Art/MINIFANTASY Creatures - Super Low Res 2D Pixel Art by Krishna Palacio/Animations/Monsters/Centaur/Centaur_Attack_NE.anim using Guid(0e42e58b7bf61bc4c983db7301c98c2a) Importer(2089858483,192608db42251d675da83286b1cce702) (ScriptedImporter) -> (artifact id: '4c5357b968b069841d2e2b036169fd09') in 0.0104587 seconds
Number of updated asset objects reloaded before import = 0Number of asset objects unloaded after import = 1

========================================================================
Received Import Request.
  Time since last request: 0.000036 seconds.
  path: Assets/Art/MINIFANTASY Creatures - Super Low Res 2D Pixel Art by Krishna Palacio/Sprites/Humanoids/Trasgo/Trasgo_ChargedAttack.png
  artifactKey: Guid(e4dbf0aa3612f954eaa3a84eaf6e027d) Importer(2089858483,192608db42251d675da83286b1cce702)
Start importing Assets/Art/MINIFANTASY Creatures - Super Low Res 2D Pixel Art by Krishna Palacio/Sprites/Humanoids/Trasgo/Trasgo_ChargedAttack.png using Guid(e4dbf0aa3612f954eaa3a84eaf6e027d) Importer(2089858483,192608db42251d675da83286b1cce702) (ScriptedImporter) -> (artifact id: '9216ab411f9d9afd39e6b10b90b6e7e6') in 0.0753344 seconds
Number of updated asset objects reloaded before import = 0Number of asset objects unloaded after import = 20

========================================================================
Received Import Request.
  Time since last request: 0.000047 seconds.
  path: Assets/Art/MINIFANTASY Creatures - Super Low Res 2D Pixel Art by Krishna Palacio/Sprites/Beasts/_Shadows
  artifactKey: Guid(dc76b3004f1893241836e153cf64d530) Importer(2089858483,192608db42251d675da83286b1cce702)
Start importing Assets/Art/MINIFANTASY Creatures - Super Low Res 2D Pixel Art by Krishna Palacio/Sprites/Beasts/_Shadows using Guid(dc76b3004f1893241836e153cf64d530) Importer(2089858483,192608db42251d675da83286b1cce702) (ScriptedImporter) -> (artifact id: '296f5e2ecf5c2c45d40064ea9666d9b9') in 0.0063288 seconds
Number of updated asset objects reloaded before import = 0Number of asset objects unloaded after import = 1

========================================================================
Received Import Request.
  Time since last request: 0.000021 seconds.
  path: Assets/Art/MINIFANTASY Creatures - Super Low Res 2D Pixel Art by Krishna Palacio/Animations/Big_Guys/BigGuysAndMisc_AnimatorController.controller
  artifactKey: Guid(6434e2f3ba7a9a746b5aa07a7d360fa0) Importer(2089858483,192608db42251d675da83286b1cce702)
Start importing Assets/Art/MINIFANTASY Creatures - Super Low Res 2D Pixel Art by Krishna Palacio/Animations/Big_Guys/BigGuysAndMisc_AnimatorController.controller using Guid(6434e2f3ba7a9a746b5aa07a7d360fa0) Importer(2089858483,192608db42251d675da83286b1cce702) (ScriptedImporter) -> (artifact id: 'fe17bcd3c08c2ca992e3650cf5be0d99') in 0.0233794 seconds
Number of updated asset objects reloaded before import = 0Number of asset objects unloaded after import = 41

========================================================================
Received Import Request.
  Time since last request: 0.000029 seconds.
  path: Assets/Art/MINIFANTASY Creatures - Super Low Res 2D Pixel Art by Krishna Palacio/Animations/Humanoids/Human/Human_Townsfolk/Minifantasy_CreaturesHumanTownsfolkDmg_NE.anim
  artifactKey: Guid(8311662facad6424e84cef807b5cd1c4) Importer(2089858483,192608db42251d675da83286b1cce702)
Start importing Assets/Art/MINIFANTASY Creatures - Super Low Res 2D Pixel Art by Krishna Palacio/Animations/Humanoids/Human/Human_Townsfolk/Minifantasy_CreaturesHumanTownsfolkDmg_NE.anim using Guid(8311662facad6424e84cef807b5cd1c4) Importer(2089858483,192608db42251d675da83286b1cce702) (ScriptedImporter) -> (artifact id: '0c36a7cd05103aedd5b531ea8409cda4') in 0.0105912 seconds
Number of updated asset objects reloaded before import = 0Number of asset objects unloaded after import = 1

========================================================================
Received Import Request.
  Time since last request: 0.000034 seconds.
  path: Assets/Art/MINIFANTASY Creatures - Super Low Res 2D Pixel Art by Krishna Palacio/Animations/Monsters/Slime/Blue/BlueSlime_Dmg_NE.anim
  artifactKey: Guid(bf10c984f1bdc2a42a0ca2a89bd6053d) Importer(2089858483,192608db42251d675da83286b1cce702)
Start importing Assets/Art/MINIFANTASY Creatures - Super Low Res 2D Pixel Art by Krishna Palacio/Animations/Monsters/Slime/Blue/BlueSlime_Dmg_NE.anim using Guid(bf10c984f1bdc2a42a0ca2a89bd6053d) Importer(2089858483,192608db42251d675da83286b1cce702) (ScriptedImporter) -> (artifact id: 'e21fffb90dd3711e28d34979a16b2b1f') in 0.0100866 seconds
Number of updated asset objects reloaded before import = 0Number of asset objects unloaded after import = 1

========================================================================
Received Import Request.
  Time since last request: 0.000065 seconds.
  path: Assets/Art/MINIFANTASY Creatures - Super Low Res 2D Pixel Art by Krishna Palacio/Animations/Big_Guys/Cyclop/CyclopDmg_SW.anim
  artifactKey: Guid(aadc5a6742e2d7b4cbd373777d174292) Importer(2089858483,192608db42251d675da83286b1cce702)
Start importing Assets/Art/MINIFANTASY Creatures - Super Low Res 2D Pixel Art by Krishna Palacio/Animations/Big_Guys/Cyclop/CyclopDmg_SW.anim using Guid(aadc5a6742e2d7b4cbd373777d174292) Importer(2089858483,192608db42251d675da83286b1cce702) (ScriptedImporter) -> (artifact id: '22b54f941ac0599cb33cf275d533e411') in 0.0239218 seconds
Number of updated asset objects reloaded before import = 0Number of asset objects unloaded after import = 1

========================================================================
Received Import Request.
  Time since last request: 0.000033 seconds.
  path: Assets/Art/MINIFANTASY Creatures - Super Low Res 2D Pixel Art by Krishna Palacio/Animations/Big_Guys/Minotaur/MinotaurDmg_NW.anim
  artifactKey: Guid(e6a578165c84e47428fc79ce59c303f7) Importer(2089858483,192608db42251d675da83286b1cce702)
Start importing Assets/Art/MINIFANTASY Creatures - Super Low Res 2D Pixel Art by Krishna Palacio/Animations/Big_Guys/Minotaur/MinotaurDmg_NW.anim using Guid(e6a578165c84e47428fc79ce59c303f7) Importer(2089858483,192608db42251d675da83286b1cce702) (ScriptedImporter) -> (artifact id: '31b7f287fabec804f3f95177e74de692') in 0.0146607 seconds
Number of updated asset objects reloaded before import = 0Number of asset objects unloaded after import = 1

========================================================================
Received Import Request.
  Time since last request: 0.000036 seconds.
  path: Assets/Art/MINIFANTASY Creatures - Super Low Res 2D Pixel Art by Krishna Palacio/Animations/Big_Guys/Minotaur/MinotaurIdle_NE.anim
  artifactKey: Guid(3ebabe2a5defb5a42b03425f61eb7f01) Importer(2089858483,192608db42251d675da83286b1cce702)
Start importing Assets/Art/MINIFANTASY Creatures - Super Low Res 2D Pixel Art by Krishna Palacio/Animations/Big_Guys/Minotaur/MinotaurIdle_NE.anim using Guid(3ebabe2a5defb5a42b03425f61eb7f01) Importer(2089858483,192608db42251d675da83286b1cce702) (ScriptedImporter) -> (artifact id: '9b1e67bb82ecfe48df5c0c902ff1cd1a') in 0.0100093 seconds
Number of updated asset objects reloaded before import = 0Number of asset objects unloaded after import = 1

========================================================================
Received Import Request.
  Time since last request: 0.000046 seconds.
  path: Assets/Art/MINIFANTASY Creatures - Super Low Res 2D Pixel Art by Krishna Palacio/Animations/Humanoids/Dwarf/Dwarf_Yellow_Beard/DwarfYellowBearWalk_SW.anim
  artifactKey: Guid(646f4e8799b06d14bb8f79d1abdb4727) Importer(2089858483,192608db42251d675da83286b1cce702)
Start importing Assets/Art/MINIFANTASY Creatures - Super Low Res 2D Pixel Art by Krishna Palacio/Animations/Humanoids/Dwarf/Dwarf_Yellow_Beard/DwarfYellowBearWalk_SW.anim using Guid(646f4e8799b06d14bb8f79d1abdb4727) Importer(2089858483,192608db42251d675da83286b1cce702) (ScriptedImporter) -> (artifact id: 'c1bfe5011b892dfd275721533b4b81a5') in 0.0130253 seconds
Number of updated asset objects reloaded before import = 0Number of asset objects unloaded after import = 1

========================================================================
Received Import Request.
  Time since last request: 0.000036 seconds.
  path: Assets/Art/MINIFANTASY Creatures - Super Low Res 2D Pixel Art by Krishna Palacio/Sprites/Beasts/Bat/Bat_FlyIdle.png
  artifactKey: Guid(aaebaf8186ac14545ae502d361b5f831) Importer(2089858483,192608db42251d675da83286b1cce702)
Start importing Assets/Art/MINIFANTASY Creatures - Super Low Res 2D Pixel Art by Krishna Palacio/Sprites/Beasts/Bat/Bat_FlyIdle.png using Guid(aaebaf8186ac14545ae502d361b5f831) Importer(2089858483,192608db42251d675da83286b1cce702) (ScriptedImporter) -> (artifact id: '21b3a893606596da8f80bf4bd2565ce9') in 0.0476719 seconds
Number of updated asset objects reloaded before import = 0Number of asset objects unloaded after import = 11

========================================================================
Received Import Request.
  Time since last request: 0.000033 seconds.
  path: Assets/Art/MINIFANTASY Creatures - Super Low Res 2D Pixel Art by Krishna Palacio/Sprites/Beasts/Wolf/Wolf_Walk.png
  artifactKey: Guid(fcc20357390ce164ebfcba388069b0f3) Importer(2089858483,192608db42251d675da83286b1cce702)
Start importing Assets/Art/MINIFANTASY Creatures - Super Low Res 2D Pixel Art by Krishna Palacio/Sprites/Beasts/Wolf/Wolf_Walk.png using Guid(fcc20357390ce164ebfcba388069b0f3) Importer(2089858483,192608db42251d675da83286b1cce702) (ScriptedImporter) -> (artifact id: 'a8d454e8400feed703643b3756fb3a47') in 0.0784159 seconds
Number of updated asset objects reloaded before import = 0Number of asset objects unloaded after import = 18

========================================================================
Received Import Request.
  Time since last request: 0.000034 seconds.
  path: Assets/Art/MINIFANTASY Creatures - Super Low Res 2D Pixel Art by Krishna Palacio/Sprites/Humanoids/Human/Human/Minifantasy_CreaturesHumanSoulDie.png
  artifactKey: Guid(0eb0cb24aa3e4d440abdd79002c9d223) Importer(2089858483,192608db42251d675da83286b1cce702)
Start importing Assets/Art/MINIFANTASY Creatures - Super Low Res 2D Pixel Art by Krishna Palacio/Sprites/Humanoids/Human/Human/Minifantasy_CreaturesHumanSoulDie.png using Guid(0eb0cb24aa3e4d440abdd79002c9d223) Importer(2089858483,192608db42251d675da83286b1cce702) (ScriptedImporter) -> (artifact id: 'bc6e9df67618fb6517e996730957445c') in 0.0661903 seconds
Number of updated asset objects reloaded before import = 0Number of asset objects unloaded after import = 14

========================================================================
Received Import Request.
  Time since last request: 0.000049 seconds.
  path: Assets/Art/MINIFANTASY Creatures - Super Low Res 2D Pixel Art by Krishna Palacio/Animations/Humanoids/Orc/Wild Orc/WildOrc_AnimatorOverrideController.overrideController
  artifactKey: Guid(a6406bda2b9a6bb4ab92370ce1da410d) Importer(2089858483,192608db42251d675da83286b1cce702)
Start importing Assets/Art/MINIFANTASY Creatures - Super Low Res 2D Pixel Art by Krishna Palacio/Animations/Humanoids/Orc/Wild Orc/WildOrc_AnimatorOverrideController.overrideController using Guid(a6406bda2b9a6bb4ab92370ce1da410d) Importer(2089858483,192608db42251d675da83286b1cce702) (ScriptedImporter) -> (artifact id: '26fc5b20399f0ebe0de631e4080336a9') in 0.0351915 seconds
Number of updated asset objects reloaded before import = 0Number of asset objects unloaded after import = 23

========================================================================
Received Import Request.
  Time since last request: 0.000041 seconds.
  path: Assets/Art/MINIFANTASY Creatures - Super Low Res 2D Pixel Art by Krishna Palacio/Sprites/Humanoids/Orc/Orc/Orc_Attack.png
  artifactKey: Guid(a64807c86f875684c9530d1ededcfc4b) Importer(2089858483,192608db42251d675da83286b1cce702)
Start importing Assets/Art/MINIFANTASY Creatures - Super Low Res 2D Pixel Art by Krishna Palacio/Sprites/Humanoids/Orc/Orc/Orc_Attack.png using Guid(a64807c86f875684c9530d1ededcfc4b) Importer(2089858483,192608db42251d675da83286b1cce702) (ScriptedImporter) -> (artifact id: '6089462b52a790bd2039d8096b22de2e') in 0.0934041 seconds
Number of updated asset objects reloaded before import = 0Number of asset objects unloaded after import = 18

========================================================================
Received Import Request.
  Time since last request: 0.000050 seconds.
  path: Assets/Art/MINIFANTASY Creatures - Super Low Res 2D Pixel Art by Krishna Palacio/Animations/Humanoids/Dwarf/Dwarf/DwarfSpinDie.anim
  artifactKey: Guid(f57c51ced1dc1fd4e87ae7871e6d4692) Importer(2089858483,192608db42251d675da83286b1cce702)
Start importing Assets/Art/MINIFANTASY Creatures - Super Low Res 2D Pixel Art by Krishna Palacio/Animations/Humanoids/Dwarf/Dwarf/DwarfSpinDie.anim using Guid(f57c51ced1dc1fd4e87ae7871e6d4692) Importer(2089858483,192608db42251d675da83286b1cce702) (ScriptedImporter) -> (artifact id: 'fafb2078ba3704d6f8edf8173e9ab62c') in 0.0168093 seconds
Number of updated asset objects reloaded before import = 0Number of asset objects unloaded after import = 1

========================================================================
Received Import Request.
  Time since last request: 0.000036 seconds.
  path: Assets/Art/MINIFANTASY Creatures - Super Low Res 2D Pixel Art by Krishna Palacio/Sprites/Humanoids/Orc/Wild Orc/WildOrc_Dmg.png
  artifactKey: Guid(437b5ff777042bd47a9cccae501747df) Importer(2089858483,192608db42251d675da83286b1cce702)
Start importing Assets/Art/MINIFANTASY Creatures - Super Low Res 2D Pixel Art by Krishna Palacio/Sprites/Humanoids/Orc/Wild Orc/WildOrc_Dmg.png using Guid(437b5ff777042bd47a9cccae501747df) Importer(2089858483,192608db42251d675da83286b1cce702) (ScriptedImporter) -> (artifact id: '45eccb93437086351a10bad4dc17b031') in 0.0832184 seconds
Number of updated asset objects reloaded before import = 0Number of asset objects unloaded after import = 18

========================================================================
Received Import Request.
  Time since last request: 0.000034 seconds.
  path: Assets/Art/MINIFANTASY Creatures - Super Low Res 2D Pixel Art by Krishna Palacio/Sprites/Big_Guys/_Shadows/Wargo/Minifantasy_CreaturesShadowWargoWalk.png
  artifactKey: Guid(c5c8b2ccecde66b47aaff4d609d0b080) Importer(2089858483,192608db42251d675da83286b1cce702)
Start importing Assets/Art/MINIFANTASY Creatures - Super Low Res 2D Pixel Art by Krishna Palacio/Sprites/Big_Guys/_Shadows/Wargo/Minifantasy_CreaturesShadowWargoWalk.png using Guid(c5c8b2ccecde66b47aaff4d609d0b080) Importer(2089858483,192608db42251d675da83286b1cce702) (ScriptedImporter) -> (artifact id: '69aaef91d705bcdd1b7db466006aa79e') in 0.0814499 seconds
Number of updated asset objects reloaded before import = 0Number of asset objects unloaded after import = 18

========================================================================
Received Import Request.
  Time since last request: 0.000035 seconds.
  path: Assets/Art/MINIFANTASY Creatures - Super Low Res 2D Pixel Art by Krishna Palacio/Animations/Humanoids/Goblin/GoblinWalk_NE.anim
  artifactKey: Guid(cef0b286d28d6ad4ca8ba97c0f8bc6a4) Importer(2089858483,192608db42251d675da83286b1cce702)
Start importing Assets/Art/MINIFANTASY Creatures - Super Low Res 2D Pixel Art by Krishna Palacio/Animations/Humanoids/Goblin/GoblinWalk_NE.anim using Guid(cef0b286d28d6ad4ca8ba97c0f8bc6a4) Importer(2089858483,192608db42251d675da83286b1cce702) (ScriptedImporter) -> (artifact id: '90ec9c00c7f4f7aaf4ac4e1d80551ed7') in 0.0143856 seconds
Number of updated asset objects reloaded before import = 0Number of asset objects unloaded after import = 1

========================================================================
Received Import Request.
  Time since last request: 0.000056 seconds.
  path: Assets/Art/MINIFANTASY Creatures - Super Low Res 2D Pixel Art by Krishna Palacio/Animations/Monsters/Skeleton/Skeleton_Walk_NE.anim
  artifactKey: Guid(87733784ed452f74da8a1ceaec85aa33) Importer(2089858483,192608db42251d675da83286b1cce702)
Start importing Assets/Art/MINIFANTASY Creatures - Super Low Res 2D Pixel Art by Krishna Palacio/Animations/Monsters/Skeleton/Skeleton_Walk_NE.anim using Guid(87733784ed452f74da8a1ceaec85aa33) Importer(2089858483,192608db42251d675da83286b1cce702) (ScriptedImporter) -> (artifact id: 'b73efaa93d1cda6e22fd548627e73a92') in 0.0184298 seconds
Number of updated asset objects reloaded before import = 0Number of asset objects unloaded after import = 1

========================================================================
Received Import Request.
  Time since last request: 0.000034 seconds.
  path: Assets/Art/MINIFANTASY Creatures - Super Low Res 2D Pixel Art by Krishna Palacio/Sprites/Monsters/_Shadows/Skeleton, Pumkin Horror
  artifactKey: Guid(91cf9b85c2414db488f88df64717bc22) Importer(2089858483,192608db42251d675da83286b1cce702)
Start importing Assets/Art/MINIFANTASY Creatures - Super Low Res 2D Pixel Art by Krishna Palacio/Sprites/Monsters/_Shadows/Skeleton, Pumkin Horror using Guid(91cf9b85c2414db488f88df64717bc22) Importer(2089858483,192608db42251d675da83286b1cce702) (ScriptedImporter) -> (artifact id: 'e4da19cf405b848ea56aeca32c18ea57') in 0.0067665 seconds
Number of updated asset objects reloaded before import = 0Number of asset objects unloaded after import = 1

========================================================================
Received Import Request.
  Time since last request: 0.000111 seconds.
  path: Assets/Art/MINIFANTASY Creatures - Super Low Res 2D Pixel Art by Krishna Palacio/Sprites/Monsters/_Shadows/Slime/Green/Minifantasy_CreaturesShadowSlimeDie.png
  artifactKey: Guid(c630183e328083642ba3537cbb1e5c37) Importer(2089858483,192608db42251d675da83286b1cce702)
Start importing Assets/Art/MINIFANTASY Creatures - Super Low Res 2D Pixel Art by Krishna Palacio/Sprites/Monsters/_Shadows/Slime/Green/Minifantasy_CreaturesShadowSlimeDie.png using Guid(c630183e328083642ba3537cbb1e5c37) Importer(2089858483,192608db42251d675da83286b1cce702) (ScriptedImporter) -> (artifact id: '53084b317a7df0960f7aa5261d4bbb47') in 0.0511063 seconds
Number of updated asset objects reloaded before import = 0Number of asset objects unloaded after import = 11

========================================================================
Received Import Request.
  Time since last request: 0.000049 seconds.
  path: Assets/Art/MINIFANTASY Creatures - Super Low Res 2D Pixel Art by Krishna Palacio/Animations/Humanoids/Orc/Wild Orc/WildOrc_Attack_NE.anim
  artifactKey: Guid(fb9c73efe4ef3ee45b85c9b2e6e2402a) Importer(2089858483,192608db42251d675da83286b1cce702)
Start importing Assets/Art/MINIFANTASY Creatures - Super Low Res 2D Pixel Art by Krishna Palacio/Animations/Humanoids/Orc/Wild Orc/WildOrc_Attack_NE.anim using Guid(fb9c73efe4ef3ee45b85c9b2e6e2402a) Importer(2089858483,192608db42251d675da83286b1cce702) (ScriptedImporter) -> (artifact id: '801aa8c43ac9557622540503088b9e0f') in 0.0093758 seconds
Number of updated asset objects reloaded before import = 0Number of asset objects unloaded after import = 1

========================================================================
Received Import Request.
  Time since last request: 0.000038 seconds.
  path: Assets/Art/MINIFANTASY Creatures - Super Low Res 2D Pixel Art by Krishna Palacio/Animations/Big_Guys/Yeti/YetiJump_SE.anim
  artifactKey: Guid(18df7882f4dff1142956c8e2dd6ced73) Importer(2089858483,192608db42251d675da83286b1cce702)
Start importing Assets/Art/MINIFANTASY Creatures - Super Low Res 2D Pixel Art by Krishna Palacio/Animations/Big_Guys/Yeti/YetiJump_SE.anim using Guid(18df7882f4dff1142956c8e2dd6ced73) Importer(2089858483,192608db42251d675da83286b1cce702) (ScriptedImporter) -> (artifact id: '3b3e119eb2478f482cdead3b397b40d2') in 0.0101167 seconds
Number of updated asset objects reloaded before import = 0Number of asset objects unloaded after import = 1

========================================================================
Received Import Request.
  Time since last request: 0.000030 seconds.
  path: Assets/Art/MINIFANTASY Creatures - Super Low Res 2D Pixel Art by Krishna Palacio/Animations/Big_Guys/Wargo/WargoIdle_SE.anim
  artifactKey: Guid(731972a315a726e4eb9742c13dd27b56) Importer(2089858483,192608db42251d675da83286b1cce702)
Start importing Assets/Art/MINIFANTASY Creatures - Super Low Res 2D Pixel Art by Krishna Palacio/Animations/Big_Guys/Wargo/WargoIdle_SE.anim using Guid(731972a315a726e4eb9742c13dd27b56) Importer(2089858483,192608db42251d675da83286b1cce702) (ScriptedImporter) -> (artifact id: 'ae5e90da78846cb777a24de6d680a13c') in 0.010612 seconds
Number of updated asset objects reloaded before import = 0Number of asset objects unloaded after import = 1

========================================================================
Received Import Request.
  Time since last request: 0.000034 seconds.
  path: Assets/Art/MINIFANTASY Creatures - Super Low Res 2D Pixel Art by Krishna Palacio/Animations/Humanoids/Dwarf/Dwarf/DwarfWalk_SE.anim
  artifactKey: Guid(bc886015aad7d6243a0a5ced06a547cc) Importer(2089858483,192608db42251d675da83286b1cce702)
Start importing Assets/Art/MINIFANTASY Creatures - Super Low Res 2D Pixel Art by Krishna Palacio/Animations/Humanoids/Dwarf/Dwarf/DwarfWalk_SE.anim using Guid(bc886015aad7d6243a0a5ced06a547cc) Importer(2089858483,192608db42251d675da83286b1cce702) (ScriptedImporter) -> (artifact id: '4dfa122682dd0924eff2fec7b7fea37f') in 0.0127271 seconds
Number of updated asset objects reloaded before import = 0Number of asset objects unloaded after import = 1

========================================================================
Received Import Request.
  Time since last request: 0.000034 seconds.
  path: Assets/Art/MINIFANTASY Creatures - Super Low Res 2D Pixel Art by Krishna Palacio/Animations/Big_Guys/Minotaur/Minotaur_AnimatorOverrideController.overrideController
  artifactKey: Guid(3f0a0ef70182d3e49a1646cbd2798cc1) Importer(2089858483,192608db42251d675da83286b1cce702)
Start importing Assets/Art/MINIFANTASY Creatures - Super Low Res 2D Pixel Art by Krishna Palacio/Animations/Big_Guys/Minotaur/Minotaur_AnimatorOverrideController.overrideController using Guid(3f0a0ef70182d3e49a1646cbd2798cc1) Importer(2089858483,192608db42251d675da83286b1cce702) (ScriptedImporter) -> (artifact id: 'a7e1f15b4f1be2e7e6b95c9bc57653fa') in 0.0404216 seconds
Number of updated asset objects reloaded before import = 0Number of asset objects unloaded after import = 63

========================================================================
Received Import Request.
  Time since last request: 0.000047 seconds.
  path: Assets/Art/MINIFANTASY Creatures - Super Low Res 2D Pixel Art by Krishna Palacio/Animations/Humanoids/Dwarf/Dwarf_Yellow_Beard/DwarfYellowBearAttack_SE.anim
  artifactKey: Guid(c4cc04f3431762c419715f2f54805273) Importer(2089858483,192608db42251d675da83286b1cce702)
Start importing Assets/Art/MINIFANTASY Creatures - Super Low Res 2D Pixel Art by Krishna Palacio/Animations/Humanoids/Dwarf/Dwarf_Yellow_Beard/DwarfYellowBearAttack_SE.anim using Guid(c4cc04f3431762c419715f2f54805273) Importer(2089858483,192608db42251d675da83286b1cce702) (ScriptedImporter) -> (artifact id: '8d7f2877c94679f974d7f5517b88ef7d') in 0.0120913 seconds
Number of updated asset objects reloaded before import = 0Number of asset objects unloaded after import = 1

========================================================================
Received Import Request.
  Time since last request: 0.000027 seconds.
  path: Assets/Art/MINIFANTASY Creatures - Super Low Res 2D Pixel Art by Krishna Palacio/Animations/Monsters/Evil Snowman/EvilSnowman_AnimatorController.controller
  artifactKey: Guid(a0c1c47c66bdca745a38a2abb86d4109) Importer(2089858483,192608db42251d675da83286b1cce702)
Start importing Assets/Art/MINIFANTASY Creatures - Super Low Res 2D Pixel Art by Krishna Palacio/Animations/Monsters/Evil Snowman/EvilSnowman_AnimatorController.controller using Guid(a0c1c47c66bdca745a38a2abb86d4109) Importer(2089858483,192608db42251d675da83286b1cce702) (ScriptedImporter) -> (artifact id: '5773c9456e255d247088d79a712f1908') in 0.0114404 seconds
Number of updated asset objects reloaded before import = 0Number of asset objects unloaded after import = 13

========================================================================
Received Import Request.
  Time since last request: 0.000048 seconds.
  path: Assets/Art/MINIFANTASY Creatures - Super Low Res 2D Pixel Art by Krishna Palacio/Animations/Humanoids/Elf/ElfDmg_SE.anim
  artifactKey: Guid(1112fae7f25637d4eaa983634b048bf5) Importer(2089858483,192608db42251d675da83286b1cce702)
Start importing Assets/Art/MINIFANTASY Creatures - Super Low Res 2D Pixel Art by Krishna Palacio/Animations/Humanoids/Elf/ElfDmg_SE.anim using Guid(1112fae7f25637d4eaa983634b048bf5) Importer(2089858483,192608db42251d675da83286b1cce702) (ScriptedImporter) -> (artifact id: '9535920f48b9b7a54e1c4886b024734b') in 0.0111098 seconds
Number of updated asset objects reloaded before import = 0Number of asset objects unloaded after import = 1

========================================================================
Received Import Request.
  Time since last request: 0.000032 seconds.
  path: Assets/Art/MINIFANTASY Creatures - Super Low Res 2D Pixel Art by Krishna Palacio/Animations/Big_Guys/Yeti/YetiAttack_SE.anim
  artifactKey: Guid(c5bd05ae14abb2d479756a98aa4e3412) Importer(2089858483,192608db42251d675da83286b1cce702)
Start importing Assets/Art/MINIFANTASY Creatures - Super Low Res 2D Pixel Art by Krishna Palacio/Animations/Big_Guys/Yeti/YetiAttack_SE.anim using Guid(c5bd05ae14abb2d479756a98aa4e3412) Importer(2089858483,192608db42251d675da83286b1cce702) (ScriptedImporter) -> (artifact id: 'df91a9a90ad3519efead499d619c420f') in 0.0117598 seconds
Number of updated asset objects reloaded before import = 0Number of asset objects unloaded after import = 1

========================================================================
Received Import Request.
  Time since last request: 0.000041 seconds.
  path: Assets/Art/MINIFANTASY Creatures - Super Low Res 2D Pixel Art by Krishna Palacio/Animations/Humanoids/Elf/ElfAttack_NE.anim
  artifactKey: Guid(ee8c54ff562b0474e9c76b89108c6fca) Importer(2089858483,192608db42251d675da83286b1cce702)
Start importing Assets/Art/MINIFANTASY Creatures - Super Low Res 2D Pixel Art by Krishna Palacio/Animations/Humanoids/Elf/ElfAttack_NE.anim using Guid(ee8c54ff562b0474e9c76b89108c6fca) Importer(2089858483,192608db42251d675da83286b1cce702) (ScriptedImporter) -> (artifact id: '440b20c853fd61341ad59901e11402c3') in 0.0130406 seconds
Number of updated asset objects reloaded before import = 0Number of asset objects unloaded after import = 1

========================================================================
Received Import Request.
  Time since last request: 0.000036 seconds.
  path: Assets/Art/MINIFANTASY Creatures - Super Low Res 2D Pixel Art by Krishna Palacio/Sprites/Beasts/Bat/Bat_Dmg.png
  artifactKey: Guid(62d7ed8b9c2a2c24eaee4ad49ff5e725) Importer(2089858483,192608db42251d675da83286b1cce702)
Start importing Assets/Art/MINIFANTASY Creatures - Super Low Res 2D Pixel Art by Krishna Palacio/Sprites/Beasts/Bat/Bat_Dmg.png using Guid(62d7ed8b9c2a2c24eaee4ad49ff5e725) Importer(2089858483,192608db42251d675da83286b1cce702) (ScriptedImporter) -> (artifact id: '881fe7f0852a462f7ebbef88656f691c') in 0.081679 seconds
Number of updated asset objects reloaded before import = 0Number of asset objects unloaded after import = 18

========================================================================
Received Import Request.
  Time since last request: 0.000031 seconds.
  path: Assets/Art/MINIFANTASY Creatures - Super Low Res 2D Pixel Art by Krishna Palacio/Animations/Monsters/Wildfire/Wildfire_Dmg.anim
  artifactKey: Guid(d7c6d82cde7f676488b59ec808184dc5) Importer(2089858483,192608db42251d675da83286b1cce702)
Start importing Assets/Art/MINIFANTASY Creatures - Super Low Res 2D Pixel Art by Krishna Palacio/Animations/Monsters/Wildfire/Wildfire_Dmg.anim using Guid(d7c6d82cde7f676488b59ec808184dc5) Importer(2089858483,192608db42251d675da83286b1cce702) (ScriptedImporter) -> (artifact id: '7664a9dbe7bfd65fe613ca16b6820768') in 0.0126522 seconds
Number of updated asset objects reloaded before import = 0Number of asset objects unloaded after import = 1

========================================================================
Received Import Request.
  Time since last request: 0.000043 seconds.
  path: Assets/Art/MINIFANTASY Creatures - Super Low Res 2D Pixel Art by Krishna Palacio/Animations/Humanoids/Trasgo/Trasgo_Attack_NW.anim
  artifactKey: Guid(fead1fea1b70a174b86f2044a35161e3) Importer(2089858483,192608db42251d675da83286b1cce702)
Start importing Assets/Art/MINIFANTASY Creatures - Super Low Res 2D Pixel Art by Krishna Palacio/Animations/Humanoids/Trasgo/Trasgo_Attack_NW.anim using Guid(fead1fea1b70a174b86f2044a35161e3) Importer(2089858483,192608db42251d675da83286b1cce702) (ScriptedImporter) -> (artifact id: 'c34a76745de4e1cd64d94e705d9ed3dc') in 0.0100974 seconds
Number of updated asset objects reloaded before import = 0Number of asset objects unloaded after import = 1

========================================================================
Received Import Request.
  Time since last request: 0.000039 seconds.
  path: Assets/Art/MINIFANTASY Creatures - Super Low Res 2D Pixel Art by Krishna Palacio/Animations/Big_Guys/Minotaur/MinotaurAttack_SE.anim
  artifactKey: Guid(af14a7448624efd48a54ef32e7e2d560) Importer(2089858483,192608db42251d675da83286b1cce702)
Start importing Assets/Art/MINIFANTASY Creatures - Super Low Res 2D Pixel Art by Krishna Palacio/Animations/Big_Guys/Minotaur/MinotaurAttack_SE.anim using Guid(af14a7448624efd48a54ef32e7e2d560) Importer(2089858483,192608db42251d675da83286b1cce702) (ScriptedImporter) -> (artifact id: '7deb81aa1fd4bc2cd131a722ba7fed57') in 0.0114399 seconds
Number of updated asset objects reloaded before import = 0Number of asset objects unloaded after import = 1

========================================================================
Received Import Request.
  Time since last request: 0.000039 seconds.
  path: Assets/Art/MINIFANTASY Creatures - Super Low Res 2D Pixel Art by Krishna Palacio/Sprites/Humanoids/Halfling/Minifantasy_CreaturesHalflingSpinDie.png
  artifactKey: Guid(ef5190bfab759bd4da12d89441ef7d49) Importer(2089858483,192608db42251d675da83286b1cce702)
Start importing Assets/Art/MINIFANTASY Creatures - Super Low Res 2D Pixel Art by Krishna Palacio/Sprites/Humanoids/Halfling/Minifantasy_CreaturesHalflingSpinDie.png using Guid(ef5190bfab759bd4da12d89441ef7d49) Importer(2089858483,192608db42251d675da83286b1cce702) (ScriptedImporter) -> (artifact id: 'bb62d9a995cd90630c8d685fe1f6c3d1') in 0.0622893 seconds
Number of updated asset objects reloaded before import = 0Number of asset objects unloaded after import = 14

========================================================================
Received Import Request.
  Time since last request: 0.000039 seconds.
  path: Assets/Art/MINIFANTASY Creatures - Super Low Res 2D Pixel Art by Krishna Palacio/Sprites/Big_Guys/Yeti/Minifantasy_CreaturesYetiAttack.png
  artifactKey: Guid(bed06a0be867ee74ea6fe67503e6736a) Importer(2089858483,192608db42251d675da83286b1cce702)
Start importing Assets/Art/MINIFANTASY Creatures - Super Low Res 2D Pixel Art by Krishna Palacio/Sprites/Big_Guys/Yeti/Minifantasy_CreaturesYetiAttack.png using Guid(bed06a0be867ee74ea6fe67503e6736a) Importer(2089858483,192608db42251d675da83286b1cce702) (ScriptedImporter) -> (artifact id: '920917ec620be571c3137b7f41ea4815') in 0.1152237 seconds
Number of updated asset objects reloaded before import = 0Number of asset objects unloaded after import = 18

========================================================================
Received Import Request.
  Time since last request: 0.000040 seconds.
  path: Assets/Art/MINIFANTASY Creatures - Super Low Res 2D Pixel Art by Krishna Palacio/Animations/Humanoids/Orc/Orc/Orc_Dmg_NE.anim
  artifactKey: Guid(278b45c5ddc84bf4fa027cd2f2851655) Importer(2089858483,192608db42251d675da83286b1cce702)
Start importing Assets/Art/MINIFANTASY Creatures - Super Low Res 2D Pixel Art by Krishna Palacio/Animations/Humanoids/Orc/Orc/Orc_Dmg_NE.anim using Guid(278b45c5ddc84bf4fa027cd2f2851655) Importer(2089858483,192608db42251d675da83286b1cce702) (ScriptedImporter) -> (artifact id: '1e1392f406f64a9adcf614c3ad947afc') in 0.0124895 seconds
Number of updated asset objects reloaded before import = 0Number of asset objects unloaded after import = 1

========================================================================
Received Import Request.
  Time since last request: 0.000030 seconds.
  path: Assets/Art/MINIFANTASY Creatures - Super Low Res 2D Pixel Art by Krishna Palacio/Sprites/Monsters/_Shadows/Evil Snowman/Minifantasy_CreaturesEvilSnowmanActivationShadows.png
  artifactKey: Guid(eff709c77127ac7438bdba841943d092) Importer(2089858483,192608db42251d675da83286b1cce702)
Start importing Assets/Art/MINIFANTASY Creatures - Super Low Res 2D Pixel Art by Krishna Palacio/Sprites/Monsters/_Shadows/Evil Snowman/Minifantasy_CreaturesEvilSnowmanActivationShadows.png using Guid(eff709c77127ac7438bdba841943d092) Importer(2089858483,192608db42251d675da83286b1cce702) (ScriptedImporter) -> (artifact id: 'a42cf145a37cc49441d83be249d1ef23') in 0.0536023 seconds
Number of updated asset objects reloaded before import = 0Number of asset objects unloaded after import = 7

========================================================================
Received Import Request.
  Time since last request: 0.000042 seconds.
  path: Assets/Art/MINIFANTASY Creatures - Super Low Res 2D Pixel Art by Krishna Palacio/Sprites/Monsters/_Shadows/Wildfire/Minifantasy_CreaturesShadowWildfireDmg.png
  artifactKey: Guid(3ff5fa1fe416483449771d675d6092c3) Importer(2089858483,192608db42251d675da83286b1cce702)
Start importing Assets/Art/MINIFANTASY Creatures - Super Low Res 2D Pixel Art by Krishna Palacio/Sprites/Monsters/_Shadows/Wildfire/Minifantasy_CreaturesShadowWildfireDmg.png using Guid(3ff5fa1fe416483449771d675d6092c3) Importer(2089858483,192608db42251d675da83286b1cce702) (ScriptedImporter) -> (artifact id: '2d2048ce184b4d02065f8ed99bfc3bd6') in 0.0411293 seconds
Number of updated asset objects reloaded before import = 0Number of asset objects unloaded after import = 6

========================================================================
Received Import Request.
  Time since last request: 0.000039 seconds.
  path: Assets/Art/MINIFANTASY Creatures - Super Low Res 2D Pixel Art by Krishna Palacio/Animations/Humanoids/Dwarf/Dwarf/DwarfJump_NE.anim
  artifactKey: Guid(ae0d2f5a0165e7b42a1e3625ca09a81d) Importer(2089858483,192608db42251d675da83286b1cce702)
Start importing Assets/Art/MINIFANTASY Creatures - Super Low Res 2D Pixel Art by Krishna Palacio/Animations/Humanoids/Dwarf/Dwarf/DwarfJump_NE.anim using Guid(ae0d2f5a0165e7b42a1e3625ca09a81d) Importer(2089858483,192608db42251d675da83286b1cce702) (ScriptedImporter) -> (artifact id: '8a70f6453dd4ffc7ed54dc71b9c31c98') in 0.0125702 seconds
Number of updated asset objects reloaded before import = 0Number of asset objects unloaded after import = 1

========================================================================
Received Import Request.
  Time since last request: 0.000049 seconds.
  path: Assets/Art/MINIFANTASY Creatures - Super Low Res 2D Pixel Art by Krishna Palacio/Sprites/Monsters/Slime/Blue _Slime/BlueSlime_Dmg.png
  artifactKey: Guid(d22add6f2350a314285a0deea9e5a1dc) Importer(2089858483,192608db42251d675da83286b1cce702)
Start importing Assets/Art/MINIFANTASY Creatures - Super Low Res 2D Pixel Art by Krishna Palacio/Sprites/Monsters/Slime/Blue _Slime/BlueSlime_Dmg.png using Guid(d22add6f2350a314285a0deea9e5a1dc) Importer(2089858483,192608db42251d675da83286b1cce702) (ScriptedImporter) -> (artifact id: 'c7808b0be3be00d34043f493b9f9db35') in 0.0615154 seconds
Number of updated asset objects reloaded before import = 0Number of asset objects unloaded after import = 18

========================================================================
Received Import Request.
  Time since last request: 0.000027 seconds.
  path: Assets/Art/MINIFANTASY Creatures - Super Low Res 2D Pixel Art by Krishna Palacio/Animations/Monsters/Centaur/Centaur_Die_SE.anim
  artifactKey: Guid(1740f39e99bc8574b931678f7236cac0) Importer(2089858483,192608db42251d675da83286b1cce702)
Start importing Assets/Art/MINIFANTASY Creatures - Super Low Res 2D Pixel Art by Krishna Palacio/Animations/Monsters/Centaur/Centaur_Die_SE.anim using Guid(1740f39e99bc8574b931678f7236cac0) Importer(2089858483,192608db42251d675da83286b1cce702) (ScriptedImporter) -> (artifact id: '35e4ac390f176a31f6ffe900f1c41fc8') in 0.0198682 seconds
Number of updated asset objects reloaded before import = 0Number of asset objects unloaded after import = 1

========================================================================
Received Import Request.
  Time since last request: 0.000039 seconds.
  path: Assets/Art/MINIFANTASY Creatures - Super Low Res 2D Pixel Art by Krishna Palacio/Sprites/Big_Guys/Troll
  artifactKey: Guid(8c0e1f354ee9dc24f82c123ee739acdb) Importer(2089858483,192608db42251d675da83286b1cce702)
Start importing Assets/Art/MINIFANTASY Creatures - Super Low Res 2D Pixel Art by Krishna Palacio/Sprites/Big_Guys/Troll using Guid(8c0e1f354ee9dc24f82c123ee739acdb) Importer(2089858483,192608db42251d675da83286b1cce702) (ScriptedImporter) -> (artifact id: 'ae3099b02cebb451672190aac770cfc1') in 0.0082155 seconds
Number of updated asset objects reloaded before import = 0Number of asset objects unloaded after import = 1

========================================================================
Received Import Request.
  Time since last request: 0.000044 seconds.
  path: Assets/Art/MINIFANTASY Creatures - Super Low Res 2D Pixel Art by Krishna Palacio/Animations/Humanoids/Dwarf/Dwarf/DwarfIdle_NE.anim
  artifactKey: Guid(871cf0959521d634183e16cc4873bb94) Importer(2089858483,192608db42251d675da83286b1cce702)
Start importing Assets/Art/MINIFANTASY Creatures - Super Low Res 2D Pixel Art by Krishna Palacio/Animations/Humanoids/Dwarf/Dwarf/DwarfIdle_NE.anim using Guid(871cf0959521d634183e16cc4873bb94) Importer(2089858483,192608db42251d675da83286b1cce702) (ScriptedImporter) -> (artifact id: 'b040dd68fa66cc3858f54dbd2e5711a2') in 0.0107894 seconds
Number of updated asset objects reloaded before import = 0Number of asset objects unloaded after import = 1

========================================================================
Received Import Request.
  Time since last request: 0.000034 seconds.
  path: Assets/Art/MINIFANTASY Creatures - Super Low Res 2D Pixel Art by Krishna Palacio/Sprites/Humanoids/Human/Human_Amazon/Minifantasy_CreaturesAmazonDie.png
  artifactKey: Guid(561b127b17f9add4cb2717b52c72f8b7) Importer(2089858483,192608db42251d675da83286b1cce702)
Start importing Assets/Art/MINIFANTASY Creatures - Super Low Res 2D Pixel Art by Krishna Palacio/Sprites/Humanoids/Human/Human_Amazon/Minifantasy_CreaturesAmazonDie.png using Guid(561b127b17f9add4cb2717b52c72f8b7) Importer(2089858483,192608db42251d675da83286b1cce702) (ScriptedImporter) -> (artifact id: 'cb953936add3aa5d0013bf3452c6227e') in 0.0944387 seconds
Number of updated asset objects reloaded before import = 0Number of asset objects unloaded after import = 14

========================================================================
Received Import Request.
  Time since last request: 0.000030 seconds.
  path: Assets/Art/MINIFANTASY Creatures - Super Low Res 2D Pixel Art by Krishna Palacio/Sprites/Big_Guys/Minotaur/Minifantasy_CreaturesMinotaurAttack.png
  artifactKey: Guid(07a61d8a8b457aa47813c51a333516b8) Importer(2089858483,192608db42251d675da83286b1cce702)
Start importing Assets/Art/MINIFANTASY Creatures - Super Low Res 2D Pixel Art by Krishna Palacio/Sprites/Big_Guys/Minotaur/Minifantasy_CreaturesMinotaurAttack.png using Guid(07a61d8a8b457aa47813c51a333516b8) Importer(2089858483,192608db42251d675da83286b1cce702) (ScriptedImporter) -> (artifact id: 'c6cd186fa3fb4ddaa92cf056b3a515f6') in 0.1423662 seconds
Number of updated asset objects reloaded before import = 0Number of asset objects unloaded after import = 34

========================================================================
Received Import Request.
  Time since last request: 0.000048 seconds.
  path: Assets/Art/MINIFANTASY Creatures - Super Low Res 2D Pixel Art by Krishna Palacio/Sprites/Humanoids/Dwarf/Dwarf_Yellow_Beard/Minifantasy_CreaturesDwarfYellowBearChargedAttack.png
  artifactKey: Guid(b42e93b3a8aaca141bc513dbf8a205a2) Importer(2089858483,192608db42251d675da83286b1cce702)
Start importing Assets/Art/MINIFANTASY Creatures - Super Low Res 2D Pixel Art by Krishna Palacio/Sprites/Humanoids/Dwarf/Dwarf_Yellow_Beard/Minifantasy_CreaturesDwarfYellowBearChargedAttack.png using Guid(b42e93b3a8aaca141bc513dbf8a205a2) Importer(2089858483,192608db42251d675da83286b1cce702) (ScriptedImporter) -> (artifact id: '6886a19acd8cb79da8fbb09a2dc52ae2') in 0.0727621 seconds
Number of updated asset objects reloaded before import = 0Number of asset objects unloaded after import = 20

========================================================================
Received Import Request.
  Time since last request: 0.000028 seconds.
  path: Assets/Art/MINIFANTASY Creatures - Super Low Res 2D Pixel Art by Krishna Palacio/Sprites/Humanoids
  artifactKey: Guid(c8a889e6695357044a843d38daa527f6) Importer(2089858483,192608db42251d675da83286b1cce702)
Start importing Assets/Art/MINIFANTASY Creatures - Super Low Res 2D Pixel Art by Krishna Palacio/Sprites/Humanoids using Guid(c8a889e6695357044a843d38daa527f6) Importer(2089858483,192608db42251d675da83286b1cce702) (ScriptedImporter) -> (artifact id: 'dd66308f1bb24b08dd3362a5093976b6') in 0.0075397 seconds
Number of updated asset objects reloaded before import = 0Number of asset objects unloaded after import = 1

========================================================================
Received Import Request.
  Time since last request: 0.000052 seconds.
  path: Assets/Art/MINIFANTASY Creatures - Super Low Res 2D Pixel Art by Krishna Palacio/Sprites/Humanoids/Orc/Wild Orc/WildOrc_Die.png
  artifactKey: Guid(d95f6e4ae566e3e43a4c2f155a988166) Importer(2089858483,192608db42251d675da83286b1cce702)
Start importing Assets/Art/MINIFANTASY Creatures - Super Low Res 2D Pixel Art by Krishna Palacio/Sprites/Humanoids/Orc/Wild Orc/WildOrc_Die.png using Guid(d95f6e4ae566e3e43a4c2f155a988166) Importer(2089858483,192608db42251d675da83286b1cce702) (ScriptedImporter) -> (artifact id: 'accd7298b63285e5a7ec8e8348bce4dd') in 0.0502443 seconds
Number of updated asset objects reloaded before import = 0Number of asset objects unloaded after import = 14

========================================================================
Received Import Request.
  Time since last request: 0.000048 seconds.
  path: Assets/Art/MINIFANTASY Creatures - Super Low Res 2D Pixel Art by Krishna Palacio/Sprites/Big_Guys/_Shadows/Mother Slime/Green/Minifantasy_CreaturesShadowMotherSlimeJump.png
  artifactKey: Guid(ff83cbf094a4c2c4284b9d92de16da85) Importer(2089858483,192608db42251d675da83286b1cce702)
Start importing Assets/Art/MINIFANTASY Creatures - Super Low Res 2D Pixel Art by Krishna Palacio/Sprites/Big_Guys/_Shadows/Mother Slime/Green/Minifantasy_CreaturesShadowMotherSlimeJump.png using Guid(ff83cbf094a4c2c4284b9d92de16da85) Importer(2089858483,192608db42251d675da83286b1cce702) (ScriptedImporter) -> (artifact id: '3782b562b66da13f1cbcf69eb1f2b434') in 0.0668117 seconds
Number of updated asset objects reloaded before import = 0Number of asset objects unloaded after import = 18

========================================================================
Received Import Request.
  Time since last request: 0.000080 seconds.
  path: Assets/Art/MINIFANTASY Creatures - Super Low Res 2D Pixel Art by Krishna Palacio/Sprites/Humanoids/Human/Human
  artifactKey: Guid(18c133986eace224b9bc6b33cb2cd7e8) Importer(2089858483,192608db42251d675da83286b1cce702)
Start importing Assets/Art/MINIFANTASY Creatures - Super Low Res 2D Pixel Art by Krishna Palacio/Sprites/Humanoids/Human/Human using Guid(18c133986eace224b9bc6b33cb2cd7e8) Importer(2089858483,192608db42251d675da83286b1cce702) (ScriptedImporter) -> (artifact id: 'dfe21fde8734648783926ee197081966') in 0.0064615 seconds
Number of updated asset objects reloaded before import = 0Number of asset objects unloaded after import = 1

========================================================================
Received Import Request.
  Time since last request: 0.000034 seconds.
  path: Assets/Art/MINIFANTASY Creatures - Super Low Res 2D Pixel Art by Krishna Palacio/Animations/Humanoids/Elf/ElfDmg_SW.anim
  artifactKey: Guid(9d106a9d745299a4d9151a810d248c3e) Importer(2089858483,192608db42251d675da83286b1cce702)
Start importing Assets/Art/MINIFANTASY Creatures - Super Low Res 2D Pixel Art by Krishna Palacio/Animations/Humanoids/Elf/ElfDmg_SW.anim using Guid(9d106a9d745299a4d9151a810d248c3e) Importer(2089858483,192608db42251d675da83286b1cce702) (ScriptedImporter) -> (artifact id: '4edc357bc1c2cf027f4daceb2093a778') in 0.0101084 seconds
Number of updated asset objects reloaded before import = 0Number of asset objects unloaded after import = 1

========================================================================
Received Import Request.
  Time since last request: 0.000056 seconds.
  path: Assets/Art/MINIFANTASY Creatures - Super Low Res 2D Pixel Art by Krishna Palacio/Animations/Humanoids/Goblin/GoblinSpinDie.anim
  artifactKey: Guid(27ff5b480eecb0e499c9e950e9bae129) Importer(2089858483,192608db42251d675da83286b1cce702)
Start importing Assets/Art/MINIFANTASY Creatures - Super Low Res 2D Pixel Art by Krishna Palacio/Animations/Humanoids/Goblin/GoblinSpinDie.anim using Guid(27ff5b480eecb0e499c9e950e9bae129) Importer(2089858483,192608db42251d675da83286b1cce702) (ScriptedImporter) -> (artifact id: 'bc49a491c4652223d84dd4f34ab81622') in 0.0084857 seconds
Number of updated asset objects reloaded before import = 0Number of asset objects unloaded after import = 1

========================================================================
Received Import Request.
  Time since last request: 0.000037 seconds.
  path: Assets/Art/MINIFANTASY Creatures - Super Low Res 2D Pixel Art by Krishna Palacio/Sprites/Humanoids/Elf/Minifantasy_CreaturesElfSpinDie.png
  artifactKey: Guid(8c58eaab342f8224d9b89fec66280fbc) Importer(2089858483,192608db42251d675da83286b1cce702)
Start importing Assets/Art/MINIFANTASY Creatures - Super Low Res 2D Pixel Art by Krishna Palacio/Sprites/Humanoids/Elf/Minifantasy_CreaturesElfSpinDie.png using Guid(8c58eaab342f8224d9b89fec66280fbc) Importer(2089858483,192608db42251d675da83286b1cce702) (ScriptedImporter) -> (artifact id: '2fe156e78eba31d73d566e54c5a36fd9') in 0.0825422 seconds
Number of updated asset objects reloaded before import = 0Number of asset objects unloaded after import = 14

========================================================================
Received Import Request.
  Time since last request: 0.000047 seconds.
  path: Assets/Art/MINIFANTASY Creatures - Super Low Res 2D Pixel Art by Krishna Palacio/Sprites/Humanoids/Halfling/Minifantasy_CreaturesHalflingIdle.png
  artifactKey: Guid(86ea2d790d91025439ab529afbdd2bc7) Importer(2089858483,192608db42251d675da83286b1cce702)
Start importing Assets/Art/MINIFANTASY Creatures - Super Low Res 2D Pixel Art by Krishna Palacio/Sprites/Humanoids/Halfling/Minifantasy_CreaturesHalflingIdle.png using Guid(86ea2d790d91025439ab529afbdd2bc7) Importer(2089858483,192608db42251d675da83286b1cce702) (ScriptedImporter) -> (artifact id: '07f2b1d5090ae8ee1c45eb4dc1cdc8cf') in 0.196769 seconds
Number of updated asset objects reloaded before import = 0Number of asset objects unloaded after import = 67

========================================================================
Received Import Request.
  Time since last request: 0.000116 seconds.
  path: Assets/Art/MINIFANTASY Creatures - Super Low Res 2D Pixel Art by Krishna Palacio/Animations/Big_Guys/Mother_Slime/Green/MotherSlimeGreenDie.anim
  artifactKey: Guid(122146d3fb4a14248a2c56fb50a52fb2) Importer(2089858483,192608db42251d675da83286b1cce702)
Start importing Assets/Art/MINIFANTASY Creatures - Super Low Res 2D Pixel Art by Krishna Palacio/Animations/Big_Guys/Mother_Slime/Green/MotherSlimeGreenDie.anim using Guid(122146d3fb4a14248a2c56fb50a52fb2) Importer(2089858483,192608db42251d675da83286b1cce702) (ScriptedImporter) -> (artifact id: '53462e6265a335cf77f04a9eb191782a') in 0.0107791 seconds
Number of updated asset objects reloaded before import = 0Number of asset objects unloaded after import = 1

========================================================================
Received Import Request.
  Time since last request: 0.000035 seconds.
  path: Assets/Art/MINIFANTASY Creatures - Super Low Res 2D Pixel Art by Krishna Palacio/Sprites/Big_Guys/_Shadows/Minotaur/Minifantasy_CreaturesShadowMinotaurDie.png
  artifactKey: Guid(151e66dd8fb107445afadab4856886ed) Importer(2089858483,192608db42251d675da83286b1cce702)
Start importing Assets/Art/MINIFANTASY Creatures - Super Low Res 2D Pixel Art by Krishna Palacio/Sprites/Big_Guys/_Shadows/Minotaur/Minifantasy_CreaturesShadowMinotaurDie.png using Guid(151e66dd8fb107445afadab4856886ed) Importer(2089858483,192608db42251d675da83286b1cce702) (ScriptedImporter) -> (artifact id: '9bb883aad8018d04381452e6688f3c7c') in 0.0620018 seconds
Number of updated asset objects reloaded before import = 0Number of asset objects unloaded after import = 18

========================================================================
Received Import Request.
  Time since last request: 0.000032 seconds.
  path: Assets/Art/MINIFANTASY Creatures - Super Low Res 2D Pixel Art by Krishna Palacio/Sprites/Big_Guys/Minotaur/Minifantasy_CreaturesMinotaurDmg.png
  artifactKey: Guid(dcf27418c075f9343b2a174d7d324667) Importer(2089858483,192608db42251d675da83286b1cce702)
Start importing Assets/Art/MINIFANTASY Creatures - Super Low Res 2D Pixel Art by Krishna Palacio/Sprites/Big_Guys/Minotaur/Minifantasy_CreaturesMinotaurDmg.png using Guid(dcf27418c075f9343b2a174d7d324667) Importer(2089858483,192608db42251d675da83286b1cce702) (ScriptedImporter) -> (artifact id: 'f91a0927c36f4946e9fc7b69e20edf9d') in 0.0599256 seconds
Number of updated asset objects reloaded before import = 0Number of asset objects unloaded after import = 18

========================================================================
Received Import Request.
  Time since last request: 0.000035 seconds.
  path: Assets/Art/MINIFANTASY Creatures - Super Low Res 2D Pixel Art by Krishna Palacio/Animations/Humanoids/Dwarf/Dwarf_Yellow_Beard/DwarfYellowBearAttack_SW.anim
  artifactKey: Guid(8007c1e70d36b6a4589ba806b503ef17) Importer(2089858483,192608db42251d675da83286b1cce702)
Start importing Assets/Art/MINIFANTASY Creatures - Super Low Res 2D Pixel Art by Krishna Palacio/Animations/Humanoids/Dwarf/Dwarf_Yellow_Beard/DwarfYellowBearAttack_SW.anim using Guid(8007c1e70d36b6a4589ba806b503ef17) Importer(2089858483,192608db42251d675da83286b1cce702) (ScriptedImporter) -> (artifact id: '3c89b021886c6b33e266b3fb68be9023') in 0.0211805 seconds
Number of updated asset objects reloaded before import = 0Number of asset objects unloaded after import = 1

========================================================================
Received Import Request.
  Time since last request: 0.000061 seconds.
  path: Assets/Art/MINIFANTASY Creatures - Super Low Res 2D Pixel Art by Krishna Palacio/Animations/Monsters/Centaur/Centaur_Jump_NE.anim
  artifactKey: Guid(a2832f8bb58539c4f88aa3ee21ad78d9) Importer(2089858483,192608db42251d675da83286b1cce702)
Start importing Assets/Art/MINIFANTASY Creatures - Super Low Res 2D Pixel Art by Krishna Palacio/Animations/Monsters/Centaur/Centaur_Jump_NE.anim using Guid(a2832f8bb58539c4f88aa3ee21ad78d9) Importer(2089858483,192608db42251d675da83286b1cce702) (ScriptedImporter) -> (artifact id: '56093f940e89a77dad7217cc9bcb9362') in 0.0221746 seconds
Number of updated asset objects reloaded before import = 0Number of asset objects unloaded after import = 1

========================================================================
Received Import Request.
  Time since last request: 0.000054 seconds.
  path: Assets/Art/MINIFANTASY Creatures - Super Low Res 2D Pixel Art by Krishna Palacio/Animations/Monsters/Zombie/Zombie_Idle_SE.anim
  artifactKey: Guid(7799b993e366ccb4292e5b91f01e865f) Importer(2089858483,192608db42251d675da83286b1cce702)
Start importing Assets/Art/MINIFANTASY Creatures - Super Low Res 2D Pixel Art by Krishna Palacio/Animations/Monsters/Zombie/Zombie_Idle_SE.anim using Guid(7799b993e366ccb4292e5b91f01e865f) Importer(2089858483,192608db42251d675da83286b1cce702) (ScriptedImporter) -> (artifact id: '526cfff61e9de9bb6fd5c1a87787152b') in 0.0186374 seconds
Number of updated asset objects reloaded before import = 0Number of asset objects unloaded after import = 1

========================================================================
Received Import Request.
  Time since last request: 0.000038 seconds.
  path: Assets/Art/MINIFANTASY Creatures - Super Low Res 2D Pixel Art by Krishna Palacio/Animations/Humanoids/Trasgo/Trasgo_SpinDie_SE.anim
  artifactKey: Guid(d3814e3302142ef4c8e455706667823d) Importer(2089858483,192608db42251d675da83286b1cce702)
Start importing Assets/Art/MINIFANTASY Creatures - Super Low Res 2D Pixel Art by Krishna Palacio/Animations/Humanoids/Trasgo/Trasgo_SpinDie_SE.anim using Guid(d3814e3302142ef4c8e455706667823d) Importer(2089858483,192608db42251d675da83286b1cce702) (ScriptedImporter) -> (artifact id: 'afdde2bc6b9cb534ca2e59a229e6d071') in 0.01554 seconds
Number of updated asset objects reloaded before import = 0Number of asset objects unloaded after import = 1

========================================================================
Received Import Request.
  Time since last request: 0.000069 seconds.
  path: Assets/Art/MINIFANTASY Creatures - Super Low Res 2D Pixel Art by Krishna Palacio/Sprites/Big_Guys/Mother_Slime/Green_Mother_Slime/Minifantasy_CreaturesMotherSlimeGreenAnimations.png
  artifactKey: Guid(0e2713d402e5b7743b98475bc55f1231) Importer(2089858483,192608db42251d675da83286b1cce702)
Start importing Assets/Art/MINIFANTASY Creatures - Super Low Res 2D Pixel Art by Krishna Palacio/Sprites/Big_Guys/Mother_Slime/Green_Mother_Slime/Minifantasy_CreaturesMotherSlimeGreenAnimations.png using Guid(0e2713d402e5b7743b98475bc55f1231) Importer(2089858483,192608db42251d675da83286b1cce702) (ScriptedImporter) -> (artifact id: 'e0d38dcfbd4f249d85903af66c69775c') in 0.0384539 seconds
Number of updated asset objects reloaded before import = 0Number of asset objects unloaded after import = 3

========================================================================
Received Import Request.
  Time since last request: 0.000045 seconds.
  path: Assets/Art/MINIFANTASY Creatures - Super Low Res 2D Pixel Art by Krishna Palacio/Animations/Big_Guys/Wargo/WargoBaseWalk_SE.anim
  artifactKey: Guid(bec9128d6594d3846b3525e47384fd9a) Importer(2089858483,192608db42251d675da83286b1cce702)
Start importing Assets/Art/MINIFANTASY Creatures - Super Low Res 2D Pixel Art by Krishna Palacio/Animations/Big_Guys/Wargo/WargoBaseWalk_SE.anim using Guid(bec9128d6594d3846b3525e47384fd9a) Importer(2089858483,192608db42251d675da83286b1cce702) (ScriptedImporter) -> (artifact id: 'ae66879e2d73256961fad93acf977d6f') in 0.0157482 seconds
Number of updated asset objects reloaded before import = 0Number of asset objects unloaded after import = 1

========================================================================
Received Import Request.
  Time since last request: 0.000032 seconds.
  path: Assets/Art/MINIFANTASY Creatures - Super Low Res 2D Pixel Art by Krishna Palacio/Animations/Humanoids/Human/Human_Townsfolk
  artifactKey: Guid(0c5e6f563604c9e4bac38ca0ebce21e2) Importer(2089858483,192608db42251d675da83286b1cce702)
Start importing Assets/Art/MINIFANTASY Creatures - Super Low Res 2D Pixel Art by Krishna Palacio/Animations/Humanoids/Human/Human_Townsfolk using Guid(0c5e6f563604c9e4bac38ca0ebce21e2) Importer(2089858483,192608db42251d675da83286b1cce702) (ScriptedImporter) -> (artifact id: '0a120dcafac573e07cf4ea1de62c0c6a') in 0.0082335 seconds
Number of updated asset objects reloaded before import = 0Number of asset objects unloaded after import = 1

========================================================================
Received Import Request.
  Time since last request: 0.000065 seconds.
  path: Assets/Art/MINIFANTASY Creatures - Super Low Res 2D Pixel Art by Krishna Palacio/Animations/Humanoids/Elf/ElfJump_SW.anim
  artifactKey: Guid(3fc7fdc77f2926e4a977b1a5386a0849) Importer(2089858483,192608db42251d675da83286b1cce702)
Start importing Assets/Art/MINIFANTASY Creatures - Super Low Res 2D Pixel Art by Krishna Palacio/Animations/Humanoids/Elf/ElfJump_SW.anim using Guid(3fc7fdc77f2926e4a977b1a5386a0849) Importer(2089858483,192608db42251d675da83286b1cce702) (ScriptedImporter) -> (artifact id: '9f3d800435df25549fcba37e53c2388e') in 0.0279134 seconds
Number of updated asset objects reloaded before import = 0Number of asset objects unloaded after import = 1

========================================================================
Received Import Request.
  Time since last request: 0.000034 seconds.
  path: Assets/Art/MINIFANTASY Creatures - Super Low Res 2D Pixel Art by Krishna Palacio/Animations/Humanoids/Human/Human/HumanWalk_SW.anim
  artifactKey: Guid(5e37a849f7744e845aa950ec9cb07786) Importer(2089858483,192608db42251d675da83286b1cce702)
Start importing Assets/Art/MINIFANTASY Creatures - Super Low Res 2D Pixel Art by Krishna Palacio/Animations/Humanoids/Human/Human/HumanWalk_SW.anim using Guid(5e37a849f7744e845aa950ec9cb07786) Importer(2089858483,192608db42251d675da83286b1cce702) (ScriptedImporter) -> (artifact id: '3466cb334bdf8e7cd5a326f09be160b0') in 0.0201115 seconds
Number of updated asset objects reloaded before import = 0Number of asset objects unloaded after import = 1

========================================================================
Received Import Request.
  Time since last request: 0.000039 seconds.
  path: Assets/Art/MINIFANTASY Creatures - Super Low Res 2D Pixel Art by Krishna Palacio/Sprites/Monsters/Centaur/Minifantasy_CreaturesCentaurAnimations.png
  artifactKey: Guid(6d42764c635891540b239e457553937b) Importer(2089858483,192608db42251d675da83286b1cce702)
Start importing Assets/Art/MINIFANTASY Creatures - Super Low Res 2D Pixel Art by Krishna Palacio/Sprites/Monsters/Centaur/Minifantasy_CreaturesCentaurAnimations.png using Guid(6d42764c635891540b239e457553937b) Importer(2089858483,192608db42251d675da83286b1cce702) (ScriptedImporter) -> (artifact id: '48edfc7921c2aa4e097c72cc2bd2c571') in 0.024586 seconds
Number of updated asset objects reloaded before import = 0Number of asset objects unloaded after import = 3

========================================================================
Received Import Request.
  Time since last request: 0.000027 seconds.
  path: Assets/Art/MINIFANTASY Creatures - Super Low Res 2D Pixel Art by Krishna Palacio/Sprites/Humanoids/Goblin/Minifantasy_CreaturesGoblinDmg.png
  artifactKey: Guid(76277c1554b49164ca9434dbe42a1c51) Importer(2089858483,192608db42251d675da83286b1cce702)
Start importing Assets/Art/MINIFANTASY Creatures - Super Low Res 2D Pixel Art by Krishna Palacio/Sprites/Humanoids/Goblin/Minifantasy_CreaturesGoblinDmg.png using Guid(76277c1554b49164ca9434dbe42a1c51) Importer(2089858483,192608db42251d675da83286b1cce702) (ScriptedImporter) -> (artifact id: 'c66f69af5ff0f2f9485c1ac38435ffb4') in 0.0791359 seconds
Number of updated asset objects reloaded before import = 0Number of asset objects unloaded after import = 18

========================================================================
Received Import Request.
  Time since last request: 0.000048 seconds.
  path: Assets/Art/MINIFANTASY Creatures - Super Low Res 2D Pixel Art by Krishna Palacio/Sprites/Monsters/_Shadows/Zombie/Minifantasy_CreaturesZombieBaseWalkShadow.png
  artifactKey: Guid(1e329288950ba6045a602a476d8b8726) Importer(2089858483,192608db42251d675da83286b1cce702)
Start importing Assets/Art/MINIFANTASY Creatures - Super Low Res 2D Pixel Art by Krishna Palacio/Sprites/Monsters/_Shadows/Zombie/Minifantasy_CreaturesZombieBaseWalkShadow.png using Guid(1e329288950ba6045a602a476d8b8726) Importer(2089858483,192608db42251d675da83286b1cce702) (ScriptedImporter) -> (artifact id: 'd0587cefe3790434403586fee3cc634a') in 0.0771524 seconds
Number of updated asset objects reloaded before import = 0Number of asset objects unloaded after import = 18

========================================================================
Received Import Request.
  Time since last request: 0.000074 seconds.
  path: Assets/Art/MINIFANTASY Creatures - Super Low Res 2D Pixel Art by Krishna Palacio/Animations/Humanoids/Elf/ElfDmg_NE.anim
  artifactKey: Guid(8ff6e0e8b608c814e9b48913bb1b64d0) Importer(2089858483,192608db42251d675da83286b1cce702)
Start importing Assets/Art/MINIFANTASY Creatures - Super Low Res 2D Pixel Art by Krishna Palacio/Animations/Humanoids/Elf/ElfDmg_NE.anim using Guid(8ff6e0e8b608c814e9b48913bb1b64d0) Importer(2089858483,192608db42251d675da83286b1cce702) (ScriptedImporter) -> (artifact id: 'c8818c8c7699321839f4b44cabf3ead5') in 0.0091876 seconds
Number of updated asset objects reloaded before import = 0Number of asset objects unloaded after import = 1

========================================================================
Received Import Request.
  Time since last request: 0.000031 seconds.
  path: Assets/Art/MINIFANTASY Creatures - Super Low Res 2D Pixel Art by Krishna Palacio/Animations/Monsters/Centaur/Centaur_Attack_SE.anim
  artifactKey: Guid(09ce5b9930bfcba4183564e4b060a114) Importer(2089858483,192608db42251d675da83286b1cce702)
Start importing Assets/Art/MINIFANTASY Creatures - Super Low Res 2D Pixel Art by Krishna Palacio/Animations/Monsters/Centaur/Centaur_Attack_SE.anim using Guid(09ce5b9930bfcba4183564e4b060a114) Importer(2089858483,192608db42251d675da83286b1cce702) (ScriptedImporter) -> (artifact id: 'e8f3cb08deb18d185405f9e87c6591f2') in 0.0107332 seconds
Number of updated asset objects reloaded before import = 0Number of asset objects unloaded after import = 1

========================================================================
Received Import Request.
  Time since last request: 0.000025 seconds.
  path: Assets/Art/MINIFANTASY Creatures - Super Low Res 2D Pixel Art by Krishna Palacio/Animations/Humanoids/Human/Human_Townsfolk/Minifantasy_CreaturesHumanTownsfolkDmg_SW.anim
  artifactKey: Guid(3697aa1dd6fdd62428a9c7fd51f810b0) Importer(2089858483,192608db42251d675da83286b1cce702)
Start importing Assets/Art/MINIFANTASY Creatures - Super Low Res 2D Pixel Art by Krishna Palacio/Animations/Humanoids/Human/Human_Townsfolk/Minifantasy_CreaturesHumanTownsfolkDmg_SW.anim using Guid(3697aa1dd6fdd62428a9c7fd51f810b0) Importer(2089858483,192608db42251d675da83286b1cce702) (ScriptedImporter) -> (artifact id: '3d0b780ad473b7adeaebd56d14bf4be2') in 0.0112456 seconds
Number of updated asset objects reloaded before import = 0Number of asset objects unloaded after import = 1

========================================================================
Received Import Request.
  Time since last request: 0.000035 seconds.
  path: Assets/Art/MINIFANTASY Creatures - Super Low Res 2D Pixel Art by Krishna Palacio/Sprites/Humanoids/_Shadows/Human, Elf, Orc, Goblin, Halfling/Minifantasy_CreaturesShadowHumanoidJump.png
  artifactKey: Guid(a5cb48cf61ed15b45bede72bbf2afcb6) Importer(2089858483,192608db42251d675da83286b1cce702)
Start importing Assets/Art/MINIFANTASY Creatures - Super Low Res 2D Pixel Art by Krishna Palacio/Sprites/Humanoids/_Shadows/Human, Elf, Orc, Goblin, Halfling/Minifantasy_CreaturesShadowHumanoidJump.png using Guid(a5cb48cf61ed15b45bede72bbf2afcb6) Importer(2089858483,192608db42251d675da83286b1cce702) (ScriptedImporter) -> (artifact id: '0533eb2c102db439f9058303f08c942e') in 0.0643899 seconds
Number of updated asset objects reloaded before import = 0Number of asset objects unloaded after import = 18

========================================================================
Received Import Request.
  Time since last request: 0.000060 seconds.
  path: Assets/Art/MINIFANTASY Creatures - Super Low Res 2D Pixel Art by Krishna Palacio/Sprites/Humanoids/Human/Human_Amazon/Minifantasy_CreaturesAmazonChargedAttack.png
  artifactKey: Guid(e59dec68df5dd744dac6b3ff2727276d) Importer(2089858483,192608db42251d675da83286b1cce702)
Start importing Assets/Art/MINIFANTASY Creatures - Super Low Res 2D Pixel Art by Krishna Palacio/Sprites/Humanoids/Human/Human_Amazon/Minifantasy_CreaturesAmazonChargedAttack.png using Guid(e59dec68df5dd744dac6b3ff2727276d) Importer(2089858483,192608db42251d675da83286b1cce702) (ScriptedImporter) -> (artifact id: 'dd88f71d96e91b43992e44cdb19ef11a') in 0.117451 seconds
Number of updated asset objects reloaded before import = 0Number of asset objects unloaded after import = 20

========================================================================
Received Import Request.
  Time since last request: 0.000033 seconds.
  path: Assets/Art/MINIFANTASY Creatures - Super Low Res 2D Pixel Art by Krishna Palacio/Prefabs/Humanoids/HumanAmazon.prefab
  artifactKey: Guid(97535c05c24f8d246bbaa992f71482ca) Importer(2089858483,192608db42251d675da83286b1cce702)
Start importing Assets/Art/MINIFANTASY Creatures - Super Low Res 2D Pixel Art by Krishna Palacio/Prefabs/Humanoids/HumanAmazon.prefab using Guid(97535c05c24f8d246bbaa992f71482ca) Importer(2089858483,192608db42251d675da83286b1cce702) (ScriptedImporter) -> (artifact id: '30a23726402e3f896a3f3062cf1baba7') in 0.0121685 seconds
Number of updated asset objects reloaded before import = 0Number of asset objects unloaded after import = 15

========================================================================
Received Import Request.
  Time since last request: 0.000100 seconds.
  path: Assets/Art/MINIFANTASY Creatures - Super Low Res 2D Pixel Art by Krishna Palacio/Animations/Humanoids/Human/Human_Amazon/AmazonAttack_NW.anim
  artifactKey: Guid(c385208d871588a4fb46764f498fec71) Importer(2089858483,192608db42251d675da83286b1cce702)
Start importing Assets/Art/MINIFANTASY Creatures - Super Low Res 2D Pixel Art by Krishna Palacio/Animations/Humanoids/Human/Human_Amazon/AmazonAttack_NW.anim using Guid(c385208d871588a4fb46764f498fec71) Importer(2089858483,192608db42251d675da83286b1cce702) (ScriptedImporter) -> (artifact id: 'ab132ca4a14516ee1cf252b90355d9a7') in 0.0763309 seconds
Number of updated asset objects reloaded before import = 0Number of asset objects unloaded after import = 1

========================================================================
Received Import Request.
  Time since last request: 0.000050 seconds.
  path: Assets/Art/MINIFANTASY Creatures - Super Low Res 2D Pixel Art by Krishna Palacio/Animations/Humanoids/Dwarf/Dwarf_Yellow_Beard/DwarfYellowBearJump_SE.anim
  artifactKey: Guid(cf92158749027544aaa7b1ff12aa4a9d) Importer(2089858483,192608db42251d675da83286b1cce702)
Start importing Assets/Art/MINIFANTASY Creatures - Super Low Res 2D Pixel Art by Krishna Palacio/Animations/Humanoids/Dwarf/Dwarf_Yellow_Beard/DwarfYellowBearJump_SE.anim using Guid(cf92158749027544aaa7b1ff12aa4a9d) Importer(2089858483,192608db42251d675da83286b1cce702) (ScriptedImporter) -> (artifact id: '3dd3cd4289cc91511c9ef23e445a01f8') in 0.0090662 seconds
Number of updated asset objects reloaded before import = 0Number of asset objects unloaded after import = 1

========================================================================
Received Import Request.
  Time since last request: 0.000024 seconds.
  path: Assets/Art/MINIFANTASY Creatures - Super Low Res 2D Pixel Art by Krishna Palacio/Animations/Monsters/Zombie/Zombie_Walk_NE.anim
  artifactKey: Guid(5a28616137d00c8468ab29d57ca869a6) Importer(2089858483,192608db42251d675da83286b1cce702)
Start importing Assets/Art/MINIFANTASY Creatures - Super Low Res 2D Pixel Art by Krishna Palacio/Animations/Monsters/Zombie/Zombie_Walk_NE.anim using Guid(5a28616137d00c8468ab29d57ca869a6) Importer(2089858483,192608db42251d675da83286b1cce702) (ScriptedImporter) -> (artifact id: '80eb118e033ffb39ca3a3e6510f54207') in 0.0786641 seconds
Number of updated asset objects reloaded before import = 0Number of asset objects unloaded after import = 1

========================================================================
Received Import Request.
  Time since last request: 0.000034 seconds.
  path: Assets/Art/MINIFANTASY Creatures - Super Low Res 2D Pixel Art by Krishna Palacio/Animations/Humanoids/Trasgo/Trasgo_Walk_SE.anim
  artifactKey: Guid(a8505c2032bb0e145b9ee067fab7394d) Importer(2089858483,192608db42251d675da83286b1cce702)
Start importing Assets/Art/MINIFANTASY Creatures - Super Low Res 2D Pixel Art by Krishna Palacio/Animations/Humanoids/Trasgo/Trasgo_Walk_SE.anim using Guid(a8505c2032bb0e145b9ee067fab7394d) Importer(2089858483,192608db42251d675da83286b1cce702) (ScriptedImporter) -> (artifact id: '5d6220e60316ac763d2f6ebd22a19ec7') in 0.0104492 seconds
Number of updated asset objects reloaded before import = 0Number of asset objects unloaded after import = 1

========================================================================
Received Import Request.
  Time since last request: 0.000066 seconds.
  path: Assets/Art/MINIFANTASY Creatures - Super Low Res 2D Pixel Art by Krishna Palacio/Animations/Big_Guys/Troll/TrollDie_SE.anim
  artifactKey: Guid(5abe19c7cdcb8314ca201346e5373dd5) Importer(2089858483,192608db42251d675da83286b1cce702)
Start importing Assets/Art/MINIFANTASY Creatures - Super Low Res 2D Pixel Art by Krishna Palacio/Animations/Big_Guys/Troll/TrollDie_SE.anim using Guid(5abe19c7cdcb8314ca201346e5373dd5) Importer(2089858483,192608db42251d675da83286b1cce702) (ScriptedImporter) -> (artifact id: '2842830a3b98627de6e22f1de7529522') in 0.0103039 seconds
Number of updated asset objects reloaded before import = 0Number of asset objects unloaded after import = 1

========================================================================
Received Import Request.
  Time since last request: 0.000045 seconds.
  path: Assets/Art/MINIFANTASY Creatures - Super Low Res 2D Pixel Art by Krishna Palacio/Animations/Humanoids/Orc/Orc/Orc_Walk_SW.anim
  artifactKey: Guid(282725bf35edfad46ba2acb40826a208) Importer(2089858483,192608db42251d675da83286b1cce702)
Start importing Assets/Art/MINIFANTASY Creatures - Super Low Res 2D Pixel Art by Krishna Palacio/Animations/Humanoids/Orc/Orc/Orc_Walk_SW.anim using Guid(282725bf35edfad46ba2acb40826a208) Importer(2089858483,192608db42251d675da83286b1cce702) (ScriptedImporter) -> (artifact id: '70907d67d007205c4adf5e5109f6e61c') in 0.0081392 seconds
Number of updated asset objects reloaded before import = 0Number of asset objects unloaded after import = 1

========================================================================
Received Import Request.
  Time since last request: 0.000030 seconds.
  path: Assets/Art/MINIFANTASY Creatures - Super Low Res 2D Pixel Art by Krishna Palacio/Animations/Monsters/Evil Snowman/EvilSnowman_Attack_NW.anim
  artifactKey: Guid(eba7d001f9f5df94db0667e012d9e81f) Importer(2089858483,192608db42251d675da83286b1cce702)
Start importing Assets/Art/MINIFANTASY Creatures - Super Low Res 2D Pixel Art by Krishna Palacio/Animations/Monsters/Evil Snowman/EvilSnowman_Attack_NW.anim using Guid(eba7d001f9f5df94db0667e012d9e81f) Importer(2089858483,192608db42251d675da83286b1cce702) (ScriptedImporter) -> (artifact id: '9374fa5e7b77a67e2ac8bfd181f17d21') in 0.0082584 seconds
Number of updated asset objects reloaded before import = 0Number of asset objects unloaded after import = 1

========================================================================
Received Import Request.
  Time since last request: 0.000025 seconds.
  path: Assets/Art/MINIFANTASY Creatures - Super Low Res 2D Pixel Art by Krishna Palacio/Animations/Humanoids/Human/Human/HumanJump_SE.anim
  artifactKey: Guid(46f01ea121d3a55488b892ff6cd0cb0e) Importer(2089858483,192608db42251d675da83286b1cce702)
Start importing Assets/Art/MINIFANTASY Creatures - Super Low Res 2D Pixel Art by Krishna Palacio/Animations/Humanoids/Human/Human/HumanJump_SE.anim using Guid(46f01ea121d3a55488b892ff6cd0cb0e) Importer(2089858483,192608db42251d675da83286b1cce702) (ScriptedImporter) -> (artifact id: '0d0ac71e66a926a9cb74a2a36228cbdf') in 0.0075375 seconds
Number of updated asset objects reloaded before import = 0Number of asset objects unloaded after import = 1

========================================================================
Received Import Request.
  Time since last request: 0.000024 seconds.
  path: Assets/Art/MINIFANTASY Creatures - Super Low Res 2D Pixel Art by Krishna Palacio/Sprites/Humanoids/Human/Human_Townsfolk/Minifantasy_CreaturesHumanTownsfolkWalk.png
  artifactKey: Guid(22f34ef5e5bdb1a4895e5c0fc4c09fb4) Importer(2089858483,192608db42251d675da83286b1cce702)
Start importing Assets/Art/MINIFANTASY Creatures - Super Low Res 2D Pixel Art by Krishna Palacio/Sprites/Humanoids/Human/Human_Townsfolk/Minifantasy_CreaturesHumanTownsfolkWalk.png using Guid(22f34ef5e5bdb1a4895e5c0fc4c09fb4) Importer(2089858483,192608db42251d675da83286b1cce702) (ScriptedImporter) -> (artifact id: '0dbf6f4a87c916c9044c89c7b023edb2') in 0.0675675 seconds
Number of updated asset objects reloaded before import = 0Number of asset objects unloaded after import = 18

========================================================================
Received Import Request.
  Time since last request: 0.000030 seconds.
  path: Assets/Art/MINIFANTASY Creatures - Super Low Res 2D Pixel Art by Krishna Palacio/Sprites/Big_Guys/_Shadows/Minotaur/Minifantasy_CreaturesShadowMinotaurJump.png
  artifactKey: Guid(44f118b7ec513e141beaf594d1c195ce) Importer(2089858483,192608db42251d675da83286b1cce702)
Start importing Assets/Art/MINIFANTASY Creatures - Super Low Res 2D Pixel Art by Krishna Palacio/Sprites/Big_Guys/_Shadows/Minotaur/Minifantasy_CreaturesShadowMinotaurJump.png using Guid(44f118b7ec513e141beaf594d1c195ce) Importer(2089858483,192608db42251d675da83286b1cce702) (ScriptedImporter) -> (artifact id: 'ae815066b5a7f5724fd6f3ffa1cb40e3') in 0.0945283 seconds
Number of updated asset objects reloaded before import = 0Number of asset objects unloaded after import = 26

========================================================================
Received Import Request.
  Time since last request: 0.000039 seconds.
  path: Assets/Art/MINIFANTASY Creatures - Super Low Res 2D Pixel Art by Krishna Palacio/Sprites/Monsters/Skeleton
  artifactKey: Guid(6a7e7a3ca12af014f82303f8e3e20d96) Importer(2089858483,192608db42251d675da83286b1cce702)
Start importing Assets/Art/MINIFANTASY Creatures - Super Low Res 2D Pixel Art by Krishna Palacio/Sprites/Monsters/Skeleton using Guid(6a7e7a3ca12af014f82303f8e3e20d96) Importer(2089858483,192608db42251d675da83286b1cce702) (ScriptedImporter) -> (artifact id: '953238eaefcff7aaeaa12ca6f179a032') in 0.0066695 seconds
Number of updated asset objects reloaded before import = 0Number of asset objects unloaded after import = 1

========================================================================
Received Import Request.
  Time since last request: 0.000025 seconds.
  path: Assets/Art/MINIFANTASY Creatures - Super Low Res 2D Pixel Art by Krishna Palacio/Sprites/Beasts/_Shadows/Wolf/WolfShadow_Jump.png
  artifactKey: Guid(c36f5e68c71190f489270821e3b004d3) Importer(2089858483,192608db42251d675da83286b1cce702)
Start importing Assets/Art/MINIFANTASY Creatures - Super Low Res 2D Pixel Art by Krishna Palacio/Sprites/Beasts/_Shadows/Wolf/WolfShadow_Jump.png using Guid(c36f5e68c71190f489270821e3b004d3) Importer(2089858483,192608db42251d675da83286b1cce702) (ScriptedImporter) -> (artifact id: '202497499a1d5fd6203dd599aa21b997') in 0.0608559 seconds
Number of updated asset objects reloaded before import = 0Number of asset objects unloaded after import = 18

========================================================================
Received Import Request.
  Time since last request: 0.000036 seconds.
  path: Assets/Art/MINIFANTASY Creatures - Super Low Res 2D Pixel Art by Krishna Palacio/Sprites/Monsters/Evil Snowman/EvilSnowman_Attack.png
  artifactKey: Guid(684b76da35e496149b2dace73ac0a8b6) Importer(2089858483,192608db42251d675da83286b1cce702)
Start importing Assets/Art/MINIFANTASY Creatures - Super Low Res 2D Pixel Art by Krishna Palacio/Sprites/Monsters/Evil Snowman/EvilSnowman_Attack.png using Guid(684b76da35e496149b2dace73ac0a8b6) Importer(2089858483,192608db42251d675da83286b1cce702) (ScriptedImporter) -> (artifact id: '4b2ae95feb84356fdf0e213da4c4b0cd') in 0.1309666 seconds
Number of updated asset objects reloaded before import = 0Number of asset objects unloaded after import = 50

========================================================================
Received Import Request.
  Time since last request: 0.000043 seconds.
  path: Assets/Art/MINIFANTASY Creatures - Super Low Res 2D Pixel Art by Krishna Palacio/Animations/Humanoids/Goblin/GoblinDmg_NE.anim
  artifactKey: Guid(508df8ec6a9fc7743a732aef4e49cec1) Importer(2089858483,192608db42251d675da83286b1cce702)
Start importing Assets/Art/MINIFANTASY Creatures - Super Low Res 2D Pixel Art by Krishna Palacio/Animations/Humanoids/Goblin/GoblinDmg_NE.anim using Guid(508df8ec6a9fc7743a732aef4e49cec1) Importer(2089858483,192608db42251d675da83286b1cce702) (ScriptedImporter) -> (artifact id: '72250210c50bf31afc7713347bf3d31c') in 0.0113163 seconds
Number of updated asset objects reloaded before import = 0Number of asset objects unloaded after import = 1

========================================================================
Received Import Request.
  Time since last request: 0.000032 seconds.
  path: Assets/Art/MINIFANTASY Creatures - Super Low Res 2D Pixel Art by Krishna Palacio/Animations/Monsters/Centaur/Centaur_Jump_SE.anim
  artifactKey: Guid(b9505aff4292a9b49a5b03566e34a1b1) Importer(2089858483,192608db42251d675da83286b1cce702)
Start importing Assets/Art/MINIFANTASY Creatures - Super Low Res 2D Pixel Art by Krishna Palacio/Animations/Monsters/Centaur/Centaur_Jump_SE.anim using Guid(b9505aff4292a9b49a5b03566e34a1b1) Importer(2089858483,192608db42251d675da83286b1cce702) (ScriptedImporter) -> (artifact id: 'acaa83928490fa3994cc7ab49e4aa800') in 0.0135344 seconds
Number of updated asset objects reloaded before import = 0Number of asset objects unloaded after import = 1

========================================================================
Received Import Request.
  Time since last request: 0.000023 seconds.
  path: Assets/Art/MINIFANTASY Creatures - Super Low Res 2D Pixel Art by Krishna Palacio/Animations/Big_Guys/Troll/TrollWalk_NE.anim
  artifactKey: Guid(3de24e1a2dd43f34ea2fd47f9d2a3b53) Importer(2089858483,192608db42251d675da83286b1cce702)
Start importing Assets/Art/MINIFANTASY Creatures - Super Low Res 2D Pixel Art by Krishna Palacio/Animations/Big_Guys/Troll/TrollWalk_NE.anim using Guid(3de24e1a2dd43f34ea2fd47f9d2a3b53) Importer(2089858483,192608db42251d675da83286b1cce702) (ScriptedImporter) -> (artifact id: 'c656f692bff5af7ee9933f76082f8f6e') in 0.0084299 seconds
Number of updated asset objects reloaded before import = 0Number of asset objects unloaded after import = 1

========================================================================
Received Import Request.
  Time since last request: 0.000034 seconds.
  path: Assets/Art/MINIFANTASY Creatures - Super Low Res 2D Pixel Art by Krishna Palacio/Animations/Monsters/Wildfire/Wildfire_Fly_NE.anim
  artifactKey: Guid(5e40e9b145f1a364aa340dec2630de34) Importer(2089858483,192608db42251d675da83286b1cce702)
Start importing Assets/Art/MINIFANTASY Creatures - Super Low Res 2D Pixel Art by Krishna Palacio/Animations/Monsters/Wildfire/Wildfire_Fly_NE.anim using Guid(5e40e9b145f1a364aa340dec2630de34) Importer(2089858483,192608db42251d675da83286b1cce702) (ScriptedImporter) -> (artifact id: '72be60941b4f98b841be8a2b75311e31') in 0.0091714 seconds
Number of updated asset objects reloaded before import = 0Number of asset objects unloaded after import = 1

========================================================================
Received Import Request.
  Time since last request: 0.000451 seconds.
  path: Assets/Art/MINIFANTASY Creatures - Super Low Res 2D Pixel Art by Krishna Palacio/Animations/Beasts/Wolf/Wolf_Walk_SW.anim
  artifactKey: Guid(a32f0dae872d5f348af203ace618706c) Importer(2089858483,192608db42251d675da83286b1cce702)
Start importing Assets/Art/MINIFANTASY Creatures - Super Low Res 2D Pixel Art by Krishna Palacio/Animations/Beasts/Wolf/Wolf_Walk_SW.anim using Guid(a32f0dae872d5f348af203ace618706c) Importer(2089858483,192608db42251d675da83286b1cce702) (ScriptedImporter) -> (artifact id: '94e831cb0347db31b925a6315bb98059') in 0.0104837 seconds
Number of updated asset objects reloaded before import = 0Number of asset objects unloaded after import = 1

========================================================================
Received Import Request.
  Time since last request: 0.000028 seconds.
  path: Assets/Art/MINIFANTASY Creatures - Super Low Res 2D Pixel Art by Krishna Palacio/Animations
  artifactKey: Guid(3b5147a703b8b0b46b70add9e1929cad) Importer(2089858483,192608db42251d675da83286b1cce702)
Start importing Assets/Art/MINIFANTASY Creatures - Super Low Res 2D Pixel Art by Krishna Palacio/Animations using Guid(3b5147a703b8b0b46b70add9e1929cad) Importer(2089858483,192608db42251d675da83286b1cce702) (ScriptedImporter) -> (artifact id: '294a7e588ac7fce440ba0412252d4721') in 0.0081935 seconds
Number of updated asset objects reloaded before import = 0Number of asset objects unloaded after import = 1

========================================================================
Received Import Request.
  Time since last request: 0.000036 seconds.
  path: Assets/Art/MINIFANTASY Creatures - Super Low Res 2D Pixel Art by Krishna Palacio/Animations/Humanoids/Orc/Wild Orc/WildOrc_Dmg_NE.anim
  artifactKey: Guid(a23f2fdfbcad56b4bbdbf33becf39dcf) Importer(2089858483,192608db42251d675da83286b1cce702)
Start importing Assets/Art/MINIFANTASY Creatures - Super Low Res 2D Pixel Art by Krishna Palacio/Animations/Humanoids/Orc/Wild Orc/WildOrc_Dmg_NE.anim using Guid(a23f2fdfbcad56b4bbdbf33becf39dcf) Importer(2089858483,192608db42251d675da83286b1cce702) (ScriptedImporter) -> (artifact id: '47ab190700e77b0dbbfd73eaff8699ff') in 0.0106106 seconds
Number of updated asset objects reloaded before import = 0Number of asset objects unloaded after import = 1

========================================================================
Received Import Request.
  Time since last request: 0.000029 seconds.
  path: Assets/Art/MINIFANTASY Creatures - Super Low Res 2D Pixel Art by Krishna Palacio/Animations/Monsters/Slime/Blue/BlueSlime_Idle_SE.anim
  artifactKey: Guid(caaa6503947fb72438b171955d34bee0) Importer(2089858483,192608db42251d675da83286b1cce702)
Start importing Assets/Art/MINIFANTASY Creatures - Super Low Res 2D Pixel Art by Krishna Palacio/Animations/Monsters/Slime/Blue/BlueSlime_Idle_SE.anim using Guid(caaa6503947fb72438b171955d34bee0) Importer(2089858483,192608db42251d675da83286b1cce702) (ScriptedImporter) -> (artifact id: 'f33efdf8ce49ca7b10eb847fb6b12ded') in 0.0128545 seconds
Number of updated asset objects reloaded before import = 0Number of asset objects unloaded after import = 1

========================================================================
Received Import Request.
  Time since last request: 0.000048 seconds.
  path: Assets/Art/MINIFANTASY Creatures - Super Low Res 2D Pixel Art by Krishna Palacio/Sprites/Beasts/_Shadows/Wolf/WolfShadow_Idle.png
  artifactKey: Guid(38a00cabd08b38a40b17b6c3d7cf358b) Importer(2089858483,192608db42251d675da83286b1cce702)
Start importing Assets/Art/MINIFANTASY Creatures - Super Low Res 2D Pixel Art by Krishna Palacio/Sprites/Beasts/_Shadows/Wolf/WolfShadow_Idle.png using Guid(38a00cabd08b38a40b17b6c3d7cf358b) Importer(2089858483,192608db42251d675da83286b1cce702) (ScriptedImporter) -> (artifact id: 'ec5d037bf440ae13f0a529119f7ada81') in 0.235967 seconds
Number of updated asset objects reloaded before import = 0Number of asset objects unloaded after import = 50

========================================================================
Received Import Request.
  Time since last request: 0.000040 seconds.
  path: Assets/Art/MINIFANTASY Creatures - Super Low Res 2D Pixel Art by Krishna Palacio/Animations/Humanoids/Human/Human_Amazon/AmazonWalk_SE.anim
  artifactKey: Guid(c8ad755ed9beaf84b9457eaddb3adbf4) Importer(2089858483,192608db42251d675da83286b1cce702)
Start importing Assets/Art/MINIFANTASY Creatures - Super Low Res 2D Pixel Art by Krishna Palacio/Animations/Humanoids/Human/Human_Amazon/AmazonWalk_SE.anim using Guid(c8ad755ed9beaf84b9457eaddb3adbf4) Importer(2089858483,192608db42251d675da83286b1cce702) (ScriptedImporter) -> (artifact id: '877b43647274ca48764486c20847e053') in 0.0189099 seconds
Number of updated asset objects reloaded before import = 0Number of asset objects unloaded after import = 1

========================================================================
Received Import Request.
  Time since last request: 0.000066 seconds.
  path: Assets/Art/MINIFANTASY Creatures - Super Low Res 2D Pixel Art by Krishna Palacio/Scripts/CTR_AnimateCreature.cs
  artifactKey: Guid(0aaf0b6e934ed874c85e84ab98a408c2) Importer(2089858483,192608db42251d675da83286b1cce702)
Start importing Assets/Art/MINIFANTASY Creatures - Super Low Res 2D Pixel Art by Krishna Palacio/Scripts/CTR_AnimateCreature.cs using Guid(0aaf0b6e934ed874c85e84ab98a408c2) Importer(2089858483,192608db42251d675da83286b1cce702) (ScriptedImporter) -> (artifact id: 'b50addd4ebd35cfbb5552d18b15915ab') in 0.0189276 seconds
Number of updated asset objects reloaded before import = 0Number of asset objects unloaded after import = 0

========================================================================
Received Import Request.
  Time since last request: 0.000036 seconds.
  path: Assets/Art/MINIFANTASY Creatures - Super Low Res 2D Pixel Art by Krishna Palacio/Animations/Humanoids/Human/Human_Amazon/AmazonAttack_SE.anim
  artifactKey: Guid(59bbea7a056b32a4baba06cc617b37f4) Importer(2089858483,192608db42251d675da83286b1cce702)
Start importing Assets/Art/MINIFANTASY Creatures - Super Low Res 2D Pixel Art by Krishna Palacio/Animations/Humanoids/Human/Human_Amazon/AmazonAttack_SE.anim using Guid(59bbea7a056b32a4baba06cc617b37f4) Importer(2089858483,192608db42251d675da83286b1cce702) (ScriptedImporter) -> (artifact id: '7d98d1969688d18c630f75d60c695ed1') in 0.0116185 seconds
Number of updated asset objects reloaded before import = 0Number of asset objects unloaded after import = 1

========================================================================
Received Import Request.
  Time since last request: 0.000027 seconds.
  path: Assets/Art/MINIFANTASY Creatures - Super Low Res 2D Pixel Art by Krishna Palacio/Animations/Humanoids/Orc/Orc/Orc_Attack_NW.anim
  artifactKey: Guid(9d02466e57f9ae2488e1768541c84930) Importer(2089858483,192608db42251d675da83286b1cce702)
Start importing Assets/Art/MINIFANTASY Creatures - Super Low Res 2D Pixel Art by Krishna Palacio/Animations/Humanoids/Orc/Orc/Orc_Attack_NW.anim using Guid(9d02466e57f9ae2488e1768541c84930) Importer(2089858483,192608db42251d675da83286b1cce702) (ScriptedImporter) -> (artifact id: 'b778bc829cb472f1b7c05a2539a4a7cb') in 0.0146234 seconds
Number of updated asset objects reloaded before import = 0Number of asset objects unloaded after import = 1

========================================================================
Received Import Request.
  Time since last request: 0.000051 seconds.
  path: Assets/Art/MINIFANTASY Creatures - Super Low Res 2D Pixel Art by Krishna Palacio/Animations/Beasts/Wolf/Wolf_Jump_SE.anim
  artifactKey: Guid(67f8e79c10ea5134999696168a627ef5) Importer(2089858483,192608db42251d675da83286b1cce702)
Start importing Assets/Art/MINIFANTASY Creatures - Super Low Res 2D Pixel Art by Krishna Palacio/Animations/Beasts/Wolf/Wolf_Jump_SE.anim using Guid(67f8e79c10ea5134999696168a627ef5) Importer(2089858483,192608db42251d675da83286b1cce702) (ScriptedImporter) -> (artifact id: 'a3335b9d5f08882c4718b1403d3e1824') in 0.0154377 seconds
Number of updated asset objects reloaded before import = 0Number of asset objects unloaded after import = 1

========================================================================
Received Import Request.
  Time since last request: 0.000035 seconds.
  path: Assets/Art/MINIFANTASY Creatures - Super Low Res 2D Pixel Art by Krishna Palacio/Animations/Monsters/Slime/Green/SlimeGreen_Die_SE.anim
  artifactKey: Guid(d1b4744cf6f32cb498a1465644a71aed) Importer(2089858483,192608db42251d675da83286b1cce702)
Start importing Assets/Art/MINIFANTASY Creatures - Super Low Res 2D Pixel Art by Krishna Palacio/Animations/Monsters/Slime/Green/SlimeGreen_Die_SE.anim using Guid(d1b4744cf6f32cb498a1465644a71aed) Importer(2089858483,192608db42251d675da83286b1cce702) (ScriptedImporter) -> (artifact id: '3403cce82b19015fdff657f4aac69dd0') in 0.0270595 seconds
Number of updated asset objects reloaded before import = 0Number of asset objects unloaded after import = 1

========================================================================
Received Import Request.
  Time since last request: 0.000027 seconds.
  path: Assets/Art/MINIFANTASY Creatures - Super Low Res 2D Pixel Art by Krishna Palacio/Sprites/Beasts/_Shadows/Bat
  artifactKey: Guid(aa89edae7a47e144a889e55329b3d71c) Importer(2089858483,192608db42251d675da83286b1cce702)
Start importing Assets/Art/MINIFANTASY Creatures - Super Low Res 2D Pixel Art by Krishna Palacio/Sprites/Beasts/_Shadows/Bat using Guid(aa89edae7a47e144a889e55329b3d71c) Importer(2089858483,192608db42251d675da83286b1cce702) (ScriptedImporter) -> (artifact id: 'ce74680ecdac59f45e33fd18ceabd32a') in 0.0072922 seconds
Number of updated asset objects reloaded before import = 0Number of asset objects unloaded after import = 1

========================================================================
Received Import Request.
  Time since last request: 0.000225 seconds.
  path: Assets/Art/MINIFANTASY Creatures - Super Low Res 2D Pixel Art by Krishna Palacio/Animations/Big_Guys/Troll
  artifactKey: Guid(a936996da8cd2f54d9af0a0d8f3e3fc4) Importer(2089858483,192608db42251d675da83286b1cce702)
Start importing Assets/Art/MINIFANTASY Creatures - Super Low Res 2D Pixel Art by Krishna Palacio/Animations/Big_Guys/Troll using Guid(a936996da8cd2f54d9af0a0d8f3e3fc4) Importer(2089858483,192608db42251d675da83286b1cce702) (ScriptedImporter) -> (artifact id: '8cf076287937b040620ca7402422615b') in 0.0115626 seconds
Number of updated asset objects reloaded before import = 0Number of asset objects unloaded after import = 1

========================================================================
Received Import Request.
  Time since last request: 0.000034 seconds.
  path: Assets/Art/MINIFANTASY Creatures - Super Low Res 2D Pixel Art by Krishna Palacio/Animations/Humanoids/Orc/Wild Orc/WildOrc_Dmg_SE.anim
  artifactKey: Guid(d649096f1e0922c4a8d59b307c297ab7) Importer(2089858483,192608db42251d675da83286b1cce702)
Start importing Assets/Art/MINIFANTASY Creatures - Super Low Res 2D Pixel Art by Krishna Palacio/Animations/Humanoids/Orc/Wild Orc/WildOrc_Dmg_SE.anim using Guid(d649096f1e0922c4a8d59b307c297ab7) Importer(2089858483,192608db42251d675da83286b1cce702) (ScriptedImporter) -> (artifact id: 'c88e92fd4a9b24c4bbdbe83ce445a549') in 0.0124833 seconds
Number of updated asset objects reloaded before import = 0Number of asset objects unloaded after import = 1

========================================================================
Received Import Request.
  Time since last request: 0.000028 seconds.
  path: Assets/Art/MINIFANTASY Creatures - Super Low Res 2D Pixel Art by Krishna Palacio/Sprites/Monsters/_Shadows/Wildfire/Minifantasy_CreaturesShadowWildfireIdle.png
  artifactKey: Guid(e6895de01fc5d464c9331c9b5e1cae06) Importer(2089858483,192608db42251d675da83286b1cce702)
Start importing Assets/Art/MINIFANTASY Creatures - Super Low Res 2D Pixel Art by Krishna Palacio/Sprites/Monsters/_Shadows/Wildfire/Minifantasy_CreaturesShadowWildfireIdle.png using Guid(e6895de01fc5d464c9331c9b5e1cae06) Importer(2089858483,192608db42251d675da83286b1cce702) (ScriptedImporter) -> (artifact id: 'e5c2384f30f84933eca02d04e8fc9a22') in 0.0346379 seconds
Number of updated asset objects reloaded before import = 0Number of asset objects unloaded after import = 6

========================================================================
Received Import Request.
  Time since last request: 0.000037 seconds.
  path: Assets/Art/MINIFANTASY Creatures - Super Low Res 2D Pixel Art by Krishna Palacio/Animations/Big_Guys/Wargo/WargoJump_NW.anim
  artifactKey: Guid(366cdbb6d4f32b142b44ae0ac4d6db72) Importer(2089858483,192608db42251d675da83286b1cce702)
Start importing Assets/Art/MINIFANTASY Creatures - Super Low Res 2D Pixel Art by Krishna Palacio/Animations/Big_Guys/Wargo/WargoJump_NW.anim using Guid(366cdbb6d4f32b142b44ae0ac4d6db72) Importer(2089858483,192608db42251d675da83286b1cce702) (ScriptedImporter) -> (artifact id: '4c2c06615cc9701a045f4991cab8a0aa') in 0.0141886 seconds
Number of updated asset objects reloaded before import = 0Number of asset objects unloaded after import = 1

========================================================================
Received Import Request.
  Time since last request: 0.000050 seconds.
  path: Assets/Art/MINIFANTASY Creatures - Super Low Res 2D Pixel Art by Krishna Palacio/Animations/Beasts/Bat/Bat_FlyIdle_NE.anim
  artifactKey: Guid(d072a77d42933f248bf32a0ef8dde66e) Importer(2089858483,192608db42251d675da83286b1cce702)
Start importing Assets/Art/MINIFANTASY Creatures - Super Low Res 2D Pixel Art by Krishna Palacio/Animations/Beasts/Bat/Bat_FlyIdle_NE.anim using Guid(d072a77d42933f248bf32a0ef8dde66e) Importer(2089858483,192608db42251d675da83286b1cce702) (ScriptedImporter) -> (artifact id: '1280e901ed379c8f72223b68d2dfcca3') in 0.013914 seconds
Number of updated asset objects reloaded before import = 0Number of asset objects unloaded after import = 1

========================================================================
Received Import Request.
  Time since last request: 0.000042 seconds.
  path: Assets/Art/MINIFANTASY Creatures - Super Low Res 2D Pixel Art by Krishna Palacio/Animations/Humanoids/Human/Human_Townsfolk/Minifantasy_CreaturesHumanTownsfolkIdle_SW.anim
  artifactKey: Guid(adfa4391a307b0a4a9150de9fe59a3e5) Importer(2089858483,192608db42251d675da83286b1cce702)
Start importing Assets/Art/MINIFANTASY Creatures - Super Low Res 2D Pixel Art by Krishna Palacio/Animations/Humanoids/Human/Human_Townsfolk/Minifantasy_CreaturesHumanTownsfolkIdle_SW.anim using Guid(adfa4391a307b0a4a9150de9fe59a3e5) Importer(2089858483,192608db42251d675da83286b1cce702) (ScriptedImporter) -> (artifact id: 'a0219a75e900ef62e360f305223a3017') in 0.0116306 seconds
Number of updated asset objects reloaded before import = 0Number of asset objects unloaded after import = 1

========================================================================
Received Import Request.
  Time since last request: 0.000032 seconds.
  path: Assets/Art/MINIFANTASY Creatures - Super Low Res 2D Pixel Art by Krishna Palacio/Animations/Humanoids/Human/Human_Amazon/AmazonIdle_NE.anim
  artifactKey: Guid(c3828bbdaf040854da3c5795585cb3a5) Importer(2089858483,192608db42251d675da83286b1cce702)
Start importing Assets/Art/MINIFANTASY Creatures - Super Low Res 2D Pixel Art by Krishna Palacio/Animations/Humanoids/Human/Human_Amazon/AmazonIdle_NE.anim using Guid(c3828bbdaf040854da3c5795585cb3a5) Importer(2089858483,192608db42251d675da83286b1cce702) (ScriptedImporter) -> (artifact id: 'a88fa3db886964b9bd5ff246d6957c03') in 0.0128483 seconds
Number of updated asset objects reloaded before import = 0Number of asset objects unloaded after import = 1

========================================================================
Received Import Request.
  Time since last request: 0.000047 seconds.
  path: Assets/Art/MINIFANTASY Creatures - Super Low Res 2D Pixel Art by Krishna Palacio/Sprites/Humanoids/Human/Human_Townsfolk/Minifantasy_CreaturesHumanTownsfolkSpinDie.png
  artifactKey: Guid(a67fcc3fc0737ca4bae4569fc3aac787) Importer(2089858483,192608db42251d675da83286b1cce702)
Start importing Assets/Art/MINIFANTASY Creatures - Super Low Res 2D Pixel Art by Krishna Palacio/Sprites/Humanoids/Human/Human_Townsfolk/Minifantasy_CreaturesHumanTownsfolkSpinDie.png using Guid(a67fcc3fc0737ca4bae4569fc3aac787) Importer(2089858483,192608db42251d675da83286b1cce702) (ScriptedImporter) -> (artifact id: '0f5876ae71f08dca22ec95a2d75e0c6e') in 0.0460913 seconds
Number of updated asset objects reloaded before import = 0Number of asset objects unloaded after import = 14

========================================================================
Received Import Request.
  Time since last request: 0.000048 seconds.
  path: Assets/Art/MINIFANTASY Creatures - Super Low Res 2D Pixel Art by Krishna Palacio/Sprites/Humanoids/_Shadows/Human, Elf, Orc, Goblin, Halfling/MF_CreaturesShadowHumanoidChargedAttack.png
  artifactKey: Guid(67c7e83c6c4e16144bcb9bc6b40ff6f7) Importer(2089858483,192608db42251d675da83286b1cce702)
Start importing Assets/Art/MINIFANTASY Creatures - Super Low Res 2D Pixel Art by Krishna Palacio/Sprites/Humanoids/_Shadows/Human, Elf, Orc, Goblin, Halfling/MF_CreaturesShadowHumanoidChargedAttack.png using Guid(67c7e83c6c4e16144bcb9bc6b40ff6f7) Importer(2089858483,192608db42251d675da83286b1cce702) (ScriptedImporter) -> (artifact id: '4d2efb94dd39d4bf70f3a791c99661e3') in 0.0743846 seconds
Number of updated asset objects reloaded before import = 0Number of asset objects unloaded after import = 20

========================================================================
Received Import Request.
  Time since last request: 0.000029 seconds.
  path: Assets/Art/MINIFANTASY Creatures - Super Low Res 2D Pixel Art by Krishna Palacio/Animations/Big_Guys/Cyclop/CyclopWalk_NW.anim
  artifactKey: Guid(7f1ffe2b1d92a2742af933791443d3c7) Importer(2089858483,192608db42251d675da83286b1cce702)
Start importing Assets/Art/MINIFANTASY Creatures - Super Low Res 2D Pixel Art by Krishna Palacio/Animations/Big_Guys/Cyclop/CyclopWalk_NW.anim using Guid(7f1ffe2b1d92a2742af933791443d3c7) Importer(2089858483,192608db42251d675da83286b1cce702) (ScriptedImporter) -> (artifact id: '69a55b57eee0d1ebf10cbe90f5e58e1c') in 0.0094506 seconds
Number of updated asset objects reloaded before import = 0Number of asset objects unloaded after import = 1

========================================================================
Received Import Request.
  Time since last request: 0.000033 seconds.
  path: Assets/Art/MINIFANTASY Creatures - Super Low Res 2D Pixel Art by Krishna Palacio/Sprites/Monsters/Skeleton/Skeleton_Idle.png
  artifactKey: Guid(21c9326f7ac2c184e8e717447bb6152f) Importer(2089858483,192608db42251d675da83286b1cce702)
Start importing Assets/Art/MINIFANTASY Creatures - Super Low Res 2D Pixel Art by Krishna Palacio/Sprites/Monsters/Skeleton/Skeleton_Idle.png using Guid(21c9326f7ac2c184e8e717447bb6152f) Importer(2089858483,192608db42251d675da83286b1cce702) (ScriptedImporter) -> (artifact id: 'cd57d8a16c18470208e333d3e6639433') in 0.0698509 seconds
Number of updated asset objects reloaded before import = 0Number of asset objects unloaded after import = 18

========================================================================
Received Import Request.
  Time since last request: 0.000044 seconds.
  path: Assets/Art/MINIFANTASY Creatures - Super Low Res 2D Pixel Art by Krishna Palacio/Sprites/Humanoids/Orc/Wild Orc/WildOrc_Walk.png
  artifactKey: Guid(644ac946b8728ed4eb85c46d11fe375e) Importer(2089858483,192608db42251d675da83286b1cce702)
Start importing Assets/Art/MINIFANTASY Creatures - Super Low Res 2D Pixel Art by Krishna Palacio/Sprites/Humanoids/Orc/Wild Orc/WildOrc_Walk.png using Guid(644ac946b8728ed4eb85c46d11fe375e) Importer(2089858483,192608db42251d675da83286b1cce702) (ScriptedImporter) -> (artifact id: 'ed0664921f5e955a04bab859e56c27a2') in 0.0674672 seconds
Number of updated asset objects reloaded before import = 0Number of asset objects unloaded after import = 18

========================================================================
Received Import Request.
  Time since last request: 0.000027 seconds.
  path: Assets/Art/MINIFANTASY Creatures - Super Low Res 2D Pixel Art by Krishna Palacio/Sprites/Big_Guys/Cyclop/Minifantasy_CreaturesCyclopJump.png
  artifactKey: Guid(aaf8dc2710b97fc4e8020f0328942afe) Importer(2089858483,192608db42251d675da83286b1cce702)
Start importing Assets/Art/MINIFANTASY Creatures - Super Low Res 2D Pixel Art by Krishna Palacio/Sprites/Big_Guys/Cyclop/Minifantasy_CreaturesCyclopJump.png using Guid(aaf8dc2710b97fc4e8020f0328942afe) Importer(2089858483,192608db42251d675da83286b1cce702) (ScriptedImporter) -> (artifact id: '771c7afb6609116c455c7a0443d8b887') in 0.0836287 seconds
Number of updated asset objects reloaded before import = 0Number of asset objects unloaded after import = 26

========================================================================
Received Import Request.
  Time since last request: 0.000055 seconds.
  path: Assets/Art/MINIFANTASY Creatures - Super Low Res 2D Pixel Art by Krishna Palacio/Prefabs/Humanoids
  artifactKey: Guid(16bc40f1dc0c35249aa0b906145ec607) Importer(2089858483,192608db42251d675da83286b1cce702)
Start importing Assets/Art/MINIFANTASY Creatures - Super Low Res 2D Pixel Art by Krishna Palacio/Prefabs/Humanoids using Guid(16bc40f1dc0c35249aa0b906145ec607) Importer(2089858483,192608db42251d675da83286b1cce702) (ScriptedImporter) -> (artifact id: 'a6bbb35b03dc9b1ba4fad24c8084ac01') in 0.006836 seconds
Number of updated asset objects reloaded before import = 0Number of asset objects unloaded after import = 1

========================================================================
Received Import Request.
  Time since last request: 0.000039 seconds.
  path: Assets/Art/MINIFANTASY Creatures - Super Low Res 2D Pixel Art by Krishna Palacio/Sprites/Humanoids/Halfling/Minifantasy_CreaturesHalflingAnimations.png
  artifactKey: Guid(6f3d8cff424912646adf4264a39457e3) Importer(2089858483,192608db42251d675da83286b1cce702)
Start importing Assets/Art/MINIFANTASY Creatures - Super Low Res 2D Pixel Art by Krishna Palacio/Sprites/Humanoids/Halfling/Minifantasy_CreaturesHalflingAnimations.png using Guid(6f3d8cff424912646adf4264a39457e3) Importer(2089858483,192608db42251d675da83286b1cce702) (ScriptedImporter) -> (artifact id: '1e82870075533da252d36ceb2f9fd6ee') in 0.0226495 seconds
Number of updated asset objects reloaded before import = 0Number of asset objects unloaded after import = 3

========================================================================
Received Import Request.
  Time since last request: 0.000029 seconds.
  path: Assets/Art/MINIFANTASY Creatures - Super Low Res 2D Pixel Art by Krishna Palacio/Sprites/Monsters/_Shadows/Slime/Blue/Minifantasy_CreaturesShadowBlueSlimeDmg.png
  artifactKey: Guid(3152269d906f5b0498ff623b197797f8) Importer(2089858483,192608db42251d675da83286b1cce702)
Start importing Assets/Art/MINIFANTASY Creatures - Super Low Res 2D Pixel Art by Krishna Palacio/Sprites/Monsters/_Shadows/Slime/Blue/Minifantasy_CreaturesShadowBlueSlimeDmg.png using Guid(3152269d906f5b0498ff623b197797f8) Importer(2089858483,192608db42251d675da83286b1cce702) (ScriptedImporter) -> (artifact id: 'ddf563bd8c2ba3a6188eb0b39ba1faaa') in 0.0808573 seconds
Number of updated asset objects reloaded before import = 0Number of asset objects unloaded after import = 18

========================================================================
Received Import Request.
  Time since last request: 0.000040 seconds.
  path: Assets/Art/MINIFANTASY Creatures - Super Low Res 2D Pixel Art by Krishna Palacio/Animations/Humanoids/Halfling/HalflingIdle_SE.anim
  artifactKey: Guid(54e8260b5974d104e92374dbf6157260) Importer(2089858483,192608db42251d675da83286b1cce702)
Start importing Assets/Art/MINIFANTASY Creatures - Super Low Res 2D Pixel Art by Krishna Palacio/Animations/Humanoids/Halfling/HalflingIdle_SE.anim using Guid(54e8260b5974d104e92374dbf6157260) Importer(2089858483,192608db42251d675da83286b1cce702) (ScriptedImporter) -> (artifact id: '2492fb79003a82073d129cbe5e31c218') in 0.0118658 seconds
Number of updated asset objects reloaded before import = 0Number of asset objects unloaded after import = 1

========================================================================
Received Import Request.
  Time since last request: 0.000023 seconds.
  path: Assets/Art/MINIFANTASY Creatures - Super Low Res 2D Pixel Art by Krishna Palacio/Sprites/Humanoids/Human/Human/Minifantasy_CreaturesHumanDmg.png
  artifactKey: Guid(5f97a368e54c8874a9ee60c7f65fedba) Importer(2089858483,192608db42251d675da83286b1cce702)
Start importing Assets/Art/MINIFANTASY Creatures - Super Low Res 2D Pixel Art by Krishna Palacio/Sprites/Humanoids/Human/Human/Minifantasy_CreaturesHumanDmg.png using Guid(5f97a368e54c8874a9ee60c7f65fedba) Importer(2089858483,192608db42251d675da83286b1cce702) (ScriptedImporter) -> (artifact id: '09833cb08b4766c8a4a9a777c5097e38') in 0.0523099 seconds
Number of updated asset objects reloaded before import = 0Number of asset objects unloaded after import = 18

========================================================================
Received Import Request.
  Time since last request: 0.000036 seconds.
  path: Assets/Art/MINIFANTASY Creatures - Super Low Res 2D Pixel Art by Krishna Palacio/Animations/Monsters/Zombie/Zombie_Dmg_SE.anim
  artifactKey: Guid(9ad7402e640fd2d4aa1c4ca82dfcefc7) Importer(2089858483,192608db42251d675da83286b1cce702)
Start importing Assets/Art/MINIFANTASY Creatures - Super Low Res 2D Pixel Art by Krishna Palacio/Animations/Monsters/Zombie/Zombie_Dmg_SE.anim using Guid(9ad7402e640fd2d4aa1c4ca82dfcefc7) Importer(2089858483,192608db42251d675da83286b1cce702) (ScriptedImporter) -> (artifact id: '0f2e22a23efb13d35474ef5006c2eddb') in 0.0090257 seconds
Number of updated asset objects reloaded before import = 0Number of asset objects unloaded after import = 1

========================================================================
Received Import Request.
  Time since last request: 0.000031 seconds.
  path: Assets/Art/MINIFANTASY Creatures - Super Low Res 2D Pixel Art by Krishna Palacio/Sprites/Humanoids/Human/Human/Minifantasy_CreaturesHumanAttack.png
  artifactKey: Guid(e6fab22aef7d698438d748d9e2dc5eb8) Importer(2089858483,192608db42251d675da83286b1cce702)
Start importing Assets/Art/MINIFANTASY Creatures - Super Low Res 2D Pixel Art by Krishna Palacio/Sprites/Humanoids/Human/Human/Minifantasy_CreaturesHumanAttack.png using Guid(e6fab22aef7d698438d748d9e2dc5eb8) Importer(2089858483,192608db42251d675da83286b1cce702) (ScriptedImporter) -> (artifact id: 'f01ecd73f3815224bea47efdc20604bc') in 0.0679495 seconds
Number of updated asset objects reloaded before import = 0Number of asset objects unloaded after import = 18

========================================================================
Received Import Request.
  Time since last request: 0.000029 seconds.
  path: Assets/Art/MINIFANTASY Creatures - Super Low Res 2D Pixel Art by Krishna Palacio/Animations/Humanoids/Goblin/GoblinDmg_SE.anim
  artifactKey: Guid(1b9ba96c962961646b1e35d717ad5507) Importer(2089858483,192608db42251d675da83286b1cce702)
Start importing Assets/Art/MINIFANTASY Creatures - Super Low Res 2D Pixel Art by Krishna Palacio/Animations/Humanoids/Goblin/GoblinDmg_SE.anim using Guid(1b9ba96c962961646b1e35d717ad5507) Importer(2089858483,192608db42251d675da83286b1cce702) (ScriptedImporter) -> (artifact id: '32297c87f9635cf585e9d9070bf7ecd7') in 0.0098256 seconds
Number of updated asset objects reloaded before import = 0Number of asset objects unloaded after import = 1

========================================================================
Received Import Request.
  Time since last request: 0.000037 seconds.
  path: Assets/Art/MINIFANTASY Creatures - Super Low Res 2D Pixel Art by Krishna Palacio/CTR Documentation.txt
  artifactKey: Guid(6a979a8036b4edc489356d23e249cc01) Importer(2089858483,192608db42251d675da83286b1cce702)
Start importing Assets/Art/MINIFANTASY Creatures - Super Low Res 2D Pixel Art by Krishna Palacio/CTR Documentation.txt using Guid(6a979a8036b4edc489356d23e249cc01) Importer(2089858483,192608db42251d675da83286b1cce702) (ScriptedImporter) -> (artifact id: '7be7dfcf1f527ff04ce76426948c7812') in 0.0179854 seconds
Number of updated asset objects reloaded before import = 0Number of asset objects unloaded after import = 1

========================================================================
Received Import Request.
  Time since last request: 0.000239 seconds.
  path: Assets/Art/MINIFANTASY Creatures - Super Low Res 2D Pixel Art by Krishna Palacio/Animations/Humanoids/Orc/Wild Orc/WildOrc_Walk_SE.anim
  artifactKey: Guid(396e10ef0591d9443b60bf6e9b24f97f) Importer(2089858483,192608db42251d675da83286b1cce702)
Start importing Assets/Art/MINIFANTASY Creatures - Super Low Res 2D Pixel Art by Krishna Palacio/Animations/Humanoids/Orc/Wild Orc/WildOrc_Walk_SE.anim using Guid(396e10ef0591d9443b60bf6e9b24f97f) Importer(2089858483,192608db42251d675da83286b1cce702) (ScriptedImporter) -> (artifact id: 'fc74b1df13ee141ee2bc066a0db3a847') in 0.0130716 seconds
Number of updated asset objects reloaded before import = 0Number of asset objects unloaded after import = 1

========================================================================
Received Import Request.
  Time since last request: 0.000041 seconds.
  path: Assets/Art/MINIFANTASY Creatures - Super Low Res 2D Pixel Art by Krishna Palacio/Sprites/FramesInfo.txt
  artifactKey: Guid(28d97aa6b717af846a85045a11a027df) Importer(2089858483,192608db42251d675da83286b1cce702)
Start importing Assets/Art/MINIFANTASY Creatures - Super Low Res 2D Pixel Art by Krishna Palacio/Sprites/FramesInfo.txt using Guid(28d97aa6b717af846a85045a11a027df) Importer(2089858483,192608db42251d675da83286b1cce702) (ScriptedImporter) -> (artifact id: '866753a28e742a056d3f1c9003222520') in 0.0089231 seconds
Number of updated asset objects reloaded before import = 0Number of asset objects unloaded after import = 1

========================================================================
Received Import Request.
  Time since last request: 0.000216 seconds.
  path: Assets/Art/MINIFANTASY Creatures - Super Low Res 2D Pixel Art by Krishna Palacio/Animations/Big_Guys/Troll/TrollJump_SW.anim
  artifactKey: Guid(3ad41a658ec273b4bba32c74670e3f75) Importer(2089858483,192608db42251d675da83286b1cce702)
Start importing Assets/Art/MINIFANTASY Creatures - Super Low Res 2D Pixel Art by Krishna Palacio/Animations/Big_Guys/Troll/TrollJump_SW.anim using Guid(3ad41a658ec273b4bba32c74670e3f75) Importer(2089858483,192608db42251d675da83286b1cce702) (ScriptedImporter) -> (artifact id: '3416aa60a975dae4176537edb142ee8b') in 0.0125063 seconds
Number of updated asset objects reloaded before import = 0Number of asset objects unloaded after import = 1

========================================================================
Received Import Request.
  Time since last request: 0.000048 seconds.
  path: Assets/Art/MINIFANTASY Creatures - Super Low Res 2D Pixel Art by Krishna Palacio/Animations/Humanoids/Elf/ElfAttack_SW.anim
  artifactKey: Guid(eae7bb29428bc5249b15f90bc9b1fb12) Importer(2089858483,192608db42251d675da83286b1cce702)
Start importing Assets/Art/MINIFANTASY Creatures - Super Low Res 2D Pixel Art by Krishna Palacio/Animations/Humanoids/Elf/ElfAttack_SW.anim using Guid(eae7bb29428bc5249b15f90bc9b1fb12) Importer(2089858483,192608db42251d675da83286b1cce702) (ScriptedImporter) -> (artifact id: 'f61ef5e0c41ccd55c47383dc9a4957cc') in 0.0180782 seconds
Number of updated asset objects reloaded before import = 0Number of asset objects unloaded after import = 1

========================================================================
Received Import Request.
  Time since last request: 0.000063 seconds.
  path: Assets/Art/MINIFANTASY Creatures - Super Low Res 2D Pixel Art by Krishna Palacio/Animations/Beasts/Wolf/Wolf_Jump_SW.anim
  artifactKey: Guid(89dbf1fa0e1fdb64a9d8cd7f78572ea3) Importer(2089858483,192608db42251d675da83286b1cce702)
Start importing Assets/Art/MINIFANTASY Creatures - Super Low Res 2D Pixel Art by Krishna Palacio/Animations/Beasts/Wolf/Wolf_Jump_SW.anim using Guid(89dbf1fa0e1fdb64a9d8cd7f78572ea3) Importer(2089858483,192608db42251d675da83286b1cce702) (ScriptedImporter) -> (artifact id: 'c469192fd78b94c5180a79d947354501') in 0.0124139 seconds
Number of updated asset objects reloaded before import = 0Number of asset objects unloaded after import = 1

========================================================================
Received Import Request.
  Time since last request: 0.000036 seconds.
  path: Assets/Art/MINIFANTASY Creatures - Super Low Res 2D Pixel Art by Krishna Palacio/Animations/Big_Guys/Minotaur/MinotaurIdle_SE.anim
  artifactKey: Guid(b1e61193860c43e4bb59f789fdc93236) Importer(2089858483,192608db42251d675da83286b1cce702)
Start importing Assets/Art/MINIFANTASY Creatures - Super Low Res 2D Pixel Art by Krishna Palacio/Animations/Big_Guys/Minotaur/MinotaurIdle_SE.anim using Guid(b1e61193860c43e4bb59f789fdc93236) Importer(2089858483,192608db42251d675da83286b1cce702) (ScriptedImporter) -> (artifact id: '9c156afc3210d24c8bdb8fecd90db812') in 0.0129294 seconds
Number of updated asset objects reloaded before import = 0Number of asset objects unloaded after import = 1

========================================================================
Received Import Request.
  Time since last request: 0.000068 seconds.
  path: Assets/Art/MINIFANTASY Creatures - Super Low Res 2D Pixel Art by Krishna Palacio/Animations/Humanoids/Elf/ElfJump_NW.anim
  artifactKey: Guid(b9004dd759cf94f45b25d3e32034aa63) Importer(2089858483,192608db42251d675da83286b1cce702)
Start importing Assets/Art/MINIFANTASY Creatures - Super Low Res 2D Pixel Art by Krishna Palacio/Animations/Humanoids/Elf/ElfJump_NW.anim using Guid(b9004dd759cf94f45b25d3e32034aa63) Importer(2089858483,192608db42251d675da83286b1cce702) (ScriptedImporter) -> (artifact id: 'ad17e2ea780e7d689bd1493cb2e12522') in 0.0127963 seconds
Number of updated asset objects reloaded before import = 0Number of asset objects unloaded after import = 1

========================================================================
Received Import Request.
  Time since last request: 0.000043 seconds.
  path: Assets/Art/MINIFANTASY Creatures - Super Low Res 2D Pixel Art by Krishna Palacio/Animations/Big_Guys/Troll/TrollIdle_NE.anim
  artifactKey: Guid(145811facce4d8542983da3a1cec6845) Importer(2089858483,192608db42251d675da83286b1cce702)
Start importing Assets/Art/MINIFANTASY Creatures - Super Low Res 2D Pixel Art by Krishna Palacio/Animations/Big_Guys/Troll/TrollIdle_NE.anim using Guid(145811facce4d8542983da3a1cec6845) Importer(2089858483,192608db42251d675da83286b1cce702) (ScriptedImporter) -> (artifact id: '0f7eb568372f1c76fa05cdc714ac629d') in 0.0218661 seconds
Number of updated asset objects reloaded before import = 0Number of asset objects unloaded after import = 1

========================================================================
Received Import Request.
  Time since last request: 0.000127 seconds.
  path: Assets/Art/MINIFANTASY Creatures - Super Low Res 2D Pixel Art by Krishna Palacio/Prefabs/Humanoids/DwarfYellowBeard.prefab
  artifactKey: Guid(e202ce0a391ab614a865b51301831274) Importer(2089858483,192608db42251d675da83286b1cce702)
Start importing Assets/Art/MINIFANTASY Creatures - Super Low Res 2D Pixel Art by Krishna Palacio/Prefabs/Humanoids/DwarfYellowBeard.prefab using Guid(e202ce0a391ab614a865b51301831274) Importer(2089858483,192608db42251d675da83286b1cce702) (ScriptedImporter) -> (artifact id: 'e1788222452a92e5be1bcda53dbd211e') in 0.036306 seconds
Number of updated asset objects reloaded before import = 0Number of asset objects unloaded after import = 15

========================================================================
Received Import Request.
  Time since last request: 0.000061 seconds.
  path: Assets/Art/MINIFANTASY Creatures - Super Low Res 2D Pixel Art by Krishna Palacio/Animations/Monsters/Slime/Green/SlimeGreen_Dmg_SE.anim
  artifactKey: Guid(5e29da1801124654eb8734e563b40078) Importer(2089858483,192608db42251d675da83286b1cce702)
Start importing Assets/Art/MINIFANTASY Creatures - Super Low Res 2D Pixel Art by Krishna Palacio/Animations/Monsters/Slime/Green/SlimeGreen_Dmg_SE.anim using Guid(5e29da1801124654eb8734e563b40078) Importer(2089858483,192608db42251d675da83286b1cce702) (ScriptedImporter) -> (artifact id: 'e2498450e67d32bdf0a76814a3209cf6') in 0.015221 seconds
Number of updated asset objects reloaded before import = 0Number of asset objects unloaded after import = 1

========================================================================
Received Import Request.
  Time since last request: 0.000034 seconds.
  path: Assets/Art/MINIFANTASY Creatures - Super Low Res 2D Pixel Art by Krishna Palacio/Animations/Big_Guys/Wargo/WargoAttack_SE.anim
  artifactKey: Guid(bddd4b4ec4a5b0c44a9f2da8bead97e9) Importer(2089858483,192608db42251d675da83286b1cce702)
Start importing Assets/Art/MINIFANTASY Creatures - Super Low Res 2D Pixel Art by Krishna Palacio/Animations/Big_Guys/Wargo/WargoAttack_SE.anim using Guid(bddd4b4ec4a5b0c44a9f2da8bead97e9) Importer(2089858483,192608db42251d675da83286b1cce702) (ScriptedImporter) -> (artifact id: 'adfc4491187fb7411d75ea7ae6161a5e') in 0.0105586 seconds
Number of updated asset objects reloaded before import = 0Number of asset objects unloaded after import = 1

========================================================================
Received Import Request.
  Time since last request: 0.000044 seconds.
  path: Assets/Art/MINIFANTASY Creatures - Super Low Res 2D Pixel Art by Krishna Palacio/Sprites/Big_Guys/Troll/Minifantasy_CreaturesTrollAnimations.png
  artifactKey: Guid(678f1e60087241b4997adb72ea6ec521) Importer(2089858483,192608db42251d675da83286b1cce702)
Start importing Assets/Art/MINIFANTASY Creatures - Super Low Res 2D Pixel Art by Krishna Palacio/Sprites/Big_Guys/Troll/Minifantasy_CreaturesTrollAnimations.png using Guid(678f1e60087241b4997adb72ea6ec521) Importer(2089858483,192608db42251d675da83286b1cce702) (ScriptedImporter) -> (artifact id: 'e25b6d8356f71a366186382f213c05e6') in 0.0252153 seconds
Number of updated asset objects reloaded before import = 0Number of asset objects unloaded after import = 3

========================================================================
Received Import Request.
  Time since last request: 0.000031 seconds.
  path: Assets/Art/MINIFANTASY Creatures - Super Low Res 2D Pixel Art by Krishna Palacio/Sprites/Monsters/Slime/Blue _Slime/BlueSlime_JumpAttack.png
  artifactKey: Guid(2fcd8f82a288d674b9bf51101349f40b) Importer(2089858483,192608db42251d675da83286b1cce702)
Start importing Assets/Art/MINIFANTASY Creatures - Super Low Res 2D Pixel Art by Krishna Palacio/Sprites/Monsters/Slime/Blue _Slime/BlueSlime_JumpAttack.png using Guid(2fcd8f82a288d674b9bf51101349f40b) Importer(2089858483,192608db42251d675da83286b1cce702) (ScriptedImporter) -> (artifact id: 'b6593441d0b04e55ebbafe1f3cccb6dc') in 0.0658979 seconds
Number of updated asset objects reloaded before import = 0Number of asset objects unloaded after import = 18

========================================================================
Received Import Request.
  Time since last request: 0.000044 seconds.
  path: Assets/Art/MINIFANTASY Creatures - Super Low Res 2D Pixel Art by Krishna Palacio/Sprites/Monsters/_Shadows/Slime/Green/Minifantasy_CreaturesShadowSlimeJump.png
  artifactKey: Guid(547d40ba3d5079445938c11b283c0192) Importer(2089858483,192608db42251d675da83286b1cce702)
Start importing Assets/Art/MINIFANTASY Creatures - Super Low Res 2D Pixel Art by Krishna Palacio/Sprites/Monsters/_Shadows/Slime/Green/Minifantasy_CreaturesShadowSlimeJump.png using Guid(547d40ba3d5079445938c11b283c0192) Importer(2089858483,192608db42251d675da83286b1cce702) (ScriptedImporter) -> (artifact id: '72beb7edd27f3379310e04c10782cedd') in 0.0771717 seconds
Number of updated asset objects reloaded before import = 0Number of asset objects unloaded after import = 18

========================================================================
Received Import Request.
  Time since last request: 0.000042 seconds.
  path: Assets/Art/MINIFANTASY Creatures - Super Low Res 2D Pixel Art by Krishna Palacio/Sprites/Big_Guys/_Shadows/Yeti, Troll, Minotaur And Cyclop/Minifantasy_CreaturesShadowTrollCyclopIdle.png
  artifactKey: Guid(6349c56abae973b46b55c29e1397a242) Importer(2089858483,192608db42251d675da83286b1cce702)
Start importing Assets/Art/MINIFANTASY Creatures - Super Low Res 2D Pixel Art by Krishna Palacio/Sprites/Big_Guys/_Shadows/Yeti, Troll, Minotaur And Cyclop/Minifantasy_CreaturesShadowTrollCyclopIdle.png using Guid(6349c56abae973b46b55c29e1397a242) Importer(2089858483,192608db42251d675da83286b1cce702) (ScriptedImporter) -> (artifact id: '17b53ffd895e5fcd2452a1a65e0cbd96') in 0.249384 seconds
Number of updated asset objects reloaded before import = 0Number of asset objects unloaded after import = 66

========================================================================
Received Import Request.
  Time since last request: 0.000038 seconds.
  path: Assets/Art/MINIFANTASY Creatures - Super Low Res 2D Pixel Art by Krishna Palacio/Animations/Humanoids/Halfling/HalflingSpinDie.anim
  artifactKey: Guid(b8c29dd28ccda4744a66aefb69cc439d) Importer(2089858483,192608db42251d675da83286b1cce702)
Start importing Assets/Art/MINIFANTASY Creatures - Super Low Res 2D Pixel Art by Krishna Palacio/Animations/Humanoids/Halfling/HalflingSpinDie.anim using Guid(b8c29dd28ccda4744a66aefb69cc439d) Importer(2089858483,192608db42251d675da83286b1cce702) (ScriptedImporter) -> (artifact id: '284e4717a779c1e2d37d79c10d09baf0') in 0.0085939 seconds
Number of updated asset objects reloaded before import = 0Number of asset objects unloaded after import = 1

========================================================================
Received Import Request.
  Time since last request: 0.000066 seconds.
  path: Assets/Art/MINIFANTASY Creatures - Super Low Res 2D Pixel Art by Krishna Palacio/Animations/Big_Guys/Cyclop/CyclopJump_SE.anim
  artifactKey: Guid(26bb6fb1b37433b4a889bd3031756067) Importer(2089858483,192608db42251d675da83286b1cce702)
Start importing Assets/Art/MINIFANTASY Creatures - Super Low Res 2D Pixel Art by Krishna Palacio/Animations/Big_Guys/Cyclop/CyclopJump_SE.anim using Guid(26bb6fb1b37433b4a889bd3031756067) Importer(2089858483,192608db42251d675da83286b1cce702) (ScriptedImporter) -> (artifact id: '0ec9ff94dbadfa075e1683f70f73cb44') in 0.0113335 seconds
Number of updated asset objects reloaded before import = 0Number of asset objects unloaded after import = 1

========================================================================
Received Import Request.
  Time since last request: 0.000034 seconds.
  path: Assets/Art/MINIFANTASY Creatures - Super Low Res 2D Pixel Art by Krishna Palacio/Animations/Monsters/Pumpkin_Horror/PumpkinHorror_BaseAttack_NE.anim
  artifactKey: Guid(9765cb172764cab4b8cb72010e5f8198) Importer(2089858483,192608db42251d675da83286b1cce702)
Start importing Assets/Art/MINIFANTASY Creatures - Super Low Res 2D Pixel Art by Krishna Palacio/Animations/Monsters/Pumpkin_Horror/PumpkinHorror_BaseAttack_NE.anim using Guid(9765cb172764cab4b8cb72010e5f8198) Importer(2089858483,192608db42251d675da83286b1cce702) (ScriptedImporter) -> (artifact id: '93a0028c2dfb495c802d7a7ce2270ea8') in 0.01 seconds
Number of updated asset objects reloaded before import = 0Number of asset objects unloaded after import = 1

========================================================================
Received Import Request.
  Time since last request: 0.000045 seconds.
  path: Assets/Art/MINIFANTASY Creatures - Super Low Res 2D Pixel Art by Krishna Palacio/Sprites/Monsters/Skeleton/Skeleton_Dmg.png
  artifactKey: Guid(b2e6097ecae997e40b8c0aa4a3eed13c) Importer(2089858483,192608db42251d675da83286b1cce702)
Start importing Assets/Art/MINIFANTASY Creatures - Super Low Res 2D Pixel Art by Krishna Palacio/Sprites/Monsters/Skeleton/Skeleton_Dmg.png using Guid(b2e6097ecae997e40b8c0aa4a3eed13c) Importer(2089858483,192608db42251d675da83286b1cce702) (ScriptedImporter) -> (artifact id: 'c4501cde5333e3940a1e544a4358e30c') in 0.0582431 seconds
Number of updated asset objects reloaded before import = 0Number of asset objects unloaded after import = 18

========================================================================
Received Import Request.
  Time since last request: 0.000037 seconds.
  path: Assets/Art/MINIFANTASY Creatures - Super Low Res 2D Pixel Art by Krishna Palacio/Animations/Monsters/Centaur/Centaur_Attack_NW.anim
  artifactKey: Guid(d266cae42d934fd448e2a1c8fcd72da8) Importer(2089858483,192608db42251d675da83286b1cce702)
Start importing Assets/Art/MINIFANTASY Creatures - Super Low Res 2D Pixel Art by Krishna Palacio/Animations/Monsters/Centaur/Centaur_Attack_NW.anim using Guid(d266cae42d934fd448e2a1c8fcd72da8) Importer(2089858483,192608db42251d675da83286b1cce702) (ScriptedImporter) -> (artifact id: 'c32c014b9b3c56409281bb04c056df40') in 0.0099592 seconds
Number of updated asset objects reloaded before import = 0Number of asset objects unloaded after import = 1

========================================================================
Received Import Request.
  Time since last request: 0.000041 seconds.
  path: Assets/Art/MINIFANTASY Creatures - Super Low Res 2D Pixel Art by Krishna Palacio/Prefabs/Big_Guys/Green Mother Slime.prefab
  artifactKey: Guid(0b48f0fe49152eb4baf16b48e2407230) Importer(2089858483,192608db42251d675da83286b1cce702)
Start importing Assets/Art/MINIFANTASY Creatures - Super Low Res 2D Pixel Art by Krishna Palacio/Prefabs/Big_Guys/Green Mother Slime.prefab using Guid(0b48f0fe49152eb4baf16b48e2407230) Importer(2089858483,192608db42251d675da83286b1cce702) (ScriptedImporter) -> (artifact id: '2063ca6fb809850e09b04e46e293fb61') in 0.0132325 seconds
Number of updated asset objects reloaded before import = 0Number of asset objects unloaded after import = 15

========================================================================
Received Import Request.
  Time since last request: 0.000038 seconds.
  path: Assets/Art/MINIFANTASY Creatures - Super Low Res 2D Pixel Art by Krishna Palacio/Animations/Humanoids/Orc/Orc/Orc_Attack_SW.anim
  artifactKey: Guid(6b67f4062c491bf4caf63e09eb30ef4f) Importer(2089858483,192608db42251d675da83286b1cce702)
Start importing Assets/Art/MINIFANTASY Creatures - Super Low Res 2D Pixel Art by Krishna Palacio/Animations/Humanoids/Orc/Orc/Orc_Attack_SW.anim using Guid(6b67f4062c491bf4caf63e09eb30ef4f) Importer(2089858483,192608db42251d675da83286b1cce702) (ScriptedImporter) -> (artifact id: '2024c27c503e124cfb39d27d7a21a78f') in 0.0105997 seconds
Number of updated asset objects reloaded before import = 0Number of asset objects unloaded after import = 1

========================================================================
Received Import Request.
  Time since last request: 0.000071 seconds.
  path: Assets/Art/MINIFANTASY Creatures - Super Low Res 2D Pixel Art by Krishna Palacio/Animations/Big_Guys/Cyclop/CyclopWalk_NE.anim
  artifactKey: Guid(cbb9fcbde183fb8449a7dfde860f2492) Importer(2089858483,192608db42251d675da83286b1cce702)
Start importing Assets/Art/MINIFANTASY Creatures - Super Low Res 2D Pixel Art by Krishna Palacio/Animations/Big_Guys/Cyclop/CyclopWalk_NE.anim using Guid(cbb9fcbde183fb8449a7dfde860f2492) Importer(2089858483,192608db42251d675da83286b1cce702) (ScriptedImporter) -> (artifact id: '7c400074deb1ef582f2f2094bcdc9b2f') in 0.0105841 seconds
Number of updated asset objects reloaded before import = 0Number of asset objects unloaded after import = 1

========================================================================
Received Import Request.
  Time since last request: 0.000026 seconds.
  path: Assets/Art/MINIFANTASY Creatures - Super Low Res 2D Pixel Art by Krishna Palacio/Sprites/Humanoids/Dwarf/Dwarf/Minifantasy_CreaturesDwarfDmg.png
  artifactKey: Guid(8bbd34fe246d0be48b182e18eadbf1bb) Importer(2089858483,192608db42251d675da83286b1cce702)
Start importing Assets/Art/MINIFANTASY Creatures - Super Low Res 2D Pixel Art by Krishna Palacio/Sprites/Humanoids/Dwarf/Dwarf/Minifantasy_CreaturesDwarfDmg.png using Guid(8bbd34fe246d0be48b182e18eadbf1bb) Importer(2089858483,192608db42251d675da83286b1cce702) (ScriptedImporter) -> (artifact id: '57a92744f0f2cb6a389cc847922cd95a') in 0.0826662 seconds
Number of updated asset objects reloaded before import = 0Number of asset objects unloaded after import = 18

========================================================================
Received Import Request.
  Time since last request: 0.000098 seconds.
  path: Assets/Art/MINIFANTASY Creatures - Super Low Res 2D Pixel Art by Krishna Palacio/Animations/Monsters/Centaur/Centaur_Idle_NE.anim
  artifactKey: Guid(b194d1128f486bf4ba9e09c12db90296) Importer(2089858483,192608db42251d675da83286b1cce702)
Start importing Assets/Art/MINIFANTASY Creatures - Super Low Res 2D Pixel Art by Krishna Palacio/Animations/Monsters/Centaur/Centaur_Idle_NE.anim using Guid(b194d1128f486bf4ba9e09c12db90296) Importer(2089858483,192608db42251d675da83286b1cce702) (ScriptedImporter) -> (artifact id: '0ee4082cd06d465e38551a0bb222fa3e') in 0.0142932 seconds
Number of updated asset objects reloaded before import = 0Number of asset objects unloaded after import = 1

========================================================================
Received Import Request.
  Time since last request: 0.000029 seconds.
  path: Assets/Art/MINIFANTASY Creatures - Super Low Res 2D Pixel Art by Krishna Palacio/Sprites/Monsters/_Shadows/Centaur/Minifantasy_CreaturesShadowCentaurIdle.png
  artifactKey: Guid(62f2a55230ed750489e94dd84c4cd656) Importer(2089858483,192608db42251d675da83286b1cce702)
Start importing Assets/Art/MINIFANTASY Creatures - Super Low Res 2D Pixel Art by Krishna Palacio/Sprites/Monsters/_Shadows/Centaur/Minifantasy_CreaturesShadowCentaurIdle.png using Guid(62f2a55230ed750489e94dd84c4cd656) Importer(2089858483,192608db42251d675da83286b1cce702) (ScriptedImporter) -> (artifact id: 'fe99581ca8ce031a7b6be15038028c67') in 0.2492369 seconds
Number of updated asset objects reloaded before import = 0Number of asset objects unloaded after import = 66

========================================================================
Received Import Request.
  Time since last request: 0.000048 seconds.
  path: Assets/Art/MINIFANTASY Creatures - Super Low Res 2D Pixel Art by Krishna Palacio/Animations/Big_Guys/Cyclop/CyclopJump_SW.anim
  artifactKey: Guid(2a306e964d92ebd46b9424928a4d2b62) Importer(2089858483,192608db42251d675da83286b1cce702)
Start importing Assets/Art/MINIFANTASY Creatures - Super Low Res 2D Pixel Art by Krishna Palacio/Animations/Big_Guys/Cyclop/CyclopJump_SW.anim using Guid(2a306e964d92ebd46b9424928a4d2b62) Importer(2089858483,192608db42251d675da83286b1cce702) (ScriptedImporter) -> (artifact id: 'c02db8a0d53bd849c2fd5e838f1b837c') in 0.0111403 seconds
Number of updated asset objects reloaded before import = 0Number of asset objects unloaded after import = 1

========================================================================
Received Import Request.
  Time since last request: 0.000034 seconds.
  path: Assets/Art/MINIFANTASY Creatures - Super Low Res 2D Pixel Art by Krishna Palacio/Sprites/Monsters/_Shadows/Evil Snowman
  artifactKey: Guid(0426e9359c70fb94e83cfcb3ee5bbcf7) Importer(2089858483,192608db42251d675da83286b1cce702)
Start importing Assets/Art/MINIFANTASY Creatures - Super Low Res 2D Pixel Art by Krishna Palacio/Sprites/Monsters/_Shadows/Evil Snowman using Guid(0426e9359c70fb94e83cfcb3ee5bbcf7) Importer(2089858483,192608db42251d675da83286b1cce702) (ScriptedImporter) -> (artifact id: '6293de2b12ad120680dfb3804eefa465') in 0.0068209 seconds
Number of updated asset objects reloaded before import = 0Number of asset objects unloaded after import = 1

========================================================================
Received Import Request.
  Time since last request: 0.000024 seconds.
  path: Assets/Art/MINIFANTASY Creatures - Super Low Res 2D Pixel Art by Krishna Palacio/Sprites/Humanoids/Dwarf/Dwarf_Yellow_Beard/Minifantasy_CreaturesDwarfYellowBearJump.png
  artifactKey: Guid(5de9b2ab761347c4c84cd87dcc4a596a) Importer(2089858483,192608db42251d675da83286b1cce702)
Start importing Assets/Art/MINIFANTASY Creatures - Super Low Res 2D Pixel Art by Krishna Palacio/Sprites/Humanoids/Dwarf/Dwarf_Yellow_Beard/Minifantasy_CreaturesDwarfYellowBearJump.png using Guid(5de9b2ab761347c4c84cd87dcc4a596a) Importer(2089858483,192608db42251d675da83286b1cce702) (ScriptedImporter) -> (artifact id: '2ae86b52dc1bfbd61cb12dfdacdefc6e') in 0.0620563 seconds
Number of updated asset objects reloaded before import = 0Number of asset objects unloaded after import = 18

========================================================================
Received Import Request.
  Time since last request: 0.000028 seconds.
  path: Assets/Art/MINIFANTASY Creatures - Super Low Res 2D Pixel Art by Krishna Palacio/Animations/Humanoids/Goblin/GoblinIdle_NE.anim
  artifactKey: Guid(0c1427b017dc1264aa875eb440890a45) Importer(2089858483,192608db42251d675da83286b1cce702)
Start importing Assets/Art/MINIFANTASY Creatures - Super Low Res 2D Pixel Art by Krishna Palacio/Animations/Humanoids/Goblin/GoblinIdle_NE.anim using Guid(0c1427b017dc1264aa875eb440890a45) Importer(2089858483,192608db42251d675da83286b1cce702) (ScriptedImporter) -> (artifact id: 'a982258f36576c2252018dfad121179a') in 0.0105485 seconds
Number of updated asset objects reloaded before import = 0Number of asset objects unloaded after import = 1

========================================================================
Received Import Request.
  Time since last request: 0.000036 seconds.
  path: Assets/Art/MINIFANTASY Creatures - Super Low Res 2D Pixel Art by Krishna Palacio/Sprites/Monsters/_Shadows/Zombie
  artifactKey: Guid(f2e72de25672e5d49abb064d54e74e07) Importer(2089858483,192608db42251d675da83286b1cce702)
Start importing Assets/Art/MINIFANTASY Creatures - Super Low Res 2D Pixel Art by Krishna Palacio/Sprites/Monsters/_Shadows/Zombie using Guid(f2e72de25672e5d49abb064d54e74e07) Importer(2089858483,192608db42251d675da83286b1cce702) (ScriptedImporter) -> (artifact id: 'ff983499cc5e22666e2e572ad6ac37a8') in 0.0210181 seconds
Number of updated asset objects reloaded before import = 0Number of asset objects unloaded after import = 1

========================================================================
Received Import Request.
  Time since last request: 0.000048 seconds.
  path: Assets/Art/MINIFANTASY Creatures - Super Low Res 2D Pixel Art by Krishna Palacio/Prefabs/Big_Guys/Troll.prefab
  artifactKey: Guid(b3e02f8d8d602ae45a1295a567c734b0) Importer(2089858483,192608db42251d675da83286b1cce702)
Start importing Assets/Art/MINIFANTASY Creatures - Super Low Res 2D Pixel Art by Krishna Palacio/Prefabs/Big_Guys/Troll.prefab using Guid(b3e02f8d8d602ae45a1295a567c734b0) Importer(2089858483,192608db42251d675da83286b1cce702) (ScriptedImporter) -> (artifact id: 'c100dd32bbf3b2a275e2ddf9501a8ab8') in 0.0098856 seconds
Number of updated asset objects reloaded before import = 0Number of asset objects unloaded after import = 15

========================================================================
Received Import Request.
  Time since last request: 0.000041 seconds.
  path: Assets/Art/MINIFANTASY Creatures - Super Low Res 2D Pixel Art by Krishna Palacio/Animations/Humanoids/Trasgo/Trasgo_Walk_SW.anim
  artifactKey: Guid(ed5f56377e8c8874890966d3f5b82ee8) Importer(2089858483,192608db42251d675da83286b1cce702)
Start importing Assets/Art/MINIFANTASY Creatures - Super Low Res 2D Pixel Art by Krishna Palacio/Animations/Humanoids/Trasgo/Trasgo_Walk_SW.anim using Guid(ed5f56377e8c8874890966d3f5b82ee8) Importer(2089858483,192608db42251d675da83286b1cce702) (ScriptedImporter) -> (artifact id: 'ba1272d4aaec7e71b6f575eadad22a28') in 0.0130817 seconds
Number of updated asset objects reloaded before import = 0Number of asset objects unloaded after import = 1

========================================================================
Received Import Request.
  Time since last request: 0.000030 seconds.
  path: Assets/Art/MINIFANTASY Creatures - Super Low Res 2D Pixel Art by Krishna Palacio/Animations/Humanoids/Dwarf/Dwarf_Yellow_Beard/DwarfYellowBearDmg_SE.anim
  artifactKey: Guid(836beb3f0e0dfb641a11c03f56440db3) Importer(2089858483,192608db42251d675da83286b1cce702)
Start importing Assets/Art/MINIFANTASY Creatures - Super Low Res 2D Pixel Art by Krishna Palacio/Animations/Humanoids/Dwarf/Dwarf_Yellow_Beard/DwarfYellowBearDmg_SE.anim using Guid(836beb3f0e0dfb641a11c03f56440db3) Importer(2089858483,192608db42251d675da83286b1cce702) (ScriptedImporter) -> (artifact id: '11f15b4fe540c809715f562f4114e32c') in 0.0136403 seconds
Number of updated asset objects reloaded before import = 0Number of asset objects unloaded after import = 1

========================================================================
Received Import Request.
  Time since last request: 0.000082 seconds.
  path: Assets/Art/MINIFANTASY Creatures - Super Low Res 2D Pixel Art by Krishna Palacio/Sprites/Humanoids/_Shadows/Human, Elf, Orc, Goblin, Halfling/Minifantasy_CreaturesShadowHumanoidSpinDie.png
  artifactKey: Guid(5a8b326ea1f4d724ea409715a3fd21ec) Importer(2089858483,192608db42251d675da83286b1cce702)
Start importing Assets/Art/MINIFANTASY Creatures - Super Low Res 2D Pixel Art by Krishna Palacio/Sprites/Humanoids/_Shadows/Human, Elf, Orc, Goblin, Halfling/Minifantasy_CreaturesShadowHumanoidSpinDie.png using Guid(5a8b326ea1f4d724ea409715a3fd21ec) Importer(2089858483,192608db42251d675da83286b1cce702) (ScriptedImporter) -> (artifact id: '6757cb1bb0fc5a0c70258b327e51593d') in 0.1272767 seconds
Number of updated asset objects reloaded before import = 0Number of asset objects unloaded after import = 14

========================================================================
Received Import Request.
  Time since last request: 0.000052 seconds.
  path: Assets/Art/MINIFANTASY Creatures - Super Low Res 2D Pixel Art by Krishna Palacio/Sprites/Big_Guys/_Shadows/Mother Slime/Blue/Minifantasy_CreaturesShadowBlueMotherSlimeJump.png
  artifactKey: Guid(3f733a479f085f3428091227f7ea8fd9) Importer(2089858483,192608db42251d675da83286b1cce702)
Start importing Assets/Art/MINIFANTASY Creatures - Super Low Res 2D Pixel Art by Krishna Palacio/Sprites/Big_Guys/_Shadows/Mother Slime/Blue/Minifantasy_CreaturesShadowBlueMotherSlimeJump.png using Guid(3f733a479f085f3428091227f7ea8fd9) Importer(2089858483,192608db42251d675da83286b1cce702) (ScriptedImporter) -> (artifact id: '37e4203853747420454e2062b81ab229') in 0.1634763 seconds
Number of updated asset objects reloaded before import = 0Number of asset objects unloaded after import = 18

========================================================================
Received Import Request.
  Time since last request: 0.000039 seconds.
  path: Assets/Art/MINIFANTASY Creatures - Super Low Res 2D Pixel Art by Krishna Palacio/Prefabs/Big_Guys/Cyclop.prefab
  artifactKey: Guid(fa9aa89f15266cd40b875e2b30dcc3ca) Importer(2089858483,192608db42251d675da83286b1cce702)
Start importing Assets/Art/MINIFANTASY Creatures - Super Low Res 2D Pixel Art by Krishna Palacio/Prefabs/Big_Guys/Cyclop.prefab using Guid(fa9aa89f15266cd40b875e2b30dcc3ca) Importer(2089858483,192608db42251d675da83286b1cce702) (ScriptedImporter) -> (artifact id: '9f0e283737236b736bcd6592829b0fb2') in 0.0109553 seconds
Number of updated asset objects reloaded before import = 0Number of asset objects unloaded after import = 15

========================================================================
Received Import Request.
  Time since last request: 0.000039 seconds.
  path: Assets/Art/MINIFANTASY Creatures - Super Low Res 2D Pixel Art by Krishna Palacio/Animations/Beasts/Bat/Bat_Attack_NE.anim
  artifactKey: Guid(f5ccc0f48f3e0fd42ac02619b175de00) Importer(2089858483,192608db42251d675da83286b1cce702)
Start importing Assets/Art/MINIFANTASY Creatures - Super Low Res 2D Pixel Art by Krishna Palacio/Animations/Beasts/Bat/Bat_Attack_NE.anim using Guid(f5ccc0f48f3e0fd42ac02619b175de00) Importer(2089858483,192608db42251d675da83286b1cce702) (ScriptedImporter) -> (artifact id: '601066fb8cf32b607ea8b6ebec8f09f8') in 0.0109152 seconds
Number of updated asset objects reloaded before import = 0Number of asset objects unloaded after import = 1

========================================================================
Received Import Request.
  Time since last request: 0.000033 seconds.
  path: Assets/Art/MINIFANTASY Creatures - Super Low Res 2D Pixel Art by Krishna Palacio/Animations/Humanoids/Orc/Orc/Orc_Walk_NE.anim
  artifactKey: Guid(49a3a7affac4c2345b8761f583434d5c) Importer(2089858483,192608db42251d675da83286b1cce702)
Start importing Assets/Art/MINIFANTASY Creatures - Super Low Res 2D Pixel Art by Krishna Palacio/Animations/Humanoids/Orc/Orc/Orc_Walk_NE.anim using Guid(49a3a7affac4c2345b8761f583434d5c) Importer(2089858483,192608db42251d675da83286b1cce702) (ScriptedImporter) -> (artifact id: '3df94c2b3cfd15390651d320c1012ae9') in 0.0106717 seconds
Number of updated asset objects reloaded before import = 0Number of asset objects unloaded after import = 1

========================================================================
Received Import Request.
  Time since last request: 0.000055 seconds.
  path: Assets/Art/MINIFANTASY Creatures - Super Low Res 2D Pixel Art by Krishna Palacio/Prefabs/Monsters/Pumpkin Horror.prefab
  artifactKey: Guid(12c46976eb517d94d8863d2760e882fa) Importer(2089858483,192608db42251d675da83286b1cce702)
Start importing Assets/Art/MINIFANTASY Creatures - Super Low Res 2D Pixel Art by Krishna Palacio/Prefabs/Monsters/Pumpkin Horror.prefab using Guid(12c46976eb517d94d8863d2760e882fa) Importer(2089858483,192608db42251d675da83286b1cce702) (ScriptedImporter) -> (artifact id: 'f5312484b2cef982d62fca9277f7cf5f') in 0.0152499 seconds
Number of updated asset objects reloaded before import = 0Number of asset objects unloaded after import = 15

========================================================================
Received Import Request.
  Time since last request: 0.000047 seconds.
  path: Assets/Art/MINIFANTASY Creatures - Super Low Res 2D Pixel Art by Krishna Palacio/Animations/Humanoids/Orc/Wild Orc/WildOrc_Attack_SE.anim
  artifactKey: Guid(40ab21dccd1ac0a4f8340c7fbb5686dc) Importer(2089858483,192608db42251d675da83286b1cce702)
Start importing Assets/Art/MINIFANTASY Creatures - Super Low Res 2D Pixel Art by Krishna Palacio/Animations/Humanoids/Orc/Wild Orc/WildOrc_Attack_SE.anim using Guid(40ab21dccd1ac0a4f8340c7fbb5686dc) Importer(2089858483,192608db42251d675da83286b1cce702) (ScriptedImporter) -> (artifact id: 'a99c401302c80a2345c06b04700febb9') in 0.0099132 seconds
Number of updated asset objects reloaded before import = 0Number of asset objects unloaded after import = 1

========================================================================
Received Import Request.
  Time since last request: 0.000116 seconds.
  path: Assets/Art/MINIFANTASY Creatures - Super Low Res 2D Pixel Art by Krishna Palacio/Sprites/Humanoids/_Shadows/Human, Elf, Orc, Goblin, Halfling
  artifactKey: Guid(02cfef48e7e274e44baa3699e49d5aca) Importer(2089858483,192608db42251d675da83286b1cce702)
Start importing Assets/Art/MINIFANTASY Creatures - Super Low Res 2D Pixel Art by Krishna Palacio/Sprites/Humanoids/_Shadows/Human, Elf, Orc, Goblin, Halfling using Guid(02cfef48e7e274e44baa3699e49d5aca) Importer(2089858483,192608db42251d675da83286b1cce702) (ScriptedImporter) -> (artifact id: 'b0148a1c74965591b0b7c1af0bfc41c0') in 0.0075681 seconds
Number of updated asset objects reloaded before import = 0Number of asset objects unloaded after import = 1

========================================================================
Received Import Request.
  Time since last request: 0.000073 seconds.
  path: Assets/Art/MINIFANTASY Creatures - Super Low Res 2D Pixel Art by Krishna Palacio/Sprites/Humanoids/_Shadows/Dwarf, Trasgo/Minifantasy_CreaturesShadowDwarfChargedAttack.png
  artifactKey: Guid(4d74883ba77d01f42891dd460646744d) Importer(2089858483,192608db42251d675da83286b1cce702)
Start importing Assets/Art/MINIFANTASY Creatures - Super Low Res 2D Pixel Art by Krishna Palacio/Sprites/Humanoids/_Shadows/Dwarf, Trasgo/Minifantasy_CreaturesShadowDwarfChargedAttack.png using Guid(4d74883ba77d01f42891dd460646744d) Importer(2089858483,192608db42251d675da83286b1cce702) (ScriptedImporter) -> (artifact id: '8b9cc18a4b59939f64c28db0c806e4e8') in 0.0771681 seconds
Number of updated asset objects reloaded before import = 0Number of asset objects unloaded after import = 20

========================================================================
Received Import Request.
  Time since last request: 0.000026 seconds.
  path: Assets/Art/MINIFANTASY Creatures - Super Low Res 2D Pixel Art by Krishna Palacio/Animations/Humanoids/Elf/ElfIdle_NE.anim
  artifactKey: Guid(cb0bcf1293f48bf4fb0c831dcd250222) Importer(2089858483,192608db42251d675da83286b1cce702)
Start importing Assets/Art/MINIFANTASY Creatures - Super Low Res 2D Pixel Art by Krishna Palacio/Animations/Humanoids/Elf/ElfIdle_NE.anim using Guid(cb0bcf1293f48bf4fb0c831dcd250222) Importer(2089858483,192608db42251d675da83286b1cce702) (ScriptedImporter) -> (artifact id: '1d19445cd2ae801437c7d003586edef9') in 0.0126003 seconds
Number of updated asset objects reloaded before import = 0Number of asset objects unloaded after import = 1

========================================================================
Received Import Request.
  Time since last request: 0.000026 seconds.
  path: Assets/Art/MINIFANTASY Creatures - Super Low Res 2D Pixel Art by Krishna Palacio/Sprites/Humanoids/Human/Human_Townsfolk/Minifantasy_CreaturesHumanTownsfolkDmg.png
  artifactKey: Guid(aee91c9988c7497468b9e077011b4632) Importer(2089858483,192608db42251d675da83286b1cce702)
Start importing Assets/Art/MINIFANTASY Creatures - Super Low Res 2D Pixel Art by Krishna Palacio/Sprites/Humanoids/Human/Human_Townsfolk/Minifantasy_CreaturesHumanTownsfolkDmg.png using Guid(aee91c9988c7497468b9e077011b4632) Importer(2089858483,192608db42251d675da83286b1cce702) (ScriptedImporter) -> (artifact id: 'b181a331d6f5283851fa5d8669b2e21e') in 0.063578 seconds
Number of updated asset objects reloaded before import = 0Number of asset objects unloaded after import = 18

========================================================================
Received Import Request.
  Time since last request: 0.000043 seconds.
  path: Assets/Art/MINIFANTASY Creatures - Super Low Res 2D Pixel Art by Krishna Palacio/Sprites/Humanoids/_Shadows/Dwarf, Trasgo/Minifantasy_CreaturesShadowDwarfAttack.png
  artifactKey: Guid(fe3096dfa4613564aba79483274ff16e) Importer(2089858483,192608db42251d675da83286b1cce702)
Start importing Assets/Art/MINIFANTASY Creatures - Super Low Res 2D Pixel Art by Krishna Palacio/Sprites/Humanoids/_Shadows/Dwarf, Trasgo/Minifantasy_CreaturesShadowDwarfAttack.png using Guid(fe3096dfa4613564aba79483274ff16e) Importer(2089858483,192608db42251d675da83286b1cce702) (ScriptedImporter) -> (artifact id: '460c1b743638d64f23e9c74075a68e06') in 0.0618093 seconds
Number of updated asset objects reloaded before import = 0Number of asset objects unloaded after import = 18

========================================================================
Received Import Request.
  Time since last request: 0.000034 seconds.
  path: Assets/Art/MINIFANTASY Creatures - Super Low Res 2D Pixel Art by Krishna Palacio/Sprites/Big_Guys/Yeti
  artifactKey: Guid(c7057258ecc93a24ca8b9b1945df1ccf) Importer(2089858483,192608db42251d675da83286b1cce702)
Start importing Assets/Art/MINIFANTASY Creatures - Super Low Res 2D Pixel Art by Krishna Palacio/Sprites/Big_Guys/Yeti using Guid(c7057258ecc93a24ca8b9b1945df1ccf) Importer(2089858483,192608db42251d675da83286b1cce702) (ScriptedImporter) -> (artifact id: '8e8f9b9e7954c98224311e2a7a988834') in 0.0067176 seconds
Number of updated asset objects reloaded before import = 0Number of asset objects unloaded after import = 1

========================================================================
Received Import Request.
  Time since last request: 0.000024 seconds.
  path: Assets/Art/MINIFANTASY Creatures - Super Low Res 2D Pixel Art by Krishna Palacio/Sprites/Monsters/Pumpkin_Horror/PumpkinHorror_BaseIdleActivation.png
  artifactKey: Guid(f6fd303c2fac81e4999a548827fc0055) Importer(2089858483,192608db42251d675da83286b1cce702)
Start importing Assets/Art/MINIFANTASY Creatures - Super Low Res 2D Pixel Art by Krishna Palacio/Sprites/Monsters/Pumpkin_Horror/PumpkinHorror_BaseIdleActivation.png using Guid(f6fd303c2fac81e4999a548827fc0055) Importer(2089858483,192608db42251d675da83286b1cce702) (ScriptedImporter) -> (artifact id: '3cc42e6c0766a1556a7ebdeed1cf155f') in 0.0788712 seconds
Number of updated asset objects reloaded before import = 0Number of asset objects unloaded after import = 18

========================================================================
Received Import Request.
  Time since last request: 0.000041 seconds.
  path: Assets/Art/MINIFANTASY Creatures - Super Low Res 2D Pixel Art by Krishna Palacio/Animations/Monsters/Centaur/Centaur_Idle_SE.anim
  artifactKey: Guid(ef6c9ab420443b349a7dafaa3a619a6b) Importer(2089858483,192608db42251d675da83286b1cce702)
Start importing Assets/Art/MINIFANTASY Creatures - Super Low Res 2D Pixel Art by Krishna Palacio/Animations/Monsters/Centaur/Centaur_Idle_SE.anim using Guid(ef6c9ab420443b349a7dafaa3a619a6b) Importer(2089858483,192608db42251d675da83286b1cce702) (ScriptedImporter) -> (artifact id: '990d54c289df575b6373eb4bf0be755c') in 0.0113425 seconds
Number of updated asset objects reloaded before import = 0Number of asset objects unloaded after import = 1

========================================================================
Received Import Request.
  Time since last request: 0.000040 seconds.
  path: Assets/Art/MINIFANTASY Creatures - Super Low Res 2D Pixel Art by Krishna Palacio/Animations/Monsters/Zombie/Zombie_AnimatorOverrideController.overrideController
  artifactKey: Guid(618978834daa8714abea89d9db71fd66) Importer(2089858483,192608db42251d675da83286b1cce702)
Start importing Assets/Art/MINIFANTASY Creatures - Super Low Res 2D Pixel Art by Krishna Palacio/Animations/Monsters/Zombie/Zombie_AnimatorOverrideController.overrideController using Guid(618978834daa8714abea89d9db71fd66) Importer(2089858483,192608db42251d675da83286b1cce702) (ScriptedImporter) -> (artifact id: '61d17c82bd96bd30c9d49545083f2983') in 0.0250757 seconds
Number of updated asset objects reloaded before import = 0Number of asset objects unloaded after import = 49

========================================================================
Received Import Request.
  Time since last request: 0.000173 seconds.
  path: Assets/Art/MINIFANTASY Creatures - Super Low Res 2D Pixel Art by Krishna Palacio/Animations/Humanoids/Human/Human_Amazon/AmazonJump_NE.anim
  artifactKey: Guid(e708c5d90e8ba614f93f9880fd416155) Importer(2089858483,192608db42251d675da83286b1cce702)
Start importing Assets/Art/MINIFANTASY Creatures - Super Low Res 2D Pixel Art by Krishna Palacio/Animations/Humanoids/Human/Human_Amazon/AmazonJump_NE.anim using Guid(e708c5d90e8ba614f93f9880fd416155) Importer(2089858483,192608db42251d675da83286b1cce702) (ScriptedImporter) -> (artifact id: '6717676025902dccabcc5b92d2009af5') in 0.0111939 seconds
Number of updated asset objects reloaded before import = 0Number of asset objects unloaded after import = 1

Editor requested this worker to shutdown with reason: Scaling down because of idle timeout
AssetImportWorkerClient::OnTransportError - code=2 error=End of file
AssetImportWorker is now disconnected from the server
Process exiting
Exiting without the bug reporter. Application will terminate with return code 0