[Licensing::Module] Trying to connect to existing licensing client channel...
Built from '6000.2/staging' branch; Version is '6000.2.9f1 (e0c4e791ab71) revision 14730471'; Using compiler version '194234433'; Build Type 'Release'
OS: 'Windows 11  (10.0.22631) 64bit CoreCountrySpecific' Language: 'zh' Physical Memory: 23777 MB
[Licensing::IpcConnector] Successfully connected to: "LicenseClient-zhuagenbao" at "2025-11-28T06:48:48.0953316Z"
BatchMode: 1, IsHumanControllingUs: 0, StartBugReporterOnCrash: 0, Is64bit: 1
Date: 2025-11-28T06:48:48Z

COMMAND LINE ARGUMENTS:
D:\gameObject\develop\Editor\6000.2.9f1\Editor\Unity.exe
-adb2
-batchMode
-noUpm
-name
AssetImportWorker11
-projectPath
C:/Users/zhuagenbao/Desktop/MiniCharacterCreator-main/test
-logFile
Logs/AssetImportWorker11.log
-srvPort
9965
-licensingIpc
LicenseClient-zhuagenbao
-job-worker-count
7
-background-job-worker-count
8
-gc-helper-count
1
-name
AssetImport
Successfully changed project path to: C:/Users/zhuagenbao/Desktop/MiniCharacterCreator-main/test
C:/Users/zhuagenbao/Desktop/MiniCharacterCreator-main/test
[UnityMemory] Configuration Parameters - Can be set up in boot.config
    "memorysetup-allocator-temp-initial-block-size-main=262144"
    "memorysetup-allocator-temp-initial-block-size-worker=262144"
    "memorysetup-bucket-allocator-granularity=16"
    "memorysetup-bucket-allocator-bucket-count=8"
    "memorysetup-bucket-allocator-block-size=33554432"
    "memorysetup-bucket-allocator-block-count=8"
    "memorysetup-main-allocator-block-size=16777216"
    "memorysetup-thread-allocator-block-size=16777216"
    "memorysetup-gfx-main-allocator-block-size=16777216"
    "memorysetup-gfx-thread-allocator-block-size=16777216"
    "memorysetup-cache-allocator-block-size=4194304"
    "memorysetup-typetree-allocator-block-size=2097152"
    "memorysetup-profiler-bucket-allocator-granularity=16"
    "memorysetup-profiler-bucket-allocator-bucket-count=8"
    "memorysetup-profiler-bucket-allocator-block-size=33554432"
    "memorysetup-profiler-bucket-allocator-block-count=8"
    "memorysetup-profiler-allocator-block-size=16777216"
    "memorysetup-profiler-editor-allocator-block-size=1048576"
    "memorysetup-temp-allocator-size-main=16777216"
    "memorysetup-job-temp-allocator-block-size=2097152"
    "memorysetup-job-temp-allocator-block-size-background=1048576"
    "memorysetup-job-temp-allocator-reduction-small-platforms=262144"
    "memorysetup-temp-allocator-size-background-worker=32768"
    "memorysetup-temp-allocator-size-job-worker=262144"
    "memorysetup-temp-allocator-size-preload-manager=33554432"
    "memorysetup-temp-allocator-size-nav-mesh-worker=65536"
    "memorysetup-temp-allocator-size-audio-worker=65536"
    "memorysetup-temp-allocator-size-cloud-worker=32768"
    "memorysetup-temp-allocator-size-gi-baking-worker=262144"
    "memorysetup-temp-allocator-size-gi-baking-worker=262144"
    "memorysetup-temp-allocator-size-gi-baking-worker=262144"
    "memorysetup-temp-allocator-size-gi-baking-worker=262144"
    "memorysetup-temp-allocator-size-gi-baking-worker=262144"
    "memorysetup-temp-allocator-size-gfx=262144"
Player connection [46140]  Target information:

Player connection [46140]  * "[IP] 192.168.2.6 [Port] 0 [Flags] 2 [Guid] 2169722614 [EditorId] 2169722614 [Version] 1048832 [Id] WindowsEditor(7,DESKTOP-KP4589M) [Debug] 1 [PackageName] WindowsEditor [ProjectName] Editor" 

Player connection [46140] Host joined multi-casting on [225.0.0.222:54997]...
Player connection [46140] Host joined alternative multi-casting on [225.0.0.222:34997]...
JobSystem: Creating JobQueue using job-worker-count value 7
Input System module state changed to: Initialized.
[Physics::Module] Initialized fallback backend.
[Physics::Module] Id: 0xdecafbad
[Licensing::Client] Code 10 while verifying Licensing Client signature (process Id: 3480, path: "D:/gameObject/develop/Unity Hub/UnityLicensingClient_V1/Unity.Licensing.Client.exe")
[Licensing::Module] LicensingClient has failed validation; ignoring
[Licensing::Client] Handshaking with LicensingClient:
  Version:                 1.17.3+a4e98f1
  Session Id:              f163eb6a26084fb4afba56aa0255559a
  Correlation Id:          2b31e98de914352a7463e6f9bde81cdd
  External correlation Id: 8596588235438022802
  Machine Id:              K60tJ5c+ydKCg23vUYm+4PjQmTY=
[Licensing::Module] Successfully connected to LicensingClient on channel: "LicenseClient-zhuagenbao" (connect: 0.00s, validation: 0.00s, handshake: 0.07s)
[Licensing::IpcConnector] Successfully connected to: "LicenseClient-zhuagenbao-notifications" at "2025-11-28T06:48:48.1695772Z"
[Licensing::Module] Licensing Background thread has ended after 0.07s
Library Redirect Path: Library/
[Physics::Module] Selected backend.
[Physics::Module] Name: PhysX
[Physics::Module] Id: 0xf2b8ea05
[Physics::Module] SDK Version: 4.1.2
[Physics::Module] Integration Version: 1.0.0
[Physics::Module] Threading Mode: Multi-Threaded
Refreshing native plugins compatible for Editor in 9.89 ms, found 4 plugins.
Preloading 0 native plugins for Editor in 0.00 ms.
Initialize engine version: 6000.2.9f1 (e0c4e791ab71)
[Subsystems] Discovering subsystems at path D:/gameObject/develop/Editor/6000.2.9f1/Editor/Data/Resources/UnitySubsystems
[Subsystems] Discovering subsystems at path C:/Users/zhuagenbao/Desktop/MiniCharacterCreator-main/test/Assets
GfxDevice: creating device client; kGfxThreadingModeNonThreaded
Direct3D:
    Version:  Direct3D 11.0 [level 11.1]
    Renderer: NVIDIA GeForce RTX 4060 Laptop GPU (ID=0x28a0)
    Vendor:   NVIDIA
    VRAM:     7957 MB
    Driver:   32.0.15.7283
Initialize mono
Mono path[0] = 'D:/gameObject/develop/Editor/6000.2.9f1/Editor/Data/Managed'
Mono path[1] = 'D:/gameObject/develop/Editor/6000.2.9f1/Editor/Data/MonoBleedingEdge/lib/mono/unityjit-win32'
Mono config path = 'D:/gameObject/develop/Editor/6000.2.9f1/Editor/Data/MonoBleedingEdge/etc'
Using monoOptions --debugger-agent=transport=dt_socket,embedding=1,server=y,suspend=n,address=127.0.0.1:56932
Begin MonoManager ReloadAssembly
Registering precompiled unity dll's ...
Register platform support module: D:/gameObject/develop/Editor/6000.2.9f1/Editor/Data/PlaybackEngines/WindowsStandaloneSupport/UnityEditor.WindowsStandalone.Extensions.dll
Registered in 0.002301 seconds.
- Loaded All Assemblies, in  0.446 seconds
Native extension for WindowsStandalone target not found
Mono: successfully reloaded assembly
- Finished resetting the current domain, in  0.501 seconds
Domain Reload Profiling: 946ms
	BeginReloadAssembly (165ms)
		ExecutionOrderSort (0ms)
		DisableScriptedObjects (0ms)
		BackupInstance (0ms)
		ReleaseScriptingObjects (0ms)
		CreateAndSetChildDomain (1ms)
	RebuildCommonClasses (38ms)
	RebuildNativeTypeToScriptingClass (11ms)
	initialDomainReloadingComplete (50ms)
	LoadAllAssembliesAndSetupDomain (180ms)
		LoadAssemblies (161ms)
		RebuildTransferFunctionScriptingTraits (0ms)
		AnalyzeDomain (176ms)
			TypeCache.Refresh (174ms)
				TypeCache.ScanAssembly (160ms)
			BuildScriptInfoCaches (0ms)
			ResolveRequiredComponents (1ms)
	FinalizeReload (501ms)
		ReleaseScriptCaches (0ms)
		RebuildScriptCaches (0ms)
		SetupLoadedEditorAssemblies (416ms)
			LogAssemblyErrors (0ms)
			InitializePlatformSupportModulesInManaged (59ms)
			SetLoadedEditorAssemblies (6ms)
			BeforeProcessingInitializeOnLoad (110ms)
			ProcessInitializeOnLoadAttributes (168ms)
			ProcessInitializeOnLoadMethodAttributes (73ms)
			AfterProcessingInitializeOnLoad (0ms)
			EditorAssembliesLoaded (0ms)
		ExecutionOrderSort2 (0ms)
		AwakeInstancesAfterBackupRestoration (0ms)
========================================================================
Worker process is ready to serve import requests
Import Worker Mode flag is 0x00
Begin MonoManager ReloadAssembly
[Licensing::Client] Successfully resolved entitlement details
[Licensing::Module] License group:
  Id: F4-NMTP-SXWG-HN24-U9HH-XXXX
  Product: Unity Personal
  Type: ULF
  Expiration: 2025-12-08T06:53:50Z
[Licensing::Module] License group:
  Id: ewogICJzdWJzR3JvdXAiIDogInVuaXR5IGVkaXRvciIsCiAgIm5hbWVzcGFjZSIgOiAidW5pdHlfZWRpdG9yIiwKICAidHlwZSIgOiAiRURJVE9SIiwKICAidGFnIiA6ICJVbml0eVBlcnNvbmFsXXXX
  Product: Unity Personal Version
  Type: Assigned
  Expiration: Unlimited
- Loaded All Assemblies, in  0.900 seconds
Refreshing native plugins compatible for Editor in 1.58 ms, found 4 plugins.
Native extension for WindowsStandalone target not found
Package Manager log level set to [2]
[Package Manager] Failed to launch server process. Reason: Unity was launched with the -noUpm command-line argument
[Package Manager] Unable to send message (not connected to server process).
[Package Manager] Cannot connect to Unity Package Manager local server
Mono: successfully reloaded assembly
- Finished resetting the current domain, in  1.016 seconds
Domain Reload Profiling: 1911ms
	BeginReloadAssembly (167ms)
		ExecutionOrderSort (0ms)
		DisableScriptedObjects (8ms)
		BackupInstance (0ms)
		ReleaseScriptingObjects (0ms)
		CreateAndSetChildDomain (37ms)
	RebuildCommonClasses (28ms)
	RebuildNativeTypeToScriptingClass (10ms)
	initialDomainReloadingComplete (35ms)
	LoadAllAssembliesAndSetupDomain (656ms)
		LoadAssemblies (453ms)
		RebuildTransferFunctionScriptingTraits (0ms)
		AnalyzeDomain (283ms)
			TypeCache.Refresh (196ms)
				TypeCache.ScanAssembly (182ms)
			BuildScriptInfoCaches (69ms)
			ResolveRequiredComponents (13ms)
	FinalizeReload (1016ms)
		ReleaseScriptCaches (0ms)
		RebuildScriptCaches (0ms)
		SetupLoadedEditorAssemblies (835ms)
			LogAssemblyErrors (0ms)
			InitializePlatformSupportModulesInManaged (1ms)
			SetLoadedEditorAssemblies (6ms)
			BeforeProcessingInitializeOnLoad (225ms)
			ProcessInitializeOnLoadAttributes (479ms)
			ProcessInitializeOnLoadMethodAttributes (119ms)
			AfterProcessingInitializeOnLoad (4ms)
			EditorAssembliesLoaded (0ms)
		ExecutionOrderSort2 (0ms)
		AwakeInstancesAfterBackupRestoration (7ms)
Launched and connected shader compiler UnityShaderCompiler.exe after 0.02 seconds
Refreshing native plugins compatible for Editor in 4.66 ms, found 4 plugins.
Preloading 0 native plugins for Editor in 0.00 ms.
Unloading 36 Unused Serialized files (Serialized files now loaded: 0)
Unloading 7541 unused Assets / (8.5 MB). Loaded Objects now: 8217.
Memory consumption went from 158.3 MB to 149.7 MB.
Total: 12.544200 ms (FindLiveObjects: 1.163300 ms CreateObjectMapping: 0.802900 ms MarkObjects: 5.414300 ms  DeleteObjects: 5.162300 ms)

========================================================================
Received Prepare
Begin MonoManager ReloadAssembly
[Licensing::Client] Successfully resolved entitlement details
[Licensing::Module] License group:
  Id: F4-NMTP-SXWG-HN24-U9HH-XXXX
  Product: Unity Personal
  Type: ULF
  Expiration: 2025-12-08T06:53:50Z
[Licensing::Module] License group:
  Id: ewogICJzdWJzR3JvdXAiIDogInVuaXR5IGVkaXRvciIsCiAgIm5hbWVzcGFjZSIgOiAidW5pdHlfZWRpdG9yIiwKICAidHlwZSIgOiAiRURJVE9SIiwKICAidGFnIiA6ICJVbml0eVBlcnNvbmFsXXXX
  Product: Unity Personal Version
  Type: Assigned
  Expiration: Unlimited
- Loaded All Assemblies, in  1.303 seconds
Refreshing native plugins compatible for Editor in 1.79 ms, found 4 plugins.
Native extension for WindowsStandalone target not found
[Package Manager] Failed to launch server process. Reason: Unity was launched with the -noUpm command-line argument
[Package Manager] Unable to send message (not connected to server process).
[Package Manager] Cannot connect to Unity Package Manager local server
Mono: successfully reloaded assembly
- Finished resetting the current domain, in  0.923 seconds
Domain Reload Profiling: 2221ms
	BeginReloadAssembly (308ms)
		ExecutionOrderSort (0ms)
		DisableScriptedObjects (21ms)
		BackupInstance (0ms)
		ReleaseScriptingObjects (0ms)
		CreateAndSetChildDomain (88ms)
	RebuildCommonClasses (45ms)
	RebuildNativeTypeToScriptingClass (16ms)
	initialDomainReloadingComplete (68ms)
	LoadAllAssembliesAndSetupDomain (860ms)
		LoadAssemblies (674ms)
		RebuildTransferFunctionScriptingTraits (0ms)
		AnalyzeDomain (307ms)
			TypeCache.Refresh (15ms)
				TypeCache.ScanAssembly (0ms)
			BuildScriptInfoCaches (274ms)
			ResolveRequiredComponents (12ms)
	FinalizeReload (923ms)
		ReleaseScriptCaches (0ms)
		RebuildScriptCaches (0ms)
		SetupLoadedEditorAssemblies (739ms)
			LogAssemblyErrors (0ms)
			InitializePlatformSupportModulesInManaged (2ms)
			SetLoadedEditorAssemblies (7ms)
			BeforeProcessingInitializeOnLoad (219ms)
			ProcessInitializeOnLoadAttributes (442ms)
			ProcessInitializeOnLoadMethodAttributes (65ms)
			AfterProcessingInitializeOnLoad (4ms)
			EditorAssembliesLoaded (0ms)
		ExecutionOrderSort2 (0ms)
		AwakeInstancesAfterBackupRestoration (21ms)
Refreshing native plugins compatible for Editor in 2.11 ms, found 4 plugins.
Preloading 0 native plugins for Editor in 0.00 ms.
Unloading 35 Unused Serialized files (Serialized files now loaded: 0)
Unloading 7540 unused Assets / (10.1 MB). Loaded Objects now: 8225.
Memory consumption went from 158.7 MB to 148.6 MB.
Total: 26.992700 ms (FindLiveObjects: 5.509000 ms CreateObjectMapping: 1.307200 ms MarkObjects: 9.660300 ms  DeleteObjects: 10.431600 ms)

Prepare: number of updated asset objects reloaded= 0
========================================================================
Received Import Request.
  Time since last request: 26526.364310 seconds.
  path: Assets/Art/equip/EquipmentData.asset
  artifactKey: Guid(736999a148e3ca14e8d9072ce5224e4b) Importer(815301076,1909f56bfc062723c751e8b465ee728b)
Start importing Assets/Art/equip/EquipmentData.asset using Guid(736999a148e3ca14e8d9072ce5224e4b) Importer(815301076,1909f56bfc062723c751e8b465ee728b) (PreviewImporter) -> (artifact id: '1a620b588f6f466574e5ce2e26beedf3') in 0.0305051 seconds
Number of updated asset objects reloaded before import = 0Number of asset objects unloaded after import = 3

========================================================================
Received Prepare
Begin MonoManager ReloadAssembly
[Licensing::Client] Successfully resolved entitlement details
[Licensing::Module] License group:
  Id: F4-NMTP-SXWG-HN24-U9HH-XXXX
  Product: Unity Personal
  Type: ULF
  Expiration: 2025-12-08T06:53:50Z
[Licensing::Module] License group:
  Id: ewogICJzdWJzR3JvdXAiIDogInVuaXR5IGVkaXRvciIsCiAgIm5hbWVzcGFjZSIgOiAidW5pdHlfZWRpdG9yIiwKICAidHlwZSIgOiAiRURJVE9SIiwKICAidGFnIiA6ICJVbml0eVBlcnNvbmFsXXXX
  Product: Unity Personal Version
  Type: Assigned
  Expiration: Unlimited
- Loaded All Assemblies, in  0.852 seconds
Refreshing native plugins compatible for Editor in 1.02 ms, found 4 plugins.
Native extension for WindowsStandalone target not found
[Package Manager] Failed to launch server process. Reason: Unity was launched with the -noUpm command-line argument
[Package Manager] Unable to send message (not connected to server process).
[Package Manager] Cannot connect to Unity Package Manager local server
Mono: successfully reloaded assembly
- Finished resetting the current domain, in  0.900 seconds
Domain Reload Profiling: 1754ms
	BeginReloadAssembly (233ms)
		ExecutionOrderSort (0ms)
		DisableScriptedObjects (15ms)
		BackupInstance (0ms)
		ReleaseScriptingObjects (0ms)
		CreateAndSetChildDomain (63ms)
	RebuildCommonClasses (40ms)
	RebuildNativeTypeToScriptingClass (13ms)
	initialDomainReloadingComplete (29ms)
	LoadAllAssembliesAndSetupDomain (539ms)
		LoadAssemblies (410ms)
		RebuildTransferFunctionScriptingTraits (0ms)
		AnalyzeDomain (228ms)
			TypeCache.Refresh (6ms)
				TypeCache.ScanAssembly (0ms)
			BuildScriptInfoCaches (203ms)
			ResolveRequiredComponents (14ms)
	FinalizeReload (900ms)
		ReleaseScriptCaches (0ms)
		RebuildScriptCaches (0ms)
		SetupLoadedEditorAssemblies (729ms)
			LogAssemblyErrors (0ms)
			InitializePlatformSupportModulesInManaged (2ms)
			SetLoadedEditorAssemblies (8ms)
			BeforeProcessingInitializeOnLoad (238ms)
			ProcessInitializeOnLoadAttributes (418ms)
			ProcessInitializeOnLoadMethodAttributes (59ms)
			AfterProcessingInitializeOnLoad (3ms)
			EditorAssembliesLoaded (0ms)
		ExecutionOrderSort2 (0ms)
		AwakeInstancesAfterBackupRestoration (16ms)
Refreshing native plugins compatible for Editor in 2.45 ms, found 4 plugins.
Preloading 0 native plugins for Editor in 0.00 ms.
Unloading 35 Unused Serialized files (Serialized files now loaded: 0)
Unloading 7540 unused Assets / (8.9 MB). Loaded Objects now: 8234.
Memory consumption went from 159.5 MB to 150.6 MB.
Total: 18.269300 ms (FindLiveObjects: 1.826100 ms CreateObjectMapping: 1.520700 ms MarkObjects: 8.731800 ms  DeleteObjects: 6.189200 ms)

Prepare: number of updated asset objects reloaded= 0
========================================================================
Received Prepare
Begin MonoManager ReloadAssembly
[Licensing::Client] Successfully resolved entitlement details
[Licensing::Module] License group:
  Id: F4-NMTP-SXWG-HN24-U9HH-XXXX
  Product: Unity Personal
  Type: ULF
  Expiration: 2025-12-08T06:53:50Z
[Licensing::Module] License group:
  Id: ewogICJzdWJzR3JvdXAiIDogInVuaXR5IGVkaXRvciIsCiAgIm5hbWVzcGFjZSIgOiAidW5pdHlfZWRpdG9yIiwKICAidHlwZSIgOiAiRURJVE9SIiwKICAidGFnIiA6ICJVbml0eVBlcnNvbmFsXXXX
  Product: Unity Personal Version
  Type: Assigned
  Expiration: Unlimited
- Loaded All Assemblies, in  0.862 seconds
Refreshing native plugins compatible for Editor in 1.51 ms, found 4 plugins.
Native extension for WindowsStandalone target not found
[Package Manager] Failed to launch server process. Reason: Unity was launched with the -noUpm command-line argument
[Package Manager] Unable to send message (not connected to server process).
[Package Manager] Cannot connect to Unity Package Manager local server
Mono: successfully reloaded assembly
- Finished resetting the current domain, in  0.889 seconds
Domain Reload Profiling: 1753ms
	BeginReloadAssembly (265ms)
		ExecutionOrderSort (0ms)
		DisableScriptedObjects (26ms)
		BackupInstance (0ms)
		ReleaseScriptingObjects (1ms)
		CreateAndSetChildDomain (72ms)
	RebuildCommonClasses (38ms)
	RebuildNativeTypeToScriptingClass (13ms)
	initialDomainReloadingComplete (26ms)
	LoadAllAssembliesAndSetupDomain (520ms)
		LoadAssemblies (414ms)
		RebuildTransferFunctionScriptingTraits (0ms)
		AnalyzeDomain (209ms)
			TypeCache.Refresh (6ms)
				TypeCache.ScanAssembly (0ms)
			BuildScriptInfoCaches (184ms)
			ResolveRequiredComponents (15ms)
	FinalizeReload (890ms)
		ReleaseScriptCaches (0ms)
		RebuildScriptCaches (0ms)
		SetupLoadedEditorAssemblies (735ms)
			LogAssemblyErrors (0ms)
			InitializePlatformSupportModulesInManaged (2ms)
			SetLoadedEditorAssemblies (7ms)
			BeforeProcessingInitializeOnLoad (195ms)
			ProcessInitializeOnLoadAttributes (445ms)
			ProcessInitializeOnLoadMethodAttributes (79ms)
			AfterProcessingInitializeOnLoad (6ms)
			EditorAssembliesLoaded (0ms)
		ExecutionOrderSort2 (0ms)
		AwakeInstancesAfterBackupRestoration (19ms)
Refreshing native plugins compatible for Editor in 9.02 ms, found 4 plugins.
Preloading 0 native plugins for Editor in 0.00 ms.
Unloading 35 Unused Serialized files (Serialized files now loaded: 0)
Unloading 7540 unused Assets / (11.6 MB). Loaded Objects now: 8240.
Memory consumption went from 159.7 MB to 148.1 MB.
Total: 34.726900 ms (FindLiveObjects: 2.906900 ms CreateObjectMapping: 1.688100 ms MarkObjects: 10.266700 ms  DeleteObjects: 19.863100 ms)

Prepare: number of updated asset objects reloaded= 0
========================================================================
Received Import Request.
  Time since last request: 284.395303 seconds.
  path: Assets/Art/MINIFANTASY Creatures - Super Low Res 2D Pixel Art by Krishna Palacio/Sprites/Humanoids/Human/Human/generate/Minifantasy_CreaturesHumanWalk_FrameData.asset
  artifactKey: Guid(720d2b3b0c58d5b4295a6468bd84a86c) Importer(815301076,1909f56bfc062723c751e8b465ee728b)
Start importing Assets/Art/MINIFANTASY Creatures - Super Low Res 2D Pixel Art by Krishna Palacio/Sprites/Humanoids/Human/Human/generate/Minifantasy_CreaturesHumanWalk_FrameData.asset using Guid(720d2b3b0c58d5b4295a6468bd84a86c) Importer(815301076,1909f56bfc062723c751e8b465ee728b) (PreviewImporter) -> (artifact id: '690b5a9f43769b7abf5da5ef7a025c29') in 0.0312931 seconds
Number of updated asset objects reloaded before import = 0Number of asset objects unloaded after import = 2

========================================================================
Received Import Request.
  Time since last request: 3.860025 seconds.
  path: Assets/Art/MINIFANTASY Creatures - Super Low Res 2D Pixel Art by Krishna Palacio/Sprites/Humanoids/Human/Human/generate/Minifantasy_CreaturesHumanWalk_FrameData.asset
  artifactKey: Guid(720d2b3b0c58d5b4295a6468bd84a86c) Importer(815301076,1909f56bfc062723c751e8b465ee728b)
Start importing Assets/Art/MINIFANTASY Creatures - Super Low Res 2D Pixel Art by Krishna Palacio/Sprites/Humanoids/Human/Human/generate/Minifantasy_CreaturesHumanWalk_FrameData.asset using Guid(720d2b3b0c58d5b4295a6468bd84a86c) Importer(815301076,1909f56bfc062723c751e8b465ee728b) (PreviewImporter) -> (artifact id: '83be807c37c96d50458adc97fafc84d0') in 0.0020977 seconds
Number of updated asset objects reloaded before import = 0Number of asset objects unloaded after import = 2

========================================================================
Received Import Request.
  Time since last request: 115.751550 seconds.
  path: Assets/Art/MINIFANTASY Creatures - Super Low Res 2D Pixel Art by Krishna Palacio/Sprites/Humanoids/Human/Human/generate/Minifantasy_CreaturesHumanWalk_FrameData.asset
  artifactKey: Guid(720d2b3b0c58d5b4295a6468bd84a86c) Importer(815301076,1909f56bfc062723c751e8b465ee728b)
Start importing Assets/Art/MINIFANTASY Creatures - Super Low Res 2D Pixel Art by Krishna Palacio/Sprites/Humanoids/Human/Human/generate/Minifantasy_CreaturesHumanWalk_FrameData.asset using Guid(720d2b3b0c58d5b4295a6468bd84a86c) Importer(815301076,1909f56bfc062723c751e8b465ee728b) (PreviewImporter) -> (artifact id: '45c96f511827736cf6cff88a6d126316') in 0.0020987 seconds
Number of updated asset objects reloaded before import = 0Number of asset objects unloaded after import = 2

========================================================================
Received Prepare
Begin MonoManager ReloadAssembly
[Licensing::Client] Successfully resolved entitlement details
[Licensing::Module] License group:
  Id: F4-NMTP-SXWG-HN24-U9HH-XXXX
  Product: Unity Personal
  Type: ULF
  Expiration: 2025-12-08T06:53:50Z
[Licensing::Module] License group:
  Id: ewogICJzdWJzR3JvdXAiIDogInVuaXR5IGVkaXRvciIsCiAgIm5hbWVzcGFjZSIgOiAidW5pdHlfZWRpdG9yIiwKICAidHlwZSIgOiAiRURJVE9SIiwKICAidGFnIiA6ICJVbml0eVBlcnNvbmFsXXXX
  Product: Unity Personal Version
  Type: Assigned
  Expiration: Unlimited
- Loaded All Assemblies, in  0.865 seconds
Refreshing native plugins compatible for Editor in 1.23 ms, found 4 plugins.
Native extension for WindowsStandalone target not found
[Package Manager] Failed to launch server process. Reason: Unity was launched with the -noUpm command-line argument
[Package Manager] Unable to send message (not connected to server process).
[Package Manager] Cannot connect to Unity Package Manager local server
Mono: successfully reloaded assembly
- Finished resetting the current domain, in  0.827 seconds
Domain Reload Profiling: 1691ms
	BeginReloadAssembly (263ms)
		ExecutionOrderSort (0ms)
		DisableScriptedObjects (21ms)
		BackupInstance (0ms)
		ReleaseScriptingObjects (0ms)
		CreateAndSetChildDomain (75ms)
	RebuildCommonClasses (30ms)
	RebuildNativeTypeToScriptingClass (11ms)
	initialDomainReloadingComplete (27ms)
	LoadAllAssembliesAndSetupDomain (531ms)
		LoadAssemblies (430ms)
		RebuildTransferFunctionScriptingTraits (0ms)
		AnalyzeDomain (206ms)
			TypeCache.Refresh (5ms)
				TypeCache.ScanAssembly (0ms)
			BuildScriptInfoCaches (185ms)
			ResolveRequiredComponents (12ms)
	FinalizeReload (828ms)
		ReleaseScriptCaches (0ms)
		RebuildScriptCaches (0ms)
		SetupLoadedEditorAssemblies (684ms)
			LogAssemblyErrors (0ms)
			InitializePlatformSupportModulesInManaged (2ms)
			SetLoadedEditorAssemblies (8ms)
			BeforeProcessingInitializeOnLoad (209ms)
			ProcessInitializeOnLoadAttributes (389ms)
			ProcessInitializeOnLoadMethodAttributes (70ms)
			AfterProcessingInitializeOnLoad (5ms)
			EditorAssembliesLoaded (0ms)
		ExecutionOrderSort2 (0ms)
		AwakeInstancesAfterBackupRestoration (15ms)
Refreshing native plugins compatible for Editor in 4.73 ms, found 4 plugins.
Preloading 0 native plugins for Editor in 0.00 ms.
Unloading 35 Unused Serialized files (Serialized files now loaded: 0)
Unloading 7540 unused Assets / (11.5 MB). Loaded Objects now: 8246.
Memory consumption went from 159.7 MB to 148.1 MB.
Total: 64.915200 ms (FindLiveObjects: 1.497400 ms CreateObjectMapping: 1.523500 ms MarkObjects: 25.167700 ms  DeleteObjects: 36.724600 ms)

Prepare: number of updated asset objects reloaded= 0
========================================================================
Received Import Request.
  Time since last request: 1602.492091 seconds.
  path: Assets/Scripts/EquipmentSystem/Editor/EquipmentDataEditor.cs
  artifactKey: Guid(549b4d1b01678a14b966315e2932148d) Importer(2089858483,192608db42251d675da83286b1cce702)
Start importing Assets/Scripts/EquipmentSystem/Editor/EquipmentDataEditor.cs using Guid(549b4d1b01678a14b966315e2932148d) Importer(2089858483,192608db42251d675da83286b1cce702) (ScriptedImporter) -> (artifact id: 'e96bf769fdba8d71a092b3e7b9cf633b') in 0.5271208 seconds
Number of updated asset objects reloaded before import = 0Number of asset objects unloaded after import = 0

========================================================================
Received Import Request.
  Time since last request: 0.000138 seconds.
  path: Assets/Art/MINIFANTASY Creatures - Super Low Res 2D Pixel Art by Krishna Palacio/Sprites/Humanoids/Human/Human/generate/Minifantasy_CreaturesHumanWalk_FrameData.asset
  artifactKey: Guid(720d2b3b0c58d5b4295a6468bd84a86c) Importer(2089858483,192608db42251d675da83286b1cce702)
Start importing Assets/Art/MINIFANTASY Creatures - Super Low Res 2D Pixel Art by Krishna Palacio/Sprites/Humanoids/Human/Human/generate/Minifantasy_CreaturesHumanWalk_FrameData.asset using Guid(720d2b3b0c58d5b4295a6468bd84a86c) Importer(2089858483,192608db42251d675da83286b1cce702) (ScriptedImporter) -> (artifact id: '0fe71ba2ab67e2a77f5ca4fdc80d2c21') in 0.052549 seconds
Number of updated asset objects reloaded before import = 0Number of asset objects unloaded after import = 2

========================================================================
Received Import Request.
  Time since last request: 1.566361 seconds.
  path: Assets/Art/equip/NewUnlitUniversalRenderPipelineShader.shader
  artifactKey: Guid(fbff582741d591c45b70920488e2b85c) Importer(815301076,1909f56bfc062723c751e8b465ee728b)
Start importing Assets/Art/equip/NewUnlitUniversalRenderPipelineShader.shader using Guid(fbff582741d591c45b70920488e2b85c) Importer(815301076,1909f56bfc062723c751e8b465ee728b) (PreviewImporter) -> (artifact id: '31be9b71093ebf4636ade4abcbeb8367') in 0.0394853 seconds
Number of updated asset objects reloaded before import = 0Number of asset objects unloaded after import = 1

========================================================================
Received Import Request.
  Time since last request: 14.882072 seconds.
  path: Assets/Art/equip/New Shader Graph.shadergraph
  artifactKey: Guid(b6aa1c69594dbbb47a100039e511c8f6) Importer(815301076,1909f56bfc062723c751e8b465ee728b)
Start importing Assets/Art/equip/New Shader Graph.shadergraph using Guid(b6aa1c69594dbbb47a100039e511c8f6) Importer(815301076,1909f56bfc062723c751e8b465ee728b) (PreviewImporter) -> (artifact id: 'a7cd04a6db58b0ab3791f5ef81bae519') in 0.6058591 seconds
Number of updated asset objects reloaded before import = 0Number of asset objects unloaded after import = 2

========================================================================
Received Import Request.
  Time since last request: 29.913670 seconds.
  path: Assets/Art/equip/New Shader Graph.shadergraph
  artifactKey: Guid(b6aa1c69594dbbb47a100039e511c8f6) Importer(2089858483,192608db42251d675da83286b1cce702)
Start importing Assets/Art/equip/New Shader Graph.shadergraph using Guid(b6aa1c69594dbbb47a100039e511c8f6) Importer(2089858483,192608db42251d675da83286b1cce702) (ScriptedImporter) -> (artifact id: '300eff7eee7d252095d325009b595799') in 0.0295685 seconds
Number of updated asset objects reloaded before import = 0Number of asset objects unloaded after import = 3

========================================================================
Received Prepare
Begin MonoManager ReloadAssembly
[Licensing::Client] Successfully resolved entitlement details
[Licensing::Module] License group:
  Id: F4-NMTP-SXWG-HN24-U9HH-XXXX
  Product: Unity Personal
  Type: ULF
  Expiration: 2025-12-08T06:53:50Z
[Licensing::Module] License group:
  Id: ewogICJzdWJzR3JvdXAiIDogInVuaXR5IGVkaXRvciIsCiAgIm5hbWVzcGFjZSIgOiAidW5pdHlfZWRpdG9yIiwKICAidHlwZSIgOiAiRURJVE9SIiwKICAidGFnIiA6ICJVbml0eVBlcnNvbmFsXXXX
  Product: Unity Personal Version
  Type: Assigned
  Expiration: Unlimited
- Loaded All Assemblies, in  1.579 seconds
Refreshing native plugins compatible for Editor in 2.24 ms, found 4 plugins.
Native extension for WindowsStandalone target not found
[Package Manager] Failed to launch server process. Reason: Unity was launched with the -noUpm command-line argument
[Package Manager] Unable to send message (not connected to server process).
[Package Manager] Cannot connect to Unity Package Manager local server
Mono: successfully reloaded assembly
- Finished resetting the current domain, in  0.927 seconds
Domain Reload Profiling: 2508ms
	BeginReloadAssembly (458ms)
		ExecutionOrderSort (0ms)
		DisableScriptedObjects (36ms)
		BackupInstance (0ms)
		ReleaseScriptingObjects (2ms)
		CreateAndSetChildDomain (181ms)
	RebuildCommonClasses (33ms)
	RebuildNativeTypeToScriptingClass (13ms)
	initialDomainReloadingComplete (34ms)
	LoadAllAssembliesAndSetupDomain (1043ms)
		LoadAssemblies (849ms)
		RebuildTransferFunctionScriptingTraits (0ms)
		AnalyzeDomain (345ms)
			TypeCache.Refresh (30ms)
				TypeCache.ScanAssembly (0ms)
			BuildScriptInfoCaches (288ms)
			ResolveRequiredComponents (20ms)
	FinalizeReload (927ms)
		ReleaseScriptCaches (0ms)
		RebuildScriptCaches (0ms)
		SetupLoadedEditorAssemblies (731ms)
			LogAssemblyErrors (0ms)
			InitializePlatformSupportModulesInManaged (2ms)
			SetLoadedEditorAssemblies (9ms)
			BeforeProcessingInitializeOnLoad (199ms)
			ProcessInitializeOnLoadAttributes (450ms)
			ProcessInitializeOnLoadMethodAttributes (67ms)
			AfterProcessingInitializeOnLoad (4ms)
			EditorAssembliesLoaded (1ms)
		ExecutionOrderSort2 (0ms)
		AwakeInstancesAfterBackupRestoration (19ms)
Refreshing native plugins compatible for Editor in 5.91 ms, found 4 plugins.
Preloading 0 native plugins for Editor in 0.00 ms.
Unloading 35 Unused Serialized files (Serialized files now loaded: 0)
Unloading 7540 unused Assets / (9.1 MB). Loaded Objects now: 8313.
Memory consumption went from 161.5 MB to 152.4 MB.
Total: 16.792000 ms (FindLiveObjects: 1.560400 ms CreateObjectMapping: 1.393000 ms MarkObjects: 6.778200 ms  DeleteObjects: 7.059100 ms)

Prepare: number of updated asset objects reloaded= 0
========================================================================
Received Prepare
Begin MonoManager ReloadAssembly
[Licensing::Client] Successfully resolved entitlement details
[Licensing::Module] License group:
  Id: F4-NMTP-SXWG-HN24-U9HH-XXXX
  Product: Unity Personal
  Type: ULF
  Expiration: 2025-12-08T06:53:50Z
[Licensing::Module] License group:
  Id: ewogICJzdWJzR3JvdXAiIDogInVuaXR5IGVkaXRvciIsCiAgIm5hbWVzcGFjZSIgOiAidW5pdHlfZWRpdG9yIiwKICAidHlwZSIgOiAiRURJVE9SIiwKICAidGFnIiA6ICJVbml0eVBlcnNvbmFsXXXX
  Product: Unity Personal Version
  Type: Assigned
  Expiration: Unlimited
- Loaded All Assemblies, in  1.045 seconds
Refreshing native plugins compatible for Editor in 1.56 ms, found 4 plugins.
Native extension for WindowsStandalone target not found
[Package Manager] Failed to launch server process. Reason: Unity was launched with the -noUpm command-line argument
[Package Manager] Unable to send message (not connected to server process).
[Package Manager] Cannot connect to Unity Package Manager local server
Mono: successfully reloaded assembly
- Finished resetting the current domain, in  0.836 seconds
Domain Reload Profiling: 1880ms
	BeginReloadAssembly (273ms)
		ExecutionOrderSort (0ms)
		DisableScriptedObjects (22ms)
		BackupInstance (0ms)
		ReleaseScriptingObjects (0ms)
		CreateAndSetChildDomain (66ms)
	RebuildCommonClasses (44ms)
	RebuildNativeTypeToScriptingClass (13ms)
	initialDomainReloadingComplete (44ms)
	LoadAllAssembliesAndSetupDomain (669ms)
		LoadAssemblies (512ms)
		RebuildTransferFunctionScriptingTraits (0ms)
		AnalyzeDomain (273ms)
			TypeCache.Refresh (9ms)
				TypeCache.ScanAssembly (0ms)
			BuildScriptInfoCaches (242ms)
			ResolveRequiredComponents (16ms)
	FinalizeReload (837ms)
		ReleaseScriptCaches (0ms)
		RebuildScriptCaches (0ms)
		SetupLoadedEditorAssemblies (672ms)
			LogAssemblyErrors (0ms)
			InitializePlatformSupportModulesInManaged (1ms)
			SetLoadedEditorAssemblies (6ms)
			BeforeProcessingInitializeOnLoad (210ms)
			ProcessInitializeOnLoadAttributes (384ms)
			ProcessInitializeOnLoadMethodAttributes (65ms)
			AfterProcessingInitializeOnLoad (6ms)
			EditorAssembliesLoaded (1ms)
		ExecutionOrderSort2 (0ms)
		AwakeInstancesAfterBackupRestoration (18ms)
Refreshing native plugins compatible for Editor in 2.84 ms, found 4 plugins.
Preloading 0 native plugins for Editor in 0.00 ms.
Unloading 35 Unused Serialized files (Serialized files now loaded: 0)
Unloading 7540 unused Assets / (9.1 MB). Loaded Objects now: 8319.
Memory consumption went from 161.3 MB to 152.3 MB.
Total: 24.966200 ms (FindLiveObjects: 3.099700 ms CreateObjectMapping: 1.479800 ms MarkObjects: 11.308700 ms  DeleteObjects: 9.076200 ms)

Prepare: number of updated asset objects reloaded= 0
========================================================================
Received Import Request.
  Time since last request: 1125.156563 seconds.
  path: Assets/Art/equip/New Shader Graph.shadergraph
  artifactKey: Guid(b6aa1c69594dbbb47a100039e511c8f6) Importer(815301076,1909f56bfc062723c751e8b465ee728b)
Start importing Assets/Art/equip/New Shader Graph.shadergraph using Guid(b6aa1c69594dbbb47a100039e511c8f6) Importer(815301076,1909f56bfc062723c751e8b465ee728b) (PreviewImporter) -> (artifact id: 'd7bf6205c6b070465fc1d5b3b269ee51') in 0.4685967 seconds
Number of updated asset objects reloaded before import = 0Number of asset objects unloaded after import = 2

========================================================================
Received Prepare
Begin MonoManager ReloadAssembly
[Licensing::Client] Successfully resolved entitlement details
[Licensing::Module] License group:
  Id: F4-NMTP-SXWG-HN24-U9HH-XXXX
  Product: Unity Personal
  Type: ULF
  Expiration: 2025-12-08T06:53:50Z
[Licensing::Module] License group:
  Id: ewogICJzdWJzR3JvdXAiIDogInVuaXR5IGVkaXRvciIsCiAgIm5hbWVzcGFjZSIgOiAidW5pdHlfZWRpdG9yIiwKICAidHlwZSIgOiAiRURJVE9SIiwKICAidGFnIiA6ICJVbml0eVBlcnNvbmFsXXXX
  Product: Unity Personal Version
  Type: Assigned
  Expiration: Unlimited
- Loaded All Assemblies, in  1.114 seconds
Refreshing native plugins compatible for Editor in 1.38 ms, found 4 plugins.
Native extension for WindowsStandalone target not found
[Package Manager] Failed to launch server process. Reason: Unity was launched with the -noUpm command-line argument
[Package Manager] Unable to send message (not connected to server process).
[Package Manager] Cannot connect to Unity Package Manager local server
Mono: successfully reloaded assembly
- Finished resetting the current domain, in  0.975 seconds
Domain Reload Profiling: 2091ms
	BeginReloadAssembly (326ms)
		ExecutionOrderSort (0ms)
		DisableScriptedObjects (40ms)
		BackupInstance (0ms)
		ReleaseScriptingObjects (0ms)
		CreateAndSetChildDomain (110ms)
	RebuildCommonClasses (50ms)
	RebuildNativeTypeToScriptingClass (14ms)
	initialDomainReloadingComplete (38ms)
	LoadAllAssembliesAndSetupDomain (687ms)
		LoadAssemblies (563ms)
		RebuildTransferFunctionScriptingTraits (0ms)
		AnalyzeDomain (233ms)
			TypeCache.Refresh (11ms)
				TypeCache.ScanAssembly (0ms)
			BuildScriptInfoCaches (202ms)
			ResolveRequiredComponents (15ms)
	FinalizeReload (976ms)
		ReleaseScriptCaches (0ms)
		RebuildScriptCaches (0ms)
		SetupLoadedEditorAssemblies (802ms)
			LogAssemblyErrors (0ms)
			InitializePlatformSupportModulesInManaged (2ms)
			SetLoadedEditorAssemblies (8ms)
			BeforeProcessingInitializeOnLoad (249ms)
			ProcessInitializeOnLoadAttributes (453ms)
			ProcessInitializeOnLoadMethodAttributes (85ms)
			AfterProcessingInitializeOnLoad (4ms)
			EditorAssembliesLoaded (0ms)
		ExecutionOrderSort2 (0ms)
		AwakeInstancesAfterBackupRestoration (20ms)
Refreshing native plugins compatible for Editor in 3.20 ms, found 4 plugins.
Preloading 0 native plugins for Editor in 0.00 ms.
Unloading 35 Unused Serialized files (Serialized files now loaded: 0)
Unloading 7540 unused Assets / (7.5 MB). Loaded Objects now: 8345.
Memory consumption went from 161.6 MB to 154.0 MB.
Total: 13.435400 ms (FindLiveObjects: 1.044700 ms CreateObjectMapping: 0.876700 ms MarkObjects: 6.547600 ms  DeleteObjects: 4.964400 ms)

Prepare: number of updated asset objects reloaded= 0
========================================================================
Received Prepare
Begin MonoManager ReloadAssembly
[Licensing::Client] Successfully resolved entitlement details
[Licensing::Module] License group:
  Id: F4-NMTP-SXWG-HN24-U9HH-XXXX
  Product: Unity Personal
  Type: ULF
  Expiration: 2025-12-08T06:53:50Z
[Licensing::Module] License group:
  Id: ewogICJzdWJzR3JvdXAiIDogInVuaXR5IGVkaXRvciIsCiAgIm5hbWVzcGFjZSIgOiAidW5pdHlfZWRpdG9yIiwKICAidHlwZSIgOiAiRURJVE9SIiwKICAidGFnIiA6ICJVbml0eVBlcnNvbmFsXXXX
  Product: Unity Personal Version
  Type: Assigned
  Expiration: Unlimited
- Loaded All Assemblies, in  1.053 seconds
Refreshing native plugins compatible for Editor in 1.78 ms, found 4 plugins.
Native extension for WindowsStandalone target not found
[Package Manager] Failed to launch server process. Reason: Unity was launched with the -noUpm command-line argument
[Package Manager] Unable to send message (not connected to server process).
[Package Manager] Cannot connect to Unity Package Manager local server
Mono: successfully reloaded assembly
- Finished resetting the current domain, in  1.105 seconds
Domain Reload Profiling: 2158ms
	BeginReloadAssembly (310ms)
		ExecutionOrderSort (0ms)
		DisableScriptedObjects (14ms)
		BackupInstance (0ms)
		ReleaseScriptingObjects (0ms)
		CreateAndSetChildDomain (74ms)
	RebuildCommonClasses (44ms)
	RebuildNativeTypeToScriptingClass (14ms)
	initialDomainReloadingComplete (32ms)
	LoadAllAssembliesAndSetupDomain (653ms)
		LoadAssemblies (556ms)
		RebuildTransferFunctionScriptingTraits (0ms)
		AnalyzeDomain (259ms)
			TypeCache.Refresh (11ms)
				TypeCache.ScanAssembly (0ms)
			BuildScriptInfoCaches (233ms)
			ResolveRequiredComponents (10ms)
	FinalizeReload (1105ms)
		ReleaseScriptCaches (0ms)
		RebuildScriptCaches (0ms)
		SetupLoadedEditorAssemblies (925ms)
			LogAssemblyErrors (0ms)
			InitializePlatformSupportModulesInManaged (2ms)
			SetLoadedEditorAssemblies (8ms)
			BeforeProcessingInitializeOnLoad (294ms)
			ProcessInitializeOnLoadAttributes (547ms)
			ProcessInitializeOnLoadMethodAttributes (68ms)
			AfterProcessingInitializeOnLoad (5ms)
			EditorAssembliesLoaded (0ms)
		ExecutionOrderSort2 (0ms)
		AwakeInstancesAfterBackupRestoration (18ms)
Refreshing native plugins compatible for Editor in 8.92 ms, found 4 plugins.
Preloading 0 native plugins for Editor in 0.00 ms.
Unloading 35 Unused Serialized files (Serialized files now loaded: 0)
Unloading 7540 unused Assets / (8.7 MB). Loaded Objects now: 8351.
Memory consumption went from 161.4 MB to 152.7 MB.
Total: 23.763000 ms (FindLiveObjects: 2.923000 ms CreateObjectMapping: 3.567700 ms MarkObjects: 7.810300 ms  DeleteObjects: 9.460000 ms)

Prepare: number of updated asset objects reloaded= 0
========================================================================
Received Prepare
Begin MonoManager ReloadAssembly
[Licensing::Client] Successfully resolved entitlement details
[Licensing::Module] License group:
  Id: F4-NMTP-SXWG-HN24-U9HH-XXXX
  Product: Unity Personal
  Type: ULF
  Expiration: 2025-12-08T06:53:50Z
[Licensing::Module] License group:
  Id: ewogICJzdWJzR3JvdXAiIDogInVuaXR5IGVkaXRvciIsCiAgIm5hbWVzcGFjZSIgOiAidW5pdHlfZWRpdG9yIiwKICAidHlwZSIgOiAiRURJVE9SIiwKICAidGFnIiA6ICJVbml0eVBlcnNvbmFsXXXX
  Product: Unity Personal Version
  Type: Assigned
  Expiration: Unlimited
- Loaded All Assemblies, in  0.946 seconds
Refreshing native plugins compatible for Editor in 1.33 ms, found 4 plugins.
Native extension for WindowsStandalone target not found
[Package Manager] Failed to launch server process. Reason: Unity was launched with the -noUpm command-line argument
[Package Manager] Unable to send message (not connected to server process).
[Package Manager] Cannot connect to Unity Package Manager local server
Mono: successfully reloaded assembly
- Finished resetting the current domain, in  0.880 seconds
Domain Reload Profiling: 1826ms
	BeginReloadAssembly (245ms)
		ExecutionOrderSort (0ms)
		DisableScriptedObjects (20ms)
		BackupInstance (0ms)
		ReleaseScriptingObjects (0ms)
		CreateAndSetChildDomain (63ms)
	RebuildCommonClasses (45ms)
	RebuildNativeTypeToScriptingClass (17ms)
	initialDomainReloadingComplete (38ms)
	LoadAllAssembliesAndSetupDomain (601ms)
		LoadAssemblies (490ms)
		RebuildTransferFunctionScriptingTraits (0ms)
		AnalyzeDomain (219ms)
			TypeCache.Refresh (11ms)
				TypeCache.ScanAssembly (0ms)
			BuildScriptInfoCaches (191ms)
			ResolveRequiredComponents (12ms)
	FinalizeReload (881ms)
		ReleaseScriptCaches (0ms)
		RebuildScriptCaches (0ms)
		SetupLoadedEditorAssemblies (708ms)
			LogAssemblyErrors (0ms)
			InitializePlatformSupportModulesInManaged (2ms)
			SetLoadedEditorAssemblies (7ms)
			BeforeProcessingInitializeOnLoad (230ms)
			ProcessInitializeOnLoadAttributes (401ms)
			ProcessInitializeOnLoadMethodAttributes (63ms)
			AfterProcessingInitializeOnLoad (4ms)
			EditorAssembliesLoaded (0ms)
		ExecutionOrderSort2 (0ms)
		AwakeInstancesAfterBackupRestoration (17ms)
Refreshing native plugins compatible for Editor in 3.62 ms, found 4 plugins.
Preloading 0 native plugins for Editor in 0.00 ms.
Unloading 35 Unused Serialized files (Serialized files now loaded: 0)
Unloading 7540 unused Assets / (8.4 MB). Loaded Objects now: 8357.
Memory consumption went from 163.4 MB to 155.0 MB.
Total: 20.791000 ms (FindLiveObjects: 2.902100 ms CreateObjectMapping: 1.682100 ms MarkObjects: 8.258800 ms  DeleteObjects: 7.946400 ms)

Prepare: number of updated asset objects reloaded= 0
========================================================================
Received Prepare
Begin MonoManager ReloadAssembly
[Licensing::Client] Successfully resolved entitlement details
[Licensing::Module] License group:
  Id: F4-NMTP-SXWG-HN24-U9HH-XXXX
  Product: Unity Personal
  Type: ULF
  Expiration: 2025-12-08T06:53:50Z
[Licensing::Module] License group:
  Id: ewogICJzdWJzR3JvdXAiIDogInVuaXR5IGVkaXRvciIsCiAgIm5hbWVzcGFjZSIgOiAidW5pdHlfZWRpdG9yIiwKICAidHlwZSIgOiAiRURJVE9SIiwKICAidGFnIiA6ICJVbml0eVBlcnNvbmFsXXXX
  Product: Unity Personal Version
  Type: Assigned
  Expiration: Unlimited
- Loaded All Assemblies, in  4.609 seconds
Refreshing native plugins compatible for Editor in 5.91 ms, found 4 plugins.
Native extension for WindowsStandalone target not found
[Package Manager] Failed to launch server process. Reason: Unity was launched with the -noUpm command-line argument
[Package Manager] Unable to send message (not connected to server process).
[Package Manager] Cannot connect to Unity Package Manager local server
Mono: successfully reloaded assembly
- Finished resetting the current domain, in  1.044 seconds
Domain Reload Profiling: 5672ms
	BeginReloadAssembly (2732ms)
		ExecutionOrderSort (0ms)
		DisableScriptedObjects (555ms)
		BackupInstance (0ms)
		ReleaseScriptingObjects (2ms)
		CreateAndSetChildDomain (1318ms)
	RebuildCommonClasses (54ms)
	RebuildNativeTypeToScriptingClass (17ms)
	initialDomainReloadingComplete (46ms)
	LoadAllAssembliesAndSetupDomain (1778ms)
		LoadAssemblies (1471ms)
		RebuildTransferFunctionScriptingTraits (0ms)
		AnalyzeDomain (696ms)
			TypeCache.Refresh (99ms)
				TypeCache.ScanAssembly (3ms)
			BuildScriptInfoCaches (545ms)
			ResolveRequiredComponents (21ms)
	FinalizeReload (1044ms)
		ReleaseScriptCaches (0ms)
		RebuildScriptCaches (0ms)
		SetupLoadedEditorAssemblies (801ms)
			LogAssemblyErrors (0ms)
			InitializePlatformSupportModulesInManaged (3ms)
			SetLoadedEditorAssemblies (9ms)
			BeforeProcessingInitializeOnLoad (254ms)
			ProcessInitializeOnLoadAttributes (456ms)
			ProcessInitializeOnLoadMethodAttributes (74ms)
			AfterProcessingInitializeOnLoad (4ms)
			EditorAssembliesLoaded (0ms)
		ExecutionOrderSort2 (0ms)
		AwakeInstancesAfterBackupRestoration (17ms)
Refreshing native plugins compatible for Editor in 1.90 ms, found 4 plugins.
Preloading 0 native plugins for Editor in 0.00 ms.
Unloading 35 Unused Serialized files (Serialized files now loaded: 0)
Unloading 7540 unused Assets / (7.7 MB). Loaded Objects now: 8363.
Memory consumption went from 163.5 MB to 155.7 MB.
Total: 23.575800 ms (FindLiveObjects: 2.217300 ms CreateObjectMapping: 1.160600 ms MarkObjects: 12.619100 ms  DeleteObjects: 7.575200 ms)

Prepare: number of updated asset objects reloaded= 0
========================================================================
Received Prepare
Begin MonoManager ReloadAssembly
[Licensing::Client] Successfully resolved entitlement details
[Licensing::Module] License group:
  Id: F4-NMTP-SXWG-HN24-U9HH-XXXX
  Product: Unity Personal
  Type: ULF
  Expiration: 2025-12-08T06:53:50Z
[Licensing::Module] License group:
  Id: ewogICJzdWJzR3JvdXAiIDogInVuaXR5IGVkaXRvciIsCiAgIm5hbWVzcGFjZSIgOiAidW5pdHlfZWRpdG9yIiwKICAidHlwZSIgOiAiRURJVE9SIiwKICAidGFnIiA6ICJVbml0eVBlcnNvbmFsXXXX
  Product: Unity Personal Version
  Type: Assigned
  Expiration: Unlimited
- Loaded All Assemblies, in  1.386 seconds
Refreshing native plugins compatible for Editor in 2.58 ms, found 4 plugins.
Native extension for WindowsStandalone target not found
[Package Manager] Failed to launch server process. Reason: Unity was launched with the -noUpm command-line argument
[Package Manager] Unable to send message (not connected to server process).
[Package Manager] Cannot connect to Unity Package Manager local server
Mono: successfully reloaded assembly
- Finished resetting the current domain, in  1.076 seconds
Domain Reload Profiling: 2461ms
	BeginReloadAssembly (501ms)
		ExecutionOrderSort (0ms)
		DisableScriptedObjects (39ms)
		BackupInstance (0ms)
		ReleaseScriptingObjects (1ms)
		CreateAndSetChildDomain (193ms)
	RebuildCommonClasses (63ms)
	RebuildNativeTypeToScriptingClass (15ms)
	initialDomainReloadingComplete (47ms)
	LoadAllAssembliesAndSetupDomain (759ms)
		LoadAssemblies (643ms)
		RebuildTransferFunctionScriptingTraits (0ms)
		AnalyzeDomain (275ms)
			TypeCache.Refresh (11ms)
				TypeCache.ScanAssembly (0ms)
			BuildScriptInfoCaches (241ms)
			ResolveRequiredComponents (16ms)
	FinalizeReload (1076ms)
		ReleaseScriptCaches (0ms)
		RebuildScriptCaches (0ms)
		SetupLoadedEditorAssemblies (853ms)
			LogAssemblyErrors (0ms)
			InitializePlatformSupportModulesInManaged (2ms)
			SetLoadedEditorAssemblies (11ms)
			BeforeProcessingInitializeOnLoad (264ms)
			ProcessInitializeOnLoadAttributes (483ms)
			ProcessInitializeOnLoadMethodAttributes (87ms)
			AfterProcessingInitializeOnLoad (4ms)
			EditorAssembliesLoaded (0ms)
		ExecutionOrderSort2 (0ms)
		AwakeInstancesAfterBackupRestoration (18ms)
Refreshing native plugins compatible for Editor in 2.79 ms, found 4 plugins.
Preloading 0 native plugins for Editor in 0.00 ms.
Unloading 35 Unused Serialized files (Serialized files now loaded: 0)
Unloading 7540 unused Assets / (7.8 MB). Loaded Objects now: 8369.
Memory consumption went from 163.5 MB to 155.7 MB.
Total: 28.030000 ms (FindLiveObjects: 2.344100 ms CreateObjectMapping: 2.037700 ms MarkObjects: 15.311600 ms  DeleteObjects: 8.332900 ms)

Prepare: number of updated asset objects reloaded= 0
========================================================================
Received Prepare
Refreshing native plugins compatible for Editor in 5.10 ms, found 4 plugins.
Preloading 0 native plugins for Editor in 0.00 ms.
Unloading 35 Unused Serialized files (Serialized files now loaded: 0)
Unloading 7530 unused Assets / (8.0 MB). Loaded Objects now: 8369.
Memory consumption went from 163.7 MB to 155.6 MB.
Total: 22.739200 ms (FindLiveObjects: 2.093600 ms CreateObjectMapping: 1.781500 ms MarkObjects: 11.117000 ms  DeleteObjects: 7.744800 ms)

Prepare: number of updated asset objects reloaded= 0
========================================================================
Received Prepare
Begin MonoManager ReloadAssembly
[Licensing::Client] Successfully resolved entitlement details
[Licensing::Module] License group:
  Id: F4-NMTP-SXWG-HN24-U9HH-XXXX
  Product: Unity Personal
  Type: ULF
  Expiration: 2025-12-08T06:53:50Z
[Licensing::Module] License group:
  Id: ewogICJzdWJzR3JvdXAiIDogInVuaXR5IGVkaXRvciIsCiAgIm5hbWVzcGFjZSIgOiAidW5pdHlfZWRpdG9yIiwKICAidHlwZSIgOiAiRURJVE9SIiwKICAidGFnIiA6ICJVbml0eVBlcnNvbmFsXXXX
  Product: Unity Personal Version
  Type: Assigned
  Expiration: Unlimited
- Loaded All Assemblies, in  1.499 seconds
Refreshing native plugins compatible for Editor in 1.25 ms, found 4 plugins.
Native extension for WindowsStandalone target not found
[Package Manager] Failed to launch server process. Reason: Unity was launched with the -noUpm command-line argument
[Package Manager] Unable to send message (not connected to server process).
[Package Manager] Cannot connect to Unity Package Manager local server
Mono: successfully reloaded assembly
- Finished resetting the current domain, in  1.111 seconds
Domain Reload Profiling: 2609ms
	BeginReloadAssembly (632ms)
		ExecutionOrderSort (0ms)
		DisableScriptedObjects (47ms)
		BackupInstance (0ms)
		ReleaseScriptingObjects (1ms)
		CreateAndSetChildDomain (167ms)
	RebuildCommonClasses (54ms)
	RebuildNativeTypeToScriptingClass (13ms)
	initialDomainReloadingComplete (37ms)
	LoadAllAssembliesAndSetupDomain (761ms)
		LoadAssemblies (585ms)
		RebuildTransferFunctionScriptingTraits (0ms)
		AnalyzeDomain (318ms)
			TypeCache.Refresh (11ms)
				TypeCache.ScanAssembly (0ms)
			BuildScriptInfoCaches (284ms)
			ResolveRequiredComponents (18ms)
	FinalizeReload (1111ms)
		ReleaseScriptCaches (0ms)
		RebuildScriptCaches (0ms)
		SetupLoadedEditorAssemblies (908ms)
			LogAssemblyErrors (0ms)
			InitializePlatformSupportModulesInManaged (2ms)
			SetLoadedEditorAssemblies (11ms)
			BeforeProcessingInitializeOnLoad (289ms)
			ProcessInitializeOnLoadAttributes (525ms)
			ProcessInitializeOnLoadMethodAttributes (78ms)
			AfterProcessingInitializeOnLoad (4ms)
			EditorAssembliesLoaded (0ms)
		ExecutionOrderSort2 (0ms)
		AwakeInstancesAfterBackupRestoration (22ms)
Refreshing native plugins compatible for Editor in 4.65 ms, found 4 plugins.
Preloading 0 native plugins for Editor in 0.00 ms.
Unloading 35 Unused Serialized files (Serialized files now loaded: 0)
Unloading 7540 unused Assets / (10.3 MB). Loaded Objects now: 8375.
Memory consumption went from 163.5 MB to 153.2 MB.
Total: 44.264700 ms (FindLiveObjects: 4.904200 ms CreateObjectMapping: 2.439900 ms MarkObjects: 14.755700 ms  DeleteObjects: 22.162500 ms)

Prepare: number of updated asset objects reloaded= 0
========================================================================
Received Prepare
Begin MonoManager ReloadAssembly
[Licensing::Client] Successfully resolved entitlement details
[Licensing::Module] License group:
  Id: F4-NMTP-SXWG-HN24-U9HH-XXXX
  Product: Unity Personal
  Type: ULF
  Expiration: 2025-12-08T06:53:50Z
[Licensing::Module] License group:
  Id: ewogICJzdWJzR3JvdXAiIDogInVuaXR5IGVkaXRvciIsCiAgIm5hbWVzcGFjZSIgOiAidW5pdHlfZWRpdG9yIiwKICAidHlwZSIgOiAiRURJVE9SIiwKICAidGFnIiA6ICJVbml0eVBlcnNvbmFsXXXX
  Product: Unity Personal Version
  Type: Assigned
  Expiration: Unlimited
- Loaded All Assemblies, in  0.921 seconds
Refreshing native plugins compatible for Editor in 1.91 ms, found 4 plugins.
Native extension for WindowsStandalone target not found
[Package Manager] Failed to launch server process. Reason: Unity was launched with the -noUpm command-line argument
[Package Manager] Unable to send message (not connected to server process).
[Package Manager] Cannot connect to Unity Package Manager local server
Mono: successfully reloaded assembly
- Finished resetting the current domain, in  0.970 seconds
Domain Reload Profiling: 1894ms
	BeginReloadAssembly (225ms)
		ExecutionOrderSort (0ms)
		DisableScriptedObjects (18ms)
		BackupInstance (0ms)
		ReleaseScriptingObjects (0ms)
		CreateAndSetChildDomain (58ms)
	RebuildCommonClasses (36ms)
	RebuildNativeTypeToScriptingClass (11ms)
	initialDomainReloadingComplete (32ms)
	LoadAllAssembliesAndSetupDomain (620ms)
		LoadAssemblies (395ms)
		RebuildTransferFunctionScriptingTraits (0ms)
		AnalyzeDomain (310ms)
			TypeCache.Refresh (11ms)
				TypeCache.ScanAssembly (0ms)
			BuildScriptInfoCaches (269ms)
			ResolveRequiredComponents (22ms)
	FinalizeReload (971ms)
		ReleaseScriptCaches (0ms)
		RebuildScriptCaches (0ms)
		SetupLoadedEditorAssemblies (779ms)
			LogAssemblyErrors (0ms)
			InitializePlatformSupportModulesInManaged (2ms)
			SetLoadedEditorAssemblies (9ms)
			BeforeProcessingInitializeOnLoad (226ms)
			ProcessInitializeOnLoadAttributes (467ms)
			ProcessInitializeOnLoadMethodAttributes (71ms)
			AfterProcessingInitializeOnLoad (4ms)
			EditorAssembliesLoaded (1ms)
		ExecutionOrderSort2 (0ms)
		AwakeInstancesAfterBackupRestoration (17ms)
Refreshing native plugins compatible for Editor in 2.49 ms, found 4 plugins.
Preloading 0 native plugins for Editor in 0.00 ms.
Unloading 35 Unused Serialized files (Serialized files now loaded: 0)
Unloading 7540 unused Assets / (8.5 MB). Loaded Objects now: 8381.
Memory consumption went from 163.6 MB to 155.1 MB.
Total: 14.259600 ms (FindLiveObjects: 1.494800 ms CreateObjectMapping: 1.113600 ms MarkObjects: 5.770200 ms  DeleteObjects: 5.879000 ms)

Prepare: number of updated asset objects reloaded= 0
========================================================================
Received Prepare
Begin MonoManager ReloadAssembly
[Licensing::Client] Successfully resolved entitlement details
[Licensing::Module] License group:
  Id: F4-NMTP-SXWG-HN24-U9HH-XXXX
  Product: Unity Personal
  Type: ULF
  Expiration: 2025-12-08T06:53:50Z
[Licensing::Module] License group:
  Id: ewogICJzdWJzR3JvdXAiIDogInVuaXR5IGVkaXRvciIsCiAgIm5hbWVzcGFjZSIgOiAidW5pdHlfZWRpdG9yIiwKICAidHlwZSIgOiAiRURJVE9SIiwKICAidGFnIiA6ICJVbml0eVBlcnNvbmFsXXXX
  Product: Unity Personal Version
  Type: Assigned
  Expiration: Unlimited
- Loaded All Assemblies, in  1.086 seconds
Refreshing native plugins compatible for Editor in 1.56 ms, found 4 plugins.
Native extension for WindowsStandalone target not found
[Package Manager] Failed to launch server process. Reason: Unity was launched with the -noUpm command-line argument
[Package Manager] Unable to send message (not connected to server process).
[Package Manager] Cannot connect to Unity Package Manager local server
Mono: successfully reloaded assembly
- Finished resetting the current domain, in  0.960 seconds
Domain Reload Profiling: 2043ms
	BeginReloadAssembly (291ms)
		ExecutionOrderSort (0ms)
		DisableScriptedObjects (22ms)
		BackupInstance (0ms)
		ReleaseScriptingObjects (0ms)
		CreateAndSetChildDomain (67ms)
	RebuildCommonClasses (47ms)
	RebuildNativeTypeToScriptingClass (13ms)
	initialDomainReloadingComplete (29ms)
	LoadAllAssembliesAndSetupDomain (702ms)
		LoadAssemblies (572ms)
		RebuildTransferFunctionScriptingTraits (0ms)
		AnalyzeDomain (269ms)
			TypeCache.Refresh (13ms)
				TypeCache.ScanAssembly (1ms)
			BuildScriptInfoCaches (238ms)
			ResolveRequiredComponents (14ms)
	FinalizeReload (960ms)
		ReleaseScriptCaches (0ms)
		RebuildScriptCaches (0ms)
		SetupLoadedEditorAssemblies (775ms)
			LogAssemblyErrors (0ms)
			InitializePlatformSupportModulesInManaged (2ms)
			SetLoadedEditorAssemblies (7ms)
			BeforeProcessingInitializeOnLoad (238ms)
			ProcessInitializeOnLoadAttributes (437ms)
			ProcessInitializeOnLoadMethodAttributes (87ms)
			AfterProcessingInitializeOnLoad (5ms)
			EditorAssembliesLoaded (0ms)
		ExecutionOrderSort2 (0ms)
		AwakeInstancesAfterBackupRestoration (19ms)
Refreshing native plugins compatible for Editor in 2.94 ms, found 4 plugins.
Preloading 0 native plugins for Editor in 0.00 ms.
Unloading 35 Unused Serialized files (Serialized files now loaded: 0)
Unloading 7540 unused Assets / (10.8 MB). Loaded Objects now: 8387.
Memory consumption went from 163.6 MB to 152.8 MB.
Total: 26.286000 ms (FindLiveObjects: 2.452500 ms CreateObjectMapping: 1.685700 ms MarkObjects: 9.934300 ms  DeleteObjects: 12.211300 ms)

Prepare: number of updated asset objects reloaded= 0
========================================================================
Received Prepare
Begin MonoManager ReloadAssembly
[Licensing::Client] Successfully resolved entitlement details
[Licensing::Module] License group:
  Id: F4-NMTP-SXWG-HN24-U9HH-XXXX
  Product: Unity Personal
  Type: ULF
  Expiration: 2025-12-08T06:53:50Z
[Licensing::Module] License group:
  Id: ewogICJzdWJzR3JvdXAiIDogInVuaXR5IGVkaXRvciIsCiAgIm5hbWVzcGFjZSIgOiAidW5pdHlfZWRpdG9yIiwKICAidHlwZSIgOiAiRURJVE9SIiwKICAidGFnIiA6ICJVbml0eVBlcnNvbmFsXXXX
  Product: Unity Personal Version
  Type: Assigned
  Expiration: Unlimited
- Loaded All Assemblies, in  0.844 seconds
Refreshing native plugins compatible for Editor in 1.27 ms, found 4 plugins.
Native extension for WindowsStandalone target not found
[Package Manager] Failed to launch server process. Reason: Unity was launched with the -noUpm command-line argument
[Package Manager] Unable to send message (not connected to server process).
[Package Manager] Cannot connect to Unity Package Manager local server
Mono: successfully reloaded assembly
- Finished resetting the current domain, in  0.985 seconds
Domain Reload Profiling: 1831ms
	BeginReloadAssembly (230ms)
		ExecutionOrderSort (0ms)
		DisableScriptedObjects (20ms)
		BackupInstance (0ms)
		ReleaseScriptingObjects (0ms)
		CreateAndSetChildDomain (58ms)
	RebuildCommonClasses (34ms)
	RebuildNativeTypeToScriptingClass (14ms)
	initialDomainReloadingComplete (27ms)
	LoadAllAssembliesAndSetupDomain (540ms)
		LoadAssemblies (403ms)
		RebuildTransferFunctionScriptingTraits (0ms)
		AnalyzeDomain (228ms)
			TypeCache.Refresh (11ms)
				TypeCache.ScanAssembly (0ms)
			BuildScriptInfoCaches (202ms)
			ResolveRequiredComponents (11ms)
	FinalizeReload (985ms)
		ReleaseScriptCaches (0ms)
		RebuildScriptCaches (0ms)
		SetupLoadedEditorAssemblies (799ms)
			LogAssemblyErrors (0ms)
			InitializePlatformSupportModulesInManaged (2ms)
			SetLoadedEditorAssemblies (6ms)
			BeforeProcessingInitializeOnLoad (274ms)
			ProcessInitializeOnLoadAttributes (448ms)
			ProcessInitializeOnLoadMethodAttributes (65ms)
			AfterProcessingInitializeOnLoad (4ms)
			EditorAssembliesLoaded (0ms)
		ExecutionOrderSort2 (0ms)
		AwakeInstancesAfterBackupRestoration (18ms)
Refreshing native plugins compatible for Editor in 2.60 ms, found 4 plugins.
Preloading 0 native plugins for Editor in 0.00 ms.
Unloading 35 Unused Serialized files (Serialized files now loaded: 0)
Unloading 7540 unused Assets / (9.3 MB). Loaded Objects now: 8393.
Memory consumption went from 163.7 MB to 154.3 MB.
Total: 36.342700 ms (FindLiveObjects: 3.152700 ms CreateObjectMapping: 1.682200 ms MarkObjects: 10.804200 ms  DeleteObjects: 20.700100 ms)

Prepare: number of updated asset objects reloaded= 0
========================================================================
Received Prepare
Begin MonoManager ReloadAssembly
[Licensing::Client] Successfully resolved entitlement details
[Licensing::Module] License group:
  Id: F4-NMTP-SXWG-HN24-U9HH-XXXX
  Product: Unity Personal
  Type: ULF
  Expiration: 2025-12-08T06:53:50Z
[Licensing::Module] License group:
  Id: ewogICJzdWJzR3JvdXAiIDogInVuaXR5IGVkaXRvciIsCiAgIm5hbWVzcGFjZSIgOiAidW5pdHlfZWRpdG9yIiwKICAidHlwZSIgOiAiRURJVE9SIiwKICAidGFnIiA6ICJVbml0eVBlcnNvbmFsXXXX
  Product: Unity Personal Version
  Type: Assigned
  Expiration: Unlimited
- Loaded All Assemblies, in  1.016 seconds
Refreshing native plugins compatible for Editor in 1.24 ms, found 4 plugins.
Native extension for WindowsStandalone target not found
[Package Manager] Failed to launch server process. Reason: Unity was launched with the -noUpm command-line argument
[Package Manager] Unable to send message (not connected to server process).
[Package Manager] Cannot connect to Unity Package Manager local server
Mono: successfully reloaded assembly
- Finished resetting the current domain, in  0.875 seconds
Domain Reload Profiling: 1892ms
	BeginReloadAssembly (303ms)
		ExecutionOrderSort (0ms)
		DisableScriptedObjects (15ms)
		BackupInstance (0ms)
		ReleaseScriptingObjects (0ms)
		CreateAndSetChildDomain (64ms)
	RebuildCommonClasses (41ms)
	RebuildNativeTypeToScriptingClass (14ms)
	initialDomainReloadingComplete (28ms)
	LoadAllAssembliesAndSetupDomain (631ms)
		LoadAssemblies (533ms)
		RebuildTransferFunctionScriptingTraits (0ms)
		AnalyzeDomain (255ms)
			TypeCache.Refresh (12ms)
				TypeCache.ScanAssembly (1ms)
			BuildScriptInfoCaches (226ms)
			ResolveRequiredComponents (12ms)
	FinalizeReload (875ms)
		ReleaseScriptCaches (0ms)
		RebuildScriptCaches (0ms)
		SetupLoadedEditorAssemblies (731ms)
			LogAssemblyErrors (0ms)
			InitializePlatformSupportModulesInManaged (2ms)
			SetLoadedEditorAssemblies (8ms)
			BeforeProcessingInitializeOnLoad (244ms)
			ProcessInitializeOnLoadAttributes (400ms)
			ProcessInitializeOnLoadMethodAttributes (73ms)
			AfterProcessingInitializeOnLoad (4ms)
			EditorAssembliesLoaded (0ms)
		ExecutionOrderSort2 (0ms)
		AwakeInstancesAfterBackupRestoration (14ms)
Refreshing native plugins compatible for Editor in 1.95 ms, found 4 plugins.
Preloading 0 native plugins for Editor in 0.00 ms.
Unloading 35 Unused Serialized files (Serialized files now loaded: 0)
Unloading 7540 unused Assets / (9.6 MB). Loaded Objects now: 8399.
Memory consumption went from 163.7 MB to 154.1 MB.
Total: 64.670800 ms (FindLiveObjects: 17.778600 ms CreateObjectMapping: 20.544200 ms MarkObjects: 18.095100 ms  DeleteObjects: 8.242600 ms)

Prepare: number of updated asset objects reloaded= 0
========================================================================
Received Prepare
Begin MonoManager ReloadAssembly
- Loaded All Assemblies, in  1.085 seconds
Refreshing native plugins compatible for Editor in 2.27 ms, found 4 plugins.
Native extension for WindowsStandalone target not found
[Package Manager] Failed to launch server process. Reason: Unity was launched with the -noUpm command-line argument
[Package Manager] Unable to send message (not connected to server process).
[Package Manager] Cannot connect to Unity Package Manager local server
Mono: successfully reloaded assembly
- Finished resetting the current domain, in  1.267 seconds
Domain Reload Profiling: 2353ms
	BeginReloadAssembly (278ms)
		ExecutionOrderSort (0ms)
		DisableScriptedObjects (16ms)
		BackupInstance (0ms)
		ReleaseScriptingObjects (0ms)
		CreateAndSetChildDomain (68ms)
	RebuildCommonClasses (43ms)
	RebuildNativeTypeToScriptingClass (13ms)
	initialDomainReloadingComplete (35ms)
	LoadAllAssembliesAndSetupDomain (716ms)
		LoadAssemblies (578ms)
		RebuildTransferFunctionScriptingTraits (0ms)
		AnalyzeDomain (265ms)
			TypeCache.Refresh (13ms)
				TypeCache.ScanAssembly (1ms)
			BuildScriptInfoCaches (235ms)
			ResolveRequiredComponents (13ms)
	FinalizeReload (1268ms)
		ReleaseScriptCaches (0ms)
		RebuildScriptCaches (0ms)
		SetupLoadedEditorAssemblies (1032ms)
			LogAssemblyErrors (0ms)
			InitializePlatformSupportModulesInManaged (2ms)
			SetLoadedEditorAssemblies (12ms)
			BeforeProcessingInitializeOnLoad (361ms)
			ProcessInitializeOnLoadAttributes (557ms)
			ProcessInitializeOnLoadMethodAttributes (95ms)
			AfterProcessingInitializeOnLoad (4ms)
			EditorAssembliesLoaded (1ms)
		ExecutionOrderSort2 (0ms)
		AwakeInstancesAfterBackupRestoration (23ms)
Refreshing native plugins compatible for Editor in 2.48 ms, found 4 plugins.
Preloading 0 native plugins for Editor in 0.00 ms.
Unloading 35 Unused Serialized files (Serialized files now loaded: 0)
Unloading 7540 unused Assets / (8.8 MB). Loaded Objects now: 8405.
Memory consumption went from 163.7 MB to 154.9 MB.
Total: 24.434000 ms (FindLiveObjects: 1.607700 ms CreateObjectMapping: 1.449500 ms MarkObjects: 10.251400 ms  DeleteObjects: 11.123700 ms)

Prepare: number of updated asset objects reloaded= 0
========================================================================
Received Prepare
Begin MonoManager ReloadAssembly
[Licensing::Client] Successfully resolved entitlement details
[Licensing::Module] License group:
  Id: F4-NMTP-SXWG-HN24-U9HH-XXXX
  Product: Unity Personal
  Type: ULF
  Expiration: 2025-12-08T06:53:50Z
[Licensing::Module] License group:
  Id: ewogICJzdWJzR3JvdXAiIDogInVuaXR5IGVkaXRvciIsCiAgIm5hbWVzcGFjZSIgOiAidW5pdHlfZWRpdG9yIiwKICAidHlwZSIgOiAiRURJVE9SIiwKICAidGFnIiA6ICJVbml0eVBlcnNvbmFsXXXX
  Product: Unity Personal Version
  Type: Assigned
  Expiration: Unlimited
- Loaded All Assemblies, in  0.963 seconds
Refreshing native plugins compatible for Editor in 1.07 ms, found 4 plugins.
Native extension for WindowsStandalone target not found
[Package Manager] Failed to launch server process. Reason: Unity was launched with the -noUpm command-line argument
[Package Manager] Unable to send message (not connected to server process).
[Package Manager] Cannot connect to Unity Package Manager local server
Mono: successfully reloaded assembly
- Finished resetting the current domain, in  0.831 seconds
Domain Reload Profiling: 1791ms
	BeginReloadAssembly (218ms)
		ExecutionOrderSort (0ms)
		DisableScriptedObjects (16ms)
		BackupInstance (0ms)
		ReleaseScriptingObjects (0ms)
		CreateAndSetChildDomain (53ms)
	RebuildCommonClasses (43ms)
	RebuildNativeTypeToScriptingClass (19ms)
	initialDomainReloadingComplete (38ms)
	LoadAllAssembliesAndSetupDomain (643ms)
		LoadAssemblies (474ms)
		RebuildTransferFunctionScriptingTraits (0ms)
		AnalyzeDomain (260ms)
			TypeCache.Refresh (12ms)
				TypeCache.ScanAssembly (0ms)
			BuildScriptInfoCaches (231ms)
			ResolveRequiredComponents (12ms)
	FinalizeReload (831ms)
		ReleaseScriptCaches (0ms)
		RebuildScriptCaches (0ms)
		SetupLoadedEditorAssemblies (683ms)
			LogAssemblyErrors (0ms)
			InitializePlatformSupportModulesInManaged (1ms)
			SetLoadedEditorAssemblies (6ms)
			BeforeProcessingInitializeOnLoad (208ms)
			ProcessInitializeOnLoadAttributes (401ms)
			ProcessInitializeOnLoadMethodAttributes (62ms)
			AfterProcessingInitializeOnLoad (5ms)
			EditorAssembliesLoaded (0ms)
		ExecutionOrderSort2 (0ms)
		AwakeInstancesAfterBackupRestoration (15ms)
Refreshing native plugins compatible for Editor in 2.10 ms, found 4 plugins.
Preloading 0 native plugins for Editor in 0.00 ms.
Unloading 35 Unused Serialized files (Serialized files now loaded: 0)
Unloading 7540 unused Assets / (8.3 MB). Loaded Objects now: 8411.
Memory consumption went from 163.8 MB to 155.5 MB.
Total: 21.968200 ms (FindLiveObjects: 3.078300 ms CreateObjectMapping: 2.161500 ms MarkObjects: 8.864600 ms  DeleteObjects: 7.862100 ms)

Prepare: number of updated asset objects reloaded= 0
========================================================================
Received Prepare
Begin MonoManager ReloadAssembly
[Licensing::Client] Successfully resolved entitlement details
[Licensing::Module] License group:
  Id: F4-NMTP-SXWG-HN24-U9HH-XXXX
  Product: Unity Personal
  Type: ULF
  Expiration: 2025-12-08T06:53:50Z
[Licensing::Module] License group:
  Id: ewogICJzdWJzR3JvdXAiIDogInVuaXR5IGVkaXRvciIsCiAgIm5hbWVzcGFjZSIgOiAidW5pdHlfZWRpdG9yIiwKICAidHlwZSIgOiAiRURJVE9SIiwKICAidGFnIiA6ICJVbml0eVBlcnNvbmFsXXXX
  Product: Unity Personal Version
  Type: Assigned
  Expiration: Unlimited
- Loaded All Assemblies, in  0.844 seconds
Refreshing native plugins compatible for Editor in 1.32 ms, found 4 plugins.
Native extension for WindowsStandalone target not found
[Package Manager] Failed to launch server process. Reason: Unity was launched with the -noUpm command-line argument
[Package Manager] Unable to send message (not connected to server process).
[Package Manager] Cannot connect to Unity Package Manager local server
Mono: successfully reloaded assembly
- Finished resetting the current domain, in  0.941 seconds
Domain Reload Profiling: 1784ms
	BeginReloadAssembly (209ms)
		ExecutionOrderSort (0ms)
		DisableScriptedObjects (12ms)
		BackupInstance (0ms)
		ReleaseScriptingObjects (0ms)
		CreateAndSetChildDomain (53ms)
	RebuildCommonClasses (37ms)
	RebuildNativeTypeToScriptingClass (12ms)
	initialDomainReloadingComplete (26ms)
	LoadAllAssembliesAndSetupDomain (560ms)
		LoadAssemblies (397ms)
		RebuildTransferFunctionScriptingTraits (0ms)
		AnalyzeDomain (254ms)
			TypeCache.Refresh (12ms)
				TypeCache.ScanAssembly (1ms)
			BuildScriptInfoCaches (225ms)
			ResolveRequiredComponents (12ms)
	FinalizeReload (941ms)
		ReleaseScriptCaches (0ms)
		RebuildScriptCaches (0ms)
		SetupLoadedEditorAssemblies (784ms)
			LogAssemblyErrors (0ms)
			InitializePlatformSupportModulesInManaged (2ms)
			SetLoadedEditorAssemblies (6ms)
			BeforeProcessingInitializeOnLoad (253ms)
			ProcessInitializeOnLoadAttributes (440ms)
			ProcessInitializeOnLoadMethodAttributes (78ms)
			AfterProcessingInitializeOnLoad (5ms)
			EditorAssembliesLoaded (1ms)
		ExecutionOrderSort2 (0ms)
		AwakeInstancesAfterBackupRestoration (20ms)
Refreshing native plugins compatible for Editor in 3.53 ms, found 4 plugins.
Preloading 0 native plugins for Editor in 0.00 ms.
Unloading 35 Unused Serialized files (Serialized files now loaded: 0)
Unloading 7540 unused Assets / (9.0 MB). Loaded Objects now: 8417.
Memory consumption went from 163.8 MB to 154.9 MB.
Total: 21.801000 ms (FindLiveObjects: 1.621400 ms CreateObjectMapping: 1.437400 ms MarkObjects: 9.732900 ms  DeleteObjects: 9.006900 ms)

Prepare: number of updated asset objects reloaded= 0
========================================================================
Received Prepare
Begin MonoManager ReloadAssembly
[Licensing::Client] Successfully resolved entitlement details
[Licensing::Module] License group:
  Id: F4-NMTP-SXWG-HN24-U9HH-XXXX
  Product: Unity Personal
  Type: ULF
  Expiration: 2025-12-08T06:53:50Z
[Licensing::Module] License group:
  Id: ewogICJzdWJzR3JvdXAiIDogInVuaXR5IGVkaXRvciIsCiAgIm5hbWVzcGFjZSIgOiAidW5pdHlfZWRpdG9yIiwKICAidHlwZSIgOiAiRURJVE9SIiwKICAidGFnIiA6ICJVbml0eVBlcnNvbmFsXXXX
  Product: Unity Personal Version
  Type: Assigned
  Expiration: Unlimited
- Loaded All Assemblies, in  0.987 seconds
Refreshing native plugins compatible for Editor in 1.14 ms, found 4 plugins.
Native extension for WindowsStandalone target not found
[Package Manager] Failed to launch server process. Reason: Unity was launched with the -noUpm command-line argument
[Package Manager] Unable to send message (not connected to server process).
[Package Manager] Cannot connect to Unity Package Manager local server
Mono: successfully reloaded assembly
- Finished resetting the current domain, in  0.820 seconds
Domain Reload Profiling: 1806ms
	BeginReloadAssembly (233ms)
		ExecutionOrderSort (0ms)
		DisableScriptedObjects (14ms)
		BackupInstance (0ms)
		ReleaseScriptingObjects (0ms)
		CreateAndSetChildDomain (52ms)
	RebuildCommonClasses (41ms)
	RebuildNativeTypeToScriptingClass (17ms)
	initialDomainReloadingComplete (38ms)
	LoadAllAssembliesAndSetupDomain (657ms)
		LoadAssemblies (514ms)
		RebuildTransferFunctionScriptingTraits (0ms)
		AnalyzeDomain (250ms)
			TypeCache.Refresh (10ms)
				TypeCache.ScanAssembly (0ms)
			BuildScriptInfoCaches (223ms)
			ResolveRequiredComponents (13ms)
	FinalizeReload (820ms)
		ReleaseScriptCaches (0ms)
		RebuildScriptCaches (0ms)
		SetupLoadedEditorAssemblies (670ms)
			LogAssemblyErrors (0ms)
			InitializePlatformSupportModulesInManaged (2ms)
			SetLoadedEditorAssemblies (7ms)
			BeforeProcessingInitializeOnLoad (210ms)
			ProcessInitializeOnLoadAttributes (391ms)
			ProcessInitializeOnLoadMethodAttributes (57ms)
			AfterProcessingInitializeOnLoad (3ms)
			EditorAssembliesLoaded (0ms)
		ExecutionOrderSort2 (0ms)
		AwakeInstancesAfterBackupRestoration (15ms)
Refreshing native plugins compatible for Editor in 3.79 ms, found 4 plugins.
Preloading 0 native plugins for Editor in 0.00 ms.
Unloading 35 Unused Serialized files (Serialized files now loaded: 0)
Unloading 7540 unused Assets / (9.2 MB). Loaded Objects now: 8423.
Memory consumption went from 163.9 MB to 154.7 MB.
Total: 22.841800 ms (FindLiveObjects: 1.466100 ms CreateObjectMapping: 1.588500 ms MarkObjects: 9.052800 ms  DeleteObjects: 10.732500 ms)

Prepare: number of updated asset objects reloaded= 0
========================================================================
Received Prepare
Begin MonoManager ReloadAssembly
[Licensing::Client] Successfully resolved entitlement details
[Licensing::Module] License group:
  Id: F4-NMTP-SXWG-HN24-U9HH-XXXX
  Product: Unity Personal
  Type: ULF
  Expiration: 2025-12-08T06:53:50Z
[Licensing::Module] License group:
  Id: ewogICJzdWJzR3JvdXAiIDogInVuaXR5IGVkaXRvciIsCiAgIm5hbWVzcGFjZSIgOiAidW5pdHlfZWRpdG9yIiwKICAidHlwZSIgOiAiRURJVE9SIiwKICAidGFnIiA6ICJVbml0eVBlcnNvbmFsXXXX
  Product: Unity Personal Version
  Type: Assigned
  Expiration: Unlimited
- Loaded All Assemblies, in  1.659 seconds
Refreshing native plugins compatible for Editor in 1.67 ms, found 4 plugins.
Native extension for WindowsStandalone target not found
[Package Manager] Failed to launch server process. Reason: Unity was launched with the -noUpm command-line argument
[Package Manager] Unable to send message (not connected to server process).
[Package Manager] Cannot connect to Unity Package Manager local server
Mono: successfully reloaded assembly
- Finished resetting the current domain, in  1.057 seconds
Domain Reload Profiling: 2707ms
	BeginReloadAssembly (579ms)
		ExecutionOrderSort (0ms)
		DisableScriptedObjects (40ms)
		BackupInstance (0ms)
		ReleaseScriptingObjects (0ms)
		CreateAndSetChildDomain (117ms)
	RebuildCommonClasses (66ms)
	RebuildNativeTypeToScriptingClass (23ms)
	initialDomainReloadingComplete (64ms)
	LoadAllAssembliesAndSetupDomain (918ms)
		LoadAssemblies (911ms)
		RebuildTransferFunctionScriptingTraits (0ms)
		AnalyzeDomain (312ms)
			TypeCache.Refresh (11ms)
				TypeCache.ScanAssembly (0ms)
			BuildScriptInfoCaches (281ms)
			ResolveRequiredComponents (14ms)
	FinalizeReload (1057ms)
		ReleaseScriptCaches (0ms)
		RebuildScriptCaches (0ms)
		SetupLoadedEditorAssemblies (885ms)
			LogAssemblyErrors (0ms)
			InitializePlatformSupportModulesInManaged (2ms)
			SetLoadedEditorAssemblies (9ms)
			BeforeProcessingInitializeOnLoad (252ms)
			ProcessInitializeOnLoadAttributes (521ms)
			ProcessInitializeOnLoadMethodAttributes (95ms)
			AfterProcessingInitializeOnLoad (7ms)
			EditorAssembliesLoaded (0ms)
		ExecutionOrderSort2 (0ms)
		AwakeInstancesAfterBackupRestoration (22ms)
Refreshing native plugins compatible for Editor in 3.71 ms, found 4 plugins.
Preloading 0 native plugins for Editor in 0.00 ms.
Unloading 35 Unused Serialized files (Serialized files now loaded: 0)
Unloading 7540 unused Assets / (8.6 MB). Loaded Objects now: 8429.
Memory consumption went from 163.9 MB to 155.3 MB.
Total: 24.288800 ms (FindLiveObjects: 2.045400 ms CreateObjectMapping: 1.675600 ms MarkObjects: 9.933300 ms  DeleteObjects: 10.631800 ms)

Prepare: number of updated asset objects reloaded= 0
========================================================================
Received Prepare
Begin MonoManager ReloadAssembly
[Licensing::Client] Successfully resolved entitlement details
[Licensing::Module] License group:
  Id: F4-NMTP-SXWG-HN24-U9HH-XXXX
  Product: Unity Personal
  Type: ULF
  Expiration: 2025-12-08T06:53:50Z
[Licensing::Module] License group:
  Id: ewogICJzdWJzR3JvdXAiIDogInVuaXR5IGVkaXRvciIsCiAgIm5hbWVzcGFjZSIgOiAidW5pdHlfZWRpdG9yIiwKICAidHlwZSIgOiAiRURJVE9SIiwKICAidGFnIiA6ICJVbml0eVBlcnNvbmFsXXXX
  Product: Unity Personal Version
  Type: Assigned
  Expiration: Unlimited
- Loaded All Assemblies, in  1.070 seconds
Refreshing native plugins compatible for Editor in 0.96 ms, found 4 plugins.
Native extension for WindowsStandalone target not found
[Package Manager] Failed to launch server process. Reason: Unity was launched with the -noUpm command-line argument
[Package Manager] Unable to send message (not connected to server process).
[Package Manager] Cannot connect to Unity Package Manager local server
Mono: successfully reloaded assembly
- Finished resetting the current domain, in  0.985 seconds
Domain Reload Profiling: 2055ms
	BeginReloadAssembly (275ms)
		ExecutionOrderSort (0ms)
		DisableScriptedObjects (21ms)
		BackupInstance (0ms)
		ReleaseScriptingObjects (0ms)
		CreateAndSetChildDomain (70ms)
	RebuildCommonClasses (44ms)
	RebuildNativeTypeToScriptingClass (21ms)
	initialDomainReloadingComplete (59ms)
	LoadAllAssembliesAndSetupDomain (669ms)
		LoadAssemblies (551ms)
		RebuildTransferFunctionScriptingTraits (0ms)
		AnalyzeDomain (235ms)
			TypeCache.Refresh (12ms)
				TypeCache.ScanAssembly (0ms)
			BuildScriptInfoCaches (208ms)
			ResolveRequiredComponents (11ms)
	FinalizeReload (986ms)
		ReleaseScriptCaches (0ms)
		RebuildScriptCaches (0ms)
		SetupLoadedEditorAssemblies (813ms)
			LogAssemblyErrors (0ms)
			InitializePlatformSupportModulesInManaged (2ms)
			SetLoadedEditorAssemblies (10ms)
			BeforeProcessingInitializeOnLoad (242ms)
			ProcessInitializeOnLoadAttributes (470ms)
			ProcessInitializeOnLoadMethodAttributes (84ms)
			AfterProcessingInitializeOnLoad (4ms)
			EditorAssembliesLoaded (0ms)
		ExecutionOrderSort2 (0ms)
		AwakeInstancesAfterBackupRestoration (21ms)
Refreshing native plugins compatible for Editor in 2.30 ms, found 4 plugins.
Preloading 0 native plugins for Editor in 0.00 ms.
Unloading 35 Unused Serialized files (Serialized files now loaded: 0)
Unloading 7540 unused Assets / (8.5 MB). Loaded Objects now: 8435.
Memory consumption went from 164.0 MB to 155.4 MB.
Total: 20.843700 ms (FindLiveObjects: 1.522700 ms CreateObjectMapping: 2.987400 ms MarkObjects: 7.357800 ms  DeleteObjects: 8.973600 ms)

Prepare: number of updated asset objects reloaded= 0
========================================================================
Received Prepare
Begin MonoManager ReloadAssembly
[Licensing::Client] Successfully resolved entitlement details
[Licensing::Module] License group:
  Id: F4-NMTP-SXWG-HN24-U9HH-XXXX
  Product: Unity Personal
  Type: ULF
  Expiration: 2025-12-08T06:53:50Z
[Licensing::Module] License group:
  Id: ewogICJzdWJzR3JvdXAiIDogInVuaXR5IGVkaXRvciIsCiAgIm5hbWVzcGFjZSIgOiAidW5pdHlfZWRpdG9yIiwKICAidHlwZSIgOiAiRURJVE9SIiwKICAidGFnIiA6ICJVbml0eVBlcnNvbmFsXXXX
  Product: Unity Personal Version
  Type: Assigned
  Expiration: Unlimited
- Loaded All Assemblies, in  1.074 seconds
Refreshing native plugins compatible for Editor in 1.10 ms, found 4 plugins.
Native extension for WindowsStandalone target not found
[Package Manager] Failed to launch server process. Reason: Unity was launched with the -noUpm command-line argument
[Package Manager] Unable to send message (not connected to server process).
[Package Manager] Cannot connect to Unity Package Manager local server
Mono: successfully reloaded assembly
- Finished resetting the current domain, in  1.152 seconds
Domain Reload Profiling: 2230ms
	BeginReloadAssembly (275ms)
		ExecutionOrderSort (0ms)
		DisableScriptedObjects (21ms)
		BackupInstance (0ms)
		ReleaseScriptingObjects (0ms)
		CreateAndSetChildDomain (71ms)
	RebuildCommonClasses (43ms)
	RebuildNativeTypeToScriptingClass (18ms)
	initialDomainReloadingComplete (36ms)
	LoadAllAssembliesAndSetupDomain (705ms)
		LoadAssemblies (535ms)
		RebuildTransferFunctionScriptingTraits (0ms)
		AnalyzeDomain (284ms)
			TypeCache.Refresh (11ms)
				TypeCache.ScanAssembly (0ms)
			BuildScriptInfoCaches (249ms)
			ResolveRequiredComponents (20ms)
	FinalizeReload (1153ms)
		ReleaseScriptCaches (0ms)
		RebuildScriptCaches (0ms)
		SetupLoadedEditorAssemblies (957ms)
			LogAssemblyErrors (0ms)
			InitializePlatformSupportModulesInManaged (2ms)
			SetLoadedEditorAssemblies (9ms)
			BeforeProcessingInitializeOnLoad (285ms)
			ProcessInitializeOnLoadAttributes (548ms)
			ProcessInitializeOnLoadMethodAttributes (108ms)
			AfterProcessingInitializeOnLoad (4ms)
			EditorAssembliesLoaded (0ms)
		ExecutionOrderSort2 (0ms)
		AwakeInstancesAfterBackupRestoration (22ms)
Refreshing native plugins compatible for Editor in 3.49 ms, found 4 plugins.
Preloading 0 native plugins for Editor in 0.00 ms.
Unloading 35 Unused Serialized files (Serialized files now loaded: 0)
Unloading 7540 unused Assets / (8.0 MB). Loaded Objects now: 8441.
Memory consumption went from 164.0 MB to 156.0 MB.
Total: 14.926800 ms (FindLiveObjects: 1.533100 ms CreateObjectMapping: 1.103200 ms MarkObjects: 4.841800 ms  DeleteObjects: 7.446900 ms)

Prepare: number of updated asset objects reloaded= 0
========================================================================
Received Import Request.
  Time since last request: 6140.961844 seconds.
  path: Assets/Art/equip/EquipmentData 1.asset
  artifactKey: Guid(e5c1a3599aa2a4046a2c2f34e322ceda) Importer(815301076,1909f56bfc062723c751e8b465ee728b)
Start importing Assets/Art/equip/EquipmentData 1.asset using Guid(e5c1a3599aa2a4046a2c2f34e322ceda) Importer(815301076,1909f56bfc062723c751e8b465ee728b) (PreviewImporter) -> (artifact id: '8ee0abc4904311082bcb13c58edcb8ab') in 0.6570101 seconds
Number of updated asset objects reloaded before import = 0Number of asset objects unloaded after import = 2

========================================================================
Received Prepare
Begin MonoManager ReloadAssembly
[Licensing::Client] Successfully resolved entitlement details
[Licensing::Module] License group:
  Id: F4-NMTP-SXWG-HN24-U9HH-XXXX
  Product: Unity Personal
  Type: ULF
  Expiration: 2025-12-08T06:53:50Z
[Licensing::Module] License group:
  Id: ewogICJzdWJzR3JvdXAiIDogInVuaXR5IGVkaXRvciIsCiAgIm5hbWVzcGFjZSIgOiAidW5pdHlfZWRpdG9yIiwKICAidHlwZSIgOiAiRURJVE9SIiwKICAidGFnIiA6ICJVbml0eVBlcnNvbmFsXXXX
  Product: Unity Personal Version
  Type: Assigned
  Expiration: Unlimited
- Loaded All Assemblies, in  1.082 seconds
Refreshing native plugins compatible for Editor in 1.17 ms, found 4 plugins.
Native extension for WindowsStandalone target not found
[Package Manager] Failed to launch server process. Reason: Unity was launched with the -noUpm command-line argument
[Package Manager] Unable to send message (not connected to server process).
[Package Manager] Cannot connect to Unity Package Manager local server
Mono: successfully reloaded assembly
- Finished resetting the current domain, in  1.046 seconds
Domain Reload Profiling: 2130ms
	BeginReloadAssembly (258ms)
		ExecutionOrderSort (0ms)
		DisableScriptedObjects (14ms)
		BackupInstance (0ms)
		ReleaseScriptingObjects (0ms)
		CreateAndSetChildDomain (74ms)
	RebuildCommonClasses (31ms)
	RebuildNativeTypeToScriptingClass (16ms)
	initialDomainReloadingComplete (43ms)
	LoadAllAssembliesAndSetupDomain (734ms)
		LoadAssemblies (531ms)
		RebuildTransferFunctionScriptingTraits (0ms)
		AnalyzeDomain (307ms)
			TypeCache.Refresh (11ms)
				TypeCache.ScanAssembly (1ms)
			BuildScriptInfoCaches (266ms)
			ResolveRequiredComponents (23ms)
	FinalizeReload (1046ms)
		ReleaseScriptCaches (0ms)
		RebuildScriptCaches (0ms)
		SetupLoadedEditorAssemblies (840ms)
			LogAssemblyErrors (0ms)
			InitializePlatformSupportModulesInManaged (2ms)
			SetLoadedEditorAssemblies (9ms)
			BeforeProcessingInitializeOnLoad (245ms)
			ProcessInitializeOnLoadAttributes (503ms)
			ProcessInitializeOnLoadMethodAttributes (76ms)
			AfterProcessingInitializeOnLoad (5ms)
			EditorAssembliesLoaded (0ms)
		ExecutionOrderSort2 (0ms)
		AwakeInstancesAfterBackupRestoration (18ms)
Refreshing native plugins compatible for Editor in 2.66 ms, found 4 plugins.
Preloading 0 native plugins for Editor in 0.00 ms.
Unloading 35 Unused Serialized files (Serialized files now loaded: 0)
Unloading 7541 unused Assets / (9.1 MB). Loaded Objects now: 8448.
Memory consumption went from 164.0 MB to 155.0 MB.
Total: 113.037600 ms (FindLiveObjects: 1.535500 ms CreateObjectMapping: 1.626100 ms MarkObjects: 24.541500 ms  DeleteObjects: 85.332400 ms)

Prepare: number of updated asset objects reloaded= 0
========================================================================
Received Prepare
Begin MonoManager ReloadAssembly
[Licensing::Client] Successfully resolved entitlement details
[Licensing::Module] License group:
  Id: F4-NMTP-SXWG-HN24-U9HH-XXXX
  Product: Unity Personal
  Type: ULF
  Expiration: 2025-12-08T06:53:50Z
[Licensing::Module] License group:
  Id: ewogICJzdWJzR3JvdXAiIDogInVuaXR5IGVkaXRvciIsCiAgIm5hbWVzcGFjZSIgOiAidW5pdHlfZWRpdG9yIiwKICAidHlwZSIgOiAiRURJVE9SIiwKICAidGFnIiA6ICJVbml0eVBlcnNvbmFsXXXX
  Product: Unity Personal Version
  Type: Assigned
  Expiration: Unlimited
- Loaded All Assemblies, in  1.065 seconds
Refreshing native plugins compatible for Editor in 1.11 ms, found 4 plugins.
Native extension for WindowsStandalone target not found
[Package Manager] Failed to launch server process. Reason: Unity was launched with the -noUpm command-line argument
[Package Manager] Unable to send message (not connected to server process).
[Package Manager] Cannot connect to Unity Package Manager local server
Mono: successfully reloaded assembly
- Finished resetting the current domain, in  1.013 seconds
Domain Reload Profiling: 2078ms
	BeginReloadAssembly (297ms)
		ExecutionOrderSort (0ms)
		DisableScriptedObjects (20ms)
		BackupInstance (0ms)
		ReleaseScriptingObjects (0ms)
		CreateAndSetChildDomain (80ms)
	RebuildCommonClasses (47ms)
	RebuildNativeTypeToScriptingClass (18ms)
	initialDomainReloadingComplete (51ms)
	LoadAllAssembliesAndSetupDomain (652ms)
		LoadAssemblies (544ms)
		RebuildTransferFunctionScriptingTraits (0ms)
		AnalyzeDomain (236ms)
			TypeCache.Refresh (10ms)
				TypeCache.ScanAssembly (0ms)
			BuildScriptInfoCaches (209ms)
			ResolveRequiredComponents (13ms)
	FinalizeReload (1014ms)
		ReleaseScriptCaches (0ms)
		RebuildScriptCaches (0ms)
		SetupLoadedEditorAssemblies (843ms)
			LogAssemblyErrors (0ms)
			InitializePlatformSupportModulesInManaged (2ms)
			SetLoadedEditorAssemblies (7ms)
			BeforeProcessingInitializeOnLoad (241ms)
			ProcessInitializeOnLoadAttributes (512ms)
			ProcessInitializeOnLoadMethodAttributes (77ms)
			AfterProcessingInitializeOnLoad (4ms)
			EditorAssembliesLoaded (0ms)
		ExecutionOrderSort2 (0ms)
		AwakeInstancesAfterBackupRestoration (20ms)
Refreshing native plugins compatible for Editor in 2.32 ms, found 4 plugins.
Preloading 0 native plugins for Editor in 0.00 ms.
Unloading 35 Unused Serialized files (Serialized files now loaded: 0)
Unloading 7541 unused Assets / (8.1 MB). Loaded Objects now: 8454.
Memory consumption went from 164.1 MB to 156.0 MB.
Total: 17.600900 ms (FindLiveObjects: 1.823600 ms CreateObjectMapping: 3.522500 ms MarkObjects: 7.003100 ms  DeleteObjects: 5.250100 ms)

Prepare: number of updated asset objects reloaded= 0
========================================================================
Received Prepare
Begin MonoManager ReloadAssembly
[Licensing::Client] Successfully resolved entitlement details
[Licensing::Module] License group:
  Id: F4-NMTP-SXWG-HN24-U9HH-XXXX
  Product: Unity Personal
  Type: ULF
  Expiration: 2025-12-08T06:53:50Z
[Licensing::Module] License group:
  Id: ewogICJzdWJzR3JvdXAiIDogInVuaXR5IGVkaXRvciIsCiAgIm5hbWVzcGFjZSIgOiAidW5pdHlfZWRpdG9yIiwKICAidHlwZSIgOiAiRURJVE9SIiwKICAidGFnIiA6ICJVbml0eVBlcnNvbmFsXXXX
  Product: Unity Personal Version
  Type: Assigned
  Expiration: Unlimited
- Loaded All Assemblies, in  1.034 seconds
Refreshing native plugins compatible for Editor in 1.57 ms, found 4 plugins.
Native extension for WindowsStandalone target not found
[Package Manager] Failed to launch server process. Reason: Unity was launched with the -noUpm command-line argument
[Package Manager] Unable to send message (not connected to server process).
[Package Manager] Cannot connect to Unity Package Manager local server
Mono: successfully reloaded assembly
- Finished resetting the current domain, in  1.005 seconds
Domain Reload Profiling: 2037ms
	BeginReloadAssembly (259ms)
		ExecutionOrderSort (0ms)
		DisableScriptedObjects (20ms)
		BackupInstance (0ms)
		ReleaseScriptingObjects (1ms)
		CreateAndSetChildDomain (71ms)
	RebuildCommonClasses (33ms)
	RebuildNativeTypeToScriptingClass (11ms)
	initialDomainReloadingComplete (32ms)
	LoadAllAssembliesAndSetupDomain (696ms)
		LoadAssemblies (548ms)
		RebuildTransferFunctionScriptingTraits (0ms)
		AnalyzeDomain (254ms)
			TypeCache.Refresh (10ms)
				TypeCache.ScanAssembly (0ms)
			BuildScriptInfoCaches (229ms)
			ResolveRequiredComponents (11ms)
	FinalizeReload (1006ms)
		ReleaseScriptCaches (0ms)
		RebuildScriptCaches (0ms)
		SetupLoadedEditorAssemblies (809ms)
			LogAssemblyErrors (0ms)
			InitializePlatformSupportModulesInManaged (2ms)
			SetLoadedEditorAssemblies (9ms)
			BeforeProcessingInitializeOnLoad (251ms)
			ProcessInitializeOnLoadAttributes (461ms)
			ProcessInitializeOnLoadMethodAttributes (80ms)
			AfterProcessingInitializeOnLoad (6ms)
			EditorAssembliesLoaded (1ms)
		ExecutionOrderSort2 (0ms)
		AwakeInstancesAfterBackupRestoration (23ms)
Refreshing native plugins compatible for Editor in 4.45 ms, found 4 plugins.
Preloading 0 native plugins for Editor in 0.00 ms.
Unloading 35 Unused Serialized files (Serialized files now loaded: 0)
Unloading 7541 unused Assets / (7.9 MB). Loaded Objects now: 8460.
Memory consumption went from 164.1 MB to 156.2 MB.
Total: 26.517800 ms (FindLiveObjects: 1.611500 ms CreateObjectMapping: 1.497400 ms MarkObjects: 15.339000 ms  DeleteObjects: 8.067300 ms)

Prepare: number of updated asset objects reloaded= 0
========================================================================
Received Prepare
Begin MonoManager ReloadAssembly
[Licensing::Client] Successfully resolved entitlement details
[Licensing::Module] License group:
  Id: F4-NMTP-SXWG-HN24-U9HH-XXXX
  Product: Unity Personal
  Type: ULF
  Expiration: 2025-12-08T06:53:50Z
[Licensing::Module] License group:
  Id: ewogICJzdWJzR3JvdXAiIDogInVuaXR5IGVkaXRvciIsCiAgIm5hbWVzcGFjZSIgOiAidW5pdHlfZWRpdG9yIiwKICAidHlwZSIgOiAiRURJVE9SIiwKICAidGFnIiA6ICJVbml0eVBlcnNvbmFsXXXX
  Product: Unity Personal Version
  Type: Assigned
  Expiration: Unlimited
- Loaded All Assemblies, in  0.993 seconds
Refreshing native plugins compatible for Editor in 1.58 ms, found 4 plugins.
Native extension for WindowsStandalone target not found
[Package Manager] Failed to launch server process. Reason: Unity was launched with the -noUpm command-line argument
[Package Manager] Unable to send message (not connected to server process).
[Package Manager] Cannot connect to Unity Package Manager local server
Mono: successfully reloaded assembly
- Finished resetting the current domain, in  0.960 seconds
Domain Reload Profiling: 1954ms
	BeginReloadAssembly (261ms)
		ExecutionOrderSort (0ms)
		DisableScriptedObjects (19ms)
		BackupInstance (0ms)
		ReleaseScriptingObjects (0ms)
		CreateAndSetChildDomain (55ms)
	RebuildCommonClasses (42ms)
	RebuildNativeTypeToScriptingClass (17ms)
	initialDomainReloadingComplete (34ms)
	LoadAllAssembliesAndSetupDomain (639ms)
		LoadAssemblies (525ms)
		RebuildTransferFunctionScriptingTraits (0ms)
		AnalyzeDomain (235ms)
			TypeCache.Refresh (8ms)
				TypeCache.ScanAssembly (0ms)
			BuildScriptInfoCaches (208ms)
			ResolveRequiredComponents (14ms)
	FinalizeReload (961ms)
		ReleaseScriptCaches (0ms)
		RebuildScriptCaches (0ms)
		SetupLoadedEditorAssemblies (770ms)
			LogAssemblyErrors (0ms)
			InitializePlatformSupportModulesInManaged (2ms)
			SetLoadedEditorAssemblies (9ms)
			BeforeProcessingInitializeOnLoad (261ms)
			ProcessInitializeOnLoadAttributes (423ms)
			ProcessInitializeOnLoadMethodAttributes (69ms)
			AfterProcessingInitializeOnLoad (5ms)
			EditorAssembliesLoaded (0ms)
		ExecutionOrderSort2 (0ms)
		AwakeInstancesAfterBackupRestoration (16ms)
Refreshing native plugins compatible for Editor in 3.40 ms, found 4 plugins.
Preloading 0 native plugins for Editor in 0.00 ms.
Unloading 35 Unused Serialized files (Serialized files now loaded: 0)
Unloading 7541 unused Assets / (8.9 MB). Loaded Objects now: 8466.
Memory consumption went from 164.2 MB to 155.2 MB.
Total: 15.703900 ms (FindLiveObjects: 1.467300 ms CreateObjectMapping: 1.504700 ms MarkObjects: 6.914700 ms  DeleteObjects: 5.814900 ms)

Prepare: number of updated asset objects reloaded= 0
========================================================================
Received Prepare
Begin MonoManager ReloadAssembly
[Licensing::Client] Successfully resolved entitlement details
[Licensing::Module] License group:
  Id: F4-NMTP-SXWG-HN24-U9HH-XXXX
  Product: Unity Personal
  Type: ULF
  Expiration: 2025-12-08T06:53:50Z
[Licensing::Module] License group:
  Id: ewogICJzdWJzR3JvdXAiIDogInVuaXR5IGVkaXRvciIsCiAgIm5hbWVzcGFjZSIgOiAidW5pdHlfZWRpdG9yIiwKICAidHlwZSIgOiAiRURJVE9SIiwKICAidGFnIiA6ICJVbml0eVBlcnNvbmFsXXXX
  Product: Unity Personal Version
  Type: Assigned
  Expiration: Unlimited
- Loaded All Assemblies, in  1.216 seconds
Refreshing native plugins compatible for Editor in 1.68 ms, found 4 plugins.
Native extension for WindowsStandalone target not found
[Package Manager] Failed to launch server process. Reason: Unity was launched with the -noUpm command-line argument
[Package Manager] Unable to send message (not connected to server process).
[Package Manager] Cannot connect to Unity Package Manager local server
Mono: successfully reloaded assembly
- Finished resetting the current domain, in  1.027 seconds
Domain Reload Profiling: 2242ms
	BeginReloadAssembly (308ms)
		ExecutionOrderSort (0ms)
		DisableScriptedObjects (20ms)
		BackupInstance (0ms)
		ReleaseScriptingObjects (0ms)
		CreateAndSetChildDomain (75ms)
	RebuildCommonClasses (37ms)
	RebuildNativeTypeToScriptingClass (23ms)
	initialDomainReloadingComplete (52ms)
	LoadAllAssembliesAndSetupDomain (794ms)
		LoadAssemblies (693ms)
		RebuildTransferFunctionScriptingTraits (0ms)
		AnalyzeDomain (240ms)
			TypeCache.Refresh (10ms)
				TypeCache.ScanAssembly (1ms)
			BuildScriptInfoCaches (211ms)
			ResolveRequiredComponents (13ms)
	FinalizeReload (1028ms)
		ReleaseScriptCaches (0ms)
		RebuildScriptCaches (0ms)
		SetupLoadedEditorAssemblies (843ms)
			LogAssemblyErrors (0ms)
			InitializePlatformSupportModulesInManaged (2ms)
			SetLoadedEditorAssemblies (6ms)
			BeforeProcessingInitializeOnLoad (243ms)
			ProcessInitializeOnLoadAttributes (497ms)
			ProcessInitializeOnLoadMethodAttributes (88ms)
			AfterProcessingInitializeOnLoad (7ms)
			EditorAssembliesLoaded (0ms)
		ExecutionOrderSort2 (0ms)
		AwakeInstancesAfterBackupRestoration (21ms)
Refreshing native plugins compatible for Editor in 3.36 ms, found 4 plugins.
Preloading 0 native plugins for Editor in 0.00 ms.
Unloading 35 Unused Serialized files (Serialized files now loaded: 0)
Unloading 7541 unused Assets / (8.9 MB). Loaded Objects now: 8472.
Memory consumption went from 164.2 MB to 155.4 MB.
Total: 13.386200 ms (FindLiveObjects: 1.086600 ms CreateObjectMapping: 0.904800 ms MarkObjects: 5.555600 ms  DeleteObjects: 5.837600 ms)

Prepare: number of updated asset objects reloaded= 0
========================================================================
Received Prepare
Begin MonoManager ReloadAssembly
[Licensing::Client] Successfully resolved entitlement details
[Licensing::Module] License group:
  Id: F4-NMTP-SXWG-HN24-U9HH-XXXX
  Product: Unity Personal
  Type: ULF
  Expiration: 2025-12-08T06:53:50Z
[Licensing::Module] License group:
  Id: ewogICJzdWJzR3JvdXAiIDogInVuaXR5IGVkaXRvciIsCiAgIm5hbWVzcGFjZSIgOiAidW5pdHlfZWRpdG9yIiwKICAidHlwZSIgOiAiRURJVE9SIiwKICAidGFnIiA6ICJVbml0eVBlcnNvbmFsXXXX
  Product: Unity Personal Version
  Type: Assigned
  Expiration: Unlimited
- Loaded All Assemblies, in  1.228 seconds
Refreshing native plugins compatible for Editor in 1.55 ms, found 4 plugins.
Native extension for WindowsStandalone target not found
[Package Manager] Failed to launch server process. Reason: Unity was launched with the -noUpm command-line argument
[Package Manager] Unable to send message (not connected to server process).
[Package Manager] Cannot connect to Unity Package Manager local server
Mono: successfully reloaded assembly
- Finished resetting the current domain, in  1.050 seconds
Domain Reload Profiling: 2275ms
	BeginReloadAssembly (346ms)
		ExecutionOrderSort (0ms)
		DisableScriptedObjects (30ms)
		BackupInstance (0ms)
		ReleaseScriptingObjects (0ms)
		CreateAndSetChildDomain (107ms)
	RebuildCommonClasses (51ms)
	RebuildNativeTypeToScriptingClass (13ms)
	initialDomainReloadingComplete (39ms)
	LoadAllAssembliesAndSetupDomain (776ms)
		LoadAssemblies (662ms)
		RebuildTransferFunctionScriptingTraits (0ms)
		AnalyzeDomain (250ms)
			TypeCache.Refresh (10ms)
				TypeCache.ScanAssembly (0ms)
			BuildScriptInfoCaches (215ms)
			ResolveRequiredComponents (19ms)
	FinalizeReload (1050ms)
		ReleaseScriptCaches (0ms)
		RebuildScriptCaches (0ms)
		SetupLoadedEditorAssemblies (855ms)
			LogAssemblyErrors (0ms)
			InitializePlatformSupportModulesInManaged (2ms)
			SetLoadedEditorAssemblies (8ms)
			BeforeProcessingInitializeOnLoad (255ms)
			ProcessInitializeOnLoadAttributes (504ms)
			ProcessInitializeOnLoadMethodAttributes (80ms)
			AfterProcessingInitializeOnLoad (6ms)
			EditorAssembliesLoaded (1ms)
		ExecutionOrderSort2 (0ms)
		AwakeInstancesAfterBackupRestoration (25ms)
Refreshing native plugins compatible for Editor in 6.94 ms, found 4 plugins.
Preloading 0 native plugins for Editor in 0.00 ms.
Unloading 35 Unused Serialized files (Serialized files now loaded: 0)
Unloading 7541 unused Assets / (8.5 MB). Loaded Objects now: 8478.
Memory consumption went from 164.3 MB to 155.7 MB.
Total: 51.130400 ms (FindLiveObjects: 6.639400 ms CreateObjectMapping: 1.631700 ms MarkObjects: 25.864500 ms  DeleteObjects: 16.992800 ms)

Prepare: number of updated asset objects reloaded= 0
========================================================================
Received Prepare
Begin MonoManager ReloadAssembly
[Licensing::Client] Successfully resolved entitlement details
[Licensing::Module] License group:
  Id: F4-NMTP-SXWG-HN24-U9HH-XXXX
  Product: Unity Personal
  Type: ULF
  Expiration: 2025-12-08T06:53:50Z
[Licensing::Module] License group:
  Id: ewogICJzdWJzR3JvdXAiIDogInVuaXR5IGVkaXRvciIsCiAgIm5hbWVzcGFjZSIgOiAidW5pdHlfZWRpdG9yIiwKICAidHlwZSIgOiAiRURJVE9SIiwKICAidGFnIiA6ICJVbml0eVBlcnNvbmFsXXXX
  Product: Unity Personal Version
  Type: Assigned
  Expiration: Unlimited
- Loaded All Assemblies, in  1.193 seconds
Refreshing native plugins compatible for Editor in 1.34 ms, found 4 plugins.
Native extension for WindowsStandalone target not found
[Package Manager] Failed to launch server process. Reason: Unity was launched with the -noUpm command-line argument
[Package Manager] Unable to send message (not connected to server process).
[Package Manager] Cannot connect to Unity Package Manager local server
Mono: successfully reloaded assembly
- Finished resetting the current domain, in  1.015 seconds
Domain Reload Profiling: 2208ms
	BeginReloadAssembly (308ms)
		ExecutionOrderSort (0ms)
		DisableScriptedObjects (15ms)
		BackupInstance (0ms)
		ReleaseScriptingObjects (0ms)
		CreateAndSetChildDomain (90ms)
	RebuildCommonClasses (46ms)
	RebuildNativeTypeToScriptingClass (16ms)
	initialDomainReloadingComplete (33ms)
	LoadAllAssembliesAndSetupDomain (790ms)
		LoadAssemblies (657ms)
		RebuildTransferFunctionScriptingTraits (0ms)
		AnalyzeDomain (266ms)
			TypeCache.Refresh (10ms)
				TypeCache.ScanAssembly (1ms)
			BuildScriptInfoCaches (238ms)
			ResolveRequiredComponents (14ms)
	FinalizeReload (1016ms)
		ReleaseScriptCaches (0ms)
		RebuildScriptCaches (0ms)
		SetupLoadedEditorAssemblies (801ms)
			LogAssemblyErrors (0ms)
			InitializePlatformSupportModulesInManaged (2ms)
			SetLoadedEditorAssemblies (7ms)
			BeforeProcessingInitializeOnLoad (242ms)
			ProcessInitializeOnLoadAttributes (466ms)
			ProcessInitializeOnLoadMethodAttributes (78ms)
			AfterProcessingInitializeOnLoad (6ms)
			EditorAssembliesLoaded (0ms)
		ExecutionOrderSort2 (0ms)
		AwakeInstancesAfterBackupRestoration (19ms)
Refreshing native plugins compatible for Editor in 6.75 ms, found 4 plugins.
Preloading 0 native plugins for Editor in 0.00 ms.
Unloading 35 Unused Serialized files (Serialized files now loaded: 0)
Unloading 7541 unused Assets / (8.2 MB). Loaded Objects now: 8484.
Memory consumption went from 164.3 MB to 156.1 MB.
Total: 22.365100 ms (FindLiveObjects: 3.526100 ms CreateObjectMapping: 2.569100 ms MarkObjects: 9.559200 ms  DeleteObjects: 6.707900 ms)

Prepare: number of updated asset objects reloaded= 0
========================================================================
Received Prepare
Begin MonoManager ReloadAssembly
[Licensing::Client] Successfully resolved entitlement details
[Licensing::Module] License group:
  Id: F4-NMTP-SXWG-HN24-U9HH-XXXX
  Product: Unity Personal
  Type: ULF
  Expiration: 2025-12-08T11:30:55Z
[Licensing::Module] License group:
  Id: ewogICJzdWJzR3JvdXAiIDogInVuaXR5IGVkaXRvciIsCiAgIm5hbWVzcGFjZSIgOiAidW5pdHlfZWRpdG9yIiwKICAidHlwZSIgOiAiRURJVE9SIiwKICAidGFnIiA6ICJVbml0eVBlcnNvbmFsXXXX
  Product: Unity Personal Version
  Type: Assigned
  Expiration: Unlimited
- Loaded All Assemblies, in  5.668 seconds
Refreshing native plugins compatible for Editor in 3.48 ms, found 4 plugins.
Native extension for WindowsStandalone target not found
[Package Manager] Failed to launch server process. Reason: Unity was launched with the -noUpm command-line argument
[Package Manager] Unable to send message (not connected to server process).
[Package Manager] Cannot connect to Unity Package Manager local server
Mono: successfully reloaded assembly
- Finished resetting the current domain, in  0.957 seconds
Domain Reload Profiling: 6636ms
	BeginReloadAssembly (2194ms)
		ExecutionOrderSort (1ms)
		DisableScriptedObjects (527ms)
		BackupInstance (0ms)
		ReleaseScriptingObjects (3ms)
		CreateAndSetChildDomain (734ms)
	RebuildCommonClasses (67ms)
	RebuildNativeTypeToScriptingClass (12ms)
	initialDomainReloadingComplete (74ms)
	LoadAllAssembliesAndSetupDomain (3330ms)
		LoadAssemblies (3257ms)
		RebuildTransferFunctionScriptingTraits (0ms)
		AnalyzeDomain (583ms)
			TypeCache.Refresh (45ms)
				TypeCache.ScanAssembly (0ms)
			BuildScriptInfoCaches (510ms)
			ResolveRequiredComponents (16ms)
	FinalizeReload (958ms)
		ReleaseScriptCaches (0ms)
		RebuildScriptCaches (0ms)
		SetupLoadedEditorAssemblies (767ms)
			LogAssemblyErrors (0ms)
			InitializePlatformSupportModulesInManaged (2ms)
			SetLoadedEditorAssemblies (7ms)
			BeforeProcessingInitializeOnLoad (215ms)
			ProcessInitializeOnLoadAttributes (460ms)
			ProcessInitializeOnLoadMethodAttributes (79ms)
			AfterProcessingInitializeOnLoad (3ms)
			EditorAssembliesLoaded (1ms)
		ExecutionOrderSort2 (0ms)
		AwakeInstancesAfterBackupRestoration (20ms)
Refreshing native plugins compatible for Editor in 2.23 ms, found 4 plugins.
Preloading 0 native plugins for Editor in 0.00 ms.
Unloading 35 Unused Serialized files (Serialized files now loaded: 0)
Unloading 7541 unused Assets / (9.5 MB). Loaded Objects now: 8490.
Memory consumption went from 164.3 MB to 154.8 MB.
Total: 15.508100 ms (FindLiveObjects: 1.073700 ms CreateObjectMapping: 0.790100 ms MarkObjects: 6.589300 ms  DeleteObjects: 7.051900 ms)

Prepare: number of updated asset objects reloaded= 0
========================================================================
Received Import Request.
  Time since last request: 5916.324710 seconds.
  path: Assets/Art/equip/HelmetDesigns.png
  artifactKey: Guid(309b1f141d99a824280abef37a6eece1) Importer(815301076,1909f56bfc062723c751e8b465ee728b)
Start importing Assets/Art/equip/HelmetDesigns.png using Guid(309b1f141d99a824280abef37a6eece1) Importer(815301076,1909f56bfc062723c751e8b465ee728b) (PreviewImporter) -> (artifact id: '09c84b9ba58df0ca0781c0b57fcf6e86') in 1.657574 seconds
Number of updated asset objects reloaded before import = 0Number of asset objects unloaded after import = 258

========================================================================
Received Prepare
Begin MonoManager ReloadAssembly
[Licensing::Client] Successfully resolved entitlement details
[Licensing::Module] License group:
  Id: F4-NMTP-SXWG-HN24-U9HH-XXXX
  Product: Unity Personal
  Type: ULF
  Expiration: 2025-12-08T11:30:55Z
[Licensing::Module] License group:
  Id: ewogICJzdWJzR3JvdXAiIDogInVuaXR5IGVkaXRvciIsCiAgIm5hbWVzcGFjZSIgOiAidW5pdHlfZWRpdG9yIiwKICAidHlwZSIgOiAiRURJVE9SIiwKICAidGFnIiA6ICJVbml0eVBlcnNvbmFsXXXX
  Product: Unity Personal Version
  Type: Assigned
  Expiration: Unlimited
- Loaded All Assemblies, in  0.811 seconds
Refreshing native plugins compatible for Editor in 1.03 ms, found 4 plugins.
Native extension for WindowsStandalone target not found
[Package Manager] Failed to launch server process. Reason: Unity was launched with the -noUpm command-line argument
[Package Manager] Unable to send message (not connected to server process).
[Package Manager] Cannot connect to Unity Package Manager local server
Mono: successfully reloaded assembly
- Finished resetting the current domain, in  0.791 seconds
Domain Reload Profiling: 1605ms
	BeginReloadAssembly (221ms)
		ExecutionOrderSort (0ms)
		DisableScriptedObjects (12ms)
		BackupInstance (0ms)
		ReleaseScriptingObjects (0ms)
		CreateAndSetChildDomain (73ms)
	RebuildCommonClasses (28ms)
	RebuildNativeTypeToScriptingClass (10ms)
	initialDomainReloadingComplete (21ms)
	LoadAllAssembliesAndSetupDomain (533ms)
		LoadAssemblies (405ms)
		RebuildTransferFunctionScriptingTraits (0ms)
		AnalyzeDomain (210ms)
			TypeCache.Refresh (9ms)
				TypeCache.ScanAssembly (0ms)
			BuildScriptInfoCaches (184ms)
			ResolveRequiredComponents (13ms)
	FinalizeReload (791ms)
		ReleaseScriptCaches (0ms)
		RebuildScriptCaches (0ms)
		SetupLoadedEditorAssemblies (641ms)
			LogAssemblyErrors (0ms)
			InitializePlatformSupportModulesInManaged (2ms)
			SetLoadedEditorAssemblies (7ms)
			BeforeProcessingInitializeOnLoad (175ms)
			ProcessInitializeOnLoadAttributes (402ms)
			ProcessInitializeOnLoadMethodAttributes (51ms)
			AfterProcessingInitializeOnLoad (3ms)
			EditorAssembliesLoaded (1ms)
		ExecutionOrderSort2 (0ms)
		AwakeInstancesAfterBackupRestoration (14ms)
Refreshing native plugins compatible for Editor in 1.94 ms, found 4 plugins.
Preloading 0 native plugins for Editor in 0.00 ms.
Unloading 35 Unused Serialized files (Serialized files now loaded: 0)
Unloading 7541 unused Assets / (9.2 MB). Loaded Objects now: 8500.
Memory consumption went from 164.4 MB to 155.3 MB.
Total: 13.842900 ms (FindLiveObjects: 1.259100 ms CreateObjectMapping: 0.820400 ms MarkObjects: 4.685800 ms  DeleteObjects: 7.076200 ms)

Prepare: number of updated asset objects reloaded= 0
========================================================================
Received Prepare
Begin MonoManager ReloadAssembly
[Licensing::Client] Successfully resolved entitlement details
[Licensing::Module] License group:
  Id: F4-NMTP-SXWG-HN24-U9HH-XXXX
  Product: Unity Personal
  Type: ULF
  Expiration: 2025-12-08T11:30:55Z
[Licensing::Module] License group:
  Id: ewogICJzdWJzR3JvdXAiIDogInVuaXR5IGVkaXRvciIsCiAgIm5hbWVzcGFjZSIgOiAidW5pdHlfZWRpdG9yIiwKICAidHlwZSIgOiAiRURJVE9SIiwKICAidGFnIiA6ICJVbml0eVBlcnNvbmFsXXXX
  Product: Unity Personal Version
  Type: Assigned
  Expiration: Unlimited
- Loaded All Assemblies, in  0.894 seconds
Refreshing native plugins compatible for Editor in 0.83 ms, found 4 plugins.
Native extension for WindowsStandalone target not found
[Package Manager] Failed to launch server process. Reason: Unity was launched with the -noUpm command-line argument
[Package Manager] Unable to send message (not connected to server process).
[Package Manager] Cannot connect to Unity Package Manager local server
Mono: successfully reloaded assembly
- Finished resetting the current domain, in  0.863 seconds
Domain Reload Profiling: 1759ms
	BeginReloadAssembly (241ms)
		ExecutionOrderSort (0ms)
		DisableScriptedObjects (17ms)
		BackupInstance (0ms)
		ReleaseScriptingObjects (0ms)
		CreateAndSetChildDomain (57ms)
	RebuildCommonClasses (43ms)
	RebuildNativeTypeToScriptingClass (11ms)
	initialDomainReloadingComplete (25ms)
	LoadAllAssembliesAndSetupDomain (576ms)
		LoadAssemblies (513ms)
		RebuildTransferFunctionScriptingTraits (0ms)
		AnalyzeDomain (175ms)
			TypeCache.Refresh (5ms)
				TypeCache.ScanAssembly (0ms)
			BuildScriptInfoCaches (158ms)
			ResolveRequiredComponents (9ms)
	FinalizeReload (863ms)
		ReleaseScriptCaches (0ms)
		RebuildScriptCaches (0ms)
		SetupLoadedEditorAssemblies (720ms)
			LogAssemblyErrors (0ms)
			InitializePlatformSupportModulesInManaged (2ms)
			SetLoadedEditorAssemblies (6ms)
			BeforeProcessingInitializeOnLoad (240ms)
			ProcessInitializeOnLoadAttributes (410ms)
			ProcessInitializeOnLoadMethodAttributes (60ms)
			AfterProcessingInitializeOnLoad (3ms)
			EditorAssembliesLoaded (0ms)
		ExecutionOrderSort2 (0ms)
		AwakeInstancesAfterBackupRestoration (13ms)
Refreshing native plugins compatible for Editor in 2.10 ms, found 4 plugins.
Preloading 0 native plugins for Editor in 0.00 ms.
Unloading 35 Unused Serialized files (Serialized files now loaded: 0)
Unloading 7541 unused Assets / (8.1 MB). Loaded Objects now: 8506.
Memory consumption went from 164.5 MB to 156.4 MB.
Total: 18.805300 ms (FindLiveObjects: 1.696700 ms CreateObjectMapping: 1.890000 ms MarkObjects: 7.573500 ms  DeleteObjects: 7.643500 ms)

Prepare: number of updated asset objects reloaded= 0
========================================================================
Received Import Request.
  Time since last request: 3889.004250 seconds.
  path: Assets/Art/MINIFANTASY Creatures - Super Low Res 2D Pixel Art by Krishna Palacio/Scenes/Demo - Animated Creatures.unity
  artifactKey: Guid(72d21de280ce1454a8576451bc41bc57) Importer(815301076,1909f56bfc062723c751e8b465ee728b)
Start importing Assets/Art/MINIFANTASY Creatures - Super Low Res 2D Pixel Art by Krishna Palacio/Scenes/Demo - Animated Creatures.unity using Guid(72d21de280ce1454a8576451bc41bc57) Importer(815301076,1909f56bfc062723c751e8b465ee728b) (PreviewImporter) -> (artifact id: 'b4a45bfa325a87bce252504d72b328bb') in 0.1526541 seconds
Number of updated asset objects reloaded before import = 0Number of asset objects unloaded after import = 0

========================================================================
Received Prepare
Begin MonoManager ReloadAssembly
[Licensing::Client] Successfully resolved entitlement details
[Licensing::Module] License group:
  Id: F4-NMTP-SXWG-HN24-U9HH-XXXX
  Product: Unity Personal
  Type: ULF
  Expiration: 2025-12-08T11:30:55Z
[Licensing::Module] License group:
  Id: ewogICJzdWJzR3JvdXAiIDogInVuaXR5IGVkaXRvciIsCiAgIm5hbWVzcGFjZSIgOiAidW5pdHlfZWRpdG9yIiwKICAidHlwZSIgOiAiRURJVE9SIiwKICAidGFnIiA6ICJVbml0eVBlcnNvbmFsXXXX
  Product: Unity Personal Version
  Type: Assigned
  Expiration: Unlimited
- Loaded All Assemblies, in  1.281 seconds
Refreshing native plugins compatible for Editor in 0.95 ms, found 4 plugins.
Native extension for WindowsStandalone target not found
[Package Manager] Failed to launch server process. Reason: Unity was launched with the -noUpm command-line argument
[Package Manager] Unable to send message (not connected to server process).
[Package Manager] Cannot connect to Unity Package Manager local server
Mono: successfully reloaded assembly
- Finished resetting the current domain, in  0.800 seconds
Domain Reload Profiling: 2084ms
	BeginReloadAssembly (509ms)
		ExecutionOrderSort (0ms)
		DisableScriptedObjects (62ms)
		BackupInstance (0ms)
		ReleaseScriptingObjects (1ms)
		CreateAndSetChildDomain (200ms)
	RebuildCommonClasses (36ms)
	RebuildNativeTypeToScriptingClass (12ms)
	initialDomainReloadingComplete (32ms)
	LoadAllAssembliesAndSetupDomain (695ms)
		LoadAssemblies (587ms)
		RebuildTransferFunctionScriptingTraits (0ms)
		AnalyzeDomain (236ms)
			TypeCache.Refresh (7ms)
				TypeCache.ScanAssembly (0ms)
			BuildScriptInfoCaches (209ms)
			ResolveRequiredComponents (12ms)
	FinalizeReload (801ms)
		ReleaseScriptCaches (0ms)
		RebuildScriptCaches (0ms)
		SetupLoadedEditorAssemblies (642ms)
			LogAssemblyErrors (0ms)
			InitializePlatformSupportModulesInManaged (2ms)
			SetLoadedEditorAssemblies (7ms)
			BeforeProcessingInitializeOnLoad (170ms)
			ProcessInitializeOnLoadAttributes (382ms)
			ProcessInitializeOnLoadMethodAttributes (78ms)
			AfterProcessingInitializeOnLoad (3ms)
			EditorAssembliesLoaded (1ms)
		ExecutionOrderSort2 (0ms)
		AwakeInstancesAfterBackupRestoration (20ms)
Refreshing native plugins compatible for Editor in 2.20 ms, found 4 plugins.
Preloading 0 native plugins for Editor in 0.00 ms.
Unloading 35 Unused Serialized files (Serialized files now loaded: 0)
Unloading 7541 unused Assets / (8.4 MB). Loaded Objects now: 8512.
Memory consumption went from 164.4 MB to 156.1 MB.
Total: 19.694700 ms (FindLiveObjects: 1.484800 ms CreateObjectMapping: 1.457300 ms MarkObjects: 9.402300 ms  DeleteObjects: 7.347600 ms)

Prepare: number of updated asset objects reloaded= 0
========================================================================
Received Import Request.
  Time since last request: 141.979784 seconds.
  path: Assets/Art/MINIFANTASY Creatures - Super Low Res 2D Pixel Art by Krishna Palacio/Prefabs
  artifactKey: Guid(5c760442a8c5ae44480f370e96adce0d) Importer(815301076,1909f56bfc062723c751e8b465ee728b)
Start importing Assets/Art/MINIFANTASY Creatures - Super Low Res 2D Pixel Art by Krishna Palacio/Prefabs using Guid(5c760442a8c5ae44480f370e96adce0d) Importer(815301076,1909f56bfc062723c751e8b465ee728b) (PreviewImporter) -> (artifact id: 'd202fbbaf13fa1e46be1438803ddda65') in 0.0766556 seconds
Number of updated asset objects reloaded before import = 0Number of asset objects unloaded after import = 0

========================================================================
Received Prepare
Refreshing native plugins compatible for Editor in 2.50 ms, found 4 plugins.
Preloading 0 native plugins for Editor in 0.00 ms.
Unloading 35 Unused Serialized files (Serialized files now loaded: 0)
Unloading 7544 unused Assets / (8.2 MB). Loaded Objects now: 8525.
Memory consumption went from 164.7 MB to 156.4 MB.
Total: 41.639800 ms (FindLiveObjects: 5.531600 ms CreateObjectMapping: 1.388100 ms MarkObjects: 27.282400 ms  DeleteObjects: 7.435000 ms)

Prepare: number of updated asset objects reloaded= 0
========================================================================
Received Prepare
Begin MonoManager ReloadAssembly
[Licensing::Client] Successfully resolved entitlement details
[Licensing::Module] License group:
  Id: F4-NMTP-SXWG-HN24-U9HH-XXXX
  Product: Unity Personal
  Type: ULF
  Expiration: 2025-12-08T13:12:36Z
[Licensing::Module] License group:
  Id: ewogICJzdWJzR3JvdXAiIDogInVuaXR5IGVkaXRvciIsCiAgIm5hbWVzcGFjZSIgOiAidW5pdHlfZWRpdG9yIiwKICAidHlwZSIgOiAiRURJVE9SIiwKICAidGFnIiA6ICJVbml0eVBlcnNvbmFsXXXX
  Product: Unity Personal Version
  Type: Assigned
  Expiration: Unlimited
- Loaded All Assemblies, in  0.807 seconds
Refreshing native plugins compatible for Editor in 0.89 ms, found 4 plugins.
Native extension for WindowsStandalone target not found
[Package Manager] Failed to launch server process. Reason: Unity was launched with the -noUpm command-line argument
[Package Manager] Unable to send message (not connected to server process).
[Package Manager] Cannot connect to Unity Package Manager local server
Mono: successfully reloaded assembly
- Finished resetting the current domain, in  0.854 seconds
Domain Reload Profiling: 1663ms
	BeginReloadAssembly (235ms)
		ExecutionOrderSort (0ms)
		DisableScriptedObjects (20ms)
		BackupInstance (0ms)
		ReleaseScriptingObjects (0ms)
		CreateAndSetChildDomain (61ms)
	RebuildCommonClasses (36ms)
	RebuildNativeTypeToScriptingClass (10ms)
	initialDomainReloadingComplete (24ms)
	LoadAllAssembliesAndSetupDomain (503ms)
		LoadAssemblies (394ms)
		RebuildTransferFunctionScriptingTraits (0ms)
		AnalyzeDomain (206ms)
			TypeCache.Refresh (21ms)
				TypeCache.ScanAssembly (1ms)
			BuildScriptInfoCaches (169ms)
			ResolveRequiredComponents (11ms)
	FinalizeReload (854ms)
		ReleaseScriptCaches (0ms)
		RebuildScriptCaches (0ms)
		SetupLoadedEditorAssemblies (710ms)
			LogAssemblyErrors (0ms)
			InitializePlatformSupportModulesInManaged (1ms)
			SetLoadedEditorAssemblies (6ms)
			BeforeProcessingInitializeOnLoad (164ms)
			ProcessInitializeOnLoadAttributes (446ms)
			ProcessInitializeOnLoadMethodAttributes (90ms)
			AfterProcessingInitializeOnLoad (2ms)
			EditorAssembliesLoaded (0ms)
		ExecutionOrderSort2 (0ms)
		AwakeInstancesAfterBackupRestoration (16ms)
Refreshing native plugins compatible for Editor in 3.56 ms, found 4 plugins.
Preloading 0 native plugins for Editor in 0.00 ms.
Unloading 35 Unused Serialized files (Serialized files now loaded: 0)
Unloading 7554 unused Assets / (8.7 MB). Loaded Objects now: 8531.
Memory consumption went from 164.7 MB to 156.0 MB.
Total: 10.986000 ms (FindLiveObjects: 0.870400 ms CreateObjectMapping: 0.486100 ms MarkObjects: 4.537100 ms  DeleteObjects: 5.091300 ms)

Prepare: number of updated asset objects reloaded= 0
========================================================================
Received Prepare
Begin MonoManager ReloadAssembly
- Loaded All Assemblies, in  0.697 seconds
Refreshing native plugins compatible for Editor in 0.86 ms, found 4 plugins.
Assertion failed on expression: 'pred(*previous, *i)'
Assertion failed on expression: 'pred(*previous, *i)'
Assertion failed on expression: 'pred(*previous, *i)'
Assertion failed on expression: 'pred(*previous, *i)'
Assertion failed on expression: 'pred(*previous, *i)'
Assertion failed on expression: 'pred(*previous, *i)'
Assertion failed on expression: 'pred(*previous, *i)'
Assertion failed on expression: 'pred(*previous, *i)'
Assertion failed on expression: 'pred(*previous, *i)'
Assertion failed on expression: 'pred(*previous, *i)'
Native extension for WindowsStandalone target not found
[Package Manager] Failed to launch server process. Reason: Unity was launched with the -noUpm command-line argument
[Package Manager] Unable to send message (not connected to server process).
[Package Manager] Cannot connect to Unity Package Manager local server
Mono: successfully reloaded assembly
- Finished resetting the current domain, in  0.774 seconds
Domain Reload Profiling: 1471ms
	BeginReloadAssembly (191ms)
		ExecutionOrderSort (0ms)
		DisableScriptedObjects (13ms)
		BackupInstance (0ms)
		ReleaseScriptingObjects (0ms)
		CreateAndSetChildDomain (54ms)
	RebuildCommonClasses (28ms)
	RebuildNativeTypeToScriptingClass (10ms)
	initialDomainReloadingComplete (21ms)
	LoadAllAssembliesAndSetupDomain (447ms)
		LoadAssemblies (345ms)
		RebuildTransferFunctionScriptingTraits (0ms)
		AnalyzeDomain (178ms)
			TypeCache.Refresh (5ms)
				TypeCache.ScanAssembly (0ms)
			BuildScriptInfoCaches (159ms)
			ResolveRequiredComponents (10ms)
	FinalizeReload (775ms)
		ReleaseScriptCaches (0ms)
		RebuildScriptCaches (0ms)
		SetupLoadedEditorAssemblies (634ms)
			LogAssemblyErrors (0ms)
			InitializePlatformSupportModulesInManaged (1ms)
			SetLoadedEditorAssemblies (6ms)
			BeforeProcessingInitializeOnLoad (200ms)
			ProcessInitializeOnLoadAttributes (366ms)
			ProcessInitializeOnLoadMethodAttributes (58ms)
			AfterProcessingInitializeOnLoad (2ms)
			EditorAssembliesLoaded (0ms)
		ExecutionOrderSort2 (0ms)
		AwakeInstancesAfterBackupRestoration (15ms)
Refreshing native plugins compatible for Editor in 2.04 ms, found 4 plugins.
Preloading 0 native plugins for Editor in 0.00 ms.
Unloading 35 Unused Serialized files (Serialized files now loaded: 0)
Unloading 7554 unused Assets / (8.3 MB). Loaded Objects now: 8537.
Memory consumption went from 164.7 MB to 156.5 MB.
Total: 20.288000 ms (FindLiveObjects: 1.607300 ms CreateObjectMapping: 1.936400 ms MarkObjects: 9.850600 ms  DeleteObjects: 6.889100 ms)

Prepare: number of updated asset objects reloaded= 0
========================================================================
Received Prepare
Begin MonoManager ReloadAssembly
- Loaded All Assemblies, in  0.722 seconds
Refreshing native plugins compatible for Editor in 1.31 ms, found 4 plugins.
Assertion failed on expression: 'pred(*previous, *i)'
Assertion failed on expression: 'pred(*previous, *i)'
Assertion failed on expression: 'pred(*previous, *i)'
Assertion failed on expression: 'pred(*previous, *i)'
Assertion failed on expression: 'pred(*previous, *i)'
Assertion failed on expression: 'pred(*previous, *i)'
Assertion failed on expression: 'pred(*previous, *i)'
Assertion failed on expression: 'pred(*previous, *i)'
Assertion failed on expression: 'pred(*previous, *i)'
Assertion failed on expression: 'pred(*previous, *i)'
Native extension for WindowsStandalone target not found
[Package Manager] Failed to launch server process. Reason: Unity was launched with the -noUpm command-line argument
[Package Manager] Unable to send message (not connected to server process).
[Package Manager] Cannot connect to Unity Package Manager local server
Mono: successfully reloaded assembly
- Finished resetting the current domain, in  0.712 seconds
Domain Reload Profiling: 1437ms
	BeginReloadAssembly (205ms)
		ExecutionOrderSort (0ms)
		DisableScriptedObjects (14ms)
		BackupInstance (0ms)
		ReleaseScriptingObjects (0ms)
		CreateAndSetChildDomain (58ms)
	RebuildCommonClasses (31ms)
	RebuildNativeTypeToScriptingClass (10ms)
	initialDomainReloadingComplete (24ms)
	LoadAllAssembliesAndSetupDomain (454ms)
		LoadAssemblies (344ms)
		RebuildTransferFunctionScriptingTraits (0ms)
		AnalyzeDomain (193ms)
			TypeCache.Refresh (5ms)
				TypeCache.ScanAssembly (0ms)
			BuildScriptInfoCaches (170ms)
			ResolveRequiredComponents (13ms)
	FinalizeReload (712ms)
		ReleaseScriptCaches (0ms)
		RebuildScriptCaches (0ms)
		SetupLoadedEditorAssemblies (583ms)
			LogAssemblyErrors (0ms)
			InitializePlatformSupportModulesInManaged (3ms)
			SetLoadedEditorAssemblies (7ms)
			BeforeProcessingInitializeOnLoad (161ms)
			ProcessInitializeOnLoadAttributes (348ms)
			ProcessInitializeOnLoadMethodAttributes (60ms)
			AfterProcessingInitializeOnLoad (2ms)
			EditorAssembliesLoaded (0ms)
		ExecutionOrderSort2 (0ms)
		AwakeInstancesAfterBackupRestoration (14ms)
Refreshing native plugins compatible for Editor in 2.52 ms, found 4 plugins.
Preloading 0 native plugins for Editor in 0.00 ms.
Unloading 35 Unused Serialized files (Serialized files now loaded: 0)
Unloading 7554 unused Assets / (8.8 MB). Loaded Objects now: 8543.
Memory consumption went from 164.8 MB to 156.0 MB.
Total: 19.914700 ms (FindLiveObjects: 1.601100 ms CreateObjectMapping: 1.585700 ms MarkObjects: 8.721500 ms  DeleteObjects: 8.004500 ms)

Prepare: number of updated asset objects reloaded= 0
========================================================================
Received Import Request.
  Time since last request: 398.293149 seconds.
  path: Assets/Art/MINIFANTASY Creatures - Super Low Res 2D Pixel Art by Krishna Palacio/Scripts/CTR_AnimateCreature.cs
  artifactKey: Guid(0aaf0b6e934ed874c85e84ab98a408c2) Importer(815301076,1909f56bfc062723c751e8b465ee728b)
Start importing Assets/Art/MINIFANTASY Creatures - Super Low Res 2D Pixel Art by Krishna Palacio/Scripts/CTR_AnimateCreature.cs using Guid(0aaf0b6e934ed874c85e84ab98a408c2) Importer(815301076,1909f56bfc062723c751e8b465ee728b) (PreviewImporter) -> (artifact id: '4bd69c23cb7efeff7611612fdee9fd49') in 0.0263635 seconds
Number of updated asset objects reloaded before import = 0Number of asset objects unloaded after import = 0

========================================================================
Received Import Request.
  Time since last request: 12.027712 seconds.
  path: Assets/Art/MINIFANTASY Creatures - Super Low Res 2D Pixel Art by Krishna Palacio/Scripts/CTR_DemoManager.cs
  artifactKey: Guid(0a1d4a2f347841f47aa4229bfd5a27f5) Importer(815301076,1909f56bfc062723c751e8b465ee728b)
Start importing Assets/Art/MINIFANTASY Creatures - Super Low Res 2D Pixel Art by Krishna Palacio/Scripts/CTR_DemoManager.cs using Guid(0a1d4a2f347841f47aa4229bfd5a27f5) Importer(815301076,1909f56bfc062723c751e8b465ee728b) (PreviewImporter) -> (artifact id: '4144b38a98bde7bfef3c029346a5523f') in 0.0013658 seconds
Number of updated asset objects reloaded before import = 0Number of asset objects unloaded after import = 0

========================================================================
Received Import Request.
  Time since last request: 0.412250 seconds.
  path: Assets/Art/MINIFANTASY Creatures - Super Low Res 2D Pixel Art by Krishna Palacio/Scripts/CTR_ShadowSwitch.cs
  artifactKey: Guid(ad359971f8177b54fbbae75c9ee1634a) Importer(815301076,1909f56bfc062723c751e8b465ee728b)
Start importing Assets/Art/MINIFANTASY Creatures - Super Low Res 2D Pixel Art by Krishna Palacio/Scripts/CTR_ShadowSwitch.cs using Guid(ad359971f8177b54fbbae75c9ee1634a) Importer(815301076,1909f56bfc062723c751e8b465ee728b) (PreviewImporter) -> (artifact id: '129a3fda798a7bffb1843c8bbe64d622') in 0.0006477 seconds
Number of updated asset objects reloaded before import = 0Number of asset objects unloaded after import = 0

========================================================================
Received Import Request.
  Time since last request: 2.038973 seconds.
  path: Assets/Art/MINIFANTASY Creatures - Super Low Res 2D Pixel Art by Krishna Palacio
  artifactKey: Guid(247b2ddc01fdee947a91d0b407ee286d) Importer(815301076,1909f56bfc062723c751e8b465ee728b)
Start importing Assets/Art/MINIFANTASY Creatures - Super Low Res 2D Pixel Art by Krishna Palacio using Guid(247b2ddc01fdee947a91d0b407ee286d) Importer(815301076,1909f56bfc062723c751e8b465ee728b) (PreviewImporter) -> (artifact id: '3c311c115fe536515d109500f11eab2f') in 0.0005419 seconds
Number of updated asset objects reloaded before import = 0Number of asset objects unloaded after import = 0

========================================================================
Received Import Request.
  Time since last request: 420.498318 seconds.
  path: Assets/Scripts/EquipmentSystem/Editor/FrameDataEditor.cs
  artifactKey: Guid(66e65b1b696e0c54b9889931cf8135a6) Importer(2089858483,192608db42251d675da83286b1cce702)
Start importing Assets/Scripts/EquipmentSystem/Editor/FrameDataEditor.cs using Guid(66e65b1b696e0c54b9889931cf8135a6) Importer(2089858483,192608db42251d675da83286b1cce702) (ScriptedImporter) -> (artifact id: '34118444f2e13422b3a216b0c8c5e407') in 0.2299079 seconds
Number of updated asset objects reloaded before import = 0Number of asset objects unloaded after import = 0

========================================================================
Received Import Request.
  Time since last request: 0.000022 seconds.
  path: Assets/Art/MINIFANTASY - Crafting and Professions I/Animations/Props/Trees/Birch/BirchTree_Hit_SE.anim
  artifactKey: Guid(6021d1e0346fdf24c883692063868b20) Importer(2089858483,192608db42251d675da83286b1cce702)
Start importing Assets/Art/MINIFANTASY - Crafting and Professions I/Animations/Props/Trees/Birch/BirchTree_Hit_SE.anim using Guid(6021d1e0346fdf24c883692063868b20) Importer(2089858483,192608db42251d675da83286b1cce702) (ScriptedImporter) -> (artifact id: '8a21a391272ff299460ec31661501306') in 0.0254144 seconds
Number of updated asset objects reloaded before import = 0Number of asset objects unloaded after import = 1

========================================================================
Received Import Request.
  Time since last request: 0.000033 seconds.
  path: Assets/Art/MINIFANTASY - Crafting and Professions I/Sprites/Druid/Special_Animations/Shape_Shifting/Forest_Hound/GIFs/ForestHoundIdle.gif
  artifactKey: Guid(efb6f8da30926b745a808aa6d816ffa3) Importer(2089858483,192608db42251d675da83286b1cce702)
Start importing Assets/Art/MINIFANTASY - Crafting and Professions I/Sprites/Druid/Special_Animations/Shape_Shifting/Forest_Hound/GIFs/ForestHoundIdle.gif using Guid(efb6f8da30926b745a808aa6d816ffa3) Importer(2089858483,192608db42251d675da83286b1cce702) (ScriptedImporter) -> (artifact id: 'e9cf2ff640780ba1b120ddd864ed012e') in 0.0703724 seconds
Number of updated asset objects reloaded before import = 0Number of asset objects unloaded after import = 3

========================================================================
Received Import Request.
  Time since last request: 0.000020 seconds.
  path: Assets/Art/MINIFANTASY - Crafting and Professions I/Animations/Humanoids/Dwarf/Dwarf_Mining_SE.anim
  artifactKey: Guid(966a2651ee4c11e4c9ef96094e460fa8) Importer(2089858483,192608db42251d675da83286b1cce702)
Start importing Assets/Art/MINIFANTASY - Crafting and Professions I/Animations/Humanoids/Dwarf/Dwarf_Mining_SE.anim using Guid(966a2651ee4c11e4c9ef96094e460fa8) Importer(2089858483,192608db42251d675da83286b1cce702) (ScriptedImporter) -> (artifact id: 'cf9b639178afe259b1d643e1dd96fa21') in 0.0119401 seconds
Number of updated asset objects reloaded before import = 0Number of asset objects unloaded after import = 1

========================================================================
Received Import Request.
  Time since last request: 0.000017 seconds.
  path: Assets/Art/MINIFANTASY - Crafting and Professions I/Sprites/Barbarian/Special_Animations/Thunder_Blade_Attack/Barbarian_ThunderBladeProjectiles.png
  artifactKey: Guid(4b6c7cd861ab4834d89ff41bc07966c2) Importer(2089858483,192608db42251d675da83286b1cce702)
Start importing Assets/Art/MINIFANTASY - Crafting and Professions I/Sprites/Barbarian/Special_Animations/Thunder_Blade_Attack/Barbarian_ThunderBladeProjectiles.png using Guid(4b6c7cd861ab4834d89ff41bc07966c2) Importer(2089858483,192608db42251d675da83286b1cce702) (ScriptedImporter) -> (artifact id: '352eae736381484e1083f78e164aa884') in 0.1302869 seconds
Number of updated asset objects reloaded before import = 0Number of asset objects unloaded after import = 38

========================================================================
Received Import Request.
  Time since last request: 0.000024 seconds.
  path: Assets/Art/equip/EquipmentData.asset
  artifactKey: Guid(736999a148e3ca14e8d9072ce5224e4b) Importer(2089858483,192608db42251d675da83286b1cce702)
Start importing Assets/Art/equip/EquipmentData.asset using Guid(736999a148e3ca14e8d9072ce5224e4b) Importer(2089858483,192608db42251d675da83286b1cce702) (ScriptedImporter) -> (artifact id: '83c975a94d90ef677d9096fa75fb9b1e') in 0.0390502 seconds
Number of updated asset objects reloaded before import = 0Number of asset objects unloaded after import = 3

========================================================================
Received Import Request.
  Time since last request: 0.000035 seconds.
  path: Assets/Art/MINIFANTASY - Crafting and Professions I/Sprites/Rogue/General_Animations
  artifactKey: Guid(0aaa2e6a62b04794abba3c2306efab5d) Importer(2089858483,192608db42251d675da83286b1cce702)
Start importing Assets/Art/MINIFANTASY - Crafting and Professions I/Sprites/Rogue/General_Animations using Guid(0aaa2e6a62b04794abba3c2306efab5d) Importer(2089858483,192608db42251d675da83286b1cce702) (ScriptedImporter) -> (artifact id: '1e6f7864033ab9834eabeb5998407fcc') in 0.0061912 seconds
Number of updated asset objects reloaded before import = 0Number of asset objects unloaded after import = 1

========================================================================
Received Import Request.
  Time since last request: 0.000032 seconds.
  path: Assets/Art/MINIFANTASY - Crafting and Professions I/Sprites/Barbarian/Special_Animations/Guard/Shadows/Barbarian_BlockImpactShadow.png
  artifactKey: Guid(60a4fbfd915b541478e55a0299173fd3) Importer(2089858483,192608db42251d675da83286b1cce702)
Start importing Assets/Art/MINIFANTASY - Crafting and Professions I/Sprites/Barbarian/Special_Animations/Guard/Shadows/Barbarian_BlockImpactShadow.png using Guid(60a4fbfd915b541478e55a0299173fd3) Importer(2089858483,192608db42251d675da83286b1cce702) (ScriptedImporter) -> (artifact id: '01eaede8286c1e2d010b74ddcb63b3b9') in 0.1012441 seconds
Number of updated asset objects reloaded before import = 0Number of asset objects unloaded after import = 18

========================================================================
Received Import Request.
  Time since last request: 0.000040 seconds.
  path: Assets/Art/MINIFANTASY - Crafting and Professions I/Animations/Humanoids/Elf/Elf_AnimatorOverrideController.overrideController
  artifactKey: Guid(ab5b954cc6fa0094fba2cf24e1a7dd84) Importer(2089858483,192608db42251d675da83286b1cce702)
Start importing Assets/Art/MINIFANTASY - Crafting and Professions I/Animations/Humanoids/Elf/Elf_AnimatorOverrideController.overrideController using Guid(ab5b954cc6fa0094fba2cf24e1a7dd84) Importer(2089858483,192608db42251d675da83286b1cce702) (ScriptedImporter) -> (artifact id: '987cbb42a72dc56a965ae23324c5d0e0') in 0.0534433 seconds
Number of updated asset objects reloaded before import = 0Number of asset objects unloaded after import = 67

========================================================================
Received Import Request.
  Time since last request: 0.000053 seconds.
  path: Assets/Art/MINIFANTASY - Crafting and Professions I/Animations/Humanoids/Human/Humanoid_AnimatorController.controller
  artifactKey: Guid(72c58f318475a524d9e0c919cdaf1e3b) Importer(2089858483,192608db42251d675da83286b1cce702)
Start importing Assets/Art/MINIFANTASY - Crafting and Professions I/Animations/Humanoids/Human/Humanoid_AnimatorController.controller using Guid(72c58f318475a524d9e0c919cdaf1e3b) Importer(2089858483,192608db42251d675da83286b1cce702) (ScriptedImporter) -> (artifact id: 'feccde10dec94374c72975fe43972002') in 0.0220647 seconds
Number of updated asset objects reloaded before import = 0Number of asset objects unloaded after import = 44

========================================================================
Received Import Request.
  Time since last request: 0.000027 seconds.
  path: Assets/Art/MINIFANTASY - Crafting and Professions I/Sprites/Crafting Professions/Jewelry/Character
  artifactKey: Guid(1adaa8309e044c64fb4c35940da30465) Importer(2089858483,192608db42251d675da83286b1cce702)
Start importing Assets/Art/MINIFANTASY - Crafting and Professions I/Sprites/Crafting Professions/Jewelry/Character using Guid(1adaa8309e044c64fb4c35940da30465) Importer(2089858483,192608db42251d675da83286b1cce702) (ScriptedImporter) -> (artifact id: '1726a445e26ddc90128e68abf28c6458') in 0.0070884 seconds
Number of updated asset objects reloaded before import = 0Number of asset objects unloaded after import = 1

========================================================================
Received Import Request.
  Time since last request: 0.000017 seconds.
  path: Assets/Art/MINIFANTASY - Crafting and Professions I/Animations/Humanoids/Goblin/Goblin_Harvest_NE.anim
  artifactKey: Guid(c24f38df46443d546b27d16547727eab) Importer(2089858483,192608db42251d675da83286b1cce702)
Start importing Assets/Art/MINIFANTASY - Crafting and Professions I/Animations/Humanoids/Goblin/Goblin_Harvest_NE.anim using Guid(c24f38df46443d546b27d16547727eab) Importer(2089858483,192608db42251d675da83286b1cce702) (ScriptedImporter) -> (artifact id: 'ad126ec4535c6af8558ef86bbc09d31a') in 0.0086775 seconds
Number of updated asset objects reloaded before import = 0Number of asset objects unloaded after import = 1

========================================================================
Received Import Request.
  Time since last request: 0.000023 seconds.
  path: Assets/Scripts/EquipmentSystem/Runtime/AnimatorEquipmentSync.cs
  artifactKey: Guid(af5faca898f745042a9e5380d141a605) Importer(2089858483,192608db42251d675da83286b1cce702)
Start importing Assets/Scripts/EquipmentSystem/Runtime/AnimatorEquipmentSync.cs using Guid(af5faca898f745042a9e5380d141a605) Importer(2089858483,192608db42251d675da83286b1cce702) (ScriptedImporter) -> (artifact id: '056343219ba52fd4a6d3c952399c68b6') in 0.0096024 seconds
Number of updated asset objects reloaded before import = 0Number of asset objects unloaded after import = 0

========================================================================
Received Import Request.
  Time since last request: 0.000025 seconds.
  path: Assets/Art/MINIFANTASY - Crafting and Professions I/Sprites/Barbarian/Special_Animations/Battle_Cry/Barbarian_BattleCryEffectFrontLayer.png
  artifactKey: Guid(91f840078c0b80e468cfb8c5dd4cecad) Importer(2089858483,192608db42251d675da83286b1cce702)
Start importing Assets/Art/MINIFANTASY - Crafting and Professions I/Sprites/Barbarian/Special_Animations/Battle_Cry/Barbarian_BattleCryEffectFrontLayer.png using Guid(91f840078c0b80e468cfb8c5dd4cecad) Importer(2089858483,192608db42251d675da83286b1cce702) (ScriptedImporter) -> (artifact id: '6abd0634a56cfed5e4f5af72bb46a5b3') in 0.1335081 seconds
Number of updated asset objects reloaded before import = 0Number of asset objects unloaded after import = 46

========================================================================
Received Import Request.
  Time since last request: 0.000032 seconds.
  path: Assets/Art/MINIFANTASY - Crafting and Professions I/Sprites/Craftable Items Icons
  artifactKey: Guid(696316f967a96b146bacf6b8875a9e12) Importer(2089858483,192608db42251d675da83286b1cce702)
Start importing Assets/Art/MINIFANTASY - Crafting and Professions I/Sprites/Craftable Items Icons using Guid(696316f967a96b146bacf6b8875a9e12) Importer(2089858483,192608db42251d675da83286b1cce702) (ScriptedImporter) -> (artifact id: 'a9c675a787cfd58c5b103a40e7bf17e4') in 0.0057778 seconds
Number of updated asset objects reloaded before import = 0Number of asset objects unloaded after import = 1

========================================================================
Received Import Request.
  Time since last request: 0.000024 seconds.
  path: Assets/Art/MINIFANTASY - Crafting and Professions I/Animations/Props/Trees/Oak/OakTree_Hit_SW.anim
  artifactKey: Guid(6cd119dbe07509b48a0fcb6e406b69df) Importer(2089858483,192608db42251d675da83286b1cce702)
Start importing Assets/Art/MINIFANTASY - Crafting and Professions I/Animations/Props/Trees/Oak/OakTree_Hit_SW.anim using Guid(6cd119dbe07509b48a0fcb6e406b69df) Importer(2089858483,192608db42251d675da83286b1cce702) (ScriptedImporter) -> (artifact id: '96570be5ac879b30941cb14352b853a0') in 0.011025 seconds
Number of updated asset objects reloaded before import = 0Number of asset objects unloaded after import = 1

========================================================================
Received Import Request.
  Time since last request: 0.000023 seconds.
  path: Assets/Art/MINIFANTASY - Crafting and Professions I/Animations/Humanoids/Goblin/Goblin_Mining_SW.anim
  artifactKey: Guid(dc9718f52491b4d41a996e64ab1ad593) Importer(2089858483,192608db42251d675da83286b1cce702)
Start importing Assets/Art/MINIFANTASY - Crafting and Professions I/Animations/Humanoids/Goblin/Goblin_Mining_SW.anim using Guid(dc9718f52491b4d41a996e64ab1ad593) Importer(2089858483,192608db42251d675da83286b1cce702) (ScriptedImporter) -> (artifact id: '391a1fdfd37b2479829f14765128c3ca') in 0.0102515 seconds
Number of updated asset objects reloaded before import = 0Number of asset objects unloaded after import = 1

========================================================================
Received Import Request.
  Time since last request: 0.000022 seconds.
  path: Assets/Art/MINIFANTASY - Crafting and Professions I/Animations/Humanoids/Elf
  artifactKey: Guid(17535e576a10d9e489491a2ffa80c36c) Importer(2089858483,192608db42251d675da83286b1cce702)
Start importing Assets/Art/MINIFANTASY - Crafting and Professions I/Animations/Humanoids/Elf using Guid(17535e576a10d9e489491a2ffa80c36c) Importer(2089858483,192608db42251d675da83286b1cce702) (ScriptedImporter) -> (artifact id: 'f1583c3d71c019458b4f1b03229896eb') in 0.0062539 seconds
Number of updated asset objects reloaded before import = 0Number of asset objects unloaded after import = 1

========================================================================
Received Import Request.
  Time since last request: 0.000023 seconds.
  path: Assets/Art/MINIFANTASY - Crafting and Professions I/Animations/Props/Trees/Tree_Hit_SW.anim
  artifactKey: Guid(139e0d0518887de47a29aada56f408c8) Importer(2089858483,192608db42251d675da83286b1cce702)
Start importing Assets/Art/MINIFANTASY - Crafting and Professions I/Animations/Props/Trees/Tree_Hit_SW.anim using Guid(139e0d0518887de47a29aada56f408c8) Importer(2089858483,192608db42251d675da83286b1cce702) (ScriptedImporter) -> (artifact id: 'fc7e1f25479445ad800af49a73e4b7f3') in 0.0130911 seconds
Number of updated asset objects reloaded before import = 0Number of asset objects unloaded after import = 1

========================================================================
Received Import Request.
  Time since last request: 0.000032 seconds.
  path: Assets/Art/MINIFANTASY Creatures - Super Low Res 2D Pixel Art by Krishna Palacio/Sprites/Humanoids/Human/Human/generate/Minifantasy_CreaturesHumanWalk_FrameData.asset
  artifactKey: Guid(720d2b3b0c58d5b4295a6468bd84a86c) Importer(2089858483,192608db42251d675da83286b1cce702)
Start importing Assets/Art/MINIFANTASY Creatures - Super Low Res 2D Pixel Art by Krishna Palacio/Sprites/Humanoids/Human/Human/generate/Minifantasy_CreaturesHumanWalk_FrameData.asset using Guid(720d2b3b0c58d5b4295a6468bd84a86c) Importer(2089858483,192608db42251d675da83286b1cce702) (ScriptedImporter) -> (artifact id: '4fdeee528d56c06bba9de4f3aa9ebbcf') in 0.0254345 seconds
Number of updated asset objects reloaded before import = 0Number of asset objects unloaded after import = 2

========================================================================
Received Import Request.
  Time since last request: 0.000026 seconds.
  path: Assets/Art/MINIFANTASY - Crafting and Professions I/Sprites/Craftable Items Icons/Craftable_Items_Icons.png
  artifactKey: Guid(679e85ee58076304d97875938629d578) Importer(2089858483,192608db42251d675da83286b1cce702)
Start importing Assets/Art/MINIFANTASY - Crafting and Professions I/Sprites/Craftable Items Icons/Craftable_Items_Icons.png using Guid(679e85ee58076304d97875938629d578) Importer(2089858483,192608db42251d675da83286b1cce702) (ScriptedImporter) -> (artifact id: '36706e42909d609581c573dc3705cbbd') in 0.7738705 seconds
Number of updated asset objects reloaded before import = 0Number of asset objects unloaded after import = 392

========================================================================
Received Import Request.
  Time since last request: 0.000030 seconds.
  path: Assets/Art/MINIFANTASY - Crafting and Professions I/Sprites/Crafting Professions/Woodwork/WorkBench/Character/Human_WoodworkBenchWorking.png
  artifactKey: Guid(df44838771eb3fc41b86a183dd4fecf8) Importer(2089858483,192608db42251d675da83286b1cce702)
Start importing Assets/Art/MINIFANTASY - Crafting and Professions I/Sprites/Crafting Professions/Woodwork/WorkBench/Character/Human_WoodworkBenchWorking.png using Guid(df44838771eb3fc41b86a183dd4fecf8) Importer(2089858483,192608db42251d675da83286b1cce702) (ScriptedImporter) -> (artifact id: '0d38216c817c0279cd1c84eecf7c0d4a') in 0.036692 seconds
Number of updated asset objects reloaded before import = 0Number of asset objects unloaded after import = 8

========================================================================
Received Import Request.
  Time since last request: 0.000036 seconds.
  path: Assets/Art/MINIFANTASY - Crafting and Professions I/Animations/Humanoids/Orc/Orc_Mining_NE.anim
  artifactKey: Guid(d9be5dcf24c235f46898996eedda9ad9) Importer(2089858483,192608db42251d675da83286b1cce702)
Start importing Assets/Art/MINIFANTASY - Crafting and Professions I/Animations/Humanoids/Orc/Orc_Mining_NE.anim using Guid(d9be5dcf24c235f46898996eedda9ad9) Importer(2089858483,192608db42251d675da83286b1cce702) (ScriptedImporter) -> (artifact id: '6c6b29185c63a8f0bfed659ed7615f6c') in 0.0100178 seconds
Number of updated asset objects reloaded before import = 0Number of asset objects unloaded after import = 1

========================================================================
Received Import Request.
  Time since last request: 0.000025 seconds.
  path: Assets/Art/MINIFANTASY - Crafting and Professions I/Sprites/Rogue/Special_Animations/Throw Bomb/Shadows/Rogue_ThrowBombShadow.png
  artifactKey: Guid(3ba9c10d5066aee45bdd40c079880a11) Importer(2089858483,192608db42251d675da83286b1cce702)
Start importing Assets/Art/MINIFANTASY - Crafting and Professions I/Sprites/Rogue/Special_Animations/Throw Bomb/Shadows/Rogue_ThrowBombShadow.png using Guid(3ba9c10d5066aee45bdd40c079880a11) Importer(2089858483,192608db42251d675da83286b1cce702) (ScriptedImporter) -> (artifact id: 'a9c5106676b00584e18c1be4b28813ed') in 0.1228592 seconds
Number of updated asset objects reloaded before import = 0Number of asset objects unloaded after import = 46

========================================================================
Received Import Request.
  Time since last request: 0.000024 seconds.
  path: Assets/Art/MINIFANTASY - Crafting and Professions I/Animations/Humanoids
  artifactKey: Guid(f044df3736893a14d8da4a53741d59d4) Importer(2089858483,192608db42251d675da83286b1cce702)
Start importing Assets/Art/MINIFANTASY - Crafting and Professions I/Animations/Humanoids using Guid(f044df3736893a14d8da4a53741d59d4) Importer(2089858483,192608db42251d675da83286b1cce702) (ScriptedImporter) -> (artifact id: '4310522a167c25669699e5570cf925cd') in 0.0057335 seconds
Number of updated asset objects reloaded before import = 0Number of asset objects unloaded after import = 1

========================================================================
Received Import Request.
  Time since last request: 0.000030 seconds.
  path: Assets/Art/MINIFANTASY - Crafting and Professions I/Sprites/Crafting Professions/Tailor
  artifactKey: Guid(874825faf9ee3e849886bf76c7edc547) Importer(2089858483,192608db42251d675da83286b1cce702)
Start importing Assets/Art/MINIFANTASY - Crafting and Professions I/Sprites/Crafting Professions/Tailor using Guid(874825faf9ee3e849886bf76c7edc547) Importer(2089858483,192608db42251d675da83286b1cce702) (ScriptedImporter) -> (artifact id: '9628f5f51a06f5d891b081f5126f73bf') in 0.0054873 seconds
Number of updated asset objects reloaded before import = 0Number of asset objects unloaded after import = 1

========================================================================
Received Import Request.
  Time since last request: 0.000019 seconds.
  path: Assets/Art/MINIFANTASY - Crafting and Professions I/Animations/Humanoids/Dwarf/Dwarf_Harvest_SW.anim
  artifactKey: Guid(2ee3db9c78b115540be12c1fae98904e) Importer(2089858483,192608db42251d675da83286b1cce702)
Start importing Assets/Art/MINIFANTASY - Crafting and Professions I/Animations/Humanoids/Dwarf/Dwarf_Harvest_SW.anim using Guid(2ee3db9c78b115540be12c1fae98904e) Importer(2089858483,192608db42251d675da83286b1cce702) (ScriptedImporter) -> (artifact id: 'c05a1241e116434d317ef40b4bee8a46') in 0.0095815 seconds
Number of updated asset objects reloaded before import = 0Number of asset objects unloaded after import = 1

========================================================================
Received Import Request.
  Time since last request: 0.000019 seconds.
  path: Assets/Art/MINIFANTASY - Crafting and Professions I/Sprites/Barbarian/Special_Animations/Throw_Things
  artifactKey: Guid(4b573fccc060c6341841389acf71e833) Importer(2089858483,192608db42251d675da83286b1cce702)
Start importing Assets/Art/MINIFANTASY - Crafting and Professions I/Sprites/Barbarian/Special_Animations/Throw_Things using Guid(4b573fccc060c6341841389acf71e833) Importer(2089858483,192608db42251d675da83286b1cce702) (ScriptedImporter) -> (artifact id: '25535492ab82fbf32984c01548b56968') in 0.0052898 seconds
Number of updated asset objects reloaded before import = 0Number of asset objects unloaded after import = 1

========================================================================
Received Import Request.
  Time since last request: 0.000018 seconds.
  path: Assets/Art/MINIFANTASY - Crafting and Professions I/Animations/Props/Woodwork/Sawmill_Working.anim
  artifactKey: Guid(bc19775ca99e11b43bf383b850c91874) Importer(2089858483,192608db42251d675da83286b1cce702)
Start importing Assets/Art/MINIFANTASY - Crafting and Professions I/Animations/Props/Woodwork/Sawmill_Working.anim using Guid(bc19775ca99e11b43bf383b850c91874) Importer(2089858483,192608db42251d675da83286b1cce702) (ScriptedImporter) -> (artifact id: 'dad7177a04442e23cb59855ed700ae26') in 0.0101263 seconds
Number of updated asset objects reloaded before import = 0Number of asset objects unloaded after import = 1

========================================================================
Received Import Request.
  Time since last request: 0.000028 seconds.
  path: Assets/Art/MINIFANTASY - Crafting and Professions I/Sprites/Gathering Professions/Mining/Characters/Shadow_Mining.png
  artifactKey: Guid(d135f48ad8f0a8041a80bcc88978cdab) Importer(2089858483,192608db42251d675da83286b1cce702)
Start importing Assets/Art/MINIFANTASY - Crafting and Professions I/Sprites/Gathering Professions/Mining/Characters/Shadow_Mining.png using Guid(d135f48ad8f0a8041a80bcc88978cdab) Importer(2089858483,192608db42251d675da83286b1cce702) (ScriptedImporter) -> (artifact id: 'fe41fe9f02ecad02054db9a33f528a11') in 0.0934649 seconds
Number of updated asset objects reloaded before import = 0Number of asset objects unloaded after import = 26

========================================================================
Received Import Request.
  Time since last request: 0.000033 seconds.
  path: Assets/Art/MINIFANTASY - Crafting and Professions I/Sprites/Crafting Professions/Woodwork/Sawmill/Gif
  artifactKey: Guid(81e8cacd0addc31418fd0fa559cae114) Importer(2089858483,192608db42251d675da83286b1cce702)
Start importing Assets/Art/MINIFANTASY - Crafting and Professions I/Sprites/Crafting Professions/Woodwork/Sawmill/Gif using Guid(81e8cacd0addc31418fd0fa559cae114) Importer(2089858483,192608db42251d675da83286b1cce702) (ScriptedImporter) -> (artifact id: 'cbfce72cced3482a3ab5e7cb7bc1c0cb') in 0.0091363 seconds
Number of updated asset objects reloaded before import = 0Number of asset objects unloaded after import = 1

========================================================================
Received Import Request.
  Time since last request: 0.000056 seconds.
  path: Assets/Art/MINIFANTASY - Crafting and Professions I/Animations/Humanoids/Orc/Orc_Chopping_NW.anim
  artifactKey: Guid(9cc003f7007ea8847a9a34ad4a59feb4) Importer(2089858483,192608db42251d675da83286b1cce702)
Start importing Assets/Art/MINIFANTASY - Crafting and Professions I/Animations/Humanoids/Orc/Orc_Chopping_NW.anim using Guid(9cc003f7007ea8847a9a34ad4a59feb4) Importer(2089858483,192608db42251d675da83286b1cce702) (ScriptedImporter) -> (artifact id: '5909a0b691f56dde7c1bb9386609d949') in 0.0242157 seconds
Number of updated asset objects reloaded before import = 0Number of asset objects unloaded after import = 1

========================================================================
Received Import Request.
  Time since last request: 0.000027 seconds.
  path: Assets/Art/MINIFANTASY - Crafting and Professions I/Prefabs
  artifactKey: Guid(686902c2ac352984d985200be4896b33) Importer(2089858483,192608db42251d675da83286b1cce702)
Start importing Assets/Art/MINIFANTASY - Crafting and Professions I/Prefabs using Guid(686902c2ac352984d985200be4896b33) Importer(2089858483,192608db42251d675da83286b1cce702) (ScriptedImporter) -> (artifact id: '2cba781280549ac934d860909f7554e5') in 0.0065299 seconds
Number of updated asset objects reloaded before import = 0Number of asset objects unloaded after import = 1

========================================================================
Received Import Request.
  Time since last request: 0.000026 seconds.
  path: Assets/Art/MINIFANTASY - Crafting and Professions I/Sprites/Barbarian
  artifactKey: Guid(cfcb6d0eb16ac6e4295b2770b186c5dc) Importer(2089858483,192608db42251d675da83286b1cce702)
Start importing Assets/Art/MINIFANTASY - Crafting and Professions I/Sprites/Barbarian using Guid(cfcb6d0eb16ac6e4295b2770b186c5dc) Importer(2089858483,192608db42251d675da83286b1cce702) (ScriptedImporter) -> (artifact id: 'eee7d794ced0ee771957223786f53714') in 0.0074892 seconds
Number of updated asset objects reloaded before import = 0Number of asset objects unloaded after import = 1

========================================================================
Received Import Request.
  Time since last request: 0.000022 seconds.
  path: Assets/Art/MINIFANTASY - Crafting and Professions I/Sprites/Rogue/General_Animations/Shadows/Rogue_DieShadow.png
  artifactKey: Guid(d0fc35c2a2d0de64da95754edd068413) Importer(2089858483,192608db42251d675da83286b1cce702)
Start importing Assets/Art/MINIFANTASY - Crafting and Professions I/Sprites/Rogue/General_Animations/Shadows/Rogue_DieShadow.png using Guid(d0fc35c2a2d0de64da95754edd068413) Importer(2089858483,192608db42251d675da83286b1cce702) (ScriptedImporter) -> (artifact id: '121c2cbe14bb4936e55f7ab091bce410') in 0.1327766 seconds
Number of updated asset objects reloaded before import = 0Number of asset objects unloaded after import = 28

========================================================================
Received Import Request.
  Time since last request: 0.000031 seconds.
  path: Assets/Art/MINIFANTASY - Crafting and Professions I/Sprites/Crafting Professions/Woodwork/Sawmill/Sawmill_WorkingShadow.png
  artifactKey: Guid(4b113aa7e9df57a44ab76a59fc255898) Importer(2089858483,192608db42251d675da83286b1cce702)
Start importing Assets/Art/MINIFANTASY - Crafting and Professions I/Sprites/Crafting Professions/Woodwork/Sawmill/Sawmill_WorkingShadow.png using Guid(4b113aa7e9df57a44ab76a59fc255898) Importer(2089858483,192608db42251d675da83286b1cce702) (ScriptedImporter) -> (artifact id: 'aa90007b1a50aa316c97622e95709b96') in 0.0611577 seconds
Number of updated asset objects reloaded before import = 0Number of asset objects unloaded after import = 16

========================================================================
Received Import Request.
  Time since last request: 0.000024 seconds.
  path: Assets/Art/MINIFANTASY - Crafting and Professions I/Animations/Humanoids/Dwarf/Dwarf_Harvest_SE.anim
  artifactKey: Guid(32781f96c95af4447bdaf1bb5f30ff57) Importer(2089858483,192608db42251d675da83286b1cce702)
Start importing Assets/Art/MINIFANTASY - Crafting and Professions I/Animations/Humanoids/Dwarf/Dwarf_Harvest_SE.anim using Guid(32781f96c95af4447bdaf1bb5f30ff57) Importer(2089858483,192608db42251d675da83286b1cce702) (ScriptedImporter) -> (artifact id: 'cc1302843097fb3768c08815607069bb') in 0.0119576 seconds
Number of updated asset objects reloaded before import = 0Number of asset objects unloaded after import = 1

========================================================================
Received Import Request.
  Time since last request: 0.000037 seconds.
  path: Assets/Art/MINIFANTASY - Crafting and Professions I/Sprites/Rogue/General_Animations/Rogue_Walk.png
  artifactKey: Guid(f414c88413396be49a90aea1f723016a) Importer(2089858483,192608db42251d675da83286b1cce702)
Start importing Assets/Art/MINIFANTASY - Crafting and Professions I/Sprites/Rogue/General_Animations/Rogue_Walk.png using Guid(f414c88413396be49a90aea1f723016a) Importer(2089858483,192608db42251d675da83286b1cce702) (ScriptedImporter) -> (artifact id: '48f0e1df5951f613ef9ecc009d7bb6b5') in 0.0613497 seconds
Number of updated asset objects reloaded before import = 0Number of asset objects unloaded after import = 18

========================================================================
Received Import Request.
  Time since last request: 0.000029 seconds.
  path: Assets/Art/MINIFANTASY - Crafting and Professions I/Sprites/Druid/General_Animations/Gifs/Druid_Idle.gif
  artifactKey: Guid(e7a34d9a7c31a154097688362ab442af) Importer(2089858483,192608db42251d675da83286b1cce702)
Start importing Assets/Art/MINIFANTASY - Crafting and Professions I/Sprites/Druid/General_Animations/Gifs/Druid_Idle.gif using Guid(e7a34d9a7c31a154097688362ab442af) Importer(2089858483,192608db42251d675da83286b1cce702) (ScriptedImporter) -> (artifact id: 'a02a3deb74202ca4d0baca140862917c') in 0.0229118 seconds
Number of updated asset objects reloaded before import = 0Number of asset objects unloaded after import = 3

========================================================================
Received Import Request.
  Time since last request: 0.000031 seconds.
  path: Assets/Art/MINIFANTASY - Crafting and Professions I/Sprites/Rogue/Special_Animations/Throw Bomb/Rogue_BombProjectileFrame2.png
  artifactKey: Guid(0007817d027cd7d4586c9045eae269b4) Importer(2089858483,192608db42251d675da83286b1cce702)
Start importing Assets/Art/MINIFANTASY - Crafting and Professions I/Sprites/Rogue/Special_Animations/Throw Bomb/Rogue_BombProjectileFrame2.png using Guid(0007817d027cd7d4586c9045eae269b4) Importer(2089858483,192608db42251d675da83286b1cce702) (ScriptedImporter) -> (artifact id: 'f0e286b8e28ff3f53d334940458437ae') in 0.0415401 seconds
Number of updated asset objects reloaded before import = 0Number of asset objects unloaded after import = 11

========================================================================
Received Import Request.
  Time since last request: 0.000029 seconds.
  path: Assets/Art/MINIFANTASY - Crafting and Professions I/Prefabs/Props/Herb_Node.prefab
  artifactKey: Guid(16afa65a937478944a50fab204687c58) Importer(2089858483,192608db42251d675da83286b1cce702)
Start importing Assets/Art/MINIFANTASY - Crafting and Professions I/Prefabs/Props/Herb_Node.prefab using Guid(16afa65a937478944a50fab204687c58) Importer(2089858483,192608db42251d675da83286b1cce702) (ScriptedImporter) -> (artifact id: 'af1124b3e04f320b989efe3bcc30471f') in 0.1082632 seconds
Number of updated asset objects reloaded before import = 0Number of asset objects unloaded after import = 30

========================================================================
Received Import Request.
  Time since last request: 0.000027 seconds.
  path: Assets/Art/MINIFANTASY - Crafting and Professions I/Sprites/Crafting Professions/Tailor/Spinning Wheel/SpinningWheel_WorkingShadow.png
  artifactKey: Guid(a2e6a8efa639ca54897eb045516a48b6) Importer(2089858483,192608db42251d675da83286b1cce702)
Start importing Assets/Art/MINIFANTASY - Crafting and Professions I/Sprites/Crafting Professions/Tailor/Spinning Wheel/SpinningWheel_WorkingShadow.png using Guid(a2e6a8efa639ca54897eb045516a48b6) Importer(2089858483,192608db42251d675da83286b1cce702) (ScriptedImporter) -> (artifact id: 'c8e7dbf1cba2f33f30381b708bb8115a') in 0.0454371 seconds
Number of updated asset objects reloaded before import = 0Number of asset objects unloaded after import = 10

========================================================================
Received Import Request.
  Time since last request: 0.000034 seconds.
  path: Assets/Art/MINIFANTASY - Crafting and Professions I/Prefabs/Props/Loom.prefab
  artifactKey: Guid(6e8e17ecd11e6e9429f808edca52c2a4) Importer(2089858483,192608db42251d675da83286b1cce702)
Start importing Assets/Art/MINIFANTASY - Crafting and Professions I/Prefabs/Props/Loom.prefab using Guid(6e8e17ecd11e6e9429f808edca52c2a4) Importer(2089858483,192608db42251d675da83286b1cce702) (ScriptedImporter) -> (artifact id: 'a170c0bc3ba563aae4c1d35865cd49bf') in 0.033634 seconds
Number of updated asset objects reloaded before import = 0Number of asset objects unloaded after import = 21

========================================================================
Received Import Request.
  Time since last request: 0.000024 seconds.
  path: Assets/Art/MINIFANTASY - Crafting and Professions I/Sprites/Barbarian/Special_Animations/Thunder_Blade_Attack/GIFs/Barbarian_ThunderBlade2.gif
  artifactKey: Guid(06684ff3b3224614aa3b4d58453ff8f9) Importer(2089858483,192608db42251d675da83286b1cce702)
Start importing Assets/Art/MINIFANTASY - Crafting and Professions I/Sprites/Barbarian/Special_Animations/Thunder_Blade_Attack/GIFs/Barbarian_ThunderBlade2.gif using Guid(06684ff3b3224614aa3b4d58453ff8f9) Importer(2089858483,192608db42251d675da83286b1cce702) (ScriptedImporter) -> (artifact id: '7081228ad071060b16709efd171c4ccf') in 0.0223429 seconds
Number of updated asset objects reloaded before import = 0Number of asset objects unloaded after import = 3

========================================================================
Received Import Request.
  Time since last request: 0.000018 seconds.
  path: Assets/Art/MINIFANTASY - Crafting and Professions I/Animations/Props/Trees/Hickory/HickoryTree_Hit_SE.anim
  artifactKey: Guid(6dcc6f3e7eda1284fa569b9fd7614222) Importer(2089858483,192608db42251d675da83286b1cce702)
Start importing Assets/Art/MINIFANTASY - Crafting and Professions I/Animations/Props/Trees/Hickory/HickoryTree_Hit_SE.anim using Guid(6dcc6f3e7eda1284fa569b9fd7614222) Importer(2089858483,192608db42251d675da83286b1cce702) (ScriptedImporter) -> (artifact id: '3ad44cb457343041720088dde5b9f889') in 0.0105603 seconds
Number of updated asset objects reloaded before import = 0Number of asset objects unloaded after import = 1

========================================================================
Received Import Request.
  Time since last request: 0.000021 seconds.
  path: Assets/Art/MINIFANTASY - Crafting and Professions I/Sprites/Gathering Professions/Logging/Trees Hit
  artifactKey: Guid(d5280d40dad7c5d48bdb8f19902ceb34) Importer(2089858483,192608db42251d675da83286b1cce702)
Start importing Assets/Art/MINIFANTASY - Crafting and Professions I/Sprites/Gathering Professions/Logging/Trees Hit using Guid(d5280d40dad7c5d48bdb8f19902ceb34) Importer(2089858483,192608db42251d675da83286b1cce702) (ScriptedImporter) -> (artifact id: 'd4dba4413854470e5d3944814c938048') in 0.0085529 seconds
Number of updated asset objects reloaded before import = 0Number of asset objects unloaded after import = 1

========================================================================
Received Import Request.
  Time since last request: 0.000030 seconds.
  path: Assets/Art/MINIFANTASY - Crafting and Professions I/Sprites/Druid/General_Animations/Gifs/Druid_Walk.gif
  artifactKey: Guid(0d36d17108d89bd40a65b3fc4cd5fd2e) Importer(2089858483,192608db42251d675da83286b1cce702)
Start importing Assets/Art/MINIFANTASY - Crafting and Professions I/Sprites/Druid/General_Animations/Gifs/Druid_Walk.gif using Guid(0d36d17108d89bd40a65b3fc4cd5fd2e) Importer(2089858483,192608db42251d675da83286b1cce702) (ScriptedImporter) -> (artifact id: '5f8f7e59df704b4b50a7555fe33fcf8e') in 0.023004 seconds
Number of updated asset objects reloaded before import = 0Number of asset objects unloaded after import = 3

========================================================================
Received Import Request.
  Time since last request: 0.000047 seconds.
  path: Assets/Art/MINIFANTASY - Crafting and Professions I/Sprites/Gathering Professions/Harvesting/Gif/HarvestAnimation.gif
  artifactKey: Guid(52508f406a0f11144b2d19bcebf71f42) Importer(2089858483,192608db42251d675da83286b1cce702)
Start importing Assets/Art/MINIFANTASY - Crafting and Professions I/Sprites/Gathering Professions/Harvesting/Gif/HarvestAnimation.gif using Guid(52508f406a0f11144b2d19bcebf71f42) Importer(2089858483,192608db42251d675da83286b1cce702) (ScriptedImporter) -> (artifact id: '05ee8c9c0ee90256bec0311a143e6e54') in 0.0225594 seconds
Number of updated asset objects reloaded before import = 0Number of asset objects unloaded after import = 3

========================================================================
Received Import Request.
  Time since last request: 0.000029 seconds.
  path: Assets/Art/MINIFANTASY - Crafting and Professions I/Sprites/Rogue/General_Animations/Rogue_Idle.png
  artifactKey: Guid(931999edf61c9bb498b0ac5a5cdce39c) Importer(2089858483,192608db42251d675da83286b1cce702)
Start importing Assets/Art/MINIFANTASY - Crafting and Professions I/Sprites/Rogue/General_Animations/Rogue_Idle.png using Guid(931999edf61c9bb498b0ac5a5cdce39c) Importer(2089858483,192608db42251d675da83286b1cce702) (ScriptedImporter) -> (artifact id: '1846abda72260ac3b7bda1a80b7f339f') in 0.1849933 seconds
Number of updated asset objects reloaded before import = 0Number of asset objects unloaded after import = 66

========================================================================
Received Import Request.
  Time since last request: 0.000072 seconds.
  path: Assets/Art/MINIFANTASY - Crafting and Professions I/Sprites/Crafting Professions/Jewelry/Character/Elf_JewelryWorkshopWorking.png
  artifactKey: Guid(19c31dbae5fdb4e4f9199177f60ef21a) Importer(2089858483,192608db42251d675da83286b1cce702)
Start importing Assets/Art/MINIFANTASY - Crafting and Professions I/Sprites/Crafting Professions/Jewelry/Character/Elf_JewelryWorkshopWorking.png using Guid(19c31dbae5fdb4e4f9199177f60ef21a) Importer(2089858483,192608db42251d675da83286b1cce702) (ScriptedImporter) -> (artifact id: '28c5abed449ff2c1d68a85028a6fa3be') in 0.0611626 seconds
Number of updated asset objects reloaded before import = 0Number of asset objects unloaded after import = 13

========================================================================
Received Import Request.
  Time since last request: 0.000038 seconds.
  path: Assets/Art/MINIFANTASY - Crafting and Professions I/Animations/Props/Alchemy/Laboratory_AnimatorController.controller
  artifactKey: Guid(5af7feaea99ca454ab8a7186539ba290) Importer(2089858483,192608db42251d675da83286b1cce702)
Start importing Assets/Art/MINIFANTASY - Crafting and Professions I/Animations/Props/Alchemy/Laboratory_AnimatorController.controller using Guid(5af7feaea99ca454ab8a7186539ba290) Importer(2089858483,192608db42251d675da83286b1cce702) (ScriptedImporter) -> (artifact id: 'b98895b5ecc095e1468872afe382035b') in 0.0108183 seconds
Number of updated asset objects reloaded before import = 0Number of asset objects unloaded after import = 6

========================================================================
Received Import Request.
  Time since last request: 0.000018 seconds.
  path: Assets/Art/MINIFANTASY - Crafting and Professions I/Sprites/Gathering Professions/Harvesting/Characters
  artifactKey: Guid(b6466b366fc9b76448e79ddc3496d110) Importer(2089858483,192608db42251d675da83286b1cce702)
Start importing Assets/Art/MINIFANTASY - Crafting and Professions I/Sprites/Gathering Professions/Harvesting/Characters using Guid(b6466b366fc9b76448e79ddc3496d110) Importer(2089858483,192608db42251d675da83286b1cce702) (ScriptedImporter) -> (artifact id: '339677ea64f307a57b63f256b2899bc7') in 0.005945 seconds
Number of updated asset objects reloaded before import = 0Number of asset objects unloaded after import = 1

========================================================================
Received Import Request.
  Time since last request: 0.000024 seconds.
  path: Assets/Art/MINIFANTASY - Crafting and Professions I/Sprites/Gathering Professions/Logging/Trees Hit/Gifs/WillowTreeHit.gif
  artifactKey: Guid(cf71c78de2b810948b5d6977ac084d58) Importer(2089858483,192608db42251d675da83286b1cce702)
Start importing Assets/Art/MINIFANTASY - Crafting and Professions I/Sprites/Gathering Professions/Logging/Trees Hit/Gifs/WillowTreeHit.gif using Guid(cf71c78de2b810948b5d6977ac084d58) Importer(2089858483,192608db42251d675da83286b1cce702) (ScriptedImporter) -> (artifact id: '8523fa67131faae9e26883868bbb17b7') in 0.0215586 seconds
Number of updated asset objects reloaded before import = 0Number of asset objects unloaded after import = 3

========================================================================
Received Import Request.
  Time since last request: 0.000028 seconds.
  path: Assets/Art/MINIFANTASY - Crafting and Professions I/Sprites/Barbarian/Special_Animations/Battle_Cry/Barbarian_BattleCry.png
  artifactKey: Guid(89c8a8b971fa6b8449d0b43cb010d2fe) Importer(2089858483,192608db42251d675da83286b1cce702)
Start importing Assets/Art/MINIFANTASY - Crafting and Professions I/Sprites/Barbarian/Special_Animations/Battle_Cry/Barbarian_BattleCry.png using Guid(89c8a8b971fa6b8449d0b43cb010d2fe) Importer(2089858483,192608db42251d675da83286b1cce702) (ScriptedImporter) -> (artifact id: '46aa46599891f6785c2a344568207eeb') in 0.0959562 seconds
Number of updated asset objects reloaded before import = 0Number of asset objects unloaded after import = 46

========================================================================
Received Import Request.
  Time since last request: 0.000023 seconds.
  path: Assets/Art/MINIFANTASY - Crafting and Professions I/Sprites/Druid/Special_Animations/Shape_Shifting/Forest_Hound/Shadows/ForestHound_AttackShadow.png
  artifactKey: Guid(f67cc3350971fe74f95006b1a5b073cd) Importer(2089858483,192608db42251d675da83286b1cce702)
Start importing Assets/Art/MINIFANTASY - Crafting and Professions I/Sprites/Druid/Special_Animations/Shape_Shifting/Forest_Hound/Shadows/ForestHound_AttackShadow.png using Guid(f67cc3350971fe74f95006b1a5b073cd) Importer(2089858483,192608db42251d675da83286b1cce702) (ScriptedImporter) -> (artifact id: '14effdad225743973024ef2ee7ebe0bb') in 0.0477115 seconds
Number of updated asset objects reloaded before import = 0Number of asset objects unloaded after import = 18

========================================================================
Received Import Request.
  Time since last request: 0.000033 seconds.
  path: Assets/Art/MINIFANTASY - Crafting and Professions I/Sprites/Barbarian/Special_Animations/Battle_Cry/GIFs/Barbarian_BattleCry.gif
  artifactKey: Guid(ebb644afb457e374ab90fd580eda573b) Importer(2089858483,192608db42251d675da83286b1cce702)
Start importing Assets/Art/MINIFANTASY - Crafting and Professions I/Sprites/Barbarian/Special_Animations/Battle_Cry/GIFs/Barbarian_BattleCry.gif using Guid(ebb644afb457e374ab90fd580eda573b) Importer(2089858483,192608db42251d675da83286b1cce702) (ScriptedImporter) -> (artifact id: '4c2ba58559a3f8481929d39519d32ad0') in 0.0182722 seconds
Number of updated asset objects reloaded before import = 0Number of asset objects unloaded after import = 3

========================================================================
Received Import Request.
  Time since last request: 0.000018 seconds.
  path: Assets/Art/MINIFANTASY - Crafting and Professions I/Animations/Humanoids/Goblin/Goblin_Mining_NE.anim
  artifactKey: Guid(f044b894f1eb58f4a809563f143e1876) Importer(2089858483,192608db42251d675da83286b1cce702)
Start importing Assets/Art/MINIFANTASY - Crafting and Professions I/Animations/Humanoids/Goblin/Goblin_Mining_NE.anim using Guid(f044b894f1eb58f4a809563f143e1876) Importer(2089858483,192608db42251d675da83286b1cce702) (ScriptedImporter) -> (artifact id: '4310029b2409689d24d139967ea469d8') in 0.008116 seconds
Number of updated asset objects reloaded before import = 0Number of asset objects unloaded after import = 1

========================================================================
Received Import Request.
  Time since last request: 0.000018 seconds.
  path: Assets/Art/MINIFANTASY - Crafting and Professions I/Prefabs/Projectiles/Root.prefab
  artifactKey: Guid(88bcd6bdef4aa3b488adfa41fc178b88) Importer(2089858483,192608db42251d675da83286b1cce702)
Start importing Assets/Art/MINIFANTASY - Crafting and Professions I/Prefabs/Projectiles/Root.prefab using Guid(88bcd6bdef4aa3b488adfa41fc178b88) Importer(2089858483,192608db42251d675da83286b1cce702) (ScriptedImporter) -> (artifact id: '74d22cf9d1c0600bd462b456b61b973c') in 0.0340363 seconds
Number of updated asset objects reloaded before import = 0Number of asset objects unloaded after import = 10

========================================================================
Received Import Request.
  Time since last request: 0.000035 seconds.
  path: Assets/Art/MINIFANTASY - Crafting and Professions I/Sprites/Druid/General_Animations/Druid_Attack.png
  artifactKey: Guid(450b1cdd1b78a1947885f86f733ef1b1) Importer(2089858483,192608db42251d675da83286b1cce702)
Start importing Assets/Art/MINIFANTASY - Crafting and Professions I/Sprites/Druid/General_Animations/Druid_Attack.png using Guid(450b1cdd1b78a1947885f86f733ef1b1) Importer(2089858483,192608db42251d675da83286b1cce702) (ScriptedImporter) -> (artifact id: '5566b7767ec1d1e150f15f8a1c8f1597') in 0.0437057 seconds
Number of updated asset objects reloaded before import = 0Number of asset objects unloaded after import = 18

========================================================================
Received Import Request.
  Time since last request: 0.000020 seconds.
  path: Assets/Art/MINIFANTASY - Crafting and Professions I/Animations/Humanoids/Goblin/Goblin_Chopping_SE.anim
  artifactKey: Guid(f28dfcb50f3e3d447847fdba84dff6c6) Importer(2089858483,192608db42251d675da83286b1cce702)
Start importing Assets/Art/MINIFANTASY - Crafting and Professions I/Animations/Humanoids/Goblin/Goblin_Chopping_SE.anim using Guid(f28dfcb50f3e3d447847fdba84dff6c6) Importer(2089858483,192608db42251d675da83286b1cce702) (ScriptedImporter) -> (artifact id: 'aacf3914a3dcecb35f06f62ffee27d80') in 0.0084812 seconds
Number of updated asset objects reloaded before import = 0Number of asset objects unloaded after import = 1

========================================================================
Received Import Request.
  Time since last request: 0.000027 seconds.
  path: Assets/Art/MINIFANTASY - Crafting and Professions I/Sprites/Rogue/General_Animations/Shadows/Rogue_JumpShadow.png
  artifactKey: Guid(9a5af5d4b953d7a469c7f79e3bba9058) Importer(2089858483,192608db42251d675da83286b1cce702)
Start importing Assets/Art/MINIFANTASY - Crafting and Professions I/Sprites/Rogue/General_Animations/Shadows/Rogue_JumpShadow.png using Guid(9a5af5d4b953d7a469c7f79e3bba9058) Importer(2089858483,192608db42251d675da83286b1cce702) (ScriptedImporter) -> (artifact id: '4cc9b2752596cd386e5be6ff5bb68c37') in 0.0578284 seconds
Number of updated asset objects reloaded before import = 0Number of asset objects unloaded after import = 18

========================================================================
Received Import Request.
  Time since last request: 0.000020 seconds.
  path: Assets/Art/MINIFANTASY - Crafting and Professions I/Sprites/Barbarian/Special_Animations/Battle_Cry/Shadows/Barbarian_BattleCryShadow.png
  artifactKey: Guid(f9a9d86041caa794883abcd127667c51) Importer(2089858483,192608db42251d675da83286b1cce702)
Start importing Assets/Art/MINIFANTASY - Crafting and Professions I/Sprites/Barbarian/Special_Animations/Battle_Cry/Shadows/Barbarian_BattleCryShadow.png using Guid(f9a9d86041caa794883abcd127667c51) Importer(2089858483,192608db42251d675da83286b1cce702) (ScriptedImporter) -> (artifact id: '1523be50417c496fbc9e4152ed94e519') in 0.1215149 seconds
Number of updated asset objects reloaded before import = 0Number of asset objects unloaded after import = 46

========================================================================
Received Import Request.
  Time since last request: 0.000028 seconds.
  path: Assets/Art/MINIFANTASY - Crafting and Professions I/Sprites/Gathering Professions/Mining/MiningShadows.png
  artifactKey: Guid(5355084e1c7920942b0f20a6001ebc55) Importer(2089858483,192608db42251d675da83286b1cce702)
Start importing Assets/Art/MINIFANTASY - Crafting and Professions I/Sprites/Gathering Professions/Mining/MiningShadows.png using Guid(5355084e1c7920942b0f20a6001ebc55) Importer(2089858483,192608db42251d675da83286b1cce702) (ScriptedImporter) -> (artifact id: 'b8e8bfbf9135463edf56318962e3c64c') in 0.1216385 seconds
Number of updated asset objects reloaded before import = 0Number of asset objects unloaded after import = 9

========================================================================
Received Import Request.
  Time since last request: 0.000041 seconds.
  path: Assets/Art/MINIFANTASY - Crafting and Professions I/Sprites/Gathering Professions/Mining/Characters/Gif
  artifactKey: Guid(cbbc2d25a2497d4409b27cf31b5cd38e) Importer(2089858483,192608db42251d675da83286b1cce702)
Start importing Assets/Art/MINIFANTASY - Crafting and Professions I/Sprites/Gathering Professions/Mining/Characters/Gif using Guid(cbbc2d25a2497d4409b27cf31b5cd38e) Importer(2089858483,192608db42251d675da83286b1cce702) (ScriptedImporter) -> (artifact id: '8366bc01ab42d1536c5885c1c07d7657') in 0.0090513 seconds
Number of updated asset objects reloaded before import = 0Number of asset objects unloaded after import = 1

========================================================================
Received Import Request.
  Time since last request: 0.000027 seconds.
  path: Assets/Art/MINIFANTASY - Crafting and Professions I/Sprites/Crafting Professions/Tailor/Loom
  artifactKey: Guid(9cc208bd2c9bdeb43812624044c851cb) Importer(2089858483,192608db42251d675da83286b1cce702)
Start importing Assets/Art/MINIFANTASY - Crafting and Professions I/Sprites/Crafting Professions/Tailor/Loom using Guid(9cc208bd2c9bdeb43812624044c851cb) Importer(2089858483,192608db42251d675da83286b1cce702) (ScriptedImporter) -> (artifact id: '2d19da3336f94e3293ae9db869e27401') in 0.0549393 seconds
Number of updated asset objects reloaded before import = 0Number of asset objects unloaded after import = 1

========================================================================
Received Import Request.
  Time since last request: 0.000028 seconds.
  path: Assets/Art/MINIFANTASY - Crafting and Professions I/Sprites/Rogue/General_Animations/GIFs/Rogue_Dmg.gif
  artifactKey: Guid(f0687b05da568354b9776027922e3040) Importer(2089858483,192608db42251d675da83286b1cce702)
Start importing Assets/Art/MINIFANTASY - Crafting and Professions I/Sprites/Rogue/General_Animations/GIFs/Rogue_Dmg.gif using Guid(f0687b05da568354b9776027922e3040) Importer(2089858483,192608db42251d675da83286b1cce702) (ScriptedImporter) -> (artifact id: '17360d074e927e2ced801f7e00e9a9f7') in 0.0449541 seconds
Number of updated asset objects reloaded before import = 0Number of asset objects unloaded after import = 3

========================================================================
Received Import Request.
  Time since last request: 0.000043 seconds.
  path: Assets/Art/MINIFANTASY - Crafting and Professions I/Prefabs/Characters/Druid.prefab
  artifactKey: Guid(e8b29a66fe3add74b85e5e11f19de5a2) Importer(2089858483,192608db42251d675da83286b1cce702)
Start importing Assets/Art/MINIFANTASY - Crafting and Professions I/Prefabs/Characters/Druid.prefab using Guid(e8b29a66fe3add74b85e5e11f19de5a2) Importer(2089858483,192608db42251d675da83286b1cce702) (ScriptedImporter) -> (artifact id: '6e52f7dfc99b92c66a2786d002ddd3f4') in 0.0431006 seconds
Number of updated asset objects reloaded before import = 0Number of asset objects unloaded after import = 50

========================================================================
Received Import Request.
  Time since last request: 0.000024 seconds.
  path: Assets/Art/MINIFANTASY - Crafting and Professions I/Sprites/Barbarian/Special_Animations/Thunder_Blade_Attack/Barbarian_ThunderBladeProjectilesFrame2.png
  artifactKey: Guid(fb416fbcac2de7a44bad37695d5492a4) Importer(2089858483,192608db42251d675da83286b1cce702)
Start importing Assets/Art/MINIFANTASY - Crafting and Professions I/Sprites/Barbarian/Special_Animations/Thunder_Blade_Attack/Barbarian_ThunderBladeProjectilesFrame2.png using Guid(fb416fbcac2de7a44bad37695d5492a4) Importer(2089858483,192608db42251d675da83286b1cce702) (ScriptedImporter) -> (artifact id: '735eb87c905eb0c86004d4ee3aa10d4c') in 0.0746956 seconds
Number of updated asset objects reloaded before import = 0Number of asset objects unloaded after import = 11

========================================================================
Received Import Request.
  Time since last request: 0.000033 seconds.
  path: Assets/Art/MINIFANTASY - Crafting and Professions I/Sprites/Crafting Professions/Blacksmith/Anvil/Characters/Dwarf_AnvilWorking.png
  artifactKey: Guid(bc2c9f6ee7c7ec2429eb2a43941c8f1c) Importer(2089858483,192608db42251d675da83286b1cce702)
Start importing Assets/Art/MINIFANTASY - Crafting and Professions I/Sprites/Crafting Professions/Blacksmith/Anvil/Characters/Dwarf_AnvilWorking.png using Guid(bc2c9f6ee7c7ec2429eb2a43941c8f1c) Importer(2089858483,192608db42251d675da83286b1cce702) (ScriptedImporter) -> (artifact id: '9469259f46e41957ec919b1845f0e747') in 0.0629104 seconds
Number of updated asset objects reloaded before import = 0Number of asset objects unloaded after import = 8

========================================================================
Received Import Request.
  Time since last request: 0.000047 seconds.
  path: Assets/Art/MINIFANTASY - Crafting and Professions I/Sprites/Crafting Professions/Blacksmith/Foundry
  artifactKey: Guid(b7ac5c421a09e1c449e6ad235e5fa48e) Importer(2089858483,192608db42251d675da83286b1cce702)
Start importing Assets/Art/MINIFANTASY - Crafting and Professions I/Sprites/Crafting Professions/Blacksmith/Foundry using Guid(b7ac5c421a09e1c449e6ad235e5fa48e) Importer(2089858483,192608db42251d675da83286b1cce702) (ScriptedImporter) -> (artifact id: '6191442914428508c74a219791d79554') in 0.0070764 seconds
Number of updated asset objects reloaded before import = 0Number of asset objects unloaded after import = 1

========================================================================
Received Import Request.
  Time since last request: 0.000020 seconds.
  path: Assets/Art/MINIFANTASY - Crafting and Professions I/Scripts/Prop Variants/CP1_MineralPickup.cs
  artifactKey: Guid(4ab1a86a8d781bf449f9c0cd350c1204) Importer(2089858483,192608db42251d675da83286b1cce702)
Start importing Assets/Art/MINIFANTASY - Crafting and Professions I/Scripts/Prop Variants/CP1_MineralPickup.cs using Guid(4ab1a86a8d781bf449f9c0cd350c1204) Importer(2089858483,192608db42251d675da83286b1cce702) (ScriptedImporter) -> (artifact id: '4020eb150c17c8e488bd80f4c03c8e7c') in 0.0115255 seconds
Number of updated asset objects reloaded before import = 0Number of asset objects unloaded after import = 0

========================================================================
Received Import Request.
  Time since last request: 0.000024 seconds.
  path: Assets/Art/MINIFANTASY - Crafting and Professions I/Sprites/Barbarian/General_Animations/Barbarian_Idle.png
  artifactKey: Guid(4e2db70dfcc16bf4c84eeaf0c7e94603) Importer(2089858483,192608db42251d675da83286b1cce702)
Start importing Assets/Art/MINIFANTASY - Crafting and Professions I/Sprites/Barbarian/General_Animations/Barbarian_Idle.png using Guid(4e2db70dfcc16bf4c84eeaf0c7e94603) Importer(2089858483,192608db42251d675da83286b1cce702) (ScriptedImporter) -> (artifact id: '2fa71ced0108364ecb6a9bb8567fa07f') in 0.1711085 seconds
Number of updated asset objects reloaded before import = 0Number of asset objects unloaded after import = 66

========================================================================
Received Import Request.
  Time since last request: 0.000057 seconds.
  path: Assets/Art/MINIFANTASY - Crafting and Professions I/Sprites/Gathering Professions/Logging/Characters/Orc_Chopping.png
  artifactKey: Guid(f75049353393aa540be9fac35998c0dc) Importer(2089858483,192608db42251d675da83286b1cce702)
Start importing Assets/Art/MINIFANTASY - Crafting and Professions I/Sprites/Gathering Professions/Logging/Characters/Orc_Chopping.png using Guid(f75049353393aa540be9fac35998c0dc) Importer(2089858483,192608db42251d675da83286b1cce702) (ScriptedImporter) -> (artifact id: '88b0f5bc65472c23f4a3b90281195523') in 0.207365 seconds
Number of updated asset objects reloaded before import = 0Number of asset objects unloaded after import = 26

========================================================================
Received Import Request.
  Time since last request: 0.000036 seconds.
  path: Assets/Art/MINIFANTASY - Crafting and Professions I/Sprites/Rogue/Special_Animations/Mobility
  artifactKey: Guid(2dae577efa7cd8d44a82c4a3bdcb1208) Importer(2089858483,192608db42251d675da83286b1cce702)
Start importing Assets/Art/MINIFANTASY - Crafting and Professions I/Sprites/Rogue/Special_Animations/Mobility using Guid(2dae577efa7cd8d44a82c4a3bdcb1208) Importer(2089858483,192608db42251d675da83286b1cce702) (ScriptedImporter) -> (artifact id: 'a8f71c26f472d8232ce7b4912eb4fff7') in 0.0063376 seconds
Number of updated asset objects reloaded before import = 0Number of asset objects unloaded after import = 1

========================================================================
Received Import Request.
  Time since last request: 0.000019 seconds.
  path: Assets/Art/MINIFANTASY - Crafting and Professions I/Scripts/Prop Variants/CP1_TreePickup.cs
  artifactKey: Guid(1de619a5ab61966468ed385a27d8dca7) Importer(2089858483,192608db42251d675da83286b1cce702)
Start importing Assets/Art/MINIFANTASY - Crafting and Professions I/Scripts/Prop Variants/CP1_TreePickup.cs using Guid(1de619a5ab61966468ed385a27d8dca7) Importer(2089858483,192608db42251d675da83286b1cce702) (ScriptedImporter) -> (artifact id: 'b5ce80460e33b3ca3c636d223fac819d') in 0.007235 seconds
Number of updated asset objects reloaded before import = 0Number of asset objects unloaded after import = 0

========================================================================
Received Import Request.
  Time since last request: 0.000019 seconds.
  path: Assets/Art/MINIFANTASY - Crafting and Professions I/Scenes
  artifactKey: Guid(b3885c44000cf6943a8a14fda41e13e8) Importer(2089858483,192608db42251d675da83286b1cce702)
Start importing Assets/Art/MINIFANTASY - Crafting and Professions I/Scenes using Guid(b3885c44000cf6943a8a14fda41e13e8) Importer(2089858483,192608db42251d675da83286b1cce702) (ScriptedImporter) -> (artifact id: '6a8a49349fbfe0c93d64a3bab0bcf8f2') in 0.006138 seconds
Number of updated asset objects reloaded before import = 0Number of asset objects unloaded after import = 1

========================================================================
Received Import Request.
  Time since last request: 0.000020 seconds.
  path: Assets/Art/MINIFANTASY - Crafting and Professions I/Sprites/Gathering Professions/Logging/Trees Hit/PineTree_Hit.png
  artifactKey: Guid(2b16b02d9e563da45a10af8c8631728c) Importer(2089858483,192608db42251d675da83286b1cce702)
Start importing Assets/Art/MINIFANTASY - Crafting and Professions I/Sprites/Gathering Professions/Logging/Trees Hit/PineTree_Hit.png using Guid(2b16b02d9e563da45a10af8c8631728c) Importer(2089858483,192608db42251d675da83286b1cce702) (ScriptedImporter) -> (artifact id: 'c34340ae38c5e2d212fd197dcf5832b6') in 0.0410166 seconds
Number of updated asset objects reloaded before import = 0Number of asset objects unloaded after import = 8

========================================================================
Received Import Request.
  Time since last request: 0.000023 seconds.
  path: Assets/Art/MINIFANTASY - Crafting and Professions I/Sprites/Crafting Professions/Blacksmith/Anvil
  artifactKey: Guid(cfcf7160b803c1d42bf8c6af7bd537c6) Importer(2089858483,192608db42251d675da83286b1cce702)
Start importing Assets/Art/MINIFANTASY - Crafting and Professions I/Sprites/Crafting Professions/Blacksmith/Anvil using Guid(cfcf7160b803c1d42bf8c6af7bd537c6) Importer(2089858483,192608db42251d675da83286b1cce702) (ScriptedImporter) -> (artifact id: 'e82d9bea182b2bd4174f1a96530ba73b') in 0.0053143 seconds
Number of updated asset objects reloaded before import = 0Number of asset objects unloaded after import = 1

========================================================================
Received Import Request.
  Time since last request: 0.000030 seconds.
  path: Assets/Art/MINIFANTASY - Crafting and Professions I/Sprites/Gathering Professions/Mining
  artifactKey: Guid(c68d13a10410a7748b14d7c40df8f403) Importer(2089858483,192608db42251d675da83286b1cce702)
Start importing Assets/Art/MINIFANTASY - Crafting and Professions I/Sprites/Gathering Professions/Mining using Guid(c68d13a10410a7748b14d7c40df8f403) Importer(2089858483,192608db42251d675da83286b1cce702) (ScriptedImporter) -> (artifact id: 'eba9efef01ce0104ef06781d07fffbb1') in 0.0058761 seconds
Number of updated asset objects reloaded before import = 0Number of asset objects unloaded after import = 1

========================================================================
Received Import Request.
  Time since last request: 0.000023 seconds.
  path: Assets/Art/MINIFANTASY - Crafting and Professions I/Animations/Humanoids/Goblin/Goblin_Harvest_NW.anim
  artifactKey: Guid(6869becc6c649b94d99c4a3c3ed5fe48) Importer(2089858483,192608db42251d675da83286b1cce702)
Start importing Assets/Art/MINIFANTASY - Crafting and Professions I/Animations/Humanoids/Goblin/Goblin_Harvest_NW.anim using Guid(6869becc6c649b94d99c4a3c3ed5fe48) Importer(2089858483,192608db42251d675da83286b1cce702) (ScriptedImporter) -> (artifact id: '27db1ebf430c2ee669f0d799770494b1') in 0.0081442 seconds
Number of updated asset objects reloaded before import = 0Number of asset objects unloaded after import = 1

========================================================================
Received Import Request.
  Time since last request: 0.000022 seconds.
  path: Assets/Art/MINIFANTASY - Crafting and Professions I/Scripts/Prop Variants/CP1_PlantNode.cs
  artifactKey: Guid(c3da4ea18ba64244e89b05089656c89c) Importer(2089858483,192608db42251d675da83286b1cce702)
Start importing Assets/Art/MINIFANTASY - Crafting and Professions I/Scripts/Prop Variants/CP1_PlantNode.cs using Guid(c3da4ea18ba64244e89b05089656c89c) Importer(2089858483,192608db42251d675da83286b1cce702) (ScriptedImporter) -> (artifact id: '0cad5ce152706a929102a942aa2ee6ea') in 0.0103315 seconds
Number of updated asset objects reloaded before import = 0Number of asset objects unloaded after import = 0

========================================================================
Received Import Request.
  Time since last request: 0.000021 seconds.
  path: Assets/Art/MINIFANTASY - Crafting and Professions I/Sprites/Barbarian/General_Animations/GIFs/Barbarian_Jump.gif
  artifactKey: Guid(8035aa66384d446458352d80964ec1d9) Importer(2089858483,192608db42251d675da83286b1cce702)
Start importing Assets/Art/MINIFANTASY - Crafting and Professions I/Sprites/Barbarian/General_Animations/GIFs/Barbarian_Jump.gif using Guid(8035aa66384d446458352d80964ec1d9) Importer(2089858483,192608db42251d675da83286b1cce702) (ScriptedImporter) -> (artifact id: 'dabccc994a972171e1596906cb70e8b2') in 0.0197852 seconds
Number of updated asset objects reloaded before import = 0Number of asset objects unloaded after import = 3

========================================================================
Received Import Request.
  Time since last request: 0.000056 seconds.
  path: Assets/Art/MINIFANTASY - Crafting and Professions I/Animations/Humanoids/Human/Human_Harvest_SE.anim
  artifactKey: Guid(f9eb8204f8ed4a14d94eb0f48910c256) Importer(2089858483,192608db42251d675da83286b1cce702)
Start importing Assets/Art/MINIFANTASY - Crafting and Professions I/Animations/Humanoids/Human/Human_Harvest_SE.anim using Guid(f9eb8204f8ed4a14d94eb0f48910c256) Importer(2089858483,192608db42251d675da83286b1cce702) (ScriptedImporter) -> (artifact id: '49276c9e39df51ee29dbb28c12cdc645') in 0.00832 seconds
Number of updated asset objects reloaded before import = 0Number of asset objects unloaded after import = 1

========================================================================
Received Import Request.
  Time since last request: 0.000027 seconds.
  path: Assets/Art/MINIFANTASY - Crafting and Professions I/Animations/Props/Blacksmith/Foundry_Pouring.anim
  artifactKey: Guid(b1da2c9fabbc8304ca50e1b1f3bc4a83) Importer(2089858483,192608db42251d675da83286b1cce702)
Start importing Assets/Art/MINIFANTASY - Crafting and Professions I/Animations/Props/Blacksmith/Foundry_Pouring.anim using Guid(b1da2c9fabbc8304ca50e1b1f3bc4a83) Importer(2089858483,192608db42251d675da83286b1cce702) (ScriptedImporter) -> (artifact id: 'c2113a30898ad71dbb773f3d2390f2bf') in 0.00872 seconds
Number of updated asset objects reloaded before import = 0Number of asset objects unloaded after import = 1

========================================================================
Received Import Request.
  Time since last request: 0.000016 seconds.
  path: Assets/Art/MINIFANTASY - Crafting and Professions I/Sprites/Crafting Professions/Blacksmith/Foundry/Foundry_Melting.png
  artifactKey: Guid(1a3e09a3874e96c4cba647b9927c139d) Importer(2089858483,192608db42251d675da83286b1cce702)
Start importing Assets/Art/MINIFANTASY - Crafting and Professions I/Sprites/Crafting Professions/Blacksmith/Foundry/Foundry_Melting.png using Guid(1a3e09a3874e96c4cba647b9927c139d) Importer(2089858483,192608db42251d675da83286b1cce702) (ScriptedImporter) -> (artifact id: 'ad53afa4819b068db88b9cde99e3e9a4') in 0.0558851 seconds
Number of updated asset objects reloaded before import = 0Number of asset objects unloaded after import = 10

========================================================================
Received Import Request.
  Time since last request: 0.000026 seconds.
  path: Assets/Art/MINIFANTASY - Crafting and Professions I/Animations/Props/Tailor
  artifactKey: Guid(2c144efb52a0e494c9d77bc483c3512a) Importer(2089858483,192608db42251d675da83286b1cce702)
Start importing Assets/Art/MINIFANTASY - Crafting and Professions I/Animations/Props/Tailor using Guid(2c144efb52a0e494c9d77bc483c3512a) Importer(2089858483,192608db42251d675da83286b1cce702) (ScriptedImporter) -> (artifact id: 'bab806967603d031f4fc03f9a4c15e9d') in 0.0077954 seconds
Number of updated asset objects reloaded before import = 0Number of asset objects unloaded after import = 1

========================================================================
Received Import Request.
  Time since last request: 0.000030 seconds.
  path: Assets/Art/MINIFANTASY - Crafting and Professions I/Animations/Humanoids/Elf/Elf_Harvest_SW.anim
  artifactKey: Guid(933454b30d2b7d140b582a8eedbf6aee) Importer(2089858483,192608db42251d675da83286b1cce702)
Start importing Assets/Art/MINIFANTASY - Crafting and Professions I/Animations/Humanoids/Elf/Elf_Harvest_SW.anim using Guid(933454b30d2b7d140b582a8eedbf6aee) Importer(2089858483,192608db42251d675da83286b1cce702) (ScriptedImporter) -> (artifact id: '11b07933850be83d987d9642ebef0708') in 0.0118143 seconds
Number of updated asset objects reloaded before import = 0Number of asset objects unloaded after import = 1

========================================================================
Received Import Request.
  Time since last request: 0.000040 seconds.
  path: Assets/Art/MINIFANTASY - Crafting and Professions I/Sprites/Druid/Special_Animations/Shape_Shifting/Forest_Hound/GIFs/ForestHoundJump.gif
  artifactKey: Guid(5130cbad22b355f499e3924335387170) Importer(2089858483,192608db42251d675da83286b1cce702)
Start importing Assets/Art/MINIFANTASY - Crafting and Professions I/Sprites/Druid/Special_Animations/Shape_Shifting/Forest_Hound/GIFs/ForestHoundJump.gif using Guid(5130cbad22b355f499e3924335387170) Importer(2089858483,192608db42251d675da83286b1cce702) (ScriptedImporter) -> (artifact id: 'ef902144a65b83f27798dc760e659ed3') in 0.0211504 seconds
Number of updated asset objects reloaded before import = 0Number of asset objects unloaded after import = 3

========================================================================
Received Import Request.
  Time since last request: 0.000025 seconds.
  path: Assets/Art/MINIFANTASY - Crafting and Professions I/Sprites/Druid/Special_Animations/Root_Summoning/Druid_RootAttack.png
  artifactKey: Guid(a98e5fab78fe2c744a02074187fa89ba) Importer(2089858483,192608db42251d675da83286b1cce702)
Start importing Assets/Art/MINIFANTASY - Crafting and Professions I/Sprites/Druid/Special_Animations/Root_Summoning/Druid_RootAttack.png using Guid(a98e5fab78fe2c744a02074187fa89ba) Importer(2089858483,192608db42251d675da83286b1cce702) (ScriptedImporter) -> (artifact id: 'd87691ed3ecf716d58eda51680dbf4d9') in 0.0512877 seconds
Number of updated asset objects reloaded before import = 0Number of asset objects unloaded after import = 17

========================================================================
Received Import Request.
  Time since last request: 0.000017 seconds.
  path: Assets/Art/MINIFANTASY - Crafting and Professions I/Prefabs/Props/Tree_Pickup.prefab
  artifactKey: Guid(619f39e69022c6845833f90ea8fa1cff) Importer(2089858483,192608db42251d675da83286b1cce702)
Start importing Assets/Art/MINIFANTASY - Crafting and Professions I/Prefabs/Props/Tree_Pickup.prefab using Guid(619f39e69022c6845833f90ea8fa1cff) Importer(2089858483,192608db42251d675da83286b1cce702) (ScriptedImporter) -> (artifact id: 'facd0d50f5832436355b36cbbed0bfc3') in 0.0226796 seconds
Number of updated asset objects reloaded before import = 0Number of asset objects unloaded after import = 15

========================================================================
Received Import Request.
  Time since last request: 0.000023 seconds.
  path: Assets/Art/MINIFANTASY - Crafting and Professions I/Sprites/Druid/Special_Animations/Shape_Shifting/Forest_Hound/ForestHound_Idle.png
  artifactKey: Guid(c30091e3f4047dc4fa28815742c18545) Importer(2089858483,192608db42251d675da83286b1cce702)
Start importing Assets/Art/MINIFANTASY - Crafting and Professions I/Sprites/Druid/Special_Animations/Shape_Shifting/Forest_Hound/ForestHound_Idle.png using Guid(c30091e3f4047dc4fa28815742c18545) Importer(2089858483,192608db42251d675da83286b1cce702) (ScriptedImporter) -> (artifact id: '72a4083a6e4c60d49ecfa2a59f775288') in 0.1452014 seconds
Number of updated asset objects reloaded before import = 0Number of asset objects unloaded after import = 50

========================================================================
Received Import Request.
  Time since last request: 0.000030 seconds.
  path: Assets/Art/MINIFANTASY - Crafting and Professions I/Sprites/Gathering Professions/Logging/Characters/Dwarf_Chopping.png
  artifactKey: Guid(22b92acabbc534044b856c4a97740a8b) Importer(2089858483,192608db42251d675da83286b1cce702)
Start importing Assets/Art/MINIFANTASY - Crafting and Professions I/Sprites/Gathering Professions/Logging/Characters/Dwarf_Chopping.png using Guid(22b92acabbc534044b856c4a97740a8b) Importer(2089858483,192608db42251d675da83286b1cce702) (ScriptedImporter) -> (artifact id: '84b4881c13ccaaee45f05e376c443e99') in 0.0635008 seconds
Number of updated asset objects reloaded before import = 0Number of asset objects unloaded after import = 26

========================================================================
Received Import Request.
  Time since last request: 0.000022 seconds.
  path: Assets/Art/MINIFANTASY - Crafting and Professions I/Sprites/Druid/Special_Animations/Shape_Shifting/Forest_Beast/ForestBeast_Walk.png
  artifactKey: Guid(df92cfecb0a87444e9ba8ffce1d62ee2) Importer(2089858483,192608db42251d675da83286b1cce702)
Start importing Assets/Art/MINIFANTASY - Crafting and Professions I/Sprites/Druid/Special_Animations/Shape_Shifting/Forest_Beast/ForestBeast_Walk.png using Guid(df92cfecb0a87444e9ba8ffce1d62ee2) Importer(2089858483,192608db42251d675da83286b1cce702) (ScriptedImporter) -> (artifact id: '97f2b8fdec71174f74886e426a6abe5f') in 0.0711119 seconds
Number of updated asset objects reloaded before import = 0Number of asset objects unloaded after import = 26

========================================================================
Received Import Request.
  Time since last request: 0.000020 seconds.
  path: Assets/Art/MINIFANTASY - Crafting and Professions I/Sprites/Druid/Special_Animations/Shape_Shifting/Forest_Beast/ForestBeast_Dmg.png
  artifactKey: Guid(ff69178a64f6c5a43a21d1cab5d1d046) Importer(2089858483,192608db42251d675da83286b1cce702)
Start importing Assets/Art/MINIFANTASY - Crafting and Professions I/Sprites/Druid/Special_Animations/Shape_Shifting/Forest_Beast/ForestBeast_Dmg.png using Guid(ff69178a64f6c5a43a21d1cab5d1d046) Importer(2089858483,192608db42251d675da83286b1cce702) (ScriptedImporter) -> (artifact id: 'bb93eb004edd79ee82ac4ba0e167912a') in 0.0473969 seconds
Number of updated asset objects reloaded before import = 0Number of asset objects unloaded after import = 18

========================================================================
Received Import Request.
  Time since last request: 0.000023 seconds.
  path: Assets/Art/MINIFANTASY - Crafting and Professions I/Animations/Humanoids/Human/Human_JewelryWorkshopWorking.anim
  artifactKey: Guid(81e00b08bbdf74e4db0eb6a106cb1d22) Importer(2089858483,192608db42251d675da83286b1cce702)
Start importing Assets/Art/MINIFANTASY - Crafting and Professions I/Animations/Humanoids/Human/Human_JewelryWorkshopWorking.anim using Guid(81e00b08bbdf74e4db0eb6a106cb1d22) Importer(2089858483,192608db42251d675da83286b1cce702) (ScriptedImporter) -> (artifact id: '4bd52a51e47eac050d81ad44c9237b7c') in 0.0082385 seconds
Number of updated asset objects reloaded before import = 0Number of asset objects unloaded after import = 1

========================================================================
Received Import Request.
  Time since last request: 0.000033 seconds.
  path: Assets/Art/MINIFANTASY - Crafting and Professions I/Animations/Props/Trees/Willow/WillowTree_Hit_SE.anim
  artifactKey: Guid(0389a078759f1c945a1d6caae8285bdb) Importer(2089858483,192608db42251d675da83286b1cce702)
Start importing Assets/Art/MINIFANTASY - Crafting and Professions I/Animations/Props/Trees/Willow/WillowTree_Hit_SE.anim using Guid(0389a078759f1c945a1d6caae8285bdb) Importer(2089858483,192608db42251d675da83286b1cce702) (ScriptedImporter) -> (artifact id: '0e78ea259b3a0e14894ea8aed39133fe') in 0.0077732 seconds
Number of updated asset objects reloaded before import = 0Number of asset objects unloaded after import = 1

========================================================================
Received Import Request.
  Time since last request: 0.000017 seconds.
  path: Assets/Art/MINIFANTASY - Crafting and Professions I/Animations/Props/Woodwork
  artifactKey: Guid(61dbdc9c09798f04da6ace49ebf82014) Importer(2089858483,192608db42251d675da83286b1cce702)
Start importing Assets/Art/MINIFANTASY - Crafting and Professions I/Animations/Props/Woodwork using Guid(61dbdc9c09798f04da6ace49ebf82014) Importer(2089858483,192608db42251d675da83286b1cce702) (ScriptedImporter) -> (artifact id: 'c86b4230a0d1c7779671007811489f74') in 0.0051777 seconds
Number of updated asset objects reloaded before import = 0Number of asset objects unloaded after import = 1

========================================================================
Received Import Request.
  Time since last request: 0.000017 seconds.
  path: Assets/Art/MINIFANTASY - Crafting and Professions I/Animations/Humanoids/Human/Human_WoodworkBenchWorking.anim
  artifactKey: Guid(014c9f6bb39e89a4aa760f939fe23750) Importer(2089858483,192608db42251d675da83286b1cce702)
Start importing Assets/Art/MINIFANTASY - Crafting and Professions I/Animations/Humanoids/Human/Human_WoodworkBenchWorking.anim using Guid(014c9f6bb39e89a4aa760f939fe23750) Importer(2089858483,192608db42251d675da83286b1cce702) (ScriptedImporter) -> (artifact id: '352e7213b4145dd41356e921b3f75eb4') in 0.0080197 seconds
Number of updated asset objects reloaded before import = 0Number of asset objects unloaded after import = 1

========================================================================
Received Import Request.
  Time since last request: 0.000014 seconds.
  path: Assets/Art/MINIFANTASY - Crafting and Professions I/Sprites/Miscellany/BusinessSignsShadows.png
  artifactKey: Guid(f028b645cdbe1c847831187ffec6bb55) Importer(2089858483,192608db42251d675da83286b1cce702)
Start importing Assets/Art/MINIFANTASY - Crafting and Professions I/Sprites/Miscellany/BusinessSignsShadows.png using Guid(f028b645cdbe1c847831187ffec6bb55) Importer(2089858483,192608db42251d675da83286b1cce702) (ScriptedImporter) -> (artifact id: '33fa0c41ab0b38294d27c98f3de3b633') in 0.021174 seconds
Number of updated asset objects reloaded before import = 0Number of asset objects unloaded after import = 5

========================================================================
Received Import Request.
  Time since last request: 0.000030 seconds.
  path: Assets/Art/MINIFANTASY - Crafting and Professions I/Sprites/Druid/Special_Animations/Root_Summoning/Druid_RootSummoning.png
  artifactKey: Guid(4733faf1dad64e44189a6505c9c175fa) Importer(2089858483,192608db42251d675da83286b1cce702)
Start importing Assets/Art/MINIFANTASY - Crafting and Professions I/Sprites/Druid/Special_Animations/Root_Summoning/Druid_RootSummoning.png using Guid(4733faf1dad64e44189a6505c9c175fa) Importer(2089858483,192608db42251d675da83286b1cce702) (ScriptedImporter) -> (artifact id: '81eaedee46e113e6880d4093e361eac4') in 0.0798955 seconds
Number of updated asset objects reloaded before import = 0Number of asset objects unloaded after import = 30

========================================================================
Received Import Request.
  Time since last request: 0.000021 seconds.
  path: Assets/Art/MINIFANTASY - Crafting and Professions I/Sprites/Barbarian/Special_Animations/Thunder_Blade_Attack/Barbarian_ThunderBlade.png
  artifactKey: Guid(60327e91910e3474ab73556f076e8372) Importer(2089858483,192608db42251d675da83286b1cce702)
Start importing Assets/Art/MINIFANTASY - Crafting and Professions I/Sprites/Barbarian/Special_Animations/Thunder_Blade_Attack/Barbarian_ThunderBlade.png using Guid(60327e91910e3474ab73556f076e8372) Importer(2089858483,192608db42251d675da83286b1cce702) (ScriptedImporter) -> (artifact id: '977eaaaa1eece19e38f422e042e042ff') in 0.1877981 seconds
Number of updated asset objects reloaded before import = 0Number of asset objects unloaded after import = 70

========================================================================
Received Import Request.
  Time since last request: 0.000048 seconds.
  path: Assets/Art/MINIFANTASY - Crafting and Professions I/Sprites/Druid/Special_Animations/Shape_Shifting/Forest_Owl/GIFs
  artifactKey: Guid(0f2143d375252104c9dd4fab5a8d1986) Importer(2089858483,192608db42251d675da83286b1cce702)
Start importing Assets/Art/MINIFANTASY - Crafting and Professions I/Sprites/Druid/Special_Animations/Shape_Shifting/Forest_Owl/GIFs using Guid(0f2143d375252104c9dd4fab5a8d1986) Importer(2089858483,192608db42251d675da83286b1cce702) (ScriptedImporter) -> (artifact id: '747cc9e18497850f47a84ddd8a7d01bb') in 0.0050905 seconds
Number of updated asset objects reloaded before import = 0Number of asset objects unloaded after import = 1

========================================================================
Received Import Request.
  Time since last request: 0.000021 seconds.
  path: Assets/Art/MINIFANTASY - Crafting and Professions I/Animations/Props/Blacksmith/Furnace_AnimatorOverrideController.overrideController
  artifactKey: Guid(553da75e4c634e945afefdf73fa7b601) Importer(2089858483,192608db42251d675da83286b1cce702)
Start importing Assets/Art/MINIFANTASY - Crafting and Professions I/Animations/Props/Blacksmith/Furnace_AnimatorOverrideController.overrideController using Guid(553da75e4c634e945afefdf73fa7b601) Importer(2089858483,192608db42251d675da83286b1cce702) (ScriptedImporter) -> (artifact id: 'a74629d34af642ea3a32f6e33c130b12') in 0.0081354 seconds
Number of updated asset objects reloaded before import = 0Number of asset objects unloaded after import = 8

========================================================================
Received Import Request.
  Time since last request: 0.000016 seconds.
  path: Assets/Art/MINIFANTASY - Crafting and Professions I/Animations/Humanoids/Elf/Elf_Harvest_NW.anim
  artifactKey: Guid(c25ef5a5b59f18e4bb85f4b16be472d3) Importer(2089858483,192608db42251d675da83286b1cce702)
Start importing Assets/Art/MINIFANTASY - Crafting and Professions I/Animations/Humanoids/Elf/Elf_Harvest_NW.anim using Guid(c25ef5a5b59f18e4bb85f4b16be472d3) Importer(2089858483,192608db42251d675da83286b1cce702) (ScriptedImporter) -> (artifact id: '57230e416cddb1b6abd24e8b35f7d496') in 0.0096503 seconds
Number of updated asset objects reloaded before import = 0Number of asset objects unloaded after import = 1

========================================================================
Received Import Request.
  Time since last request: 0.000017 seconds.
  path: Assets/Art/MINIFANTASY - Crafting and Professions I/Animations/Humanoids/Halfling/Halfling_Mining_SW.anim
  artifactKey: Guid(1226f6afcd81d55439e9c5583bc48ff0) Importer(2089858483,192608db42251d675da83286b1cce702)
Start importing Assets/Art/MINIFANTASY - Crafting and Professions I/Animations/Humanoids/Halfling/Halfling_Mining_SW.anim using Guid(1226f6afcd81d55439e9c5583bc48ff0) Importer(2089858483,192608db42251d675da83286b1cce702) (ScriptedImporter) -> (artifact id: 'a8b6b950e5cdeb70d3b019b5b9103cdc') in 0.0086324 seconds
Number of updated asset objects reloaded before import = 0Number of asset objects unloaded after import = 1

========================================================================
Received Import Request.
  Time since last request: 0.000016 seconds.
  path: Assets/Art/MINIFANTASY - Crafting and Professions I/Animations/Props/Trees/Hickory/Hickory_AnimatorOverrideController.overrideController
  artifactKey: Guid(25161609269cffd44ab29aef477437fe) Importer(2089858483,192608db42251d675da83286b1cce702)
Start importing Assets/Art/MINIFANTASY - Crafting and Professions I/Animations/Props/Trees/Hickory/Hickory_AnimatorOverrideController.overrideController using Guid(25161609269cffd44ab29aef477437fe) Importer(2089858483,192608db42251d675da83286b1cce702) (ScriptedImporter) -> (artifact id: '9e4b816702ea179923ccfbcdacf65c84') in 0.0117161 seconds
Number of updated asset objects reloaded before import = 0Number of asset objects unloaded after import = 19

========================================================================
Received Import Request.
  Time since last request: 0.000023 seconds.
  path: Assets/Art/MINIFANTASY - Crafting and Professions I/Sprites/Crafting Professions/Alchemy/Characters
  artifactKey: Guid(45539a6c7f79d2c409201e212f553a79) Importer(2089858483,192608db42251d675da83286b1cce702)
Start importing Assets/Art/MINIFANTASY - Crafting and Professions I/Sprites/Crafting Professions/Alchemy/Characters using Guid(45539a6c7f79d2c409201e212f553a79) Importer(2089858483,192608db42251d675da83286b1cce702) (ScriptedImporter) -> (artifact id: 'fe88b41259e26447f4c03792f51d688b') in 0.0062239 seconds
Number of updated asset objects reloaded before import = 0Number of asset objects unloaded after import = 1

========================================================================
Received Import Request.
  Time since last request: 0.000033 seconds.
  path: Assets/Art/MINIFANTASY - Crafting and Professions I/Animations/Humanoids/Orc/Orc_Harvest_SE.anim
  artifactKey: Guid(96601bc9c05e5f040817ae6b43be731c) Importer(2089858483,192608db42251d675da83286b1cce702)
Start importing Assets/Art/MINIFANTASY - Crafting and Professions I/Animations/Humanoids/Orc/Orc_Harvest_SE.anim using Guid(96601bc9c05e5f040817ae6b43be731c) Importer(2089858483,192608db42251d675da83286b1cce702) (ScriptedImporter) -> (artifact id: '2f803a7377288f47f6185c3dce8e7de2') in 0.0075631 seconds
Number of updated asset objects reloaded before import = 0Number of asset objects unloaded after import = 1

========================================================================
Received Import Request.
  Time since last request: 0.000017 seconds.
  path: Assets/Art/MINIFANTASY - Crafting and Professions I/Sprites/Druid/Special_Animations/Shape_Shifting/Forest_Owl/Shadows/ForestOwl_FlyIdleShadow.png
  artifactKey: Guid(8ea6a11dae339154f9428eb9d7686746) Importer(2089858483,192608db42251d675da83286b1cce702)
Start importing Assets/Art/MINIFANTASY - Crafting and Professions I/Sprites/Druid/Special_Animations/Shape_Shifting/Forest_Owl/Shadows/ForestOwl_FlyIdleShadow.png using Guid(8ea6a11dae339154f9428eb9d7686746) Importer(2089858483,192608db42251d675da83286b1cce702) (ScriptedImporter) -> (artifact id: 'd38b90ce0927c5dff2c913c07d370529') in 0.0344827 seconds
Number of updated asset objects reloaded before import = 0Number of asset objects unloaded after import = 10

========================================================================
Received Import Request.
  Time since last request: 0.000017 seconds.
  path: Assets/Art/MINIFANTASY - Crafting and Professions I/Prefabs/Props/Mineral_Pickup.prefab
  artifactKey: Guid(46c5a3f1c1425784390174f75fa5ae41) Importer(2089858483,192608db42251d675da83286b1cce702)
Start importing Assets/Art/MINIFANTASY - Crafting and Professions I/Prefabs/Props/Mineral_Pickup.prefab using Guid(46c5a3f1c1425784390174f75fa5ae41) Importer(2089858483,192608db42251d675da83286b1cce702) (ScriptedImporter) -> (artifact id: '9865df97433ec7e26e91d9261891d5b4') in 0.0367809 seconds
Number of updated asset objects reloaded before import = 0Number of asset objects unloaded after import = 24

========================================================================
Received Import Request.
  Time since last request: 0.000020 seconds.
  path: Assets/Art/MINIFANTASY - Crafting and Professions I/Animations/Humanoids/Dwarf/Dwarf_WoodworkBenchWorking.anim
  artifactKey: Guid(c522d821034a24b42b9293f95eea241f) Importer(2089858483,192608db42251d675da83286b1cce702)
Start importing Assets/Art/MINIFANTASY - Crafting and Professions I/Animations/Humanoids/Dwarf/Dwarf_WoodworkBenchWorking.anim using Guid(c522d821034a24b42b9293f95eea241f) Importer(2089858483,192608db42251d675da83286b1cce702) (ScriptedImporter) -> (artifact id: '362fd6178f919343de77888f7494165c') in 0.0198659 seconds
Number of updated asset objects reloaded before import = 0Number of asset objects unloaded after import = 1

========================================================================
Received Import Request.
  Time since last request: 0.000025 seconds.
  path: Assets/Art/MINIFANTASY - Crafting and Professions I/Sprites/Barbarian/Special_Animations/Thunder_Blade_Attack/Shadows/Barbarian_ThunderBladeShadow.png
  artifactKey: Guid(0f02c8b23e22385429228716557cb059) Importer(2089858483,192608db42251d675da83286b1cce702)
Start importing Assets/Art/MINIFANTASY - Crafting and Professions I/Sprites/Barbarian/Special_Animations/Thunder_Blade_Attack/Shadows/Barbarian_ThunderBladeShadow.png using Guid(0f02c8b23e22385429228716557cb059) Importer(2089858483,192608db42251d675da83286b1cce702) (ScriptedImporter) -> (artifact id: 'e263372cc8e972c36461210e8837f604') in 0.2710287 seconds
Number of updated asset objects reloaded before import = 0Number of asset objects unloaded after import = 70

========================================================================
Received Import Request.
  Time since last request: 0.000042 seconds.
  path: Assets/Art/MINIFANTASY - Crafting and Professions I/Scripts/Prop Variants/CP1_PlantPickup.cs
  artifactKey: Guid(0aaf29318566b2f4a903531b5b2f0628) Importer(2089858483,192608db42251d675da83286b1cce702)
Start importing Assets/Art/MINIFANTASY - Crafting and Professions I/Scripts/Prop Variants/CP1_PlantPickup.cs using Guid(0aaf29318566b2f4a903531b5b2f0628) Importer(2089858483,192608db42251d675da83286b1cce702) (ScriptedImporter) -> (artifact id: 'fe7881eb36075e016c90c3e20cb55631') in 0.0083309 seconds
Number of updated asset objects reloaded before import = 0Number of asset objects unloaded after import = 0

========================================================================
Received Import Request.
  Time since last request: 0.000023 seconds.
  path: Assets/Art/MINIFANTASY - Crafting and Professions I
  artifactKey: Guid(6e65268e96b22374395e7d6cc595ed0b) Importer(2089858483,192608db42251d675da83286b1cce702)
Start importing Assets/Art/MINIFANTASY - Crafting and Professions I using Guid(6e65268e96b22374395e7d6cc595ed0b) Importer(2089858483,192608db42251d675da83286b1cce702) (ScriptedImporter) -> (artifact id: '6f21424e0812f1cc7e65ad46349b3f76') in 0.0097817 seconds
Number of updated asset objects reloaded before import = 0Number of asset objects unloaded after import = 1

========================================================================
Received Import Request.
  Time since last request: 0.000025 seconds.
  path: Assets/Art/MINIFANTASY - Crafting and Professions I/Animations/Props/Trees/Oak/OakTree_Hit_SE.anim
  artifactKey: Guid(5d92c626fdc42cb4db38b340ad3afc31) Importer(2089858483,192608db42251d675da83286b1cce702)
Start importing Assets/Art/MINIFANTASY - Crafting and Professions I/Animations/Props/Trees/Oak/OakTree_Hit_SE.anim using Guid(5d92c626fdc42cb4db38b340ad3afc31) Importer(2089858483,192608db42251d675da83286b1cce702) (ScriptedImporter) -> (artifact id: '28cd402f91591e9b45c94f49deb8e31c') in 0.0108339 seconds
Number of updated asset objects reloaded before import = 0Number of asset objects unloaded after import = 1

========================================================================
Received Import Request.
  Time since last request: 0.000024 seconds.
  path: Assets/Art/MINIFANTASY - Crafting and Professions I/Sprites/Gathering Professions/Logging/Trees Hit/OakTree_Hit.png
  artifactKey: Guid(ccd6b812fb72ef046a2a0652f90c9eb4) Importer(2089858483,192608db42251d675da83286b1cce702)
Start importing Assets/Art/MINIFANTASY - Crafting and Professions I/Sprites/Gathering Professions/Logging/Trees Hit/OakTree_Hit.png using Guid(ccd6b812fb72ef046a2a0652f90c9eb4) Importer(2089858483,192608db42251d675da83286b1cce702) (ScriptedImporter) -> (artifact id: '2119547539401b00e9fdec07f31f5440') in 0.0382028 seconds
Number of updated asset objects reloaded before import = 0Number of asset objects unloaded after import = 8

========================================================================
Received Import Request.
  Time since last request: 0.000025 seconds.
  path: Assets/Art/MINIFANTASY - Crafting and Professions I/Sprites/Crafting Professions/Tailor/Loom/Gif
  artifactKey: Guid(04089d2c814fb104cbf26b59db8c3a04) Importer(2089858483,192608db42251d675da83286b1cce702)
Start importing Assets/Art/MINIFANTASY - Crafting and Professions I/Sprites/Crafting Professions/Tailor/Loom/Gif using Guid(04089d2c814fb104cbf26b59db8c3a04) Importer(2089858483,192608db42251d675da83286b1cce702) (ScriptedImporter) -> (artifact id: '7e81c84eb36461d144096bb97af3605b') in 0.0060757 seconds
Number of updated asset objects reloaded before import = 0Number of asset objects unloaded after import = 1

========================================================================
Received Import Request.
  Time since last request: 0.000033 seconds.
  path: Assets/Art/MINIFANTASY - Crafting and Professions I/Sprites/Druid/Special_Animations/Shape_Shifting/Forest_Beast/Shadows/ForestBeast_WalkShadow.png
  artifactKey: Guid(b25f72b02174c9847bcd77061ad0b74f) Importer(2089858483,192608db42251d675da83286b1cce702)
Start importing Assets/Art/MINIFANTASY - Crafting and Professions I/Sprites/Druid/Special_Animations/Shape_Shifting/Forest_Beast/Shadows/ForestBeast_WalkShadow.png using Guid(b25f72b02174c9847bcd77061ad0b74f) Importer(2089858483,192608db42251d675da83286b1cce702) (ScriptedImporter) -> (artifact id: '685897bb271f2d7957358e359b84b5f4') in 0.1437199 seconds
Number of updated asset objects reloaded before import = 0Number of asset objects unloaded after import = 26

========================================================================
Received Import Request.
  Time since last request: 0.000035 seconds.
  path: Assets/Art/MINIFANTASY - Crafting and Professions I/Sprites/Gathering Professions/Mining/Characters/Goblin_Mining.png
  artifactKey: Guid(3fbb4d02103fbbd4b8b4271a2d111c53) Importer(2089858483,192608db42251d675da83286b1cce702)
Start importing Assets/Art/MINIFANTASY - Crafting and Professions I/Sprites/Gathering Professions/Mining/Characters/Goblin_Mining.png using Guid(3fbb4d02103fbbd4b8b4271a2d111c53) Importer(2089858483,192608db42251d675da83286b1cce702) (ScriptedImporter) -> (artifact id: 'd8ccfadc808a68fb7d359c6324fcddec') in 0.0788873 seconds
Number of updated asset objects reloaded before import = 0Number of asset objects unloaded after import = 26

========================================================================
Received Import Request.
  Time since last request: 0.000023 seconds.
  path: Assets/Art/MINIFANTASY - Crafting and Professions I/Sprites/Rogue/General_Animations/Shadows/Rogue_AttackShadow.png
  artifactKey: Guid(2530c3f50ed160049906445b01859cc7) Importer(2089858483,192608db42251d675da83286b1cce702)
Start importing Assets/Art/MINIFANTASY - Crafting and Professions I/Sprites/Rogue/General_Animations/Shadows/Rogue_AttackShadow.png using Guid(2530c3f50ed160049906445b01859cc7) Importer(2089858483,192608db42251d675da83286b1cce702) (ScriptedImporter) -> (artifact id: 'ef359f6e4dd633351f1fdbe3f31fe2b7') in 0.0629408 seconds
Number of updated asset objects reloaded before import = 0Number of asset objects unloaded after import = 18

========================================================================
Received Import Request.
  Time since last request: 0.000031 seconds.
  path: Assets/Art/MINIFANTASY - Crafting and Professions I/Sprites/Craftable Items Icons/Weapons_Icons.png
  artifactKey: Guid(17cf10b4cc47c3f4b96931e0c15ad75d) Importer(2089858483,192608db42251d675da83286b1cce702)
Start importing Assets/Art/MINIFANTASY - Crafting and Professions I/Sprites/Craftable Items Icons/Weapons_Icons.png using Guid(17cf10b4cc47c3f4b96931e0c15ad75d) Importer(2089858483,192608db42251d675da83286b1cce702) (ScriptedImporter) -> (artifact id: '1f20a94deae1661eb9c0162b4c5230d4') in 3.3172899 seconds
Number of updated asset objects reloaded before import = 0Number of asset objects unloaded after import = 1397

========================================================================
Received Import Request.
  Time since last request: 0.000048 seconds.
  path: Assets/Art/MINIFANTASY - Crafting and Professions I/Sprites/Gathering Professions/Harvesting/Characters/Halfling_Harvest.png
  artifactKey: Guid(ff639fc9e822a1a49a4eeb14e96d0976) Importer(2089858483,192608db42251d675da83286b1cce702)
Start importing Assets/Art/MINIFANTASY - Crafting and Professions I/Sprites/Gathering Professions/Harvesting/Characters/Halfling_Harvest.png using Guid(ff639fc9e822a1a49a4eeb14e96d0976) Importer(2089858483,192608db42251d675da83286b1cce702) (ScriptedImporter) -> (artifact id: 'ca4d75ad6fbc3cb2dad01952e4fc9d5e') in 0.0736727 seconds
Number of updated asset objects reloaded before import = 0Number of asset objects unloaded after import = 26

========================================================================
Received Import Request.
  Time since last request: 0.000031 seconds.
  path: Assets/Art/MINIFANTASY - Crafting and Professions I/Sprites/Crafting Professions/Tailor/Loom/Gif/LoomWorking.gif
  artifactKey: Guid(414593d9208d04b4895fb93a8313ab82) Importer(2089858483,192608db42251d675da83286b1cce702)
Start importing Assets/Art/MINIFANTASY - Crafting and Professions I/Sprites/Crafting Professions/Tailor/Loom/Gif/LoomWorking.gif using Guid(414593d9208d04b4895fb93a8313ab82) Importer(2089858483,192608db42251d675da83286b1cce702) (ScriptedImporter) -> (artifact id: '34bbff947ffa14201478ae7a49b84164') in 0.0233901 seconds
Number of updated asset objects reloaded before import = 0Number of asset objects unloaded after import = 3

========================================================================
Received Import Request.
  Time since last request: 0.000024 seconds.
  path: Assets/Art/MINIFANTASY - Crafting and Professions I/Animations/Humanoids/Elf/Elf_Harvest_NE.anim
  artifactKey: Guid(edee86a1bc5c02d4fac7cdc00efcef45) Importer(2089858483,192608db42251d675da83286b1cce702)
Start importing Assets/Art/MINIFANTASY - Crafting and Professions I/Animations/Humanoids/Elf/Elf_Harvest_NE.anim using Guid(edee86a1bc5c02d4fac7cdc00efcef45) Importer(2089858483,192608db42251d675da83286b1cce702) (ScriptedImporter) -> (artifact id: '82daf6d00eb979979403829506bb5836') in 0.0153148 seconds
Number of updated asset objects reloaded before import = 0Number of asset objects unloaded after import = 1

========================================================================
Received Import Request.
  Time since last request: 0.000037 seconds.
  path: Assets/Art/MINIFANTASY - Crafting and Professions I/Animations/Humanoids/Orc/Orc_JewelryWorkshopWorking.anim
  artifactKey: Guid(a05cafc603369974bbbe30c7f000e5fb) Importer(2089858483,192608db42251d675da83286b1cce702)
Start importing Assets/Art/MINIFANTASY - Crafting and Professions I/Animations/Humanoids/Orc/Orc_JewelryWorkshopWorking.anim using Guid(a05cafc603369974bbbe30c7f000e5fb) Importer(2089858483,192608db42251d675da83286b1cce702) (ScriptedImporter) -> (artifact id: '653cb54e0bba23d1c75361f934c471ec') in 0.0109602 seconds
Number of updated asset objects reloaded before import = 0Number of asset objects unloaded after import = 1

========================================================================
Received Import Request.
  Time since last request: 0.000022 seconds.
  path: Assets/Art/MINIFANTASY - Crafting and Professions I/Prefabs/Props/Sawmill.prefab
  artifactKey: Guid(df8b85bef2e7e7040852f4e78a839f43) Importer(2089858483,192608db42251d675da83286b1cce702)
Start importing Assets/Art/MINIFANTASY - Crafting and Professions I/Prefabs/Props/Sawmill.prefab using Guid(df8b85bef2e7e7040852f4e78a839f43) Importer(2089858483,192608db42251d675da83286b1cce702) (ScriptedImporter) -> (artifact id: '1444f21a34772b908bd0623caccfbd85') in 0.0213023 seconds
Number of updated asset objects reloaded before import = 0Number of asset objects unloaded after import = 21

========================================================================
Received Import Request.
  Time since last request: 0.000022 seconds.
  path: Assets/Art/MINIFANTASY - Crafting and Professions I/Sprites/Gathering Professions/Harvesting/Characters/Dwarf_Harvest.png
  artifactKey: Guid(af36967e362e8e1428629ce9550391cb) Importer(2089858483,192608db42251d675da83286b1cce702)
Start importing Assets/Art/MINIFANTASY - Crafting and Professions I/Sprites/Gathering Professions/Harvesting/Characters/Dwarf_Harvest.png using Guid(af36967e362e8e1428629ce9550391cb) Importer(2089858483,192608db42251d675da83286b1cce702) (ScriptedImporter) -> (artifact id: 'c5a2a8ce3c7e3f9242e6440631c28200') in 0.0644837 seconds
Number of updated asset objects reloaded before import = 0Number of asset objects unloaded after import = 26

========================================================================
Received Import Request.
  Time since last request: 0.000033 seconds.
  path: Assets/Art/MINIFANTASY - Crafting and Professions I/Sprites/Barbarian/General_Animations/Shadows/Barbarian_DieShadow.png
  artifactKey: Guid(8903b3d3bdde2dd4286cbcaec5837b63) Importer(2089858483,192608db42251d675da83286b1cce702)
Start importing Assets/Art/MINIFANTASY - Crafting and Professions I/Sprites/Barbarian/General_Animations/Shadows/Barbarian_DieShadow.png using Guid(8903b3d3bdde2dd4286cbcaec5837b63) Importer(2089858483,192608db42251d675da83286b1cce702) (ScriptedImporter) -> (artifact id: '4b58dad50bebbf38cb40123f493ec396') in 0.0682971 seconds
Number of updated asset objects reloaded before import = 0Number of asset objects unloaded after import = 22

========================================================================
Received Import Request.
  Time since last request: 0.000024 seconds.
  path: Assets/Art/MINIFANTASY - Crafting and Professions I/Sprites/Gathering Professions/Logging/Trees Hit/Shadows/WillowTreeShadow_Hit.png
  artifactKey: Guid(1ecb51b6eae623c43adedfa8c58bdd9a) Importer(2089858483,192608db42251d675da83286b1cce702)
Start importing Assets/Art/MINIFANTASY - Crafting and Professions I/Sprites/Gathering Professions/Logging/Trees Hit/Shadows/WillowTreeShadow_Hit.png using Guid(1ecb51b6eae623c43adedfa8c58bdd9a) Importer(2089858483,192608db42251d675da83286b1cce702) (ScriptedImporter) -> (artifact id: 'd03483a8909163735b0bdb099252dd3a') in 0.037011 seconds
Number of updated asset objects reloaded before import = 0Number of asset objects unloaded after import = 8

========================================================================
Received Import Request.
  Time since last request: 0.000023 seconds.
  path: Assets/Art/MINIFANTASY - Crafting and Professions I/Prefabs/Characters
  artifactKey: Guid(e7a88bf33c0b729428a94747595d4009) Importer(2089858483,192608db42251d675da83286b1cce702)
Start importing Assets/Art/MINIFANTASY - Crafting and Professions I/Prefabs/Characters using Guid(e7a88bf33c0b729428a94747595d4009) Importer(2089858483,192608db42251d675da83286b1cce702) (ScriptedImporter) -> (artifact id: 'd45d60a34aeedb4af00568f895b6689f') in 0.0052695 seconds
Number of updated asset objects reloaded before import = 0Number of asset objects unloaded after import = 1

========================================================================
Received Import Request.
  Time since last request: 0.000022 seconds.
  path: Assets/Art/MINIFANTASY - Crafting and Professions I/Sprites/Druid/General_Animations/Shadows
  artifactKey: Guid(8edb1dbd0f6dae24eb32947fa8b7c18a) Importer(2089858483,192608db42251d675da83286b1cce702)
Start importing Assets/Art/MINIFANTASY - Crafting and Professions I/Sprites/Druid/General_Animations/Shadows using Guid(8edb1dbd0f6dae24eb32947fa8b7c18a) Importer(2089858483,192608db42251d675da83286b1cce702) (ScriptedImporter) -> (artifact id: '4df14c84465ff0ef9dd15b83dc3c1d31') in 0.0053399 seconds
Number of updated asset objects reloaded before import = 0Number of asset objects unloaded after import = 1

========================================================================
Received Import Request.
  Time since last request: 0.000036 seconds.
  path: Assets/Art/MINIFANTASY - Crafting and Professions I/Sprites/Crafting Professions/Woodwork/WoodworkPropsShadows.png
  artifactKey: Guid(261aabd27a90aac4c8395aad1008fd8d) Importer(2089858483,192608db42251d675da83286b1cce702)
Start importing Assets/Art/MINIFANTASY - Crafting and Professions I/Sprites/Crafting Professions/Woodwork/WoodworkPropsShadows.png using Guid(261aabd27a90aac4c8395aad1008fd8d) Importer(2089858483,192608db42251d675da83286b1cce702) (ScriptedImporter) -> (artifact id: 'cc067c2e020342c63a38bf7a9b11dd7d') in 0.0235364 seconds
Number of updated asset objects reloaded before import = 0Number of asset objects unloaded after import = 4

========================================================================
Received Import Request.
  Time since last request: 0.000019 seconds.
  path: Assets/Art/MINIFANTASY - Crafting and Professions I/Prefabs/Projectiles/ThunderBlade Projectile.prefab
  artifactKey: Guid(1a7b3ff0caeab3845bd4c4ca0a507f5e) Importer(2089858483,192608db42251d675da83286b1cce702)
Start importing Assets/Art/MINIFANTASY - Crafting and Professions I/Prefabs/Projectiles/ThunderBlade Projectile.prefab using Guid(1a7b3ff0caeab3845bd4c4ca0a507f5e) Importer(2089858483,192608db42251d675da83286b1cce702) (ScriptedImporter) -> (artifact id: 'ea1bdeea96354a333effd8f2a7bf1dc0') in 0.0196659 seconds
Number of updated asset objects reloaded before import = 0Number of asset objects unloaded after import = 10

========================================================================
Received Import Request.
  Time since last request: 0.000022 seconds.
  path: Assets/Art/MINIFANTASY - Crafting and Professions I/Animations/Humanoids/Halfling/Halfling_Harvest_SE.anim
  artifactKey: Guid(ca17b840e78c6d84b818b2c489720741) Importer(2089858483,192608db42251d675da83286b1cce702)
Start importing Assets/Art/MINIFANTASY - Crafting and Professions I/Animations/Humanoids/Halfling/Halfling_Harvest_SE.anim using Guid(ca17b840e78c6d84b818b2c489720741) Importer(2089858483,192608db42251d675da83286b1cce702) (ScriptedImporter) -> (artifact id: 'dd5f6fa461432edd21689e959b9a6c67') in 0.0081123 seconds
Number of updated asset objects reloaded before import = 0Number of asset objects unloaded after import = 1

========================================================================
Received Import Request.
  Time since last request: 0.000023 seconds.
  path: Assets/Art/MINIFANTASY - Crafting and Professions I/Animations/Humanoids/Halfling/Halfling_LaboratoryWorking.anim
  artifactKey: Guid(9d7bdee2092086b4b99f022b29e895e7) Importer(2089858483,192608db42251d675da83286b1cce702)
Start importing Assets/Art/MINIFANTASY - Crafting and Professions I/Animations/Humanoids/Halfling/Halfling_LaboratoryWorking.anim using Guid(9d7bdee2092086b4b99f022b29e895e7) Importer(2089858483,192608db42251d675da83286b1cce702) (ScriptedImporter) -> (artifact id: '9fb552678e5b7c0555438195b31cd572') in 0.0087425 seconds
Number of updated asset objects reloaded before import = 0Number of asset objects unloaded after import = 1

========================================================================
Received Import Request.
  Time since last request: 0.000019 seconds.
  path: Assets/Art/MINIFANTASY - Crafting and Professions I/Sprites/Druid/Special_Animations/Shape_Shifting/Forest_Owl
  artifactKey: Guid(a590dc2dff5e0c34386d82004debec05) Importer(2089858483,192608db42251d675da83286b1cce702)
Start importing Assets/Art/MINIFANTASY - Crafting and Professions I/Sprites/Druid/Special_Animations/Shape_Shifting/Forest_Owl using Guid(a590dc2dff5e0c34386d82004debec05) Importer(2089858483,192608db42251d675da83286b1cce702) (ScriptedImporter) -> (artifact id: 'd55852b0dcd5e37a8b3873b8eb65f17f') in 0.0065324 seconds
Number of updated asset objects reloaded before import = 0Number of asset objects unloaded after import = 1

========================================================================
Received Import Request.
  Time since last request: 0.000022 seconds.
  path: Assets/Art/MINIFANTASY - Crafting and Professions I/Sprites/Crafting Professions/Tailor/Spinning Wheel/Gif/SpinningWheelWorking.gif
  artifactKey: Guid(5823a02c810c50b4ab74031f88d1dca9) Importer(2089858483,192608db42251d675da83286b1cce702)
Start importing Assets/Art/MINIFANTASY - Crafting and Professions I/Sprites/Crafting Professions/Tailor/Spinning Wheel/Gif/SpinningWheelWorking.gif using Guid(5823a02c810c50b4ab74031f88d1dca9) Importer(2089858483,192608db42251d675da83286b1cce702) (ScriptedImporter) -> (artifact id: '53b43c6460bc5d194a5be0fe91e5cb50') in 0.0203208 seconds
Number of updated asset objects reloaded before import = 0Number of asset objects unloaded after import = 3

========================================================================
Received Import Request.
  Time since last request: 0.000019 seconds.
  path: Assets/Art/MINIFANTASY - Crafting and Professions I/Animations/Humanoids/Elf/Elf_Mining_SE.anim
  artifactKey: Guid(92808b95623934a40b6e53fb8085c78b) Importer(2089858483,192608db42251d675da83286b1cce702)
Start importing Assets/Art/MINIFANTASY - Crafting and Professions I/Animations/Humanoids/Elf/Elf_Mining_SE.anim using Guid(92808b95623934a40b6e53fb8085c78b) Importer(2089858483,192608db42251d675da83286b1cce702) (ScriptedImporter) -> (artifact id: '80d94d235b67eb51bd8a896bfec2cc4e') in 0.0074367 seconds
Number of updated asset objects reloaded before import = 0Number of asset objects unloaded after import = 1

========================================================================
Received Import Request.
  Time since last request: 0.000031 seconds.
  path: Assets/Art/MINIFANTASY - Crafting and Professions I/Prefabs/Props/WoodworkBench.prefab
  artifactKey: Guid(36a4280eb31eec1438b42825c1fc2924) Importer(2089858483,192608db42251d675da83286b1cce702)
Start importing Assets/Art/MINIFANTASY - Crafting and Professions I/Prefabs/Props/WoodworkBench.prefab using Guid(36a4280eb31eec1438b42825c1fc2924) Importer(2089858483,192608db42251d675da83286b1cce702) (ScriptedImporter) -> (artifact id: '0b21ee3ccbb6921bab4aee74fa46b6fc') in 0.0155263 seconds
Number of updated asset objects reloaded before import = 0Number of asset objects unloaded after import = 21

========================================================================
Received Import Request.
  Time since last request: 0.000017 seconds.
  path: Assets/Art/MINIFANTASY - Crafting and Professions I/Prefabs/Props
  artifactKey: Guid(0e552d9bc9680f244abb6fa27dd902b4) Importer(2089858483,192608db42251d675da83286b1cce702)
Start importing Assets/Art/MINIFANTASY - Crafting and Professions I/Prefabs/Props using Guid(0e552d9bc9680f244abb6fa27dd902b4) Importer(2089858483,192608db42251d675da83286b1cce702) (ScriptedImporter) -> (artifact id: '6cd7768b8854bc690515cad9c88f61d6') in 0.0050686 seconds
Number of updated asset objects reloaded before import = 0Number of asset objects unloaded after import = 1

========================================================================
Received Import Request.
  Time since last request: 0.000016 seconds.
  path: Assets/Art/MINIFANTASY - Crafting and Professions I/Animations/Humanoids/Orc/Orc_Harvest_NW.anim
  artifactKey: Guid(f4e814b368d937f41a425d4075641bf9) Importer(2089858483,192608db42251d675da83286b1cce702)
Start importing Assets/Art/MINIFANTASY - Crafting and Professions I/Animations/Humanoids/Orc/Orc_Harvest_NW.anim using Guid(f4e814b368d937f41a425d4075641bf9) Importer(2089858483,192608db42251d675da83286b1cce702) (ScriptedImporter) -> (artifact id: 'a18a533e18b9db997a7fe09d27fb5708') in 0.0091856 seconds
Number of updated asset objects reloaded before import = 0Number of asset objects unloaded after import = 1

========================================================================
Received Import Request.
  Time since last request: 0.000069 seconds.
  path: Assets/Art/MINIFANTASY - Crafting and Professions I/Sprites/Gathering Professions/Logging/Characters/DwarfShadow_Chopping.png
  artifactKey: Guid(cf326a366be813843a7f32a0cb58c4c5) Importer(2089858483,192608db42251d675da83286b1cce702)
Start importing Assets/Art/MINIFANTASY - Crafting and Professions I/Sprites/Gathering Professions/Logging/Characters/DwarfShadow_Chopping.png using Guid(cf326a366be813843a7f32a0cb58c4c5) Importer(2089858483,192608db42251d675da83286b1cce702) (ScriptedImporter) -> (artifact id: '62b5b328119ac374e98b44c245753b4e') in 0.0769319 seconds
Number of updated asset objects reloaded before import = 0Number of asset objects unloaded after import = 26

========================================================================
Received Import Request.
  Time since last request: 0.000039 seconds.
  path: Assets/Art/MINIFANTASY - Crafting and Professions I/Sprites/Crafting Professions/Blacksmith/Furnace/FurnaceWorkingShadows.png
  artifactKey: Guid(c19f1201dc8bb2640a3c0f830635655c) Importer(2089858483,192608db42251d675da83286b1cce702)
Start importing Assets/Art/MINIFANTASY - Crafting and Professions I/Sprites/Crafting Professions/Blacksmith/Furnace/FurnaceWorkingShadows.png using Guid(c19f1201dc8bb2640a3c0f830635655c) Importer(2089858483,192608db42251d675da83286b1cce702) (ScriptedImporter) -> (artifact id: '782974b531e0a1a52444c8e12501e7eb') in 0.0450049 seconds
Number of updated asset objects reloaded before import = 0Number of asset objects unloaded after import = 10

========================================================================
Received Import Request.
  Time since last request: 0.000018 seconds.
  path: Assets/Art/MINIFANTASY - Crafting and Professions I/Sprites/Druid/General_Animations/Druid_Dmg.png
  artifactKey: Guid(58b542cd93cf388469ba530b43a41409) Importer(2089858483,192608db42251d675da83286b1cce702)
Start importing Assets/Art/MINIFANTASY - Crafting and Professions I/Sprites/Druid/General_Animations/Druid_Dmg.png using Guid(58b542cd93cf388469ba530b43a41409) Importer(2089858483,192608db42251d675da83286b1cce702) (ScriptedImporter) -> (artifact id: '0fb1300d989fd6041e65101d6fd5e1cc') in 0.0429528 seconds
Number of updated asset objects reloaded before import = 0Number of asset objects unloaded after import = 18

========================================================================
Received Import Request.
  Time since last request: 0.000018 seconds.
  path: Assets/Art/MINIFANTASY - Crafting and Professions I/Sprites/Gathering Professions/Harvesting/PotionHerbs.png
  artifactKey: Guid(05adaf89f8f7ea54184bf957979607eb) Importer(2089858483,192608db42251d675da83286b1cce702)
Start importing Assets/Art/MINIFANTASY - Crafting and Professions I/Sprites/Gathering Professions/Harvesting/PotionHerbs.png using Guid(05adaf89f8f7ea54184bf957979607eb) Importer(2089858483,192608db42251d675da83286b1cce702) (ScriptedImporter) -> (artifact id: 'cd74541c95b9b03a1be1ba47ee463b01') in 0.0857177 seconds
Number of updated asset objects reloaded before import = 0Number of asset objects unloaded after import = 32

========================================================================
Received Import Request.
  Time since last request: 0.000020 seconds.
  path: Assets/Art/MINIFANTASY - Crafting and Professions I/Sprites/Barbarian/Special_Animations/Battle_Cry/Shadows
  artifactKey: Guid(c40b1a174ad7bd84ea28c7cd4edbf393) Importer(2089858483,192608db42251d675da83286b1cce702)
Start importing Assets/Art/MINIFANTASY - Crafting and Professions I/Sprites/Barbarian/Special_Animations/Battle_Cry/Shadows using Guid(c40b1a174ad7bd84ea28c7cd4edbf393) Importer(2089858483,192608db42251d675da83286b1cce702) (ScriptedImporter) -> (artifact id: '6a66cc366e74c030f90d6154325cc0b2') in 0.0057263 seconds
Number of updated asset objects reloaded before import = 0Number of asset objects unloaded after import = 1

========================================================================
Received Import Request.
  Time since last request: 0.000031 seconds.
  path: Assets/Art/MINIFANTASY - Crafting and Professions I/Sprites/Crafting Professions/Woodwork/WorkBench/WoodworkBench_WorkingShadow.png
  artifactKey: Guid(cef3c8861aafa8d46aa1313c41e91f4e) Importer(2089858483,192608db42251d675da83286b1cce702)
Start importing Assets/Art/MINIFANTASY - Crafting and Professions I/Sprites/Crafting Professions/Woodwork/WorkBench/WoodworkBench_WorkingShadow.png using Guid(cef3c8861aafa8d46aa1313c41e91f4e) Importer(2089858483,192608db42251d675da83286b1cce702) (ScriptedImporter) -> (artifact id: '744bfa3c0f86c714118c5cb255e8946e') in 0.028435 seconds
Number of updated asset objects reloaded before import = 0Number of asset objects unloaded after import = 8

========================================================================
Received Import Request.
  Time since last request: 0.000018 seconds.
  path: Assets/Art/MINIFANTASY - Crafting and Professions I/Animations/Humanoids/Elf/Elf_AnvilWorking.anim
  artifactKey: Guid(70810969780306346850b9f1260b7d26) Importer(2089858483,192608db42251d675da83286b1cce702)
Start importing Assets/Art/MINIFANTASY - Crafting and Professions I/Animations/Humanoids/Elf/Elf_AnvilWorking.anim using Guid(70810969780306346850b9f1260b7d26) Importer(2089858483,192608db42251d675da83286b1cce702) (ScriptedImporter) -> (artifact id: '7a5d4b0f093d07b4c310e51d21e08be0') in 0.0072411 seconds
Number of updated asset objects reloaded before import = 0Number of asset objects unloaded after import = 1

========================================================================
Received Import Request.
  Time since last request: 0.000027 seconds.
  path: Assets/Art/MINIFANTASY - Crafting and Professions I/Sprites/Gathering Professions/Harvesting/PotionHerbsShadows.png
  artifactKey: Guid(bb73d5e3d7cb0ab49b86751b8a6b6cc8) Importer(2089858483,192608db42251d675da83286b1cce702)
Start importing Assets/Art/MINIFANTASY - Crafting and Professions I/Sprites/Gathering Professions/Harvesting/PotionHerbsShadows.png using Guid(bb73d5e3d7cb0ab49b86751b8a6b6cc8) Importer(2089858483,192608db42251d675da83286b1cce702) (ScriptedImporter) -> (artifact id: 'd94e79b30080994541798525ca6f343c') in 0.0347496 seconds
Number of updated asset objects reloaded before import = 0Number of asset objects unloaded after import = 11

========================================================================
Received Import Request.
  Time since last request: 0.000028 seconds.
  path: Assets/Art/MINIFANTASY - Crafting and Professions I/Sprites/Crafting Professions/Jewelry/JewelryWorkshopPropShadow.png
  artifactKey: Guid(145165d56589017418dd17bb8b9c2a9e) Importer(2089858483,192608db42251d675da83286b1cce702)
Start importing Assets/Art/MINIFANTASY - Crafting and Professions I/Sprites/Crafting Professions/Jewelry/JewelryWorkshopPropShadow.png using Guid(145165d56589017418dd17bb8b9c2a9e) Importer(2089858483,192608db42251d675da83286b1cce702) (ScriptedImporter) -> (artifact id: 'ae6253a70b9a4b3ccfaa70131ba4ea34') in 0.0186611 seconds
Number of updated asset objects reloaded before import = 0Number of asset objects unloaded after import = 3

========================================================================
Received Import Request.
  Time since last request: 0.000017 seconds.
  path: Assets/Art/MINIFANTASY - Crafting and Professions I/Animations/Humanoids/Elf/Elf_Chopping_SW.anim
  artifactKey: Guid(ecae620fb4ec2a245b3c92d3ecb7c708) Importer(2089858483,192608db42251d675da83286b1cce702)
Start importing Assets/Art/MINIFANTASY - Crafting and Professions I/Animations/Humanoids/Elf/Elf_Chopping_SW.anim using Guid(ecae620fb4ec2a245b3c92d3ecb7c708) Importer(2089858483,192608db42251d675da83286b1cce702) (ScriptedImporter) -> (artifact id: '39635d3a533563d396721274481f337e') in 0.0097444 seconds
Number of updated asset objects reloaded before import = 0Number of asset objects unloaded after import = 1

========================================================================
Received Import Request.
  Time since last request: 0.000024 seconds.
  path: Assets/Art/MINIFANTASY - Crafting and Professions I/Animations/Humanoids/Human/Human_Chopping_NW.anim
  artifactKey: Guid(0442592b6fcf8934aac4ae022cec7a78) Importer(2089858483,192608db42251d675da83286b1cce702)
Start importing Assets/Art/MINIFANTASY - Crafting and Professions I/Animations/Humanoids/Human/Human_Chopping_NW.anim using Guid(0442592b6fcf8934aac4ae022cec7a78) Importer(2089858483,192608db42251d675da83286b1cce702) (ScriptedImporter) -> (artifact id: '3d92c96bf9c8a9f529b4588eb33236cf') in 0.0080376 seconds
Number of updated asset objects reloaded before import = 0Number of asset objects unloaded after import = 1

========================================================================
Received Import Request.
  Time since last request: 0.000016 seconds.
  path: Assets/Art/MINIFANTASY - Crafting and Professions I/Animations/Props/Trees/Hickory
  artifactKey: Guid(ddc236bbeae80ea48a4d7b620b2d8b7d) Importer(2089858483,192608db42251d675da83286b1cce702)
Start importing Assets/Art/MINIFANTASY - Crafting and Professions I/Animations/Props/Trees/Hickory using Guid(ddc236bbeae80ea48a4d7b620b2d8b7d) Importer(2089858483,192608db42251d675da83286b1cce702) (ScriptedImporter) -> (artifact id: 'dcaad38dbdd82373723036390fbd8441') in 0.0054322 seconds
Number of updated asset objects reloaded before import = 0Number of asset objects unloaded after import = 1

========================================================================
Received Import Request.
  Time since last request: 0.000029 seconds.
  path: Assets/Art/MINIFANTASY - Crafting and Professions I/Sprites/Druid/Special_Animations/Shape_Shifting/Forest_Hound/Shadows
  artifactKey: Guid(b2e1c422f2686e844b3ee2d60eea7609) Importer(2089858483,192608db42251d675da83286b1cce702)
Start importing Assets/Art/MINIFANTASY - Crafting and Professions I/Sprites/Druid/Special_Animations/Shape_Shifting/Forest_Hound/Shadows using Guid(b2e1c422f2686e844b3ee2d60eea7609) Importer(2089858483,192608db42251d675da83286b1cce702) (ScriptedImporter) -> (artifact id: 'd95bd6ae81afd3ca801b7e2558ea9db3') in 0.0057242 seconds
Number of updated asset objects reloaded before import = 0Number of asset objects unloaded after import = 1

========================================================================
Received Import Request.
  Time since last request: 0.000019 seconds.
  path: Assets/Art/MINIFANTASY - Crafting and Professions I/Sprites/Gathering Professions/Harvesting/Gif
  artifactKey: Guid(48f19e3075814b048bc691abf4f27d53) Importer(2089858483,192608db42251d675da83286b1cce702)
Start importing Assets/Art/MINIFANTASY - Crafting and Professions I/Sprites/Gathering Professions/Harvesting/Gif using Guid(48f19e3075814b048bc691abf4f27d53) Importer(2089858483,192608db42251d675da83286b1cce702) (ScriptedImporter) -> (artifact id: 'cf38e9b6762ceb2c24756137cc59536d') in 0.0051183 seconds
Number of updated asset objects reloaded before import = 0Number of asset objects unloaded after import = 1

========================================================================
Received Import Request.
  Time since last request: 0.000016 seconds.
  path: Assets/Art/MINIFANTASY - Crafting and Professions I/Sprites
  artifactKey: Guid(93281f760dfe2244799c88daa279c960) Importer(2089858483,192608db42251d675da83286b1cce702)
Start importing Assets/Art/MINIFANTASY - Crafting and Professions I/Sprites using Guid(93281f760dfe2244799c88daa279c960) Importer(2089858483,192608db42251d675da83286b1cce702) (ScriptedImporter) -> (artifact id: 'a837884a41368c6518aee79ccf9af03e') in 0.005743 seconds
Number of updated asset objects reloaded before import = 0Number of asset objects unloaded after import = 1

========================================================================
Received Import Request.
  Time since last request: 0.000022 seconds.
  path: Assets/Art/MINIFANTASY - Crafting and Professions I/Sprites/Druid/Special_Animations
  artifactKey: Guid(b9b15108c75058942870f712c8918746) Importer(2089858483,192608db42251d675da83286b1cce702)
Start importing Assets/Art/MINIFANTASY - Crafting and Professions I/Sprites/Druid/Special_Animations using Guid(b9b15108c75058942870f712c8918746) Importer(2089858483,192608db42251d675da83286b1cce702) (ScriptedImporter) -> (artifact id: '309bbbcdb4c74bf70aa5e4e5cea84f41') in 0.0049451 seconds
Number of updated asset objects reloaded before import = 0Number of asset objects unloaded after import = 1

========================================================================
Received Import Request.
  Time since last request: 0.000035 seconds.
  path: Assets/Art/MINIFANTASY - Crafting and Professions I/Animations/Props/Trees
  artifactKey: Guid(e4defae9d9be70a428934d90344e0447) Importer(2089858483,192608db42251d675da83286b1cce702)
Start importing Assets/Art/MINIFANTASY - Crafting and Professions I/Animations/Props/Trees using Guid(e4defae9d9be70a428934d90344e0447) Importer(2089858483,192608db42251d675da83286b1cce702) (ScriptedImporter) -> (artifact id: '9efcbe4ec6fcae9552598ed732378318') in 0.0054123 seconds
Number of updated asset objects reloaded before import = 0Number of asset objects unloaded after import = 1

========================================================================
Received Import Request.
  Time since last request: 0.000017 seconds.
  path: Assets/Art/MINIFANTASY - Crafting and Professions I/Animations/Humanoids/Halfling/Halfling_Mining_NW.anim
  artifactKey: Guid(7f8704088306c054b8be048d59f753cd) Importer(2089858483,192608db42251d675da83286b1cce702)
Start importing Assets/Art/MINIFANTASY - Crafting and Professions I/Animations/Humanoids/Halfling/Halfling_Mining_NW.anim using Guid(7f8704088306c054b8be048d59f753cd) Importer(2089858483,192608db42251d675da83286b1cce702) (ScriptedImporter) -> (artifact id: '5bd93bd862c40a1d2eaf1a68dd4571e4') in 0.0275929 seconds
Number of updated asset objects reloaded before import = 0Number of asset objects unloaded after import = 1

========================================================================
Received Import Request.
  Time since last request: 0.000020 seconds.
  path: Assets/Art/MINIFANTASY - Crafting and Professions I/Sprites/Gathering Professions/Logging/Characters
  artifactKey: Guid(397362ba2da9a624e914c8bd0295dc49) Importer(2089858483,192608db42251d675da83286b1cce702)
Start importing Assets/Art/MINIFANTASY - Crafting and Professions I/Sprites/Gathering Professions/Logging/Characters using Guid(397362ba2da9a624e914c8bd0295dc49) Importer(2089858483,192608db42251d675da83286b1cce702) (ScriptedImporter) -> (artifact id: 'd9e5664042bf0fc7c5b96e230f53a427') in 0.0049358 seconds
Number of updated asset objects reloaded before import = 0Number of asset objects unloaded after import = 1

========================================================================
Received Import Request.
  Time since last request: 0.000015 seconds.
  path: Assets/Art/MINIFANTASY - Crafting and Professions I/Sprites/Druid/General_Animations/Druid_Die.png
  artifactKey: Guid(39c23086934158e43a72033ec4b63b0d) Importer(2089858483,192608db42251d675da83286b1cce702)
Start importing Assets/Art/MINIFANTASY - Crafting and Professions I/Sprites/Druid/General_Animations/Druid_Die.png using Guid(39c23086934158e43a72033ec4b63b0d) Importer(2089858483,192608db42251d675da83286b1cce702) (ScriptedImporter) -> (artifact id: '25b174e55b628fecddbc7f1238103583') in 0.0841203 seconds
Number of updated asset objects reloaded before import = 0Number of asset objects unloaded after import = 33

========================================================================
Received Import Request.
  Time since last request: 0.000023 seconds.
  path: Assets/Art/MINIFANTASY - Crafting and Professions I/Sprites/Gathering Professions/Harvesting/Characters/Orc_Harvest.png
  artifactKey: Guid(5183c54d67dee6d48abf59609e7ace78) Importer(2089858483,192608db42251d675da83286b1cce702)
Start importing Assets/Art/MINIFANTASY - Crafting and Professions I/Sprites/Gathering Professions/Harvesting/Characters/Orc_Harvest.png using Guid(5183c54d67dee6d48abf59609e7ace78) Importer(2089858483,192608db42251d675da83286b1cce702) (ScriptedImporter) -> (artifact id: '59d6e7157f3d0768fe11007668d6c90a') in 0.4527951 seconds
Number of updated asset objects reloaded before import = 0Number of asset objects unloaded after import = 26

========================================================================
Received Import Request.
  Time since last request: 0.000031 seconds.
  path: Assets/Art/MINIFANTASY - Crafting and Professions I/Sprites/Craftable Items Icons/Trinkets_Icons.png
  artifactKey: Guid(cb332505b08a31a4a974556327da91ee) Importer(2089858483,192608db42251d675da83286b1cce702)
Start importing Assets/Art/MINIFANTASY - Crafting and Professions I/Sprites/Craftable Items Icons/Trinkets_Icons.png using Guid(cb332505b08a31a4a974556327da91ee) Importer(2089858483,192608db42251d675da83286b1cce702) (ScriptedImporter) -> (artifact id: 'ad89a3e5de87a34cbc712bae72a22462') in 0.2893292 seconds
Number of updated asset objects reloaded before import = 0Number of asset objects unloaded after import = 107

========================================================================
Received Prepare
Begin MonoManager ReloadAssembly
[Licensing::Client] Successfully resolved entitlement details
[Licensing::Module] License group:
  Id: F4-NMTP-SXWG-HN24-U9HH-XXXX
  Product: Unity Personal
  Type: ULF
  Expiration: 2025-12-08T13:12:36Z
[Licensing::Module] License group:
  Id: ewogICJzdWJzR3JvdXAiIDogInVuaXR5IGVkaXRvciIsCiAgIm5hbWVzcGFjZSIgOiAidW5pdHlfZWRpdG9yIiwKICAidHlwZSIgOiAiRURJVE9SIiwKICAidGFnIiA6ICJVbml0eVBlcnNvbmFsXXXX
  Product: Unity Personal Version
  Type: Assigned
  Expiration: Unlimited
- Loaded All Assemblies, in  1.648 seconds
Refreshing native plugins compatible for Editor in 1.53 ms, found 4 plugins.
Assertion failed on expression: 'pred(*previous, *i)'
Assertion failed on expression: 'pred(*previous, *i)'
Assertion failed on expression: 'pred(*previous, *i)'
Assertion failed on expression: 'pred(*previous, *i)'
Assertion failed on expression: 'pred(*previous, *i)'
Assertion failed on expression: 'pred(*previous, *i)'
Assertion failed on expression: 'pred(*previous, *i)'
Assertion failed on expression: 'pred(*previous, *i)'
Assertion failed on expression: 'pred(*previous, *i)'
Assertion failed on expression: 'pred(*previous, *i)'
Native extension for WindowsStandalone target not found
[Package Manager] Failed to launch server process. Reason: Unity was launched with the -noUpm command-line argument
[Package Manager] Unable to send message (not connected to server process).
[Package Manager] Cannot connect to Unity Package Manager local server
Mono: successfully reloaded assembly
- Finished resetting the current domain, in  0.925 seconds
Domain Reload Profiling: 2574ms
	BeginReloadAssembly (729ms)
		ExecutionOrderSort (0ms)
		DisableScriptedObjects (55ms)
		BackupInstance (0ms)
		ReleaseScriptingObjects (1ms)
		CreateAndSetChildDomain (303ms)
	RebuildCommonClasses (54ms)
	RebuildNativeTypeToScriptingClass (13ms)
	initialDomainReloadingComplete (45ms)
	LoadAllAssembliesAndSetupDomain (808ms)
		LoadAssemblies (758ms)
		RebuildTransferFunctionScriptingTraits (0ms)
		AnalyzeDomain (309ms)
			TypeCache.Refresh (22ms)
				TypeCache.ScanAssembly (1ms)
			BuildScriptInfoCaches (264ms)
			ResolveRequiredComponents (14ms)
	FinalizeReload (925ms)
		ReleaseScriptCaches (0ms)
		RebuildScriptCaches (0ms)
		SetupLoadedEditorAssemblies (768ms)
			LogAssemblyErrors (0ms)
			InitializePlatformSupportModulesInManaged (1ms)
			SetLoadedEditorAssemblies (6ms)
			BeforeProcessingInitializeOnLoad (200ms)
			ProcessInitializeOnLoadAttributes (482ms)
			ProcessInitializeOnLoadMethodAttributes (75ms)
			AfterProcessingInitializeOnLoad (3ms)
			EditorAssembliesLoaded (1ms)
		ExecutionOrderSort2 (0ms)
		AwakeInstancesAfterBackupRestoration (15ms)
Refreshing native plugins compatible for Editor in 2.22 ms, found 4 plugins.
Preloading 0 native plugins for Editor in 0.00 ms.
Unloading 35 Unused Serialized files (Serialized files now loaded: 0)
Unloading 7555 unused Assets / (7.5 MB). Loaded Objects now: 8550.
Memory consumption went from 166.6 MB to 159.1 MB.
Total: 32.524900 ms (FindLiveObjects: 2.229900 ms CreateObjectMapping: 1.492000 ms MarkObjects: 14.380400 ms  DeleteObjects: 14.420200 ms)

Prepare: number of updated asset objects reloaded= 0
========================================================================
Received Import Request.
  Time since last request: 2630.440602 seconds.
  path: Assets/Art/MINIFANTASY Creatures - Super Low Res 2D Pixel Art by Krishna Palacio/Sprites/Humanoids/Human/Human/generate/Minifantasy_CreaturesHumanWalk_FrameData.asset
  artifactKey: Guid(720d2b3b0c58d5b4295a6468bd84a86c) Importer(815301076,1909f56bfc062723c751e8b465ee728b)
Start importing Assets/Art/MINIFANTASY Creatures - Super Low Res 2D Pixel Art by Krishna Palacio/Sprites/Humanoids/Human/Human/generate/Minifantasy_CreaturesHumanWalk_FrameData.asset using Guid(720d2b3b0c58d5b4295a6468bd84a86c) Importer(815301076,1909f56bfc062723c751e8b465ee728b) (PreviewImporter) -> (artifact id: 'd08ed7282f36b97edc151ed426d72f7e') in 0.0662922 seconds
Number of updated asset objects reloaded before import = 0Number of asset objects unloaded after import = 2

========================================================================
Received Import Request.
  Time since last request: 198.871617 seconds.
  path: Assets/Art/equip/EquipmentData.asset
  artifactKey: Guid(736999a148e3ca14e8d9072ce5224e4b) Importer(815301076,1909f56bfc062723c751e8b465ee728b)
Start importing Assets/Art/equip/EquipmentData.asset using Guid(736999a148e3ca14e8d9072ce5224e4b) Importer(815301076,1909f56bfc062723c751e8b465ee728b) (PreviewImporter) -> (artifact id: '6f769ac0e33bb5d5513bd921323abb5a') in 0.00488 seconds
Number of updated asset objects reloaded before import = 0Number of asset objects unloaded after import = 3

========================================================================
Received Prepare
Refreshing native plugins compatible for Editor in 2.12 ms, found 4 plugins.
Preloading 0 native plugins for Editor in 0.00 ms.
Unloading 35 Unused Serialized files (Serialized files now loaded: 0)
Unloading 7545 unused Assets / (8.1 MB). Loaded Objects now: 8550.
Memory consumption went from 166.8 MB to 158.7 MB.
Total: 58.673400 ms (FindLiveObjects: 1.731000 ms CreateObjectMapping: 1.464200 ms MarkObjects: 48.876600 ms  DeleteObjects: 6.599800 ms)

Prepare: number of updated asset objects reloaded= 0
========================================================================
Received Import Request.
  Time since last request: 762.521563 seconds.
  path: Assets/Art/MINIFANTASY Creatures - Super Low Res 2D Pixel Art by Krishna Palacio/Animations/Humanoids/Human/Human/HumanBase.controller
  artifactKey: Guid(d25a1832acb53f3439b4379e08441ae5) Importer(815301076,1909f56bfc062723c751e8b465ee728b)
Start importing Assets/Art/MINIFANTASY Creatures - Super Low Res 2D Pixel Art by Krishna Palacio/Animations/Humanoids/Human/Human/HumanBase.controller using Guid(d25a1832acb53f3439b4379e08441ae5) Importer(815301076,1909f56bfc062723c751e8b465ee728b) (PreviewImporter) -> (artifact id: '4f4430e4ebf819da355d4e96b9b83017') in 0.033726 seconds
Number of updated asset objects reloaded before import = 0Number of asset objects unloaded after import = 16

========================================================================
Received Prepare
Refreshing native plugins compatible for Editor in 2.86 ms, found 4 plugins.
Preloading 0 native plugins for Editor in 0.00 ms.
Unloading 35 Unused Serialized files (Serialized files now loaded: 0)
Unloading 7545 unused Assets / (9.0 MB). Loaded Objects now: 8550.
Memory consumption went from 166.8 MB to 157.8 MB.
Total: 18.976100 ms (FindLiveObjects: 1.492400 ms CreateObjectMapping: 1.640200 ms MarkObjects: 7.927500 ms  DeleteObjects: 7.914200 ms)

Prepare: number of updated asset objects reloaded= 0
========================================================================
Received Prepare
Refreshing native plugins compatible for Editor in 2.10 ms, found 4 plugins.
Preloading 0 native plugins for Editor in 0.00 ms.
Unloading 35 Unused Serialized files (Serialized files now loaded: 0)
Unloading 7543 unused Assets / (9.1 MB). Loaded Objects now: 8548.
Memory consumption went from 166.8 MB to 157.7 MB.
Total: 18.097900 ms (FindLiveObjects: 1.543200 ms CreateObjectMapping: 2.003400 ms MarkObjects: 8.591900 ms  DeleteObjects: 5.956400 ms)

Prepare: number of updated asset objects reloaded= 0
========================================================================
Received Import Request.
  Time since last request: 948.356658 seconds.
  path: Assets/Art/MINIFANTASY Creatures - Super Low Res 2D Pixel Art by Krishna Palacio/Scripts
  artifactKey: Guid(95606242099ac9f46829cc63e26ca084) Importer(815301076,1909f56bfc062723c751e8b465ee728b)
Start importing Assets/Art/MINIFANTASY Creatures - Super Low Res 2D Pixel Art by Krishna Palacio/Scripts using Guid(95606242099ac9f46829cc63e26ca084) Importer(815301076,1909f56bfc062723c751e8b465ee728b) (PreviewImporter) -> (artifact id: '823ce4adf9a6e95d7db19ae3c687e940') in 0.0146384 seconds
Number of updated asset objects reloaded before import = 0Number of asset objects unloaded after import = 0

========================================================================
Received Prepare
Begin MonoManager ReloadAssembly
[Licensing::Client] Successfully resolved entitlement details
[Licensing::Module] License group:
  Id: F4-NMTP-SXWG-HN24-U9HH-XXXX
  Product: Unity Personal
  Type: ULF
  Expiration: 2025-12-08T13:12:36Z
[Licensing::Module] License group:
  Id: ewogICJzdWJzR3JvdXAiIDogInVuaXR5IGVkaXRvciIsCiAgIm5hbWVzcGFjZSIgOiAidW5pdHlfZWRpdG9yIiwKICAidHlwZSIgOiAiRURJVE9SIiwKICAidGFnIiA6ICJVbml0eVBlcnNvbmFsXXXX
  Product: Unity Personal Version
  Type: Assigned
  Expiration: Unlimited
- Loaded All Assemblies, in  2.660 seconds
Refreshing native plugins compatible for Editor in 4.02 ms, found 4 plugins.
Assertion failed on expression: 'pred(*previous, *i)'
Assertion failed on expression: 'pred(*previous, *i)'
Assertion failed on expression: 'pred(*previous, *i)'
Assertion failed on expression: 'pred(*previous, *i)'
Assertion failed on expression: 'pred(*previous, *i)'
Assertion failed on expression: 'pred(*previous, *i)'
Assertion failed on expression: 'pred(*previous, *i)'
Assertion failed on expression: 'pred(*previous, *i)'
Assertion failed on expression: 'pred(*previous, *i)'
Assertion failed on expression: 'pred(*previous, *i)'
Native extension for WindowsStandalone target not found
[Package Manager] Failed to launch server process. Reason: Unity was launched with the -noUpm command-line argument
[Package Manager] Unable to send message (not connected to server process).
[Package Manager] Cannot connect to Unity Package Manager local server
Mono: successfully reloaded assembly
- Finished resetting the current domain, in  1.404 seconds
Domain Reload Profiling: 4065ms
	BeginReloadAssembly (958ms)
		ExecutionOrderSort (0ms)
		DisableScriptedObjects (327ms)
		BackupInstance (0ms)
		ReleaseScriptingObjects (1ms)
		CreateAndSetChildDomain (256ms)
	RebuildCommonClasses (56ms)
	RebuildNativeTypeToScriptingClass (20ms)
	initialDomainReloadingComplete (68ms)
	LoadAllAssembliesAndSetupDomain (1559ms)
		LoadAssemblies (1320ms)
		RebuildTransferFunctionScriptingTraits (0ms)
		AnalyzeDomain (402ms)
			TypeCache.Refresh (43ms)
				TypeCache.ScanAssembly (2ms)
			BuildScriptInfoCaches (329ms)
			ResolveRequiredComponents (15ms)
	FinalizeReload (1404ms)
		ReleaseScriptCaches (0ms)
		RebuildScriptCaches (0ms)
		SetupLoadedEditorAssemblies (1148ms)
			LogAssemblyErrors (0ms)
			InitializePlatformSupportModulesInManaged (3ms)
			SetLoadedEditorAssemblies (8ms)
			BeforeProcessingInitializeOnLoad (430ms)
			ProcessInitializeOnLoadAttributes (615ms)
			ProcessInitializeOnLoadMethodAttributes (89ms)
			AfterProcessingInitializeOnLoad (3ms)
			EditorAssembliesLoaded (1ms)
		ExecutionOrderSort2 (0ms)
		AwakeInstancesAfterBackupRestoration (17ms)
Refreshing native plugins compatible for Editor in 1.99 ms, found 4 plugins.
Preloading 0 native plugins for Editor in 0.00 ms.
Unloading 35 Unused Serialized files (Serialized files now loaded: 0)
Unloading 7553 unused Assets / (8.5 MB). Loaded Objects now: 8554.
Memory consumption went from 166.6 MB to 158.1 MB.
Total: 14.823500 ms (FindLiveObjects: 1.037000 ms CreateObjectMapping: 0.900900 ms MarkObjects: 6.870700 ms  DeleteObjects: 6.013100 ms)

Prepare: number of updated asset objects reloaded= 0
========================================================================
Received Prepare
Begin MonoManager ReloadAssembly
[Licensing::Client] Successfully resolved entitlement details
[Licensing::Module] License group:
  Id: F4-NMTP-SXWG-HN24-U9HH-XXXX
  Product: Unity Personal
  Type: ULF
  Expiration: 2025-12-08T13:12:36Z
[Licensing::Module] License group:
  Id: ewogICJzdWJzR3JvdXAiIDogInVuaXR5IGVkaXRvciIsCiAgIm5hbWVzcGFjZSIgOiAidW5pdHlfZWRpdG9yIiwKICAidHlwZSIgOiAiRURJVE9SIiwKICAidGFnIiA6ICJVbml0eVBlcnNvbmFsXXXX
  Product: Unity Personal Version
  Type: Assigned
  Expiration: Unlimited
- Loaded All Assemblies, in  1.349 seconds
Refreshing native plugins compatible for Editor in 0.90 ms, found 4 plugins.
Assertion failed on expression: 'pred(*previous, *i)'
Assertion failed on expression: 'pred(*previous, *i)'
Assertion failed on expression: 'pred(*previous, *i)'
Assertion failed on expression: 'pred(*previous, *i)'
Assertion failed on expression: 'pred(*previous, *i)'
Assertion failed on expression: 'pred(*previous, *i)'
Assertion failed on expression: 'pred(*previous, *i)'
Assertion failed on expression: 'pred(*previous, *i)'
Assertion failed on expression: 'pred(*previous, *i)'
Assertion failed on expression: 'pred(*previous, *i)'
Native extension for WindowsStandalone target not found
[Package Manager] Failed to launch server process. Reason: Unity was launched with the -noUpm command-line argument
[Package Manager] Unable to send message (not connected to server process).
[Package Manager] Cannot connect to Unity Package Manager local server
Mono: successfully reloaded assembly
- Finished resetting the current domain, in  0.997 seconds
Domain Reload Profiling: 2346ms
	BeginReloadAssembly (336ms)
		ExecutionOrderSort (0ms)
		DisableScriptedObjects (37ms)
		BackupInstance (0ms)
		ReleaseScriptingObjects (0ms)
		CreateAndSetChildDomain (82ms)
	RebuildCommonClasses (53ms)
	RebuildNativeTypeToScriptingClass (18ms)
	initialDomainReloadingComplete (48ms)
	LoadAllAssembliesAndSetupDomain (892ms)
		LoadAssemblies (712ms)
		RebuildTransferFunctionScriptingTraits (0ms)
		AnalyzeDomain (307ms)
			TypeCache.Refresh (9ms)
				TypeCache.ScanAssembly (0ms)
			BuildScriptInfoCaches (278ms)
			ResolveRequiredComponents (13ms)
	FinalizeReload (998ms)
		ReleaseScriptCaches (0ms)
		RebuildScriptCaches (0ms)
		SetupLoadedEditorAssemblies (831ms)
			LogAssemblyErrors (0ms)
			InitializePlatformSupportModulesInManaged (2ms)
			SetLoadedEditorAssemblies (8ms)
			BeforeProcessingInitializeOnLoad (250ms)
			ProcessInitializeOnLoadAttributes (495ms)
			ProcessInitializeOnLoadMethodAttributes (72ms)
			AfterProcessingInitializeOnLoad (3ms)
			EditorAssembliesLoaded (0ms)
		ExecutionOrderSort2 (0ms)
		AwakeInstancesAfterBackupRestoration (17ms)
Refreshing native plugins compatible for Editor in 2.09 ms, found 4 plugins.
Preloading 0 native plugins for Editor in 0.00 ms.
Unloading 35 Unused Serialized files (Serialized files now loaded: 0)
Unloading 7553 unused Assets / (9.2 MB). Loaded Objects now: 8560.
Memory consumption went from 166.7 MB to 157.5 MB.
Total: 21.786200 ms (FindLiveObjects: 1.792800 ms CreateObjectMapping: 1.859600 ms MarkObjects: 9.313700 ms  DeleteObjects: 8.817900 ms)

Prepare: number of updated asset objects reloaded= 0
========================================================================
Received Prepare
Begin MonoManager ReloadAssembly
[Licensing::Client] Successfully resolved entitlement details
[Licensing::Module] License group:
  Id: F4-NMTP-SXWG-HN24-U9HH-XXXX
  Product: Unity Personal
  Type: ULF
  Expiration: 2025-12-08T13:12:36Z
[Licensing::Module] License group:
  Id: ewogICJzdWJzR3JvdXAiIDogInVuaXR5IGVkaXRvciIsCiAgIm5hbWVzcGFjZSIgOiAidW5pdHlfZWRpdG9yIiwKICAidHlwZSIgOiAiRURJVE9SIiwKICAidGFnIiA6ICJVbml0eVBlcnNvbmFsXXXX
  Product: Unity Personal Version
  Type: Assigned
  Expiration: Unlimited
- Loaded All Assemblies, in  0.779 seconds
Refreshing native plugins compatible for Editor in 0.84 ms, found 4 plugins.
Assertion failed on expression: 'pred(*previous, *i)'
Assertion failed on expression: 'pred(*previous, *i)'
Assertion failed on expression: 'pred(*previous, *i)'
Assertion failed on expression: 'pred(*previous, *i)'
Assertion failed on expression: 'pred(*previous, *i)'
Assertion failed on expression: 'pred(*previous, *i)'
Assertion failed on expression: 'pred(*previous, *i)'
Assertion failed on expression: 'pred(*previous, *i)'
Assertion failed on expression: 'pred(*previous, *i)'
Assertion failed on expression: 'pred(*previous, *i)'
Native extension for WindowsStandalone target not found
[Package Manager] Failed to launch server process. Reason: Unity was launched with the -noUpm command-line argument
[Package Manager] Unable to send message (not connected to server process).
[Package Manager] Cannot connect to Unity Package Manager local server
Mono: successfully reloaded assembly
- Finished resetting the current domain, in  0.761 seconds
Domain Reload Profiling: 1540ms
	BeginReloadAssembly (202ms)
		ExecutionOrderSort (0ms)
		DisableScriptedObjects (13ms)
		BackupInstance (0ms)
		ReleaseScriptingObjects (0ms)
		CreateAndSetChildDomain (54ms)
	RebuildCommonClasses (32ms)
	RebuildNativeTypeToScriptingClass (16ms)
	initialDomainReloadingComplete (27ms)
	LoadAllAssembliesAndSetupDomain (502ms)
		LoadAssemblies (365ms)
		RebuildTransferFunctionScriptingTraits (0ms)
		AnalyzeDomain (222ms)
			TypeCache.Refresh (8ms)
				TypeCache.ScanAssembly (1ms)
			BuildScriptInfoCaches (195ms)
			ResolveRequiredComponents (14ms)
	FinalizeReload (762ms)
		ReleaseScriptCaches (0ms)
		RebuildScriptCaches (0ms)
		SetupLoadedEditorAssemblies (620ms)
			LogAssemblyErrors (0ms)
			InitializePlatformSupportModulesInManaged (1ms)
			SetLoadedEditorAssemblies (5ms)
			BeforeProcessingInitializeOnLoad (194ms)
			ProcessInitializeOnLoadAttributes (359ms)
			ProcessInitializeOnLoadMethodAttributes (58ms)
			AfterProcessingInitializeOnLoad (3ms)
			EditorAssembliesLoaded (0ms)
		ExecutionOrderSort2 (0ms)
		AwakeInstancesAfterBackupRestoration (17ms)
Refreshing native plugins compatible for Editor in 3.14 ms, found 4 plugins.
Preloading 0 native plugins for Editor in 0.00 ms.
Unloading 35 Unused Serialized files (Serialized files now loaded: 0)
Unloading 7553 unused Assets / (8.9 MB). Loaded Objects now: 8566.
Memory consumption went from 166.7 MB to 157.8 MB.
Total: 19.427800 ms (FindLiveObjects: 2.285100 ms CreateObjectMapping: 1.602200 ms MarkObjects: 8.044400 ms  DeleteObjects: 7.494600 ms)

Prepare: number of updated asset objects reloaded= 0
========================================================================
Received Prepare
Begin MonoManager ReloadAssembly
[Licensing::Client] Successfully resolved entitlement details
[Licensing::Module] License group:
  Id: F4-NMTP-SXWG-HN24-U9HH-XXXX
  Product: Unity Personal
  Type: ULF
  Expiration: 2025-12-08T13:12:36Z
[Licensing::Module] License group:
  Id: ewogICJzdWJzR3JvdXAiIDogInVuaXR5IGVkaXRvciIsCiAgIm5hbWVzcGFjZSIgOiAidW5pdHlfZWRpdG9yIiwKICAidHlwZSIgOiAiRURJVE9SIiwKICAidGFnIiA6ICJVbml0eVBlcnNvbmFsXXXX
  Product: Unity Personal Version
  Type: Assigned
  Expiration: Unlimited
- Loaded All Assemblies, in  1.195 seconds
Refreshing native plugins compatible for Editor in 2.20 ms, found 4 plugins.
Assertion failed on expression: 'pred(*previous, *i)'
Assertion failed on expression: 'pred(*previous, *i)'
Assertion failed on expression: 'pred(*previous, *i)'
Assertion failed on expression: 'pred(*previous, *i)'
Assertion failed on expression: 'pred(*previous, *i)'
Assertion failed on expression: 'pred(*previous, *i)'
Assertion failed on expression: 'pred(*previous, *i)'
Assertion failed on expression: 'pred(*previous, *i)'
Assertion failed on expression: 'pred(*previous, *i)'
Assertion failed on expression: 'pred(*previous, *i)'
Native extension for WindowsStandalone target not found
[Package Manager] Failed to launch server process. Reason: Unity was launched with the -noUpm command-line argument
[Package Manager] Unable to send message (not connected to server process).
[Package Manager] Cannot connect to Unity Package Manager local server
Mono: successfully reloaded assembly
- Finished resetting the current domain, in  1.259 seconds
Domain Reload Profiling: 2454ms
	BeginReloadAssembly (331ms)
		ExecutionOrderSort (0ms)
		DisableScriptedObjects (22ms)
		BackupInstance (0ms)
		ReleaseScriptingObjects (0ms)
		CreateAndSetChildDomain (85ms)
	RebuildCommonClasses (74ms)
	RebuildNativeTypeToScriptingClass (17ms)
	initialDomainReloadingComplete (38ms)
	LoadAllAssembliesAndSetupDomain (734ms)
		LoadAssemblies (583ms)
		RebuildTransferFunctionScriptingTraits (0ms)
		AnalyzeDomain (303ms)
			TypeCache.Refresh (8ms)
				TypeCache.ScanAssembly (0ms)
			BuildScriptInfoCaches (277ms)
			ResolveRequiredComponents (12ms)
	FinalizeReload (1260ms)
		ReleaseScriptCaches (0ms)
		RebuildScriptCaches (0ms)
		SetupLoadedEditorAssemblies (941ms)
			LogAssemblyErrors (0ms)
			InitializePlatformSupportModulesInManaged (3ms)
			SetLoadedEditorAssemblies (9ms)
			BeforeProcessingInitializeOnLoad (294ms)
			ProcessInitializeOnLoadAttributes (542ms)
			ProcessInitializeOnLoadMethodAttributes (87ms)
			AfterProcessingInitializeOnLoad (5ms)
			EditorAssembliesLoaded (1ms)
		ExecutionOrderSort2 (0ms)
		AwakeInstancesAfterBackupRestoration (25ms)
Refreshing native plugins compatible for Editor in 2.07 ms, found 4 plugins.
Preloading 0 native plugins for Editor in 0.00 ms.
Unloading 35 Unused Serialized files (Serialized files now loaded: 0)
Unloading 7553 unused Assets / (10.1 MB). Loaded Objects now: 8572.
Memory consumption went from 166.8 MB to 156.7 MB.
Total: 29.802100 ms (FindLiveObjects: 2.262200 ms CreateObjectMapping: 1.733000 ms MarkObjects: 15.937700 ms  DeleteObjects: 9.866800 ms)

Prepare: number of updated asset objects reloaded= 0
========================================================================
Received Prepare
Begin MonoManager ReloadAssembly
[Licensing::Client] Successfully resolved entitlement details
[Licensing::Module] License group:
  Id: F4-NMTP-SXWG-HN24-U9HH-XXXX
  Product: Unity Personal
  Type: ULF
  Expiration: 2025-12-08T13:12:36Z
[Licensing::Module] License group:
  Id: ewogICJzdWJzR3JvdXAiIDogInVuaXR5IGVkaXRvciIsCiAgIm5hbWVzcGFjZSIgOiAidW5pdHlfZWRpdG9yIiwKICAidHlwZSIgOiAiRURJVE9SIiwKICAidGFnIiA6ICJVbml0eVBlcnNvbmFsXXXX
  Product: Unity Personal Version
  Type: Assigned
  Expiration: Unlimited
- Loaded All Assemblies, in  0.741 seconds
Refreshing native plugins compatible for Editor in 1.05 ms, found 4 plugins.
Assertion failed on expression: 'pred(*previous, *i)'
Assertion failed on expression: 'pred(*previous, *i)'
Assertion failed on expression: 'pred(*previous, *i)'
Assertion failed on expression: 'pred(*previous, *i)'
Assertion failed on expression: 'pred(*previous, *i)'
Assertion failed on expression: 'pred(*previous, *i)'
Assertion failed on expression: 'pred(*previous, *i)'
Assertion failed on expression: 'pred(*previous, *i)'
Assertion failed on expression: 'pred(*previous, *i)'
Assertion failed on expression: 'pred(*previous, *i)'
Native extension for WindowsStandalone target not found
[Package Manager] Failed to launch server process. Reason: Unity was launched with the -noUpm command-line argument
[Package Manager] Unable to send message (not connected to server process).
[Package Manager] Cannot connect to Unity Package Manager local server
Mono: successfully reloaded assembly
- Finished resetting the current domain, in  0.741 seconds
Domain Reload Profiling: 1484ms
	BeginReloadAssembly (182ms)
		ExecutionOrderSort (0ms)
		DisableScriptedObjects (14ms)
		BackupInstance (0ms)
		ReleaseScriptingObjects (0ms)
		CreateAndSetChildDomain (48ms)
	RebuildCommonClasses (27ms)
	RebuildNativeTypeToScriptingClass (16ms)
	initialDomainReloadingComplete (25ms)
	LoadAllAssembliesAndSetupDomain (492ms)
		LoadAssemblies (380ms)
		RebuildTransferFunctionScriptingTraits (0ms)
		AnalyzeDomain (182ms)
			TypeCache.Refresh (5ms)
				TypeCache.ScanAssembly (0ms)
			BuildScriptInfoCaches (163ms)
			ResolveRequiredComponents (11ms)
	FinalizeReload (742ms)
		ReleaseScriptCaches (0ms)
		RebuildScriptCaches (0ms)
		SetupLoadedEditorAssemblies (601ms)
			LogAssemblyErrors (0ms)
			InitializePlatformSupportModulesInManaged (1ms)
			SetLoadedEditorAssemblies (5ms)
			BeforeProcessingInitializeOnLoad (182ms)
			ProcessInitializeOnLoadAttributes (345ms)
			ProcessInitializeOnLoadMethodAttributes (64ms)
			AfterProcessingInitializeOnLoad (3ms)
			EditorAssembliesLoaded (0ms)
		ExecutionOrderSort2 (0ms)
		AwakeInstancesAfterBackupRestoration (14ms)
Refreshing native plugins compatible for Editor in 1.91 ms, found 4 plugins.
Preloading 0 native plugins for Editor in 0.00 ms.
Unloading 35 Unused Serialized files (Serialized files now loaded: 0)
Unloading 7553 unused Assets / (8.6 MB). Loaded Objects now: 8578.
Memory consumption went from 166.8 MB to 158.2 MB.
Total: 19.011300 ms (FindLiveObjects: 1.955400 ms CreateObjectMapping: 1.327400 ms MarkObjects: 7.260500 ms  DeleteObjects: 8.465700 ms)

Prepare: number of updated asset objects reloaded= 0
========================================================================
Received Prepare
Begin MonoManager ReloadAssembly
[Licensing::Client] Successfully resolved entitlement details
[Licensing::Module] License group:
  Id: F4-NMTP-SXWG-HN24-U9HH-XXXX
  Product: Unity Personal
  Type: ULF
  Expiration: 2025-12-08T13:12:36Z
[Licensing::Module] License group:
  Id: ewogICJzdWJzR3JvdXAiIDogInVuaXR5IGVkaXRvciIsCiAgIm5hbWVzcGFjZSIgOiAidW5pdHlfZWRpdG9yIiwKICAidHlwZSIgOiAiRURJVE9SIiwKICAidGFnIiA6ICJVbml0eVBlcnNvbmFsXXXX
  Product: Unity Personal Version
  Type: Assigned
  Expiration: Unlimited
- Loaded All Assemblies, in  0.924 seconds
Refreshing native plugins compatible for Editor in 1.35 ms, found 4 plugins.
Assertion failed on expression: 'pred(*previous, *i)'
Assertion failed on expression: 'pred(*previous, *i)'
Assertion failed on expression: 'pred(*previous, *i)'
Assertion failed on expression: 'pred(*previous, *i)'
Assertion failed on expression: 'pred(*previous, *i)'
Assertion failed on expression: 'pred(*previous, *i)'
Assertion failed on expression: 'pred(*previous, *i)'
Assertion failed on expression: 'pred(*previous, *i)'
Assertion failed on expression: 'pred(*previous, *i)'
Assertion failed on expression: 'pred(*previous, *i)'
Native extension for WindowsStandalone target not found
[Package Manager] Failed to launch server process. Reason: Unity was launched with the -noUpm command-line argument
[Package Manager] Unable to send message (not connected to server process).
[Package Manager] Cannot connect to Unity Package Manager local server
Mono: successfully reloaded assembly
- Finished resetting the current domain, in  0.741 seconds
Domain Reload Profiling: 1664ms
	BeginReloadAssembly (250ms)
		ExecutionOrderSort (0ms)
		DisableScriptedObjects (17ms)
		BackupInstance (0ms)
		ReleaseScriptingObjects (0ms)
		CreateAndSetChildDomain (68ms)
	RebuildCommonClasses (42ms)
	RebuildNativeTypeToScriptingClass (17ms)
	initialDomainReloadingComplete (39ms)
	LoadAllAssembliesAndSetupDomain (575ms)
		LoadAssemblies (440ms)
		RebuildTransferFunctionScriptingTraits (0ms)
		AnalyzeDomain (241ms)
			TypeCache.Refresh (9ms)
				TypeCache.ScanAssembly (1ms)
			BuildScriptInfoCaches (215ms)
			ResolveRequiredComponents (14ms)
	FinalizeReload (741ms)
		ReleaseScriptCaches (0ms)
		RebuildScriptCaches (0ms)
		SetupLoadedEditorAssemblies (575ms)
			LogAssemblyErrors (0ms)
			InitializePlatformSupportModulesInManaged (2ms)
			SetLoadedEditorAssemblies (6ms)
			BeforeProcessingInitializeOnLoad (164ms)
			ProcessInitializeOnLoadAttributes (344ms)
			ProcessInitializeOnLoadMethodAttributes (56ms)
			AfterProcessingInitializeOnLoad (3ms)
			EditorAssembliesLoaded (0ms)
		ExecutionOrderSort2 (0ms)
		AwakeInstancesAfterBackupRestoration (19ms)
Refreshing native plugins compatible for Editor in 2.48 ms, found 4 plugins.
Preloading 0 native plugins for Editor in 0.00 ms.
Unloading 35 Unused Serialized files (Serialized files now loaded: 0)
Unloading 7553 unused Assets / (8.5 MB). Loaded Objects now: 8584.
Memory consumption went from 166.8 MB to 158.3 MB.
Total: 22.085900 ms (FindLiveObjects: 1.562200 ms CreateObjectMapping: 1.445100 ms MarkObjects: 11.327800 ms  DeleteObjects: 7.748900 ms)

Prepare: number of updated asset objects reloaded= 0
========================================================================
Received Prepare
Begin MonoManager ReloadAssembly
- Loaded All Assemblies, in  0.679 seconds
Refreshing native plugins compatible for Editor in 1.16 ms, found 4 plugins.
Assertion failed on expression: 'pred(*previous, *i)'
Assertion failed on expression: 'pred(*previous, *i)'
Assertion failed on expression: 'pred(*previous, *i)'
Assertion failed on expression: 'pred(*previous, *i)'
Assertion failed on expression: 'pred(*previous, *i)'
Assertion failed on expression: 'pred(*previous, *i)'
Assertion failed on expression: 'pred(*previous, *i)'
Assertion failed on expression: 'pred(*previous, *i)'
Assertion failed on expression: 'pred(*previous, *i)'
Assertion failed on expression: 'pred(*previous, *i)'
Native extension for WindowsStandalone target not found
[Package Manager] Failed to launch server process. Reason: Unity was launched with the -noUpm command-line argument
[Package Manager] Unable to send message (not connected to server process).
[Package Manager] Cannot connect to Unity Package Manager local server
Mono: successfully reloaded assembly
- Finished resetting the current domain, in  1.082 seconds
Domain Reload Profiling: 1764ms
	BeginReloadAssembly (179ms)
		ExecutionOrderSort (0ms)
		DisableScriptedObjects (11ms)
		BackupInstance (0ms)
		ReleaseScriptingObjects (0ms)
		CreateAndSetChildDomain (54ms)
	RebuildCommonClasses (26ms)
	RebuildNativeTypeToScriptingClass (10ms)
	initialDomainReloadingComplete (20ms)
	LoadAllAssembliesAndSetupDomain (446ms)
		LoadAssemblies (317ms)
		RebuildTransferFunctionScriptingTraits (0ms)
		AnalyzeDomain (197ms)
			TypeCache.Refresh (5ms)
				TypeCache.ScanAssembly (0ms)
			BuildScriptInfoCaches (177ms)
			ResolveRequiredComponents (10ms)
	FinalizeReload (1083ms)
		ReleaseScriptCaches (0ms)
		RebuildScriptCaches (0ms)
		SetupLoadedEditorAssemblies (898ms)
			LogAssemblyErrors (0ms)
			InitializePlatformSupportModulesInManaged (2ms)
			SetLoadedEditorAssemblies (9ms)
			BeforeProcessingInitializeOnLoad (277ms)
			ProcessInitializeOnLoadAttributes (512ms)
			ProcessInitializeOnLoadMethodAttributes (94ms)
			AfterProcessingInitializeOnLoad (5ms)
			EditorAssembliesLoaded (0ms)
		ExecutionOrderSort2 (0ms)
		AwakeInstancesAfterBackupRestoration (21ms)
Refreshing native plugins compatible for Editor in 1.86 ms, found 4 plugins.
Preloading 0 native plugins for Editor in 0.00 ms.
Unloading 35 Unused Serialized files (Serialized files now loaded: 0)
Unloading 7553 unused Assets / (7.6 MB). Loaded Objects now: 8590.
Memory consumption went from 166.9 MB to 159.3 MB.
Total: 22.516800 ms (FindLiveObjects: 2.125400 ms CreateObjectMapping: 2.880600 ms MarkObjects: 8.566500 ms  DeleteObjects: 8.942400 ms)

Prepare: number of updated asset objects reloaded= 0
========================================================================
Received Prepare
Begin MonoManager ReloadAssembly
[Licensing::Client] Successfully resolved entitlement details
[Licensing::Module] License group:
  Id: F4-NMTP-SXWG-HN24-U9HH-XXXX
  Product: Unity Personal
  Type: ULF
  Expiration: 2025-12-08T13:12:36Z
[Licensing::Module] License group:
  Id: ewogICJzdWJzR3JvdXAiIDogInVuaXR5IGVkaXRvciIsCiAgIm5hbWVzcGFjZSIgOiAidW5pdHlfZWRpdG9yIiwKICAidHlwZSIgOiAiRURJVE9SIiwKICAidGFnIiA6ICJVbml0eVBlcnNvbmFsXXXX
  Product: Unity Personal Version
  Type: Assigned
  Expiration: Unlimited
- Loaded All Assemblies, in  0.679 seconds
Refreshing native plugins compatible for Editor in 0.93 ms, found 4 plugins.
Assertion failed on expression: 'pred(*previous, *i)'
Assertion failed on expression: 'pred(*previous, *i)'
Assertion failed on expression: 'pred(*previous, *i)'
Assertion failed on expression: 'pred(*previous, *i)'
Assertion failed on expression: 'pred(*previous, *i)'
Assertion failed on expression: 'pred(*previous, *i)'
Assertion failed on expression: 'pred(*previous, *i)'
Assertion failed on expression: 'pred(*previous, *i)'
Assertion failed on expression: 'pred(*previous, *i)'
Assertion failed on expression: 'pred(*previous, *i)'
Native extension for WindowsStandalone target not found
[Package Manager] Failed to launch server process. Reason: Unity was launched with the -noUpm command-line argument
[Package Manager] Unable to send message (not connected to server process).
[Package Manager] Cannot connect to Unity Package Manager local server
Mono: successfully reloaded assembly
- Finished resetting the current domain, in  1.060 seconds
Domain Reload Profiling: 1740ms
	BeginReloadAssembly (185ms)
		ExecutionOrderSort (0ms)
		DisableScriptedObjects (13ms)
		BackupInstance (0ms)
		ReleaseScriptingObjects (0ms)
		CreateAndSetChildDomain (49ms)
	RebuildCommonClasses (31ms)
	RebuildNativeTypeToScriptingClass (10ms)
	initialDomainReloadingComplete (20ms)
	LoadAllAssembliesAndSetupDomain (433ms)
		LoadAssemblies (331ms)
		RebuildTransferFunctionScriptingTraits (0ms)
		AnalyzeDomain (177ms)
			TypeCache.Refresh (5ms)
				TypeCache.ScanAssembly (0ms)
			BuildScriptInfoCaches (156ms)
			ResolveRequiredComponents (12ms)
	FinalizeReload (1060ms)
		ReleaseScriptCaches (0ms)
		RebuildScriptCaches (0ms)
		SetupLoadedEditorAssemblies (866ms)
			LogAssemblyErrors (0ms)
			InitializePlatformSupportModulesInManaged (2ms)
			SetLoadedEditorAssemblies (9ms)
			BeforeProcessingInitializeOnLoad (306ms)
			ProcessInitializeOnLoadAttributes (462ms)
			ProcessInitializeOnLoadMethodAttributes (82ms)
			AfterProcessingInitializeOnLoad (5ms)
			EditorAssembliesLoaded (0ms)
		ExecutionOrderSort2 (0ms)
		AwakeInstancesAfterBackupRestoration (24ms)
Refreshing native plugins compatible for Editor in 2.28 ms, found 4 plugins.
Preloading 0 native plugins for Editor in 0.00 ms.
Unloading 35 Unused Serialized files (Serialized files now loaded: 0)
Unloading 7553 unused Assets / (8.5 MB). Loaded Objects now: 8596.
Memory consumption went from 166.9 MB to 158.4 MB.
Total: 60.078900 ms (FindLiveObjects: 9.268400 ms CreateObjectMapping: 1.727300 ms MarkObjects: 17.124700 ms  DeleteObjects: 31.956300 ms)

Prepare: number of updated asset objects reloaded= 0
========================================================================
Received Prepare
Begin MonoManager ReloadAssembly
- Loaded All Assemblies, in  0.705 seconds
Refreshing native plugins compatible for Editor in 1.13 ms, found 4 plugins.
Assertion failed on expression: 'pred(*previous, *i)'
Assertion failed on expression: 'pred(*previous, *i)'
Assertion failed on expression: 'pred(*previous, *i)'
Assertion failed on expression: 'pred(*previous, *i)'
Assertion failed on expression: 'pred(*previous, *i)'
Assertion failed on expression: 'pred(*previous, *i)'
Assertion failed on expression: 'pred(*previous, *i)'
Assertion failed on expression: 'pred(*previous, *i)'
Assertion failed on expression: 'pred(*previous, *i)'
Assertion failed on expression: 'pred(*previous, *i)'
Native extension for WindowsStandalone target not found
[Package Manager] Failed to launch server process. Reason: Unity was launched with the -noUpm command-line argument
[Package Manager] Unable to send message (not connected to server process).
[Package Manager] Cannot connect to Unity Package Manager local server
Mono: successfully reloaded assembly
- Finished resetting the current domain, in  0.982 seconds
Domain Reload Profiling: 1688ms
	BeginReloadAssembly (178ms)
		ExecutionOrderSort (0ms)
		DisableScriptedObjects (11ms)
		BackupInstance (0ms)
		ReleaseScriptingObjects (0ms)
		CreateAndSetChildDomain (46ms)
	RebuildCommonClasses (25ms)
	RebuildNativeTypeToScriptingClass (10ms)
	initialDomainReloadingComplete (24ms)
	LoadAllAssembliesAndSetupDomain (469ms)
		LoadAssemblies (319ms)
		RebuildTransferFunctionScriptingTraits (0ms)
		AnalyzeDomain (223ms)
			TypeCache.Refresh (5ms)
				TypeCache.ScanAssembly (0ms)
			BuildScriptInfoCaches (198ms)
			ResolveRequiredComponents (15ms)
	FinalizeReload (982ms)
		ReleaseScriptCaches (0ms)
		RebuildScriptCaches (0ms)
		SetupLoadedEditorAssemblies (786ms)
			LogAssemblyErrors (0ms)
			InitializePlatformSupportModulesInManaged (2ms)
			SetLoadedEditorAssemblies (7ms)
			BeforeProcessingInitializeOnLoad (264ms)
			ProcessInitializeOnLoadAttributes (443ms)
			ProcessInitializeOnLoadMethodAttributes (66ms)
			AfterProcessingInitializeOnLoad (3ms)
			EditorAssembliesLoaded (0ms)
		ExecutionOrderSort2 (0ms)
		AwakeInstancesAfterBackupRestoration (15ms)
Refreshing native plugins compatible for Editor in 2.38 ms, found 4 plugins.
Preloading 0 native plugins for Editor in 0.00 ms.
Unloading 35 Unused Serialized files (Serialized files now loaded: 0)
Unloading 7553 unused Assets / (8.5 MB). Loaded Objects now: 8602.
Memory consumption went from 167.0 MB to 158.5 MB.
Total: 93.493200 ms (FindLiveObjects: 15.726000 ms CreateObjectMapping: 1.820800 ms MarkObjects: 19.092800 ms  DeleteObjects: 56.851100 ms)

Prepare: number of updated asset objects reloaded= 0
========================================================================
Received Prepare
Begin MonoManager ReloadAssembly
[Licensing::Client] Successfully resolved entitlement details
[Licensing::Module] License group:
  Id: F4-NMTP-SXWG-HN24-U9HH-XXXX
  Product: Unity Personal
  Type: ULF
  Expiration: 2025-12-08T13:12:36Z
[Licensing::Module] License group:
  Id: ewogICJzdWJzR3JvdXAiIDogInVuaXR5IGVkaXRvciIsCiAgIm5hbWVzcGFjZSIgOiAidW5pdHlfZWRpdG9yIiwKICAidHlwZSIgOiAiRURJVE9SIiwKICAidGFnIiA6ICJVbml0eVBlcnNvbmFsXXXX
  Product: Unity Personal Version
  Type: Assigned
  Expiration: Unlimited
- Loaded All Assemblies, in  0.848 seconds
Refreshing native plugins compatible for Editor in 1.30 ms, found 4 plugins.
Assertion failed on expression: 'pred(*previous, *i)'
Assertion failed on expression: 'pred(*previous, *i)'
Assertion failed on expression: 'pred(*previous, *i)'
Assertion failed on expression: 'pred(*previous, *i)'
Assertion failed on expression: 'pred(*previous, *i)'
Assertion failed on expression: 'pred(*previous, *i)'
Assertion failed on expression: 'pred(*previous, *i)'
Assertion failed on expression: 'pred(*previous, *i)'
Assertion failed on expression: 'pred(*previous, *i)'
Assertion failed on expression: 'pred(*previous, *i)'
Native extension for WindowsStandalone target not found
[Package Manager] Failed to launch server process. Reason: Unity was launched with the -noUpm command-line argument
[Package Manager] Unable to send message (not connected to server process).
[Package Manager] Cannot connect to Unity Package Manager local server
Mono: successfully reloaded assembly
- Finished resetting the current domain, in  1.014 seconds
Domain Reload Profiling: 1867ms
	BeginReloadAssembly (201ms)
		ExecutionOrderSort (0ms)
		DisableScriptedObjects (13ms)
		BackupInstance (0ms)
		ReleaseScriptingObjects (0ms)
		CreateAndSetChildDomain (53ms)
	RebuildCommonClasses (27ms)
	RebuildNativeTypeToScriptingClass (10ms)
	initialDomainReloadingComplete (25ms)
	LoadAllAssembliesAndSetupDomain (591ms)
		LoadAssemblies (347ms)
		RebuildTransferFunctionScriptingTraits (0ms)
		AnalyzeDomain (324ms)
			TypeCache.Refresh (5ms)
				TypeCache.ScanAssembly (0ms)
			BuildScriptInfoCaches (289ms)
			ResolveRequiredComponents (22ms)
	FinalizeReload (1014ms)
		ReleaseScriptCaches (0ms)
		RebuildScriptCaches (0ms)
		SetupLoadedEditorAssemblies (804ms)
			LogAssemblyErrors (0ms)
			InitializePlatformSupportModulesInManaged (1ms)
			SetLoadedEditorAssemblies (7ms)
			BeforeProcessingInitializeOnLoad (254ms)
			ProcessInitializeOnLoadAttributes (455ms)
			ProcessInitializeOnLoadMethodAttributes (83ms)
			AfterProcessingInitializeOnLoad (3ms)
			EditorAssembliesLoaded (0ms)
		ExecutionOrderSort2 (0ms)
		AwakeInstancesAfterBackupRestoration (22ms)
Refreshing native plugins compatible for Editor in 2.18 ms, found 4 plugins.
Preloading 0 native plugins for Editor in 0.00 ms.
Unloading 35 Unused Serialized files (Serialized files now loaded: 0)
Unloading 7553 unused Assets / (9.0 MB). Loaded Objects now: 8608.
Memory consumption went from 167.1 MB to 158.1 MB.
Total: 60.411100 ms (FindLiveObjects: 3.030200 ms CreateObjectMapping: 1.507800 ms MarkObjects: 40.440600 ms  DeleteObjects: 15.427500 ms)

Prepare: number of updated asset objects reloaded= 0
========================================================================
Received Prepare
Begin MonoManager ReloadAssembly
- Loaded All Assemblies, in  0.726 seconds
Refreshing native plugins compatible for Editor in 0.93 ms, found 4 plugins.
Assertion failed on expression: 'pred(*previous, *i)'
Assertion failed on expression: 'pred(*previous, *i)'
Assertion failed on expression: 'pred(*previous, *i)'
Assertion failed on expression: 'pred(*previous, *i)'
Assertion failed on expression: 'pred(*previous, *i)'
Assertion failed on expression: 'pred(*previous, *i)'
Assertion failed on expression: 'pred(*previous, *i)'
Assertion failed on expression: 'pred(*previous, *i)'
Assertion failed on expression: 'pred(*previous, *i)'
Assertion failed on expression: 'pred(*previous, *i)'
Native extension for WindowsStandalone target not found
[Package Manager] Failed to launch server process. Reason: Unity was launched with the -noUpm command-line argument
[Package Manager] Unable to send message (not connected to server process).
[Package Manager] Cannot connect to Unity Package Manager local server
Mono: successfully reloaded assembly
- Finished resetting the current domain, in  1.002 seconds
Domain Reload Profiling: 1729ms
	BeginReloadAssembly (189ms)
		ExecutionOrderSort (0ms)
		DisableScriptedObjects (13ms)
		BackupInstance (0ms)
		ReleaseScriptingObjects (0ms)
		CreateAndSetChildDomain (52ms)
	RebuildCommonClasses (36ms)
	RebuildNativeTypeToScriptingClass (14ms)
	initialDomainReloadingComplete (24ms)
	LoadAllAssembliesAndSetupDomain (463ms)
		LoadAssemblies (332ms)
		RebuildTransferFunctionScriptingTraits (0ms)
		AnalyzeDomain (210ms)
			TypeCache.Refresh (5ms)
				TypeCache.ScanAssembly (0ms)
			BuildScriptInfoCaches (191ms)
			ResolveRequiredComponents (10ms)
	FinalizeReload (1002ms)
		ReleaseScriptCaches (0ms)
		RebuildScriptCaches (0ms)
		SetupLoadedEditorAssemblies (837ms)
			LogAssemblyErrors (0ms)
			InitializePlatformSupportModulesInManaged (2ms)
			SetLoadedEditorAssemblies (9ms)
			BeforeProcessingInitializeOnLoad (262ms)
			ProcessInitializeOnLoadAttributes (479ms)
			ProcessInitializeOnLoadMethodAttributes (81ms)
			AfterProcessingInitializeOnLoad (3ms)
			EditorAssembliesLoaded (0ms)
		ExecutionOrderSort2 (0ms)
		AwakeInstancesAfterBackupRestoration (14ms)
Refreshing native plugins compatible for Editor in 2.39 ms, found 4 plugins.
Preloading 0 native plugins for Editor in 0.00 ms.
Unloading 35 Unused Serialized files (Serialized files now loaded: 0)
Unloading 7553 unused Assets / (10.1 MB). Loaded Objects now: 8614.
Memory consumption went from 167.1 MB to 157.0 MB.
Total: 26.605500 ms (FindLiveObjects: 5.648800 ms CreateObjectMapping: 1.465500 ms MarkObjects: 11.278800 ms  DeleteObjects: 8.210300 ms)

Prepare: number of updated asset objects reloaded= 0
========================================================================
Received Prepare
Begin MonoManager ReloadAssembly
[Licensing::Client] Successfully resolved entitlement details
[Licensing::Module] License group:
  Id: F4-NMTP-SXWG-HN24-U9HH-XXXX
  Product: Unity Personal
  Type: ULF
  Expiration: 2025-12-08T13:12:36Z
[Licensing::Module] License group:
  Id: ewogICJzdWJzR3JvdXAiIDogInVuaXR5IGVkaXRvciIsCiAgIm5hbWVzcGFjZSIgOiAidW5pdHlfZWRpdG9yIiwKICAidHlwZSIgOiAiRURJVE9SIiwKICAidGFnIiA6ICJVbml0eVBlcnNvbmFsXXXX
  Product: Unity Personal Version
  Type: Assigned
  Expiration: Unlimited
- Loaded All Assemblies, in  1.052 seconds
Refreshing native plugins compatible for Editor in 1.11 ms, found 4 plugins.
Assertion failed on expression: 'pred(*previous, *i)'
Assertion failed on expression: 'pred(*previous, *i)'
Assertion failed on expression: 'pred(*previous, *i)'
Assertion failed on expression: 'pred(*previous, *i)'
Assertion failed on expression: 'pred(*previous, *i)'
Assertion failed on expression: 'pred(*previous, *i)'
Assertion failed on expression: 'pred(*previous, *i)'
Assertion failed on expression: 'pred(*previous, *i)'
Assertion failed on expression: 'pred(*previous, *i)'
Assertion failed on expression: 'pred(*previous, *i)'
Native extension for WindowsStandalone target not found
[Package Manager] Failed to launch server process. Reason: Unity was launched with the -noUpm command-line argument
[Package Manager] Unable to send message (not connected to server process).
[Package Manager] Cannot connect to Unity Package Manager local server
Mono: successfully reloaded assembly
- Finished resetting the current domain, in  1.083 seconds
Domain Reload Profiling: 2136ms
	BeginReloadAssembly (282ms)
		ExecutionOrderSort (0ms)
		DisableScriptedObjects (19ms)
		BackupInstance (0ms)
		ReleaseScriptingObjects (0ms)
		CreateAndSetChildDomain (67ms)
	RebuildCommonClasses (45ms)
	RebuildNativeTypeToScriptingClass (12ms)
	initialDomainReloadingComplete (50ms)
	LoadAllAssembliesAndSetupDomain (664ms)
		LoadAssemblies (539ms)
		RebuildTransferFunctionScriptingTraits (0ms)
		AnalyzeDomain (255ms)
			TypeCache.Refresh (7ms)
				TypeCache.ScanAssembly (0ms)
			BuildScriptInfoCaches (230ms)
			ResolveRequiredComponents (12ms)
	FinalizeReload (1083ms)
		ReleaseScriptCaches (0ms)
		RebuildScriptCaches (0ms)
		SetupLoadedEditorAssemblies (887ms)
			LogAssemblyErrors (0ms)
			InitializePlatformSupportModulesInManaged (2ms)
			SetLoadedEditorAssemblies (8ms)
			BeforeProcessingInitializeOnLoad (292ms)
			ProcessInitializeOnLoadAttributes (513ms)
			ProcessInitializeOnLoadMethodAttributes (68ms)
			AfterProcessingInitializeOnLoad (5ms)
			EditorAssembliesLoaded (1ms)
		ExecutionOrderSort2 (0ms)
		AwakeInstancesAfterBackupRestoration (29ms)
Refreshing native plugins compatible for Editor in 2.00 ms, found 4 plugins.
Preloading 0 native plugins for Editor in 0.00 ms.
Unloading 35 Unused Serialized files (Serialized files now loaded: 0)
Unloading 7553 unused Assets / (9.4 MB). Loaded Objects now: 8620.
Memory consumption went from 167.1 MB to 157.7 MB.
Total: 20.402100 ms (FindLiveObjects: 1.645000 ms CreateObjectMapping: 1.567700 ms MarkObjects: 8.295700 ms  DeleteObjects: 8.891600 ms)

Prepare: number of updated asset objects reloaded= 0
========================================================================
Received Prepare
Refreshing native plugins compatible for Editor in 1.88 ms, found 4 plugins.
Preloading 0 native plugins for Editor in 0.00 ms.
Unloading 35 Unused Serialized files (Serialized files now loaded: 0)
Unloading 7543 unused Assets / (9.3 MB). Loaded Objects now: 8620.
Memory consumption went from 167.3 MB to 158.0 MB.
Total: 24.840900 ms (FindLiveObjects: 1.520900 ms CreateObjectMapping: 1.149900 ms MarkObjects: 13.100200 ms  DeleteObjects: 9.067600 ms)

Prepare: number of updated asset objects reloaded= 0
========================================================================
Received Prepare
Begin MonoManager ReloadAssembly
[Licensing::Client] Successfully resolved entitlement details
[Licensing::Module] License group:
  Id: F4-NMTP-SXWG-HN24-U9HH-XXXX
  Product: Unity Personal
  Type: ULF
  Expiration: 2025-12-08T13:12:36Z
[Licensing::Module] License group:
  Id: ewogICJzdWJzR3JvdXAiIDogInVuaXR5IGVkaXRvciIsCiAgIm5hbWVzcGFjZSIgOiAidW5pdHlfZWRpdG9yIiwKICAidHlwZSIgOiAiRURJVE9SIiwKICAidGFnIiA6ICJVbml0eVBlcnNvbmFsXXXX
  Product: Unity Personal Version
  Type: Assigned
  Expiration: Unlimited
- Loaded All Assemblies, in  0.779 seconds
Refreshing native plugins compatible for Editor in 1.29 ms, found 4 plugins.
Assertion failed on expression: 'pred(*previous, *i)'
Assertion failed on expression: 'pred(*previous, *i)'
Assertion failed on expression: 'pred(*previous, *i)'
Assertion failed on expression: 'pred(*previous, *i)'
Assertion failed on expression: 'pred(*previous, *i)'
Assertion failed on expression: 'pred(*previous, *i)'
Assertion failed on expression: 'pred(*previous, *i)'
Assertion failed on expression: 'pred(*previous, *i)'
Assertion failed on expression: 'pred(*previous, *i)'
Assertion failed on expression: 'pred(*previous, *i)'
Native extension for WindowsStandalone target not found
[Package Manager] Failed to launch server process. Reason: Unity was launched with the -noUpm command-line argument
[Package Manager] Unable to send message (not connected to server process).
[Package Manager] Cannot connect to Unity Package Manager local server
Mono: successfully reloaded assembly
- Finished resetting the current domain, in  0.753 seconds
Domain Reload Profiling: 1535ms
	BeginReloadAssembly (244ms)
		ExecutionOrderSort (0ms)
		DisableScriptedObjects (18ms)
		BackupInstance (0ms)
		ReleaseScriptingObjects (0ms)
		CreateAndSetChildDomain (71ms)
	RebuildCommonClasses (33ms)
	RebuildNativeTypeToScriptingClass (11ms)
	initialDomainReloadingComplete (28ms)
	LoadAllAssembliesAndSetupDomain (466ms)
		LoadAssemblies (375ms)
		RebuildTransferFunctionScriptingTraits (0ms)
		AnalyzeDomain (184ms)
			TypeCache.Refresh (8ms)
				TypeCache.ScanAssembly (1ms)
			BuildScriptInfoCaches (160ms)
			ResolveRequiredComponents (10ms)
	FinalizeReload (753ms)
		ReleaseScriptCaches (0ms)
		RebuildScriptCaches (0ms)
		SetupLoadedEditorAssemblies (586ms)
			LogAssemblyErrors (0ms)
			InitializePlatformSupportModulesInManaged (1ms)
			SetLoadedEditorAssemblies (6ms)
			BeforeProcessingInitializeOnLoad (173ms)
			ProcessInitializeOnLoadAttributes (343ms)
			ProcessInitializeOnLoadMethodAttributes (60ms)
			AfterProcessingInitializeOnLoad (3ms)
			EditorAssembliesLoaded (0ms)
		ExecutionOrderSort2 (0ms)
		AwakeInstancesAfterBackupRestoration (16ms)
Refreshing native plugins compatible for Editor in 1.62 ms, found 4 plugins.
Preloading 0 native plugins for Editor in 0.00 ms.
Unloading 35 Unused Serialized files (Serialized files now loaded: 0)
Unloading 7553 unused Assets / (9.5 MB). Loaded Objects now: 8626.
Memory consumption went from 167.1 MB to 157.6 MB.
Total: 34.014000 ms (FindLiveObjects: 1.689000 ms CreateObjectMapping: 1.683600 ms MarkObjects: 20.654800 ms  DeleteObjects: 9.984600 ms)

Prepare: number of updated asset objects reloaded= 0
========================================================================
Received Prepare
Begin MonoManager ReloadAssembly
[Licensing::Client] Successfully resolved entitlement details
[Licensing::Module] License group:
  Id: F4-NMTP-SXWG-HN24-U9HH-XXXX
  Product: Unity Personal
  Type: ULF
  Expiration: 2025-12-08T13:12:36Z
[Licensing::Module] License group:
  Id: ewogICJzdWJzR3JvdXAiIDogInVuaXR5IGVkaXRvciIsCiAgIm5hbWVzcGFjZSIgOiAidW5pdHlfZWRpdG9yIiwKICAidHlwZSIgOiAiRURJVE9SIiwKICAidGFnIiA6ICJVbml0eVBlcnNvbmFsXXXX
  Product: Unity Personal Version
  Type: Assigned
  Expiration: Unlimited
- Loaded All Assemblies, in  1.027 seconds
Refreshing native plugins compatible for Editor in 1.50 ms, found 4 plugins.
Assertion failed on expression: 'pred(*previous, *i)'
Assertion failed on expression: 'pred(*previous, *i)'
Assertion failed on expression: 'pred(*previous, *i)'
Assertion failed on expression: 'pred(*previous, *i)'
Assertion failed on expression: 'pred(*previous, *i)'
Assertion failed on expression: 'pred(*previous, *i)'
Assertion failed on expression: 'pred(*previous, *i)'
Assertion failed on expression: 'pred(*previous, *i)'
Assertion failed on expression: 'pred(*previous, *i)'
Assertion failed on expression: 'pred(*previous, *i)'
Native extension for WindowsStandalone target not found
[Package Manager] Failed to launch server process. Reason: Unity was launched with the -noUpm command-line argument
[Package Manager] Unable to send message (not connected to server process).
[Package Manager] Cannot connect to Unity Package Manager local server
Mono: successfully reloaded assembly
- Finished resetting the current domain, in  1.239 seconds
Domain Reload Profiling: 2262ms
	BeginReloadAssembly (279ms)
		ExecutionOrderSort (0ms)
		DisableScriptedObjects (20ms)
		BackupInstance (0ms)
		ReleaseScriptingObjects (0ms)
		CreateAndSetChildDomain (78ms)
	RebuildCommonClasses (39ms)
	RebuildNativeTypeToScriptingClass (12ms)
	initialDomainReloadingComplete (33ms)
	LoadAllAssembliesAndSetupDomain (659ms)
		LoadAssemblies (502ms)
		RebuildTransferFunctionScriptingTraits (0ms)
		AnalyzeDomain (264ms)
			TypeCache.Refresh (7ms)
				TypeCache.ScanAssembly (0ms)
			BuildScriptInfoCaches (238ms)
			ResolveRequiredComponents (13ms)
	FinalizeReload (1240ms)
		ReleaseScriptCaches (0ms)
		RebuildScriptCaches (0ms)
		SetupLoadedEditorAssemblies (1010ms)
			LogAssemblyErrors (0ms)
			InitializePlatformSupportModulesInManaged (3ms)
			SetLoadedEditorAssemblies (9ms)
			BeforeProcessingInitializeOnLoad (320ms)
			ProcessInitializeOnLoadAttributes (570ms)
			ProcessInitializeOnLoadMethodAttributes (104ms)
			AfterProcessingInitializeOnLoad (3ms)
			EditorAssembliesLoaded (1ms)
		ExecutionOrderSort2 (0ms)
		AwakeInstancesAfterBackupRestoration (24ms)
Refreshing native plugins compatible for Editor in 1.89 ms, found 4 plugins.
Preloading 0 native plugins for Editor in 0.00 ms.
Unloading 35 Unused Serialized files (Serialized files now loaded: 0)
Unloading 7553 unused Assets / (8.0 MB). Loaded Objects now: 8632.
Memory consumption went from 167.2 MB to 159.3 MB.
Total: 49.804000 ms (FindLiveObjects: 4.743000 ms CreateObjectMapping: 1.611600 ms MarkObjects: 38.596000 ms  DeleteObjects: 4.851500 ms)

Prepare: number of updated asset objects reloaded= 0
========================================================================
Received Prepare
Refreshing native plugins compatible for Editor in 3.00 ms, found 4 plugins.
Preloading 0 native plugins for Editor in 0.00 ms.
Unloading 35 Unused Serialized files (Serialized files now loaded: 0)
Unloading 7543 unused Assets / (9.4 MB). Loaded Objects now: 8632.
Memory consumption went from 167.4 MB to 158.0 MB.
Total: 20.073900 ms (FindLiveObjects: 1.699900 ms CreateObjectMapping: 1.491800 ms MarkObjects: 8.362100 ms  DeleteObjects: 8.518100 ms)

Prepare: number of updated asset objects reloaded= 0
========================================================================
Received Prepare
Begin MonoManager ReloadAssembly
[Licensing::Client] Successfully resolved entitlement details
[Licensing::Module] License group:
  Id: F4-NMTP-SXWG-HN24-U9HH-XXXX
  Product: Unity Personal
  Type: ULF
  Expiration: 2025-12-08T13:12:36Z
[Licensing::Module] License group:
  Id: ewogICJzdWJzR3JvdXAiIDogInVuaXR5IGVkaXRvciIsCiAgIm5hbWVzcGFjZSIgOiAidW5pdHlfZWRpdG9yIiwKICAidHlwZSIgOiAiRURJVE9SIiwKICAidGFnIiA6ICJVbml0eVBlcnNvbmFsXXXX
  Product: Unity Personal Version
  Type: Assigned
  Expiration: Unlimited
- Loaded All Assemblies, in  0.934 seconds
Refreshing native plugins compatible for Editor in 0.85 ms, found 4 plugins.
Assertion failed on expression: 'pred(*previous, *i)'
Assertion failed on expression: 'pred(*previous, *i)'
Assertion failed on expression: 'pred(*previous, *i)'
Assertion failed on expression: 'pred(*previous, *i)'
Assertion failed on expression: 'pred(*previous, *i)'
Assertion failed on expression: 'pred(*previous, *i)'
Assertion failed on expression: 'pred(*previous, *i)'
Assertion failed on expression: 'pred(*previous, *i)'
Assertion failed on expression: 'pred(*previous, *i)'
Assertion failed on expression: 'pred(*previous, *i)'
Native extension for WindowsStandalone target not found
[Package Manager] Failed to launch server process. Reason: Unity was launched with the -noUpm command-line argument
[Package Manager] Unable to send message (not connected to server process).
[Package Manager] Cannot connect to Unity Package Manager local server
Mono: successfully reloaded assembly
- Finished resetting the current domain, in  0.769 seconds
Domain Reload Profiling: 1703ms
	BeginReloadAssembly (289ms)
		ExecutionOrderSort (0ms)
		DisableScriptedObjects (19ms)
		BackupInstance (0ms)
		ReleaseScriptingObjects (0ms)
		CreateAndSetChildDomain (85ms)
	RebuildCommonClasses (48ms)
	RebuildNativeTypeToScriptingClass (16ms)
	initialDomainReloadingComplete (33ms)
	LoadAllAssembliesAndSetupDomain (549ms)
		LoadAssemblies (445ms)
		RebuildTransferFunctionScriptingTraits (0ms)
		AnalyzeDomain (225ms)
			TypeCache.Refresh (8ms)
				TypeCache.ScanAssembly (0ms)
			BuildScriptInfoCaches (204ms)
			ResolveRequiredComponents (9ms)
	FinalizeReload (769ms)
		ReleaseScriptCaches (0ms)
		RebuildScriptCaches (0ms)
		SetupLoadedEditorAssemblies (614ms)
			LogAssemblyErrors (0ms)
			InitializePlatformSupportModulesInManaged (2ms)
			SetLoadedEditorAssemblies (7ms)
			BeforeProcessingInitializeOnLoad (196ms)
			ProcessInitializeOnLoadAttributes (348ms)
			ProcessInitializeOnLoadMethodAttributes (58ms)
			AfterProcessingInitializeOnLoad (3ms)
			EditorAssembliesLoaded (0ms)
		ExecutionOrderSort2 (0ms)
		AwakeInstancesAfterBackupRestoration (15ms)
Refreshing native plugins compatible for Editor in 1.83 ms, found 4 plugins.
Preloading 0 native plugins for Editor in 0.00 ms.
Unloading 35 Unused Serialized files (Serialized files now loaded: 0)
Unloading 7553 unused Assets / (10.0 MB). Loaded Objects now: 8638.
Memory consumption went from 167.3 MB to 157.3 MB.
Total: 27.608200 ms (FindLiveObjects: 1.713100 ms CreateObjectMapping: 0.925200 ms MarkObjects: 12.463500 ms  DeleteObjects: 12.504300 ms)

Prepare: number of updated asset objects reloaded= 0
========================================================================
Received Prepare
Begin MonoManager ReloadAssembly
[Licensing::Client] Successfully resolved entitlement details
[Licensing::Module] License group:
  Id: F4-NMTP-SXWG-HN24-U9HH-XXXX
  Product: Unity Personal
  Type: ULF
  Expiration: 2025-12-08T13:12:36Z
[Licensing::Module] License group:
  Id: ewogICJzdWJzR3JvdXAiIDogInVuaXR5IGVkaXRvciIsCiAgIm5hbWVzcGFjZSIgOiAidW5pdHlfZWRpdG9yIiwKICAidHlwZSIgOiAiRURJVE9SIiwKICAidGFnIiA6ICJVbml0eVBlcnNvbmFsXXXX
  Product: Unity Personal Version
  Type: Assigned
  Expiration: Unlimited
- Loaded All Assemblies, in  0.843 seconds
Refreshing native plugins compatible for Editor in 0.84 ms, found 4 plugins.
Assertion failed on expression: 'pred(*previous, *i)'
Assertion failed on expression: 'pred(*previous, *i)'
Assertion failed on expression: 'pred(*previous, *i)'
Assertion failed on expression: 'pred(*previous, *i)'
Assertion failed on expression: 'pred(*previous, *i)'
Assertion failed on expression: 'pred(*previous, *i)'
Assertion failed on expression: 'pred(*previous, *i)'
Assertion failed on expression: 'pred(*previous, *i)'
Assertion failed on expression: 'pred(*previous, *i)'
Assertion failed on expression: 'pred(*previous, *i)'
Native extension for WindowsStandalone target not found
[Package Manager] Failed to launch server process. Reason: Unity was launched with the -noUpm command-line argument
[Package Manager] Unable to send message (not connected to server process).
[Package Manager] Cannot connect to Unity Package Manager local server
Mono: successfully reloaded assembly
- Finished resetting the current domain, in  0.770 seconds
Domain Reload Profiling: 1614ms
	BeginReloadAssembly (230ms)
		ExecutionOrderSort (0ms)
		DisableScriptedObjects (24ms)
		BackupInstance (0ms)
		ReleaseScriptingObjects (0ms)
		CreateAndSetChildDomain (60ms)
	RebuildCommonClasses (35ms)
	RebuildNativeTypeToScriptingClass (12ms)
	initialDomainReloadingComplete (32ms)
	LoadAllAssembliesAndSetupDomain (534ms)
		LoadAssemblies (417ms)
		RebuildTransferFunctionScriptingTraits (0ms)
		AnalyzeDomain (200ms)
			TypeCache.Refresh (9ms)
				TypeCache.ScanAssembly (0ms)
			BuildScriptInfoCaches (178ms)
			ResolveRequiredComponents (9ms)
	FinalizeReload (770ms)
		ReleaseScriptCaches (0ms)
		RebuildScriptCaches (0ms)
		SetupLoadedEditorAssemblies (614ms)
			LogAssemblyErrors (0ms)
			InitializePlatformSupportModulesInManaged (1ms)
			SetLoadedEditorAssemblies (5ms)
			BeforeProcessingInitializeOnLoad (201ms)
			ProcessInitializeOnLoadAttributes (345ms)
			ProcessInitializeOnLoadMethodAttributes (58ms)
			AfterProcessingInitializeOnLoad (3ms)
			EditorAssembliesLoaded (0ms)
		ExecutionOrderSort2 (0ms)
		AwakeInstancesAfterBackupRestoration (14ms)
Refreshing native plugins compatible for Editor in 1.92 ms, found 4 plugins.
Preloading 0 native plugins for Editor in 0.00 ms.
Unloading 35 Unused Serialized files (Serialized files now loaded: 0)
Unloading 7553 unused Assets / (8.7 MB). Loaded Objects now: 8644.
Memory consumption went from 167.3 MB to 158.6 MB.
Total: 248.228200 ms (FindLiveObjects: 3.243400 ms CreateObjectMapping: 1.712200 ms MarkObjects: 234.948500 ms  DeleteObjects: 8.321300 ms)

Prepare: number of updated asset objects reloaded= 0
========================================================================
Received Prepare
Begin MonoManager ReloadAssembly
- Loaded All Assemblies, in  0.959 seconds
Refreshing native plugins compatible for Editor in 1.27 ms, found 4 plugins.
Assertion failed on expression: 'pred(*previous, *i)'
Assertion failed on expression: 'pred(*previous, *i)'
Assertion failed on expression: 'pred(*previous, *i)'
Assertion failed on expression: 'pred(*previous, *i)'
Assertion failed on expression: 'pred(*previous, *i)'
Assertion failed on expression: 'pred(*previous, *i)'
Assertion failed on expression: 'pred(*previous, *i)'
Assertion failed on expression: 'pred(*previous, *i)'
Assertion failed on expression: 'pred(*previous, *i)'
Assertion failed on expression: 'pred(*previous, *i)'
Native extension for WindowsStandalone target not found
[Package Manager] Failed to launch server process. Reason: Unity was launched with the -noUpm command-line argument
[Package Manager] Unable to send message (not connected to server process).
[Package Manager] Cannot connect to Unity Package Manager local server
Mono: successfully reloaded assembly
- Finished resetting the current domain, in  0.968 seconds
Domain Reload Profiling: 1929ms
	BeginReloadAssembly (237ms)
		ExecutionOrderSort (0ms)
		DisableScriptedObjects (14ms)
		BackupInstance (0ms)
		ReleaseScriptingObjects (0ms)
		CreateAndSetChildDomain (59ms)
	RebuildCommonClasses (47ms)
	RebuildNativeTypeToScriptingClass (16ms)
	initialDomainReloadingComplete (33ms)
	LoadAllAssembliesAndSetupDomain (627ms)
		LoadAssemblies (470ms)
		RebuildTransferFunctionScriptingTraits (0ms)
		AnalyzeDomain (262ms)
			TypeCache.Refresh (5ms)
				TypeCache.ScanAssembly (0ms)
			BuildScriptInfoCaches (230ms)
			ResolveRequiredComponents (19ms)
	FinalizeReload (969ms)
		ReleaseScriptCaches (0ms)
		RebuildScriptCaches (0ms)
		SetupLoadedEditorAssemblies (777ms)
			LogAssemblyErrors (0ms)
			InitializePlatformSupportModulesInManaged (1ms)
			SetLoadedEditorAssemblies (7ms)
			BeforeProcessingInitializeOnLoad (282ms)
			ProcessInitializeOnLoadAttributes (428ms)
			ProcessInitializeOnLoadMethodAttributes (55ms)
			AfterProcessingInitializeOnLoad (3ms)
			EditorAssembliesLoaded (0ms)
		ExecutionOrderSort2 (0ms)
		AwakeInstancesAfterBackupRestoration (15ms)
Refreshing native plugins compatible for Editor in 2.97 ms, found 4 plugins.
Preloading 0 native plugins for Editor in 0.00 ms.
Unloading 35 Unused Serialized files (Serialized files now loaded: 0)
Unloading 7553 unused Assets / (8.4 MB). Loaded Objects now: 8650.
Memory consumption went from 167.4 MB to 159.0 MB.
Total: 19.283300 ms (FindLiveObjects: 1.552300 ms CreateObjectMapping: 1.676800 ms MarkObjects: 7.992300 ms  DeleteObjects: 8.059900 ms)

Prepare: number of updated asset objects reloaded= 0
========================================================================
Received Prepare
Begin MonoManager ReloadAssembly
[Licensing::Client] Successfully resolved entitlement details
[Licensing::Module] License group:
  Id: F4-NMTP-SXWG-HN24-U9HH-XXXX
  Product: Unity Personal
  Type: ULF
  Expiration: 2025-12-08T13:12:36Z
[Licensing::Module] License group:
  Id: ewogICJzdWJzR3JvdXAiIDogInVuaXR5IGVkaXRvciIsCiAgIm5hbWVzcGFjZSIgOiAidW5pdHlfZWRpdG9yIiwKICAidHlwZSIgOiAiRURJVE9SIiwKICAidGFnIiA6ICJVbml0eVBlcnNvbmFsXXXX
  Product: Unity Personal Version
  Type: Assigned
  Expiration: Unlimited
- Loaded All Assemblies, in  0.725 seconds
Refreshing native plugins compatible for Editor in 0.92 ms, found 4 plugins.
Assertion failed on expression: 'pred(*previous, *i)'
Assertion failed on expression: 'pred(*previous, *i)'
Assertion failed on expression: 'pred(*previous, *i)'
Assertion failed on expression: 'pred(*previous, *i)'
Assertion failed on expression: 'pred(*previous, *i)'
Assertion failed on expression: 'pred(*previous, *i)'
Assertion failed on expression: 'pred(*previous, *i)'
Assertion failed on expression: 'pred(*previous, *i)'
Assertion failed on expression: 'pred(*previous, *i)'
Assertion failed on expression: 'pred(*previous, *i)'
Native extension for WindowsStandalone target not found
[Package Manager] Failed to launch server process. Reason: Unity was launched with the -noUpm command-line argument
[Package Manager] Unable to send message (not connected to server process).
[Package Manager] Cannot connect to Unity Package Manager local server
Mono: successfully reloaded assembly
- Finished resetting the current domain, in  1.022 seconds
Domain Reload Profiling: 1748ms
	BeginReloadAssembly (176ms)
		ExecutionOrderSort (0ms)
		DisableScriptedObjects (11ms)
		BackupInstance (0ms)
		ReleaseScriptingObjects (0ms)
		CreateAndSetChildDomain (48ms)
	RebuildCommonClasses (27ms)
	RebuildNativeTypeToScriptingClass (10ms)
	initialDomainReloadingComplete (20ms)
	LoadAllAssembliesAndSetupDomain (492ms)
		LoadAssemblies (323ms)
		RebuildTransferFunctionScriptingTraits (0ms)
		AnalyzeDomain (238ms)
			TypeCache.Refresh (6ms)
				TypeCache.ScanAssembly (0ms)
			BuildScriptInfoCaches (214ms)
			ResolveRequiredComponents (13ms)
	FinalizeReload (1023ms)
		ReleaseScriptCaches (0ms)
		RebuildScriptCaches (0ms)
		SetupLoadedEditorAssemblies (821ms)
			LogAssemblyErrors (0ms)
			InitializePlatformSupportModulesInManaged (2ms)
			SetLoadedEditorAssemblies (11ms)
			BeforeProcessingInitializeOnLoad (272ms)
			ProcessInitializeOnLoadAttributes (451ms)
			ProcessInitializeOnLoadMethodAttributes (80ms)
			AfterProcessingInitializeOnLoad (4ms)
			EditorAssembliesLoaded (1ms)
		ExecutionOrderSort2 (0ms)
		AwakeInstancesAfterBackupRestoration (19ms)
Refreshing native plugins compatible for Editor in 1.91 ms, found 4 plugins.
Preloading 0 native plugins for Editor in 0.00 ms.
Unloading 35 Unused Serialized files (Serialized files now loaded: 0)
Unloading 7553 unused Assets / (8.6 MB). Loaded Objects now: 8656.
Memory consumption went from 167.4 MB to 158.8 MB.
Total: 18.911900 ms (FindLiveObjects: 1.559600 ms CreateObjectMapping: 1.471800 ms MarkObjects: 8.204400 ms  DeleteObjects: 7.673700 ms)

Prepare: number of updated asset objects reloaded= 0
