[Licensing::Module] Trying to connect to existing licensing client channel...
Built from '6000.2/staging' branch; Version is '6000.2.9f1 (e0c4e791ab71) revision 14730471'; Using compiler version '194234433'; Build Type 'Release'
OS: 'Windows 11  (10.0.22631) 64bit CoreCountrySpecific' Language: 'zh' Physical Memory: 23777 MB
[Licensing::IpcConnector] Successfully connected to: "LicenseClient-zhuagenbao" at "2025-11-28T01:47:34.27006Z"
BatchMode: 1, IsHumanControllingUs: 0, StartBugReporterOnCrash: 0, Is64bit: 1
Date: 2025-11-28T01:47:34Z

COMMAND LINE ARGUMENTS:
D:\gameObject\develop\Editor\6000.2.9f1\Editor\Unity.exe
-adb2
-batchMode
-noUpm
-name
AssetImportWorker4
-projectPath
C:/Users/zhuagenbao/Desktop/MiniCharacterCreator-main/test
-logFile
Logs/AssetImportWorker4.log
-srvPort
9965
-licensingIpc
LicenseClient-zhuagenbao
-job-worker-count
7
-background-job-worker-count
8
-gc-helper-count
1
-name
AssetImport
Successfully changed project path to: C:/Users/zhuagenbao/Desktop/MiniCharacterCreator-main/test
C:/Users/zhuagenbao/Desktop/MiniCharacterCreator-main/test
[UnityMemory] Configuration Parameters - Can be set up in boot.config
    "memorysetup-allocator-temp-initial-block-size-main=262144"
    "memorysetup-allocator-temp-initial-block-size-worker=262144"
    "memorysetup-bucket-allocator-granularity=16"
    "memorysetup-bucket-allocator-bucket-count=8"
    "memorysetup-bucket-allocator-block-size=33554432"
    "memorysetup-bucket-allocator-block-count=8"
    "memorysetup-main-allocator-block-size=16777216"
    "memorysetup-thread-allocator-block-size=16777216"
    "memorysetup-gfx-main-allocator-block-size=16777216"
    "memorysetup-gfx-thread-allocator-block-size=16777216"
    "memorysetup-cache-allocator-block-size=4194304"
    "memorysetup-typetree-allocator-block-size=2097152"
    "memorysetup-profiler-bucket-allocator-granularity=16"
    "memorysetup-profiler-bucket-allocator-bucket-count=8"
    "memorysetup-profiler-bucket-allocator-block-size=33554432"
    "memorysetup-profiler-bucket-allocator-block-count=8"
    "memorysetup-profiler-allocator-block-size=16777216"
    "memorysetup-profiler-editor-allocator-block-size=1048576"
    "memorysetup-temp-allocator-size-main=16777216"
    "memorysetup-job-temp-allocator-block-size=2097152"
    "memorysetup-job-temp-allocator-block-size-background=1048576"
    "memorysetup-job-temp-allocator-reduction-small-platforms=262144"
    "memorysetup-temp-allocator-size-background-worker=32768"
    "memorysetup-temp-allocator-size-job-worker=262144"
    "memorysetup-temp-allocator-size-preload-manager=33554432"
    "memorysetup-temp-allocator-size-nav-mesh-worker=65536"
    "memorysetup-temp-allocator-size-audio-worker=65536"
    "memorysetup-temp-allocator-size-cloud-worker=32768"
    "memorysetup-temp-allocator-size-gi-baking-worker=262144"
    "memorysetup-temp-allocator-size-gi-baking-worker=262144"
    "memorysetup-temp-allocator-size-gi-baking-worker=262144"
    "memorysetup-temp-allocator-size-gi-baking-worker=262144"
    "memorysetup-temp-allocator-size-gi-baking-worker=262144"
    "memorysetup-temp-allocator-size-gfx=262144"
Player connection [31624]  Target information:

Player connection [31624]  * "[IP] 192.168.2.6 [Port] 0 [Flags] 2 [Guid] 3008931811 [EditorId] 3008931811 [Version] 1048832 [Id] WindowsEditor(7,DESKTOP-KP4589M) [Debug] 1 [PackageName] WindowsEditor [ProjectName] Editor" 

Player connection [31624] Host joined multi-casting on [225.0.0.222:54997]...
Player connection [31624] Host joined alternative multi-casting on [225.0.0.222:34997]...
JobSystem: Creating JobQueue using job-worker-count value 7
Input System module state changed to: Initialized.
[Physics::Module] Initialized fallback backend.
[Physics::Module] Id: 0xdecafbad
[Licensing::Client] Code 10 while verifying Licensing Client signature (process Id: 3480, path: "D:/gameObject/develop/Unity Hub/UnityLicensingClient_V1/Unity.Licensing.Client.exe")
[Licensing::Module] LicensingClient has failed validation; ignoring
[Licensing::Client] Handshaking with LicensingClient:
  Version:                 1.17.3+a4e98f1
  Session Id:              928fb1d9a14441778284d5b7ec1380e8
  Correlation Id:          2b31e98de914352a7463e6f9bde81cdd
  External correlation Id: 3379448256414501405
  Machine Id:              K60tJ5c+ydKCg23vUYm+4PjQmTY=
[Licensing::Module] Successfully connected to LicensingClient on channel: "LicenseClient-zhuagenbao" (connect: 0.00s, validation: 0.00s, handshake: 0.05s)
[Licensing::IpcConnector] Successfully connected to: "LicenseClient-zhuagenbao-notifications" at "2025-11-28T01:47:34.3180064Z"
[Licensing::Module] Licensing Background thread has ended after 0.05s
Library Redirect Path: Library/
[Physics::Module] Selected backend.
[Physics::Module] Name: PhysX
[Physics::Module] Id: 0xf2b8ea05
[Physics::Module] SDK Version: 4.1.2
[Physics::Module] Integration Version: 1.0.0
[Physics::Module] Threading Mode: Multi-Threaded
Refreshing native plugins compatible for Editor in 2.78 ms, found 4 plugins.
Preloading 0 native plugins for Editor in 0.00 ms.
Initialize engine version: 6000.2.9f1 (e0c4e791ab71)
[Subsystems] Discovering subsystems at path D:/gameObject/develop/Editor/6000.2.9f1/Editor/Data/Resources/UnitySubsystems
[Subsystems] Discovering subsystems at path C:/Users/zhuagenbao/Desktop/MiniCharacterCreator-main/test/Assets
GfxDevice: creating device client; kGfxThreadingModeNonThreaded
Direct3D:
    Version:  Direct3D 11.0 [level 11.1]
    Renderer: NVIDIA GeForce RTX 4060 Laptop GPU (ID=0x28a0)
    Vendor:   NVIDIA
    VRAM:     7957 MB
    Driver:   32.0.15.7283
Initialize mono
Mono path[0] = 'D:/gameObject/develop/Editor/6000.2.9f1/Editor/Data/Managed'
Mono path[1] = 'D:/gameObject/develop/Editor/6000.2.9f1/Editor/Data/MonoBleedingEdge/lib/mono/unityjit-win32'
Mono config path = 'D:/gameObject/develop/Editor/6000.2.9f1/Editor/Data/MonoBleedingEdge/etc'
Using monoOptions --debugger-agent=transport=dt_socket,embedding=1,server=y,suspend=n,address=127.0.0.1:56968
Begin MonoManager ReloadAssembly
Registering precompiled unity dll's ...
Register platform support module: D:/gameObject/develop/Editor/6000.2.9f1/Editor/Data/PlaybackEngines/WindowsStandaloneSupport/UnityEditor.WindowsStandalone.Extensions.dll
Registered in 0.001596 seconds.
- Loaded All Assemblies, in  0.431 seconds
Native extension for WindowsStandalone target not found
Mono: successfully reloaded assembly
- Finished resetting the current domain, in  0.402 seconds
Domain Reload Profiling: 832ms
	BeginReloadAssembly (153ms)
		ExecutionOrderSort (0ms)
		DisableScriptedObjects (0ms)
		BackupInstance (0ms)
		ReleaseScriptingObjects (0ms)
		CreateAndSetChildDomain (1ms)
	RebuildCommonClasses (43ms)
	RebuildNativeTypeToScriptingClass (15ms)
	initialDomainReloadingComplete (52ms)
	LoadAllAssembliesAndSetupDomain (167ms)
		LoadAssemblies (147ms)
		RebuildTransferFunctionScriptingTraits (0ms)
		AnalyzeDomain (163ms)
			TypeCache.Refresh (160ms)
				TypeCache.ScanAssembly (149ms)
			BuildScriptInfoCaches (0ms)
			ResolveRequiredComponents (1ms)
	FinalizeReload (403ms)
		ReleaseScriptCaches (0ms)
		RebuildScriptCaches (0ms)
		SetupLoadedEditorAssemblies (349ms)
			LogAssemblyErrors (0ms)
			InitializePlatformSupportModulesInManaged (48ms)
			SetLoadedEditorAssemblies (6ms)
			BeforeProcessingInitializeOnLoad (78ms)
			ProcessInitializeOnLoadAttributes (149ms)
			ProcessInitializeOnLoadMethodAttributes (67ms)
			AfterProcessingInitializeOnLoad (0ms)
			EditorAssembliesLoaded (0ms)
		ExecutionOrderSort2 (0ms)
		AwakeInstancesAfterBackupRestoration (0ms)
========================================================================
Worker process is ready to serve import requests
Import Worker Mode flag is 0x00
Begin MonoManager ReloadAssembly
[Licensing::Client] Successfully resolved entitlement details
[Licensing::Module] License group:
  Id: F4-NMTP-SXWG-HN24-U9HH-XXXX
  Product: Unity Personal
  Type: ULF
  Expiration: 2025-12-08T00:41:56Z
[Licensing::Module] License group:
  Id: ewogICJzdWJzR3JvdXAiIDogInVuaXR5IGVkaXRvciIsCiAgIm5hbWVzcGFjZSIgOiAidW5pdHlfZWRpdG9yIiwKICAidHlwZSIgOiAiRURJVE9SIiwKICAidGFnIiA6ICJVbml0eVBlcnNvbmFsXXXX
  Product: Unity Personal Version
  Type: Assigned
  Expiration: Unlimited
Asset path could not be found for script compilation file '/Assets/Scripts/EquipmentSystem/Runtime/EquipmentRenderer.cs'
Asset path could not be found for script compilation file '/Assets/Scripts/EquipmentSystem/Runtime/EquipmentSystemDemo.cs'
- Loaded All Assemblies, in  0.969 seconds
Refreshing native plugins compatible for Editor in 1.35 ms, found 4 plugins.
Native extension for WindowsStandalone target not found
Package Manager log level set to [2]
[Package Manager] Failed to launch server process. Reason: Unity was launched with the -noUpm command-line argument
[Package Manager] Unable to send message (not connected to server process).
[Package Manager] Cannot connect to Unity Package Manager local server
Mono: successfully reloaded assembly
- Finished resetting the current domain, in  0.877 seconds
Domain Reload Profiling: 1839ms
	BeginReloadAssembly (203ms)
		ExecutionOrderSort (0ms)
		DisableScriptedObjects (9ms)
		BackupInstance (0ms)
		ReleaseScriptingObjects (0ms)
		CreateAndSetChildDomain (46ms)
	RebuildCommonClasses (41ms)
	RebuildNativeTypeToScriptingClass (14ms)
	initialDomainReloadingComplete (47ms)
	LoadAllAssembliesAndSetupDomain (657ms)
		LoadAssemblies (463ms)
		RebuildTransferFunctionScriptingTraits (0ms)
		AnalyzeDomain (287ms)
			TypeCache.Refresh (200ms)
				TypeCache.ScanAssembly (188ms)
			BuildScriptInfoCaches (60ms)
			ResolveRequiredComponents (19ms)
	FinalizeReload (877ms)
		ReleaseScriptCaches (0ms)
		RebuildScriptCaches (0ms)
		SetupLoadedEditorAssemblies (743ms)
			LogAssemblyErrors (0ms)
			InitializePlatformSupportModulesInManaged (1ms)
			SetLoadedEditorAssemblies (6ms)
			BeforeProcessingInitializeOnLoad (178ms)
			ProcessInitializeOnLoadAttributes (428ms)
			ProcessInitializeOnLoadMethodAttributes (123ms)
			AfterProcessingInitializeOnLoad (6ms)
			EditorAssembliesLoaded (0ms)
		ExecutionOrderSort2 (0ms)
		AwakeInstancesAfterBackupRestoration (6ms)
Launched and connected shader compiler UnityShaderCompiler.exe after 0.02 seconds
Refreshing native plugins compatible for Editor in 2.97 ms, found 4 plugins.
Preloading 0 native plugins for Editor in 0.00 ms.
Unloading 36 Unused Serialized files (Serialized files now loaded: 0)
Unloading 7541 unused Assets / (9.3 MB). Loaded Objects now: 8216.
Memory consumption went from 160.3 MB to 150.9 MB.
Total: 20.778000 ms (FindLiveObjects: 1.464400 ms CreateObjectMapping: 1.512400 ms MarkObjects: 9.603800 ms  DeleteObjects: 8.195300 ms)

========================================================================
Received Import Request.
  Time since last request: 8250.454808 seconds.
  path: Assets/Scripts/EquipmentSystem/EquipmentSystem.asmdef
  artifactKey: Guid(697566425f30c5f468d8ba77f03fe6da) Importer(815301076,1909f56bfc062723c751e8b465ee728b)
Start importing Assets/Scripts/EquipmentSystem/EquipmentSystem.asmdef using Guid(697566425f30c5f468d8ba77f03fe6da) Importer(815301076,1909f56bfc062723c751e8b465ee728b) (PreviewImporter) -> (artifact id: '8d14446faca9fa7325840bf86d1acc0c') in 0.0103218 seconds
Number of updated asset objects reloaded before import = 0Number of asset objects unloaded after import = 0

========================================================================
Received Prepare
Begin MonoManager ReloadAssembly
- Loaded All Assemblies, in  0.827 seconds
Refreshing native plugins compatible for Editor in 1.93 ms, found 4 plugins.
Native extension for WindowsStandalone target not found
[Package Manager] Failed to launch server process. Reason: Unity was launched with the -noUpm command-line argument
[Package Manager] Unable to send message (not connected to server process).
[Package Manager] Cannot connect to Unity Package Manager local server
Mono: successfully reloaded assembly
- Finished resetting the current domain, in  0.845 seconds
Domain Reload Profiling: 1672ms
	BeginReloadAssembly (207ms)
		ExecutionOrderSort (0ms)
		DisableScriptedObjects (12ms)
		BackupInstance (0ms)
		ReleaseScriptingObjects (0ms)
		CreateAndSetChildDomain (57ms)
	RebuildCommonClasses (36ms)
	RebuildNativeTypeToScriptingClass (10ms)
	initialDomainReloadingComplete (24ms)
	LoadAllAssembliesAndSetupDomain (549ms)
		LoadAssemblies (411ms)
		RebuildTransferFunctionScriptingTraits (0ms)
		AnalyzeDomain (228ms)
			TypeCache.Refresh (8ms)
				TypeCache.ScanAssembly (1ms)
			BuildScriptInfoCaches (204ms)
			ResolveRequiredComponents (11ms)
	FinalizeReload (845ms)
		ReleaseScriptCaches (0ms)
		RebuildScriptCaches (0ms)
		SetupLoadedEditorAssemblies (687ms)
			LogAssemblyErrors (0ms)
			InitializePlatformSupportModulesInManaged (1ms)
			SetLoadedEditorAssemblies (6ms)
			BeforeProcessingInitializeOnLoad (232ms)
			ProcessInitializeOnLoadAttributes (381ms)
			ProcessInitializeOnLoadMethodAttributes (62ms)
			AfterProcessingInitializeOnLoad (5ms)
			EditorAssembliesLoaded (0ms)
		ExecutionOrderSort2 (0ms)
		AwakeInstancesAfterBackupRestoration (18ms)
Refreshing native plugins compatible for Editor in 3.45 ms, found 4 plugins.
Preloading 0 native plugins for Editor in 0.00 ms.
Unloading 35 Unused Serialized files (Serialized files now loaded: 0)
Unloading 7539 unused Assets / (9.9 MB). Loaded Objects now: 8225.
Memory consumption went from 161.5 MB to 151.6 MB.
Total: 20.300700 ms (FindLiveObjects: 2.037300 ms CreateObjectMapping: 1.713300 ms MarkObjects: 7.701400 ms  DeleteObjects: 8.846500 ms)

Prepare: number of updated asset objects reloaded= 0
========================================================================
Received Import Request.
  Time since last request: 230.085163 seconds.
  path: Assets/Art/MINIFANTASY Creatures - Super Low Res 2D Pixel Art by Krishna Palacio/Sprites/Humanoids/Human/Human
  artifactKey: Guid(18c133986eace224b9bc6b33cb2cd7e8) Importer(815301076,1909f56bfc062723c751e8b465ee728b)
Start importing Assets/Art/MINIFANTASY Creatures - Super Low Res 2D Pixel Art by Krishna Palacio/Sprites/Humanoids/Human/Human using Guid(18c133986eace224b9bc6b33cb2cd7e8) Importer(815301076,1909f56bfc062723c751e8b465ee728b) (PreviewImporter) -> (artifact id: 'bf5e2dca918ae72eb03fabe5ee2c68a1') in 0.004901 seconds
Number of updated asset objects reloaded before import = 0Number of asset objects unloaded after import = 0

========================================================================
Received Import Request.
  Time since last request: 3.845192 seconds.
  path: Assets/Art/MINIFANTASY Creatures - Super Low Res 2D Pixel Art by Krishna Palacio/Sprites/Humanoids/Human/Human/Minifantasy_CreaturesHumanAnimations.png
  artifactKey: Guid(e48b8ae4e275bf5499655590880e15d1) Importer(2089858483,192608db42251d675da83286b1cce702)
Start importing Assets/Art/MINIFANTASY Creatures - Super Low Res 2D Pixel Art by Krishna Palacio/Sprites/Humanoids/Human/Human/Minifantasy_CreaturesHumanAnimations.png using Guid(e48b8ae4e275bf5499655590880e15d1) Importer(2089858483,192608db42251d675da83286b1cce702) (ScriptedImporter) -> (artifact id: 'a15341241616099fea45709f419802eb') in 0.2554539 seconds
Number of updated asset objects reloaded before import = 0Number of asset objects unloaded after import = 3

========================================================================
Received Import Request.
  Time since last request: 0.000023 seconds.
  path: Assets/Scripts/EquipmentSystem/EquipmentSystem.asmdef
  artifactKey: Guid(697566425f30c5f468d8ba77f03fe6da) Importer(2089858483,192608db42251d675da83286b1cce702)
Start importing Assets/Scripts/EquipmentSystem/EquipmentSystem.asmdef using Guid(697566425f30c5f468d8ba77f03fe6da) Importer(2089858483,192608db42251d675da83286b1cce702) (ScriptedImporter) -> (artifact id: 'dc9c039efe87d39757d2d8a2611b8215') in 0.007802 seconds
Number of updated asset objects reloaded before import = 0Number of asset objects unloaded after import = 1

========================================================================
Received Import Request.
  Time since last request: 0.000031 seconds.
  path: Assets/Art/MINIFANTASY Creatures - Super Low Res 2D Pixel Art by Krishna Palacio/Sprites/Humanoids/Human/Human/generate/Minifantasy_CreaturesHumanWalk_FrameData.asset
  artifactKey: Guid(720d2b3b0c58d5b4295a6468bd84a86c) Importer(2089858483,192608db42251d675da83286b1cce702)
Start importing Assets/Art/MINIFANTASY Creatures - Super Low Res 2D Pixel Art by Krishna Palacio/Sprites/Humanoids/Human/Human/generate/Minifantasy_CreaturesHumanWalk_FrameData.asset using Guid(720d2b3b0c58d5b4295a6468bd84a86c) Importer(2089858483,192608db42251d675da83286b1cce702) (ScriptedImporter) -> (artifact id: '3b5c5efa7a5b03e6eedd81a1c8a3d432') in 0.0296536 seconds
Number of updated asset objects reloaded before import = 0Number of asset objects unloaded after import = 2

========================================================================
Received Import Request.
  Time since last request: 0.000019 seconds.
  path: Assets/Scripts/test
  artifactKey: Guid(392368fe09b14f34baf81fd5cf8ac4b1) Importer(2089858483,192608db42251d675da83286b1cce702)
Start importing Assets/Scripts/test using Guid(392368fe09b14f34baf81fd5cf8ac4b1) Importer(2089858483,192608db42251d675da83286b1cce702) (ScriptedImporter) -> (artifact id: '2af2dfe6e2329889402c8335faf68595') in 0.0067373 seconds
Number of updated asset objects reloaded before import = 0Number of asset objects unloaded after import = 1

========================================================================
Received Import Request.
  Time since last request: 0.000019 seconds.
  path: Assets/Scripts/EquipmentSystem/Data/CharacterFrameData.cs
  artifactKey: Guid(992a1667bac02fc4f903843a8453ef1f) Importer(2089858483,192608db42251d675da83286b1cce702)
Start importing Assets/Scripts/EquipmentSystem/Data/CharacterFrameData.cs using Guid(992a1667bac02fc4f903843a8453ef1f) Importer(2089858483,192608db42251d675da83286b1cce702) (ScriptedImporter) -> (artifact id: '14debef0fef14cc7a97617bd1dfaf5c5') in 0.0095976 seconds
Number of updated asset objects reloaded before import = 0Number of asset objects unloaded after import = 0

========================================================================
Received Import Request.
  Time since last request: 1.695823 seconds.
  path: Assets/Art/MINIFANTASY Creatures - Super Low Res 2D Pixel Art by Krishna Palacio/Sprites/Humanoids/Human/Human/EquipmentData.asset
  artifactKey: Guid(94aad8a2cf7d7e14fa4b408239248079) Importer(815301076,1909f56bfc062723c751e8b465ee728b)
Start importing Assets/Art/MINIFANTASY Creatures - Super Low Res 2D Pixel Art by Krishna Palacio/Sprites/Humanoids/Human/Human/EquipmentData.asset using Guid(94aad8a2cf7d7e14fa4b408239248079) Importer(815301076,1909f56bfc062723c751e8b465ee728b) (PreviewImporter) -> (artifact id: 'b81bb167514ddcf80c7cf0d529b14bf3') in 0.0183375 seconds
Number of updated asset objects reloaded before import = 0Number of asset objects unloaded after import = 1

========================================================================
Received Import Request.
  Time since last request: 31.275946 seconds.
  path: Assets/Art/MINIFANTASY Creatures - Super Low Res 2D Pixel Art by Krishna Palacio/Sprites/Humanoids/Human/Human/EquipmentData.asset
  artifactKey: Guid(94aad8a2cf7d7e14fa4b408239248079) Importer(2089858483,192608db42251d675da83286b1cce702)
Start importing Assets/Art/MINIFANTASY Creatures - Super Low Res 2D Pixel Art by Krishna Palacio/Sprites/Humanoids/Human/Human/EquipmentData.asset using Guid(94aad8a2cf7d7e14fa4b408239248079) Importer(2089858483,192608db42251d675da83286b1cce702) (ScriptedImporter) -> (artifact id: '53f358d6af5b6a732c257e6960438841') in 0.011174 seconds
Number of updated asset objects reloaded before import = 0Number of asset objects unloaded after import = 1

========================================================================
Received Import Request.
  Time since last request: 866.340784 seconds.
  path: Assets/Art/equip
  artifactKey: Guid(2267ccde48328784b96ca64ca72b404e) Importer(815301076,1909f56bfc062723c751e8b465ee728b)
Start importing Assets/Art/equip using Guid(2267ccde48328784b96ca64ca72b404e) Importer(815301076,1909f56bfc062723c751e8b465ee728b) (PreviewImporter) -> (artifact id: '7401b41b59be1db6fdd4ee41e556221d') in 0.0014374 seconds
Number of updated asset objects reloaded before import = 0Number of asset objects unloaded after import = 0

========================================================================
Received Import Request.
  Time since last request: 0.905666 seconds.
  path: Assets/Art/equip
  artifactKey: Guid(2267ccde48328784b96ca64ca72b404e) Importer(2089858483,192608db42251d675da83286b1cce702)
Start importing Assets/Art/equip using Guid(2267ccde48328784b96ca64ca72b404e) Importer(2089858483,192608db42251d675da83286b1cce702) (ScriptedImporter) -> (artifact id: '52f329598725c48c6f13bc83ad240828') in 0.0051904 seconds
Number of updated asset objects reloaded before import = 0Number of asset objects unloaded after import = 1

========================================================================
Received Import Request.
  Time since last request: 14.837554 seconds.
  path: Assets/Art/equip/YellowBackpacks_facingback.png
  artifactKey: Guid(e0b192e8bc8bc5443b28fd64964e95dc) Importer(2089858483,192608db42251d675da83286b1cce702)
Start importing Assets/Art/equip/YellowBackpacks_facingback.png using Guid(e0b192e8bc8bc5443b28fd64964e95dc) Importer(2089858483,192608db42251d675da83286b1cce702) (ScriptedImporter) -> (artifact id: 'a5649f5e5a97232071ecc419c80db493') in 0.0315077 seconds
Number of updated asset objects reloaded before import = 0Number of asset objects unloaded after import = 12

========================================================================
Received Import Request.
  Time since last request: 12.662477 seconds.
  path: Assets/Art/equip/HelmetDesigns.png
  artifactKey: Guid(309b1f141d99a824280abef37a6eece1) Importer(815301076,1909f56bfc062723c751e8b465ee728b)
Start importing Assets/Art/equip/HelmetDesigns.png using Guid(309b1f141d99a824280abef37a6eece1) Importer(815301076,1909f56bfc062723c751e8b465ee728b) (PreviewImporter) -> (artifact id: '5fc2ea9a9b3332bc4d6e0e75e53041bc') in 0.7033277 seconds
Number of updated asset objects reloaded before import = 0Number of asset objects unloaded after import = 258

========================================================================
Received Import Request.
  Time since last request: 1.086866 seconds.
  path: Assets/Art/equip/YellowBackpacks_facingfront.png
  artifactKey: Guid(b24192a048865fa4ea58bea8694713dd) Importer(815301076,1909f56bfc062723c751e8b465ee728b)
Start importing Assets/Art/equip/YellowBackpacks_facingfront.png using Guid(b24192a048865fa4ea58bea8694713dd) Importer(815301076,1909f56bfc062723c751e8b465ee728b) (PreviewImporter) -> (artifact id: '0bae7164f873533de8c3ba20a9ebe2b6') in 0.0363794 seconds
Number of updated asset objects reloaded before import = 0Number of asset objects unloaded after import = 12

========================================================================
Received Import Request.
  Time since last request: 0.063483 seconds.
  path: Assets/Art/equip/HelmetDesigns.png
  artifactKey: Guid(309b1f141d99a824280abef37a6eece1) Importer(2089858483,192608db42251d675da83286b1cce702)
Start importing Assets/Art/equip/HelmetDesigns.png using Guid(309b1f141d99a824280abef37a6eece1) Importer(2089858483,192608db42251d675da83286b1cce702) (ScriptedImporter) -> (artifact id: 'e7da8e1608e27489418e0db15a7b959b') in 0.4133203 seconds
Number of updated asset objects reloaded before import = 0Number of asset objects unloaded after import = 258

========================================================================
Received Import Request.
  Time since last request: 7.529877 seconds.
  path: Assets/Art/equip/YellowBackpacks_facingfront.png
  artifactKey: Guid(b24192a048865fa4ea58bea8694713dd) Importer(815301076,1909f56bfc062723c751e8b465ee728b)
Start importing Assets/Art/equip/YellowBackpacks_facingfront.png using Guid(b24192a048865fa4ea58bea8694713dd) Importer(815301076,1909f56bfc062723c751e8b465ee728b) (PreviewImporter) -> (artifact id: '0cde0434c914188c52360518d9bb2950') in 0.0223744 seconds
Number of updated asset objects reloaded before import = 0Number of asset objects unloaded after import = 12

========================================================================
Received Import Request.
  Time since last request: 4.278828 seconds.
  path: Assets/Art/equip/HelmetDesigns.png
  artifactKey: Guid(309b1f141d99a824280abef37a6eece1) Importer(815301076,1909f56bfc062723c751e8b465ee728b)
Start importing Assets/Art/equip/HelmetDesigns.png using Guid(309b1f141d99a824280abef37a6eece1) Importer(815301076,1909f56bfc062723c751e8b465ee728b) (PreviewImporter) -> (artifact id: '3216e330d0196ed43bc757c4841b7283') in 0.5220849 seconds
Number of updated asset objects reloaded before import = 0Number of asset objects unloaded after import = 258

========================================================================
Received Import Request.
  Time since last request: 1.631477 seconds.
  path: Assets/Art/equip/YellowBackpacks_facingfront.png
  artifactKey: Guid(b24192a048865fa4ea58bea8694713dd) Importer(2089858483,192608db42251d675da83286b1cce702)
Start importing Assets/Art/equip/YellowBackpacks_facingfront.png using Guid(b24192a048865fa4ea58bea8694713dd) Importer(2089858483,192608db42251d675da83286b1cce702) (ScriptedImporter) -> (artifact id: 'c75f3712e2b5a82e0f612d54727c07d9') in 0.0324269 seconds
Number of updated asset objects reloaded before import = 0Number of asset objects unloaded after import = 12

========================================================================
Received Import Request.
  Time since last request: 0.000018 seconds.
  path: Assets/Art/equip/HelmetDesigns.png
  artifactKey: Guid(309b1f141d99a824280abef37a6eece1) Importer(2089858483,192608db42251d675da83286b1cce702)
Start importing Assets/Art/equip/HelmetDesigns.png using Guid(309b1f141d99a824280abef37a6eece1) Importer(2089858483,192608db42251d675da83286b1cce702) (ScriptedImporter) -> (artifact id: 'e7f7e16a5e77796305a87daf5ca6061e') in 0.3899888 seconds
Number of updated asset objects reloaded before import = 0Number of asset objects unloaded after import = 258

========================================================================
Received Prepare
Begin MonoManager ReloadAssembly
[Licensing::Client] Successfully resolved entitlement details
[Licensing::Module] License group:
  Id: F4-NMTP-SXWG-HN24-U9HH-XXXX
  Product: Unity Personal
  Type: ULF
  Expiration: 2025-12-08T00:41:56Z
[Licensing::Module] License group:
  Id: ewogICJzdWJzR3JvdXAiIDogInVuaXR5IGVkaXRvciIsCiAgIm5hbWVzcGFjZSIgOiAidW5pdHlfZWRpdG9yIiwKICAidHlwZSIgOiAiRURJVE9SIiwKICAidGFnIiA6ICJVbml0eVBlcnNvbmFsXXXX
  Product: Unity Personal Version
  Type: Assigned
  Expiration: Unlimited
- Loaded All Assemblies, in  2.011 seconds
Refreshing native plugins compatible for Editor in 2.92 ms, found 4 plugins.
Native extension for WindowsStandalone target not found
[Package Manager] Failed to launch server process. Reason: Unity was launched with the -noUpm command-line argument
[Package Manager] Unable to send message (not connected to server process).
[Package Manager] Cannot connect to Unity Package Manager local server
Mono: successfully reloaded assembly
- Finished resetting the current domain, in  1.352 seconds
Domain Reload Profiling: 3409ms
	BeginReloadAssembly (767ms)
		ExecutionOrderSort (1ms)
		DisableScriptedObjects (123ms)
		BackupInstance (0ms)
		ReleaseScriptingObjects (1ms)
		CreateAndSetChildDomain (297ms)
	RebuildCommonClasses (45ms)
	RebuildNativeTypeToScriptingClass (11ms)
	initialDomainReloadingComplete (45ms)
	LoadAllAssembliesAndSetupDomain (1187ms)
		LoadAssemblies (819ms)
		RebuildTransferFunctionScriptingTraits (0ms)
		AnalyzeDomain (515ms)
			TypeCache.Refresh (27ms)
				TypeCache.ScanAssembly (1ms)
			BuildScriptInfoCaches (376ms)
			ResolveRequiredComponents (18ms)
	FinalizeReload (1354ms)
		ReleaseScriptCaches (0ms)
		RebuildScriptCaches (0ms)
		SetupLoadedEditorAssemblies (1028ms)
			LogAssemblyErrors (2ms)
			InitializePlatformSupportModulesInManaged (9ms)
			SetLoadedEditorAssemblies (9ms)
			BeforeProcessingInitializeOnLoad (272ms)
			ProcessInitializeOnLoadAttributes (624ms)
			ProcessInitializeOnLoadMethodAttributes (105ms)
			AfterProcessingInitializeOnLoad (4ms)
			EditorAssembliesLoaded (3ms)
		ExecutionOrderSort2 (0ms)
		AwakeInstancesAfterBackupRestoration (23ms)
Refreshing native plugins compatible for Editor in 1.81 ms, found 4 plugins.
Preloading 0 native plugins for Editor in 0.00 ms.
Unloading 35 Unused Serialized files (Serialized files now loaded: 0)
Unloading 7539 unused Assets / (8.5 MB). Loaded Objects now: 8270.
Memory consumption went from 161.9 MB to 153.5 MB.
Total: 14.048200 ms (FindLiveObjects: 0.854500 ms CreateObjectMapping: 0.718900 ms MarkObjects: 7.193200 ms  DeleteObjects: 5.278800 ms)

Prepare: number of updated asset objects reloaded= 0
========================================================================
Received Prepare
Begin MonoManager ReloadAssembly
[Licensing::Client] Successfully resolved entitlement details
[Licensing::Module] License group:
  Id: F4-NMTP-SXWG-HN24-U9HH-XXXX
  Product: Unity Personal
  Type: ULF
  Expiration: 2025-12-08T00:41:56Z
[Licensing::Module] License group:
  Id: ewogICJzdWJzR3JvdXAiIDogInVuaXR5IGVkaXRvciIsCiAgIm5hbWVzcGFjZSIgOiAidW5pdHlfZWRpdG9yIiwKICAidHlwZSIgOiAiRURJVE9SIiwKICAidGFnIiA6ICJVbml0eVBlcnNvbmFsXXXX
  Product: Unity Personal Version
  Type: Assigned
  Expiration: Unlimited
- Loaded All Assemblies, in  1.014 seconds
Refreshing native plugins compatible for Editor in 1.74 ms, found 4 plugins.
Native extension for WindowsStandalone target not found
[Package Manager] Failed to launch server process. Reason: Unity was launched with the -noUpm command-line argument
[Package Manager] Unable to send message (not connected to server process).
[Package Manager] Cannot connect to Unity Package Manager local server
Mono: successfully reloaded assembly
- Finished resetting the current domain, in  0.955 seconds
Domain Reload Profiling: 1973ms
	BeginReloadAssembly (287ms)
		ExecutionOrderSort (0ms)
		DisableScriptedObjects (18ms)
		BackupInstance (0ms)
		ReleaseScriptingObjects (0ms)
		CreateAndSetChildDomain (75ms)
	RebuildCommonClasses (35ms)
	RebuildNativeTypeToScriptingClass (12ms)
	initialDomainReloadingComplete (41ms)
	LoadAllAssembliesAndSetupDomain (643ms)
		LoadAssemblies (520ms)
		RebuildTransferFunctionScriptingTraits (0ms)
		AnalyzeDomain (241ms)
			TypeCache.Refresh (9ms)
				TypeCache.ScanAssembly (0ms)
			BuildScriptInfoCaches (210ms)
			ResolveRequiredComponents (14ms)
	FinalizeReload (955ms)
		ReleaseScriptCaches (0ms)
		RebuildScriptCaches (0ms)
		SetupLoadedEditorAssemblies (773ms)
			LogAssemblyErrors (0ms)
			InitializePlatformSupportModulesInManaged (2ms)
			SetLoadedEditorAssemblies (8ms)
			BeforeProcessingInitializeOnLoad (266ms)
			ProcessInitializeOnLoadAttributes (428ms)
			ProcessInitializeOnLoadMethodAttributes (63ms)
			AfterProcessingInitializeOnLoad (4ms)
			EditorAssembliesLoaded (0ms)
		ExecutionOrderSort2 (0ms)
		AwakeInstancesAfterBackupRestoration (24ms)
Refreshing native plugins compatible for Editor in 4.12 ms, found 4 plugins.
Preloading 0 native plugins for Editor in 0.00 ms.
Unloading 35 Unused Serialized files (Serialized files now loaded: 0)
Unloading 7539 unused Assets / (8.6 MB). Loaded Objects now: 8276.
Memory consumption went from 162.0 MB to 153.4 MB.
Total: 36.775500 ms (FindLiveObjects: 1.584400 ms CreateObjectMapping: 1.882800 ms MarkObjects: 15.204500 ms  DeleteObjects: 18.101600 ms)

Prepare: number of updated asset objects reloaded= 0
========================================================================
Received Prepare
Refreshing native plugins compatible for Editor in 4.93 ms, found 4 plugins.
Preloading 0 native plugins for Editor in 0.00 ms.
Unloading 35 Unused Serialized files (Serialized files now loaded: 0)
Unloading 7529 unused Assets / (9.3 MB). Loaded Objects now: 8276.
Memory consumption went from 162.2 MB to 152.9 MB.
Total: 23.809200 ms (FindLiveObjects: 3.542900 ms CreateObjectMapping: 2.225300 ms MarkObjects: 9.498700 ms  DeleteObjects: 8.540400 ms)

Prepare: number of updated asset objects reloaded= 0
========================================================================
Received Prepare
Begin MonoManager ReloadAssembly
[Licensing::Client] Successfully resolved entitlement details
[Licensing::Module] License group:
  Id: F4-NMTP-SXWG-HN24-U9HH-XXXX
  Product: Unity Personal
  Type: ULF
  Expiration: 2025-12-08T00:41:56Z
[Licensing::Module] License group:
  Id: ewogICJzdWJzR3JvdXAiIDogInVuaXR5IGVkaXRvciIsCiAgIm5hbWVzcGFjZSIgOiAidW5pdHlfZWRpdG9yIiwKICAidHlwZSIgOiAiRURJVE9SIiwKICAidGFnIiA6ICJVbml0eVBlcnNvbmFsXXXX
  Product: Unity Personal Version
  Type: Assigned
  Expiration: Unlimited
- Loaded All Assemblies, in  1.268 seconds
Refreshing native plugins compatible for Editor in 1.38 ms, found 4 plugins.
Native extension for WindowsStandalone target not found
[Package Manager] Failed to launch server process. Reason: Unity was launched with the -noUpm command-line argument
[Package Manager] Unable to send message (not connected to server process).
[Package Manager] Cannot connect to Unity Package Manager local server
Mono: successfully reloaded assembly
- Finished resetting the current domain, in  1.011 seconds
Domain Reload Profiling: 2276ms
	BeginReloadAssembly (322ms)
		ExecutionOrderSort (0ms)
		DisableScriptedObjects (25ms)
		BackupInstance (0ms)
		ReleaseScriptingObjects (0ms)
		CreateAndSetChildDomain (89ms)
	RebuildCommonClasses (42ms)
	RebuildNativeTypeToScriptingClass (13ms)
	initialDomainReloadingComplete (36ms)
	LoadAllAssembliesAndSetupDomain (851ms)
		LoadAssemblies (736ms)
		RebuildTransferFunctionScriptingTraits (0ms)
		AnalyzeDomain (255ms)
			TypeCache.Refresh (13ms)
				TypeCache.ScanAssembly (0ms)
			BuildScriptInfoCaches (221ms)
			ResolveRequiredComponents (13ms)
	FinalizeReload (1012ms)
		ReleaseScriptCaches (0ms)
		RebuildScriptCaches (0ms)
		SetupLoadedEditorAssemblies (824ms)
			LogAssemblyErrors (0ms)
			InitializePlatformSupportModulesInManaged (3ms)
			SetLoadedEditorAssemblies (7ms)
			BeforeProcessingInitializeOnLoad (272ms)
			ProcessInitializeOnLoadAttributes (461ms)
			ProcessInitializeOnLoadMethodAttributes (74ms)
			AfterProcessingInitializeOnLoad (5ms)
			EditorAssembliesLoaded (1ms)
		ExecutionOrderSort2 (0ms)
		AwakeInstancesAfterBackupRestoration (25ms)
Refreshing native plugins compatible for Editor in 2.57 ms, found 4 plugins.
Preloading 0 native plugins for Editor in 0.00 ms.
Unloading 36 Unused Serialized files (Serialized files now loaded: 0)
Unloading 7540 unused Assets / (9.1 MB). Loaded Objects now: 8282.
Memory consumption went from 162.3 MB to 153.2 MB.
Total: 21.419600 ms (FindLiveObjects: 1.346600 ms CreateObjectMapping: 1.440200 ms MarkObjects: 8.798200 ms  DeleteObjects: 9.832100 ms)

Prepare: number of updated asset objects reloaded= 0
========================================================================
Received Prepare
Begin MonoManager ReloadAssembly
[Licensing::Client] Successfully resolved entitlement details
[Licensing::Module] License group:
  Id: F4-NMTP-SXWG-HN24-U9HH-XXXX
  Product: Unity Personal
  Type: ULF
  Expiration: 2025-12-08T00:41:56Z
[Licensing::Module] License group:
  Id: ewogICJzdWJzR3JvdXAiIDogInVuaXR5IGVkaXRvciIsCiAgIm5hbWVzcGFjZSIgOiAidW5pdHlfZWRpdG9yIiwKICAidHlwZSIgOiAiRURJVE9SIiwKICAidGFnIiA6ICJVbml0eVBlcnNvbmFsXXXX
  Product: Unity Personal Version
  Type: Assigned
  Expiration: Unlimited
- Loaded All Assemblies, in  1.502 seconds
Refreshing native plugins compatible for Editor in 1.35 ms, found 4 plugins.
Native extension for WindowsStandalone target not found
[Package Manager] Failed to launch server process. Reason: Unity was launched with the -noUpm command-line argument
[Package Manager] Unable to send message (not connected to server process).
[Package Manager] Cannot connect to Unity Package Manager local server
Mono: successfully reloaded assembly
- Finished resetting the current domain, in  0.836 seconds
Domain Reload Profiling: 2339ms
	BeginReloadAssembly (658ms)
		ExecutionOrderSort (0ms)
		DisableScriptedObjects (119ms)
		BackupInstance (0ms)
		ReleaseScriptingObjects (1ms)
		CreateAndSetChildDomain (246ms)
	RebuildCommonClasses (35ms)
	RebuildNativeTypeToScriptingClass (14ms)
	initialDomainReloadingComplete (40ms)
	LoadAllAssembliesAndSetupDomain (756ms)
		LoadAssemblies (637ms)
		RebuildTransferFunctionScriptingTraits (0ms)
		AnalyzeDomain (252ms)
			TypeCache.Refresh (15ms)
				TypeCache.ScanAssembly (0ms)
			BuildScriptInfoCaches (218ms)
			ResolveRequiredComponents (13ms)
	FinalizeReload (836ms)
		ReleaseScriptCaches (0ms)
		RebuildScriptCaches (0ms)
		SetupLoadedEditorAssemblies (686ms)
			LogAssemblyErrors (0ms)
			InitializePlatformSupportModulesInManaged (1ms)
			SetLoadedEditorAssemblies (6ms)
			BeforeProcessingInitializeOnLoad (196ms)
			ProcessInitializeOnLoadAttributes (415ms)
			ProcessInitializeOnLoadMethodAttributes (64ms)
			AfterProcessingInitializeOnLoad (4ms)
			EditorAssembliesLoaded (0ms)
		ExecutionOrderSort2 (0ms)
		AwakeInstancesAfterBackupRestoration (15ms)
Refreshing native plugins compatible for Editor in 2.33 ms, found 4 plugins.
Preloading 0 native plugins for Editor in 0.00 ms.
Unloading 36 Unused Serialized files (Serialized files now loaded: 0)
Unloading 7540 unused Assets / (8.6 MB). Loaded Objects now: 8288.
Memory consumption went from 162.3 MB to 153.7 MB.
Total: 25.529500 ms (FindLiveObjects: 1.349200 ms CreateObjectMapping: 6.654300 ms MarkObjects: 9.990800 ms  DeleteObjects: 7.531600 ms)

Prepare: number of updated asset objects reloaded= 0
========================================================================
Received Prepare
Begin MonoManager ReloadAssembly
[Licensing::Client] Successfully resolved entitlement details
[Licensing::Module] License group:
  Id: F4-NMTP-SXWG-HN24-U9HH-XXXX
  Product: Unity Personal
  Type: ULF
  Expiration: 2025-12-08T00:41:56Z
[Licensing::Module] License group:
  Id: ewogICJzdWJzR3JvdXAiIDogInVuaXR5IGVkaXRvciIsCiAgIm5hbWVzcGFjZSIgOiAidW5pdHlfZWRpdG9yIiwKICAidHlwZSIgOiAiRURJVE9SIiwKICAidGFnIiA6ICJVbml0eVBlcnNvbmFsXXXX
  Product: Unity Personal Version
  Type: Assigned
  Expiration: Unlimited
- Loaded All Assemblies, in  0.939 seconds
Refreshing native plugins compatible for Editor in 2.09 ms, found 4 plugins.
Native extension for WindowsStandalone target not found
[Package Manager] Failed to launch server process. Reason: Unity was launched with the -noUpm command-line argument
[Package Manager] Unable to send message (not connected to server process).
[Package Manager] Cannot connect to Unity Package Manager local server
Mono: successfully reloaded assembly
- Finished resetting the current domain, in  0.878 seconds
Domain Reload Profiling: 1817ms
	BeginReloadAssembly (255ms)
		ExecutionOrderSort (0ms)
		DisableScriptedObjects (17ms)
		BackupInstance (0ms)
		ReleaseScriptingObjects (0ms)
		CreateAndSetChildDomain (64ms)
	RebuildCommonClasses (39ms)
	RebuildNativeTypeToScriptingClass (11ms)
	initialDomainReloadingComplete (32ms)
	LoadAllAssembliesAndSetupDomain (600ms)
		LoadAssemblies (474ms)
		RebuildTransferFunctionScriptingTraits (0ms)
		AnalyzeDomain (234ms)
			TypeCache.Refresh (11ms)
				TypeCache.ScanAssembly (0ms)
			BuildScriptInfoCaches (205ms)
			ResolveRequiredComponents (13ms)
	FinalizeReload (879ms)
		ReleaseScriptCaches (0ms)
		RebuildScriptCaches (0ms)
		SetupLoadedEditorAssemblies (709ms)
			LogAssemblyErrors (0ms)
			InitializePlatformSupportModulesInManaged (2ms)
			SetLoadedEditorAssemblies (8ms)
			BeforeProcessingInitializeOnLoad (222ms)
			ProcessInitializeOnLoadAttributes (407ms)
			ProcessInitializeOnLoadMethodAttributes (66ms)
			AfterProcessingInitializeOnLoad (3ms)
			EditorAssembliesLoaded (0ms)
		ExecutionOrderSort2 (0ms)
		AwakeInstancesAfterBackupRestoration (15ms)
Refreshing native plugins compatible for Editor in 2.58 ms, found 4 plugins.
Preloading 0 native plugins for Editor in 0.00 ms.
Unloading 36 Unused Serialized files (Serialized files now loaded: 0)
Unloading 7539 unused Assets / (8.1 MB). Loaded Objects now: 8293.
Memory consumption went from 162.4 MB to 154.3 MB.
Total: 16.918400 ms (FindLiveObjects: 1.904600 ms CreateObjectMapping: 3.824400 ms MarkObjects: 6.883800 ms  DeleteObjects: 4.303700 ms)

Prepare: number of updated asset objects reloaded= 0
========================================================================
Received Prepare
Refreshing native plugins compatible for Editor in 4.23 ms, found 4 plugins.
Preloading 0 native plugins for Editor in 0.00 ms.
Unloading 36 Unused Serialized files (Serialized files now loaded: 0)
Unloading 7529 unused Assets / (9.1 MB). Loaded Objects now: 8293.
Memory consumption went from 162.5 MB to 153.4 MB.
Total: 39.756300 ms (FindLiveObjects: 3.616800 ms CreateObjectMapping: 2.254200 ms MarkObjects: 13.629100 ms  DeleteObjects: 20.254100 ms)

Prepare: number of updated asset objects reloaded= 0
========================================================================
Received Prepare
Begin MonoManager ReloadAssembly
[Licensing::Client] Successfully resolved entitlement details
[Licensing::Module] License group:
  Id: F4-NMTP-SXWG-HN24-U9HH-XXXX
  Product: Unity Personal
  Type: ULF
  Expiration: 2025-12-08T00:41:56Z
[Licensing::Module] License group:
  Id: ewogICJzdWJzR3JvdXAiIDogInVuaXR5IGVkaXRvciIsCiAgIm5hbWVzcGFjZSIgOiAidW5pdHlfZWRpdG9yIiwKICAidHlwZSIgOiAiRURJVE9SIiwKICAidGFnIiA6ICJVbml0eVBlcnNvbmFsXXXX
  Product: Unity Personal Version
  Type: Assigned
  Expiration: Unlimited
- Loaded All Assemblies, in  0.783 seconds
Refreshing native plugins compatible for Editor in 2.10 ms, found 4 plugins.
Native extension for WindowsStandalone target not found
[Package Manager] Failed to launch server process. Reason: Unity was launched with the -noUpm command-line argument
[Package Manager] Unable to send message (not connected to server process).
[Package Manager] Cannot connect to Unity Package Manager local server
Mono: successfully reloaded assembly
- Finished resetting the current domain, in  0.783 seconds
Domain Reload Profiling: 1566ms
	BeginReloadAssembly (232ms)
		ExecutionOrderSort (0ms)
		DisableScriptedObjects (13ms)
		BackupInstance (0ms)
		ReleaseScriptingObjects (0ms)
		CreateAndSetChildDomain (55ms)
	RebuildCommonClasses (35ms)
	RebuildNativeTypeToScriptingClass (11ms)
	initialDomainReloadingComplete (27ms)
	LoadAllAssembliesAndSetupDomain (479ms)
		LoadAssemblies (375ms)
		RebuildTransferFunctionScriptingTraits (0ms)
		AnalyzeDomain (203ms)
			TypeCache.Refresh (10ms)
				TypeCache.ScanAssembly (1ms)
			BuildScriptInfoCaches (178ms)
			ResolveRequiredComponents (11ms)
	FinalizeReload (783ms)
		ReleaseScriptCaches (0ms)
		RebuildScriptCaches (0ms)
		SetupLoadedEditorAssemblies (626ms)
			LogAssemblyErrors (0ms)
			InitializePlatformSupportModulesInManaged (2ms)
			SetLoadedEditorAssemblies (6ms)
			BeforeProcessingInitializeOnLoad (192ms)
			ProcessInitializeOnLoadAttributes (356ms)
			ProcessInitializeOnLoadMethodAttributes (63ms)
			AfterProcessingInitializeOnLoad (6ms)
			EditorAssembliesLoaded (0ms)
		ExecutionOrderSort2 (0ms)
		AwakeInstancesAfterBackupRestoration (18ms)
Refreshing native plugins compatible for Editor in 2.13 ms, found 4 plugins.
Preloading 0 native plugins for Editor in 0.00 ms.
Unloading 36 Unused Serialized files (Serialized files now loaded: 0)
Unloading 7539 unused Assets / (9.5 MB). Loaded Objects now: 8299.
Memory consumption went from 162.4 MB to 152.9 MB.
Total: 20.611400 ms (FindLiveObjects: 2.057900 ms CreateObjectMapping: 1.767100 ms MarkObjects: 7.938500 ms  DeleteObjects: 8.845800 ms)

Prepare: number of updated asset objects reloaded= 0
========================================================================
Received Prepare
Begin MonoManager ReloadAssembly
[Licensing::Client] Successfully resolved entitlement details
[Licensing::Module] License group:
  Id: F4-NMTP-SXWG-HN24-U9HH-XXXX
  Product: Unity Personal
  Type: ULF
  Expiration: 2025-12-08T00:41:56Z
[Licensing::Module] License group:
  Id: ewogICJzdWJzR3JvdXAiIDogInVuaXR5IGVkaXRvciIsCiAgIm5hbWVzcGFjZSIgOiAidW5pdHlfZWRpdG9yIiwKICAidHlwZSIgOiAiRURJVE9SIiwKICAidGFnIiA6ICJVbml0eVBlcnNvbmFsXXXX
  Product: Unity Personal Version
  Type: Assigned
  Expiration: Unlimited
- Loaded All Assemblies, in  3.059 seconds
Refreshing native plugins compatible for Editor in 0.82 ms, found 4 plugins.
Native extension for WindowsStandalone target not found
[Package Manager] Failed to launch server process. Reason: Unity was launched with the -noUpm command-line argument
[Package Manager] Unable to send message (not connected to server process).
[Package Manager] Cannot connect to Unity Package Manager local server
Mono: successfully reloaded assembly
- Finished resetting the current domain, in  0.726 seconds
Domain Reload Profiling: 3792ms
	BeginReloadAssembly (1349ms)
		ExecutionOrderSort (0ms)
		DisableScriptedObjects (112ms)
		BackupInstance (0ms)
		ReleaseScriptingObjects (1ms)
		CreateAndSetChildDomain (511ms)
	RebuildCommonClasses (65ms)
	RebuildNativeTypeToScriptingClass (14ms)
	initialDomainReloadingComplete (61ms)
	LoadAllAssembliesAndSetupDomain (1576ms)
		LoadAssemblies (1806ms)
		RebuildTransferFunctionScriptingTraits (0ms)
		AnalyzeDomain (341ms)
			TypeCache.Refresh (44ms)
				TypeCache.ScanAssembly (1ms)
			BuildScriptInfoCaches (274ms)
			ResolveRequiredComponents (10ms)
	FinalizeReload (726ms)
		ReleaseScriptCaches (0ms)
		RebuildScriptCaches (0ms)
		SetupLoadedEditorAssemblies (588ms)
			LogAssemblyErrors (0ms)
			InitializePlatformSupportModulesInManaged (1ms)
			SetLoadedEditorAssemblies (6ms)
			BeforeProcessingInitializeOnLoad (175ms)
			ProcessInitializeOnLoadAttributes (343ms)
			ProcessInitializeOnLoadMethodAttributes (59ms)
			AfterProcessingInitializeOnLoad (4ms)
			EditorAssembliesLoaded (0ms)
		ExecutionOrderSort2 (0ms)
		AwakeInstancesAfterBackupRestoration (13ms)
Refreshing native plugins compatible for Editor in 2.09 ms, found 4 plugins.
Preloading 0 native plugins for Editor in 0.00 ms.
Unloading 36 Unused Serialized files (Serialized files now loaded: 0)
Unloading 7539 unused Assets / (8.7 MB). Loaded Objects now: 8305.
Memory consumption went from 162.5 MB to 153.8 MB.
Total: 15.554400 ms (FindLiveObjects: 1.239200 ms CreateObjectMapping: 0.632200 ms MarkObjects: 8.543900 ms  DeleteObjects: 5.136400 ms)

Prepare: number of updated asset objects reloaded= 0
========================================================================
Received Prepare
Refreshing native plugins compatible for Editor in 7.98 ms, found 4 plugins.
Preloading 0 native plugins for Editor in 0.00 ms.
Unloading 36 Unused Serialized files (Serialized files now loaded: 0)
Unloading 7529 unused Assets / (9.2 MB). Loaded Objects now: 8305.
Memory consumption went from 162.6 MB to 153.4 MB.
Total: 29.820000 ms (FindLiveObjects: 6.170100 ms CreateObjectMapping: 3.088300 ms MarkObjects: 10.942300 ms  DeleteObjects: 9.615600 ms)

Prepare: number of updated asset objects reloaded= 0
========================================================================
Received Prepare
Begin MonoManager ReloadAssembly
[Licensing::Client] Successfully resolved entitlement details
[Licensing::Module] License group:
  Id: F4-NMTP-SXWG-HN24-U9HH-XXXX
  Product: Unity Personal
  Type: ULF
  Expiration: 2025-12-08T00:41:56Z
[Licensing::Module] License group:
  Id: ewogICJzdWJzR3JvdXAiIDogInVuaXR5IGVkaXRvciIsCiAgIm5hbWVzcGFjZSIgOiAidW5pdHlfZWRpdG9yIiwKICAidHlwZSIgOiAiRURJVE9SIiwKICAidGFnIiA6ICJVbml0eVBlcnNvbmFsXXXX
  Product: Unity Personal Version
  Type: Assigned
  Expiration: Unlimited
- Loaded All Assemblies, in  1.267 seconds
Refreshing native plugins compatible for Editor in 1.88 ms, found 4 plugins.
Native extension for WindowsStandalone target not found
[Package Manager] Failed to launch server process. Reason: Unity was launched with the -noUpm command-line argument
[Package Manager] Unable to send message (not connected to server process).
[Package Manager] Cannot connect to Unity Package Manager local server
Mono: successfully reloaded assembly
- Finished resetting the current domain, in  0.917 seconds
Domain Reload Profiling: 2187ms
	BeginReloadAssembly (304ms)
		ExecutionOrderSort (0ms)
		DisableScriptedObjects (25ms)
		BackupInstance (0ms)
		ReleaseScriptingObjects (1ms)
		CreateAndSetChildDomain (74ms)
	RebuildCommonClasses (40ms)
	RebuildNativeTypeToScriptingClass (13ms)
	initialDomainReloadingComplete (38ms)
	LoadAllAssembliesAndSetupDomain (874ms)
		LoadAssemblies (641ms)
		RebuildTransferFunctionScriptingTraits (0ms)
		AnalyzeDomain (359ms)
			TypeCache.Refresh (14ms)
				TypeCache.ScanAssembly (1ms)
			BuildScriptInfoCaches (317ms)
			ResolveRequiredComponents (20ms)
	FinalizeReload (918ms)
		ReleaseScriptCaches (0ms)
		RebuildScriptCaches (0ms)
		SetupLoadedEditorAssemblies (727ms)
			LogAssemblyErrors (0ms)
			InitializePlatformSupportModulesInManaged (3ms)
			SetLoadedEditorAssemblies (9ms)
			BeforeProcessingInitializeOnLoad (226ms)
			ProcessInitializeOnLoadAttributes (400ms)
			ProcessInitializeOnLoadMethodAttributes (84ms)
			AfterProcessingInitializeOnLoad (5ms)
			EditorAssembliesLoaded (0ms)
		ExecutionOrderSort2 (0ms)
		AwakeInstancesAfterBackupRestoration (20ms)
Refreshing native plugins compatible for Editor in 2.11 ms, found 4 plugins.
Preloading 0 native plugins for Editor in 0.00 ms.
Unloading 36 Unused Serialized files (Serialized files now loaded: 0)
Unloading 7539 unused Assets / (8.8 MB). Loaded Objects now: 8311.
Memory consumption went from 162.5 MB to 153.7 MB.
Total: 15.257800 ms (FindLiveObjects: 1.635300 ms CreateObjectMapping: 0.945000 ms MarkObjects: 5.447400 ms  DeleteObjects: 7.228700 ms)

Prepare: number of updated asset objects reloaded= 0
========================================================================
Received Import Request.
  Time since last request: 9409.275651 seconds.
  path: Assets/Art/MINIFANTASY Creatures - Super Low Res 2D Pixel Art by Krishna Palacio/Sprites/Humanoids/Human/Human/generate/Minifantasy_CreaturesHumanWalk_FrameData.asset
  artifactKey: Guid(720d2b3b0c58d5b4295a6468bd84a86c) Importer(815301076,1909f56bfc062723c751e8b465ee728b)
Start importing Assets/Art/MINIFANTASY Creatures - Super Low Res 2D Pixel Art by Krishna Palacio/Sprites/Humanoids/Human/Human/generate/Minifantasy_CreaturesHumanWalk_FrameData.asset using Guid(720d2b3b0c58d5b4295a6468bd84a86c) Importer(815301076,1909f56bfc062723c751e8b465ee728b) (PreviewImporter) -> (artifact id: '63b9f48ed34213735004905982b47ebb') in 0.5912529 seconds
Number of updated asset objects reloaded before import = 0Number of asset objects unloaded after import = 2

========================================================================
Received Prepare
Begin MonoManager ReloadAssembly
[Licensing::Client] Successfully resolved entitlement details
[Licensing::Module] License group:
  Id: F4-NMTP-SXWG-HN24-U9HH-XXXX
  Product: Unity Personal
  Type: ULF
  Expiration: 2025-12-08T00:41:56Z
[Licensing::Module] License group:
  Id: ewogICJzdWJzR3JvdXAiIDogInVuaXR5IGVkaXRvciIsCiAgIm5hbWVzcGFjZSIgOiAidW5pdHlfZWRpdG9yIiwKICAidHlwZSIgOiAiRURJVE9SIiwKICAidGFnIiA6ICJVbml0eVBlcnNvbmFsXXXX
  Product: Unity Personal Version
  Type: Assigned
  Expiration: Unlimited
- Loaded All Assemblies, in  0.963 seconds
Refreshing native plugins compatible for Editor in 1.31 ms, found 4 plugins.
Native extension for WindowsStandalone target not found
[Package Manager] Failed to launch server process. Reason: Unity was launched with the -noUpm command-line argument
[Package Manager] Unable to send message (not connected to server process).
[Package Manager] Cannot connect to Unity Package Manager local server
Mono: successfully reloaded assembly
- Finished resetting the current domain, in  0.809 seconds
Domain Reload Profiling: 1774ms
	BeginReloadAssembly (279ms)
		ExecutionOrderSort (0ms)
		DisableScriptedObjects (16ms)
		BackupInstance (0ms)
		ReleaseScriptingObjects (0ms)
		CreateAndSetChildDomain (79ms)
	RebuildCommonClasses (46ms)
	RebuildNativeTypeToScriptingClass (14ms)
	initialDomainReloadingComplete (29ms)
	LoadAllAssembliesAndSetupDomain (596ms)
		LoadAssemblies (484ms)
		RebuildTransferFunctionScriptingTraits (0ms)
		AnalyzeDomain (228ms)
			TypeCache.Refresh (8ms)
				TypeCache.ScanAssembly (0ms)
			BuildScriptInfoCaches (205ms)
			ResolveRequiredComponents (11ms)
	FinalizeReload (810ms)
		ReleaseScriptCaches (0ms)
		RebuildScriptCaches (0ms)
		SetupLoadedEditorAssemblies (627ms)
			LogAssemblyErrors (0ms)
			InitializePlatformSupportModulesInManaged (1ms)
			SetLoadedEditorAssemblies (7ms)
			BeforeProcessingInitializeOnLoad (178ms)
			ProcessInitializeOnLoadAttributes (371ms)
			ProcessInitializeOnLoadMethodAttributes (65ms)
			AfterProcessingInitializeOnLoad (3ms)
			EditorAssembliesLoaded (0ms)
		ExecutionOrderSort2 (0ms)
		AwakeInstancesAfterBackupRestoration (15ms)
Refreshing native plugins compatible for Editor in 2.75 ms, found 4 plugins.
Preloading 0 native plugins for Editor in 0.00 ms.
Unloading 36 Unused Serialized files (Serialized files now loaded: 0)
Unloading 7539 unused Assets / (9.1 MB). Loaded Objects now: 8317.
Memory consumption went from 162.5 MB to 153.4 MB.
Total: 17.974200 ms (FindLiveObjects: 2.181400 ms CreateObjectMapping: 1.629000 ms MarkObjects: 8.491000 ms  DeleteObjects: 5.671000 ms)

Prepare: number of updated asset objects reloaded= 0
========================================================================
Received Prepare
Refreshing native plugins compatible for Editor in 3.66 ms, found 4 plugins.
Preloading 0 native plugins for Editor in 0.00 ms.
Unloading 36 Unused Serialized files (Serialized files now loaded: 0)
Unloading 7530 unused Assets / (6.4 MB). Loaded Objects now: 8318.
Memory consumption went from 162.7 MB to 156.3 MB.
Total: 124.437500 ms (FindLiveObjects: 1.468900 ms CreateObjectMapping: 1.745600 ms MarkObjects: 114.763300 ms  DeleteObjects: 6.457900 ms)

Prepare: number of updated asset objects reloaded= 0
========================================================================
Received Import Request.
  Time since last request: 1557.335689 seconds.
  path: Assets/Scripts/EquipmentSystem/EquipmentSystem.asmdef
  artifactKey: Guid(697566425f30c5f468d8ba77f03fe6da) Importer(815301076,1909f56bfc062723c751e8b465ee728b)
Start importing Assets/Scripts/EquipmentSystem/EquipmentSystem.asmdef using Guid(697566425f30c5f468d8ba77f03fe6da) Importer(815301076,1909f56bfc062723c751e8b465ee728b) (PreviewImporter) -> (artifact id: '0d099a8e9713aa4e7d4f73393dedac49') in 0.0490692 seconds
Number of updated asset objects reloaded before import = 0Number of asset objects unloaded after import = 0

========================================================================
Received Prepare
Refreshing native plugins compatible for Editor in 4.31 ms, found 4 plugins.
Preloading 0 native plugins for Editor in 0.00 ms.
Unloading 36 Unused Serialized files (Serialized files now loaded: 0)
Unloading 7530 unused Assets / (9.4 MB). Loaded Objects now: 8318.
Memory consumption went from 162.7 MB to 153.3 MB.
Total: 180.444900 ms (FindLiveObjects: 8.366500 ms CreateObjectMapping: 64.296900 ms MarkObjects: 81.030700 ms  DeleteObjects: 26.748500 ms)

Prepare: number of updated asset objects reloaded= 0
========================================================================
Received Import Request.
  Time since last request: 112.680385 seconds.
  path: Assets/Scripts/EquipmentSystem/EquipmentSystem.asmdef
  artifactKey: Guid(697566425f30c5f468d8ba77f03fe6da) Importer(815301076,1909f56bfc062723c751e8b465ee728b)
Start importing Assets/Scripts/EquipmentSystem/EquipmentSystem.asmdef using Guid(697566425f30c5f468d8ba77f03fe6da) Importer(815301076,1909f56bfc062723c751e8b465ee728b) (PreviewImporter) -> (artifact id: 'fefdc33ea411f3d966e27b1bd5402a07') in 0.0092158 seconds
Number of updated asset objects reloaded before import = 0Number of asset objects unloaded after import = 0

========================================================================
Received Import Request.
  Time since last request: 62.161415 seconds.
  path: Assets/Scripts/EquipmentSystem/EquipmentSystem.asmdef
  artifactKey: Guid(697566425f30c5f468d8ba77f03fe6da) Importer(815301076,1909f56bfc062723c751e8b465ee728b)
Start importing Assets/Scripts/EquipmentSystem/EquipmentSystem.asmdef using Guid(697566425f30c5f468d8ba77f03fe6da) Importer(815301076,1909f56bfc062723c751e8b465ee728b) (PreviewImporter) -> (artifact id: '9ab31fcfb7e208b6b1dbe463f8a616d6') in 0.00081 seconds
Number of updated asset objects reloaded before import = 0Number of asset objects unloaded after import = 0

========================================================================
Received Import Request.
  Time since last request: 137.271158 seconds.
  path: Assets/Scripts/EquipmentSystem/Editor/EquipmentSystem.Editor.asmdef
  artifactKey: Guid(8ba9db940f84ca642b46493fd0e09788) Importer(815301076,1909f56bfc062723c751e8b465ee728b)
Start importing Assets/Scripts/EquipmentSystem/Editor/EquipmentSystem.Editor.asmdef using Guid(8ba9db940f84ca642b46493fd0e09788) Importer(815301076,1909f56bfc062723c751e8b465ee728b) (PreviewImporter) -> (artifact id: '631ca78c8511032d3e095e763a1c7e90') in 0.0007193 seconds
Number of updated asset objects reloaded before import = 0Number of asset objects unloaded after import = 0

========================================================================
Received Prepare
Begin MonoManager ReloadAssembly
[Licensing::Client] Successfully resolved entitlement details
[Licensing::Module] License group:
  Id: F4-NMTP-SXWG-HN24-U9HH-XXXX
  Product: Unity Personal
  Type: ULF
  Expiration: 2025-12-08T00:41:56Z
[Licensing::Module] License group:
  Id: ewogICJzdWJzR3JvdXAiIDogInVuaXR5IGVkaXRvciIsCiAgIm5hbWVzcGFjZSIgOiAidW5pdHlfZWRpdG9yIiwKICAidHlwZSIgOiAiRURJVE9SIiwKICAidGFnIiA6ICJVbml0eVBlcnNvbmFsXXXX
  Product: Unity Personal Version
  Type: Assigned
  Expiration: Unlimited
- Loaded All Assemblies, in  1.297 seconds
Refreshing native plugins compatible for Editor in 1.40 ms, found 4 plugins.
Native extension for WindowsStandalone target not found
[Package Manager] Failed to launch server process. Reason: Unity was launched with the -noUpm command-line argument
[Package Manager] Unable to send message (not connected to server process).
[Package Manager] Cannot connect to Unity Package Manager local server
Mono: successfully reloaded assembly
- Finished resetting the current domain, in  0.817 seconds
Domain Reload Profiling: 2114ms
	BeginReloadAssembly (433ms)
		ExecutionOrderSort (0ms)
		DisableScriptedObjects (53ms)
		BackupInstance (0ms)
		ReleaseScriptingObjects (0ms)
		CreateAndSetChildDomain (159ms)
	RebuildCommonClasses (35ms)
	RebuildNativeTypeToScriptingClass (11ms)
	initialDomainReloadingComplete (31ms)
	LoadAllAssembliesAndSetupDomain (785ms)
		LoadAssemblies (657ms)
		RebuildTransferFunctionScriptingTraits (0ms)
		AnalyzeDomain (257ms)
			TypeCache.Refresh (15ms)
				TypeCache.ScanAssembly (1ms)
			BuildScriptInfoCaches (226ms)
			ResolveRequiredComponents (10ms)
	FinalizeReload (818ms)
		ReleaseScriptCaches (0ms)
		RebuildScriptCaches (0ms)
		SetupLoadedEditorAssemblies (670ms)
			LogAssemblyErrors (0ms)
			InitializePlatformSupportModulesInManaged (2ms)
			SetLoadedEditorAssemblies (6ms)
			BeforeProcessingInitializeOnLoad (185ms)
			ProcessInitializeOnLoadAttributes (380ms)
			ProcessInitializeOnLoadMethodAttributes (87ms)
			AfterProcessingInitializeOnLoad (10ms)
			EditorAssembliesLoaded (1ms)
		ExecutionOrderSort2 (0ms)
		AwakeInstancesAfterBackupRestoration (18ms)
Refreshing native plugins compatible for Editor in 2.82 ms, found 4 plugins.
Preloading 0 native plugins for Editor in 0.00 ms.
Unloading 36 Unused Serialized files (Serialized files now loaded: 0)
Unloading 7540 unused Assets / (8.4 MB). Loaded Objects now: 8324.
Memory consumption went from 162.6 MB to 154.2 MB.
Total: 19.200800 ms (FindLiveObjects: 1.542000 ms CreateObjectMapping: 1.825800 ms MarkObjects: 8.626000 ms  DeleteObjects: 7.205000 ms)

Prepare: number of updated asset objects reloaded= 0
========================================================================
Received Import Request.
  Time since last request: 774.636187 seconds.
  path: Assets/Art/generate
  artifactKey: Guid(cf16e140fb244954bb8fe7c726bcbe67) Importer(815301076,1909f56bfc062723c751e8b465ee728b)
Start importing Assets/Art/generate using Guid(cf16e140fb244954bb8fe7c726bcbe67) Importer(815301076,1909f56bfc062723c751e8b465ee728b) (PreviewImporter) -> (artifact id: '8362ac905a27ae3c88ec6cdadd73a7f8') in 0.0067507 seconds
Number of updated asset objects reloaded before import = 0Number of asset objects unloaded after import = 0

========================================================================
Received Import Request.
  Time since last request: 1.894228 seconds.
  path: Assets/Art/generate/testWooden Shield_FrameData.asset
  artifactKey: Guid(899edc7c44581444aba073c7c6f62aa9) Importer(815301076,1909f56bfc062723c751e8b465ee728b)
Start importing Assets/Art/generate/testWooden Shield_FrameData.asset using Guid(899edc7c44581444aba073c7c6f62aa9) Importer(815301076,1909f56bfc062723c751e8b465ee728b) (PreviewImporter) -> (artifact id: '4598f427692569738703bcddf9088ccb') in 0.0199147 seconds
Number of updated asset objects reloaded before import = 0Number of asset objects unloaded after import = 2

========================================================================
Received Import Request.
  Time since last request: 96.559435 seconds.
  path: Assets/Art/MINIFANTASY Creatures - Super Low Res 2D Pixel Art by Krishna Palacio/Animations/Humanoids
  artifactKey: Guid(0ac00888ca9a726468f14b3c3f99f610) Importer(815301076,1909f56bfc062723c751e8b465ee728b)
Start importing Assets/Art/MINIFANTASY Creatures - Super Low Res 2D Pixel Art by Krishna Palacio/Animations/Humanoids using Guid(0ac00888ca9a726468f14b3c3f99f610) Importer(815301076,1909f56bfc062723c751e8b465ee728b) (PreviewImporter) -> (artifact id: '72fd6d7fe80c7f05b3da9cfdce7750a7') in 0.0008788 seconds
Number of updated asset objects reloaded before import = 0Number of asset objects unloaded after import = 0

========================================================================
Received Import Request.
  Time since last request: 4.844173 seconds.
  path: Assets/Art/MINIFANTASY Creatures - Super Low Res 2D Pixel Art by Krishna Palacio/Animations/Humanoids/Human/Human/HumanChargedAttack_SE.anim
  artifactKey: Guid(b31b1375be0d7b5428fc43e596695fb3) Importer(815301076,1909f56bfc062723c751e8b465ee728b)
Start importing Assets/Art/MINIFANTASY Creatures - Super Low Res 2D Pixel Art by Krishna Palacio/Animations/Humanoids/Human/Human/HumanChargedAttack_SE.anim using Guid(b31b1375be0d7b5428fc43e596695fb3) Importer(815301076,1909f56bfc062723c751e8b465ee728b) (PreviewImporter) -> (artifact id: '6ec6ba94487bd76a5851b43b9a93e7a2') in 0.003728 seconds
Number of updated asset objects reloaded before import = 0Number of asset objects unloaded after import = 1

========================================================================
Received Import Request.
  Time since last request: 0.324235 seconds.
  path: Assets/Art/MINIFANTASY Creatures - Super Low Res 2D Pixel Art by Krishna Palacio/Animations/Humanoids/Human/Human/HumanBase_AnimatorController.controller
  artifactKey: Guid(e1ea1036a27507c47a51a679db89c235) Importer(815301076,1909f56bfc062723c751e8b465ee728b)
Start importing Assets/Art/MINIFANTASY Creatures - Super Low Res 2D Pixel Art by Krishna Palacio/Animations/Humanoids/Human/Human/HumanBase_AnimatorController.controller using Guid(e1ea1036a27507c47a51a679db89c235) Importer(815301076,1909f56bfc062723c751e8b465ee728b) (PreviewImporter) -> (artifact id: '0f9b40023921bfa6ec193dd403bc4c8e') in 0.0098131 seconds
Number of updated asset objects reloaded before import = 0Number of asset objects unloaded after import = 46

========================================================================
Received Import Request.
  Time since last request: 26.959886 seconds.
  path: Assets/Art/MINIFANTASY Creatures - Super Low Res 2D Pixel Art by Krishna Palacio/Animations/Humanoids/Human/Human
  artifactKey: Guid(b0ec877d8eb1ee046998862892e9ecb6) Importer(815301076,1909f56bfc062723c751e8b465ee728b)
Start importing Assets/Art/MINIFANTASY Creatures - Super Low Res 2D Pixel Art by Krishna Palacio/Animations/Humanoids/Human/Human using Guid(b0ec877d8eb1ee046998862892e9ecb6) Importer(815301076,1909f56bfc062723c751e8b465ee728b) (PreviewImporter) -> (artifact id: 'f5f073f3c157068428b07536a2e299e2') in 0.0006567 seconds
Number of updated asset objects reloaded before import = 0Number of asset objects unloaded after import = 0

========================================================================
Received Import Request.
  Time since last request: 24.423715 seconds.
  path: Assets/Scripts/EquipmentSystem/Data/CharacterFrameData.cs
  artifactKey: Guid(992a1667bac02fc4f903843a8453ef1f) Importer(2089858483,192608db42251d675da83286b1cce702)
Start importing Assets/Scripts/EquipmentSystem/Data/CharacterFrameData.cs using Guid(992a1667bac02fc4f903843a8453ef1f) Importer(2089858483,192608db42251d675da83286b1cce702) (ScriptedImporter) -> (artifact id: '1b13ffdc93fdfb8df4d09bda334ffe47') in 0.3026875 seconds
Number of updated asset objects reloaded before import = 0Number of asset objects unloaded after import = 0

========================================================================
Received Import Request.
  Time since last request: 0.000029 seconds.
  path: Assets/Scripts/EquipmentSystem/EquipmentSystem.asmdef
  artifactKey: Guid(697566425f30c5f468d8ba77f03fe6da) Importer(2089858483,192608db42251d675da83286b1cce702)
Start importing Assets/Scripts/EquipmentSystem/EquipmentSystem.asmdef using Guid(697566425f30c5f468d8ba77f03fe6da) Importer(2089858483,192608db42251d675da83286b1cce702) (ScriptedImporter) -> (artifact id: '09178b7e609b7218e4485f26b79d1731') in 0.0109474 seconds
Number of updated asset objects reloaded before import = 0Number of asset objects unloaded after import = 1

========================================================================
Received Import Request.
  Time since last request: 0.000034 seconds.
  path: Assets/Art/MINIFANTASY Creatures - Super Low Res 2D Pixel Art by Krishna Palacio/Sprites/Humanoids/Human/Human/generate/Minifantasy_CreaturesHumanWalk_FrameData.asset
  artifactKey: Guid(720d2b3b0c58d5b4295a6468bd84a86c) Importer(2089858483,192608db42251d675da83286b1cce702)
Start importing Assets/Art/MINIFANTASY Creatures - Super Low Res 2D Pixel Art by Krishna Palacio/Sprites/Humanoids/Human/Human/generate/Minifantasy_CreaturesHumanWalk_FrameData.asset using Guid(720d2b3b0c58d5b4295a6468bd84a86c) Importer(2089858483,192608db42251d675da83286b1cce702) (ScriptedImporter) -> (artifact id: 'ec77f3b3e051c3a3e66f4d102ec3c557') in 0.0493583 seconds
Number of updated asset objects reloaded before import = 0Number of asset objects unloaded after import = 2

========================================================================
Received Import Request.
  Time since last request: 0.000036 seconds.
  path: Assets/Scripts/EquipmentSystem/Shaders/EquipmentOverlay.shader
  artifactKey: Guid(e19e5659a19bac54fb83cab10790d628) Importer(2089858483,192608db42251d675da83286b1cce702)
Start importing Assets/Scripts/EquipmentSystem/Shaders/EquipmentOverlay.shader using Guid(e19e5659a19bac54fb83cab10790d628) Importer(2089858483,192608db42251d675da83286b1cce702) (ScriptedImporter) -> (artifact id: 'ef7f2a6284af8c600d3b006ef5c29f45') in 0.0150321 seconds
Number of updated asset objects reloaded before import = 0Number of asset objects unloaded after import = 1

========================================================================
Received Import Request.
  Time since last request: 0.000031 seconds.
  path: Assets/Scripts/EquipmentSystem/Shaders
  artifactKey: Guid(249f8cf9cd6b63243857ebdc7ae84f6c) Importer(2089858483,192608db42251d675da83286b1cce702)
Start importing Assets/Scripts/EquipmentSystem/Shaders using Guid(249f8cf9cd6b63243857ebdc7ae84f6c) Importer(2089858483,192608db42251d675da83286b1cce702) (ScriptedImporter) -> (artifact id: '9fc1caa17146439d321bd5d78a780371') in 0.0091004 seconds
Number of updated asset objects reloaded before import = 0Number of asset objects unloaded after import = 1

========================================================================
Received Import Request.
  Time since last request: 0.000036 seconds.
  path: Assets/Scripts/EquipmentSystem/Runtime/SpriteLibrarySync.cs
  artifactKey: Guid(62781e5d2a0170d44b7fb641a8dde84e) Importer(2089858483,192608db42251d675da83286b1cce702)
Start importing Assets/Scripts/EquipmentSystem/Runtime/SpriteLibrarySync.cs using Guid(62781e5d2a0170d44b7fb641a8dde84e) Importer(2089858483,192608db42251d675da83286b1cce702) (ScriptedImporter) -> (artifact id: '794289951c55a746c38ac1efca87328f') in 0.0140967 seconds
Number of updated asset objects reloaded before import = 0Number of asset objects unloaded after import = 0

========================================================================
Received Import Request.
  Time since last request: 0.000034 seconds.
  path: Assets/Scripts/EquipmentSystem/Runtime/EquipmentRenderer.cs
  artifactKey: Guid(eaa6552a27abf1a4e88046d3e6a2d23a) Importer(2089858483,192608db42251d675da83286b1cce702)
Start importing Assets/Scripts/EquipmentSystem/Runtime/EquipmentRenderer.cs using Guid(eaa6552a27abf1a4e88046d3e6a2d23a) Importer(2089858483,192608db42251d675da83286b1cce702) (ScriptedImporter) -> (artifact id: '0d9fea66a3497fc625de641aa15bab8f') in 0.0182661 seconds
Number of updated asset objects reloaded before import = 0Number of asset objects unloaded after import = 0

========================================================================
Received Import Request.
  Time since last request: 0.000021 seconds.
  path: Assets/Scripts/EquipmentSystem/Editor/EquipmentSystem.Editor.asmdef
  artifactKey: Guid(8ba9db940f84ca642b46493fd0e09788) Importer(2089858483,192608db42251d675da83286b1cce702)
Start importing Assets/Scripts/EquipmentSystem/Editor/EquipmentSystem.Editor.asmdef using Guid(8ba9db940f84ca642b46493fd0e09788) Importer(2089858483,192608db42251d675da83286b1cce702) (ScriptedImporter) -> (artifact id: '7b2ae949498bc1cc652c1c3a8a44fe98') in 0.0133489 seconds
Number of updated asset objects reloaded before import = 0Number of asset objects unloaded after import = 1

========================================================================
Received Import Request.
  Time since last request: 0.000043 seconds.
  path: Assets/Scripts/EquipmentSystem/Editor/FrameDataEditor.cs
  artifactKey: Guid(66e65b1b696e0c54b9889931cf8135a6) Importer(2089858483,192608db42251d675da83286b1cce702)
Start importing Assets/Scripts/EquipmentSystem/Editor/FrameDataEditor.cs using Guid(66e65b1b696e0c54b9889931cf8135a6) Importer(2089858483,192608db42251d675da83286b1cce702) (ScriptedImporter) -> (artifact id: '54b5e93e676e72949c0ae6a09531c0bf') in 0.0186565 seconds
Number of updated asset objects reloaded before import = 0Number of asset objects unloaded after import = 0

========================================================================
Received Import Request.
  Time since last request: 0.047574 seconds.
  path: Assets/Art/MINIFANTASY Creatures - Super Low Res 2D Pixel Art by Krishna Palacio/Animations/Humanoids/Human/Human/New Sprite Atlas.spriteatlasv2
  artifactKey: Guid(c9e1d820eeb635443bd8df6cc6a9cbd7) Importer(815301076,1909f56bfc062723c751e8b465ee728b)
Start importing Assets/Art/MINIFANTASY Creatures - Super Low Res 2D Pixel Art by Krishna Palacio/Animations/Humanoids/Human/Human/New Sprite Atlas.spriteatlasv2 using Guid(c9e1d820eeb635443bd8df6cc6a9cbd7) Importer(815301076,1909f56bfc062723c751e8b465ee728b) (PreviewImporter) -> (artifact id: '27daf7156aede42c99229c26d58540f7') in 0.0019628 seconds
Number of updated asset objects reloaded before import = 0Number of asset objects unloaded after import = 2

========================================================================
Received Import Request.
  Time since last request: 1.241573 seconds.
  path: Assets/Art/MINIFANTASY Creatures - Super Low Res 2D Pixel Art by Krishna Palacio/Animations/Humanoids/Human
  artifactKey: Guid(2ee0c63f0a76009499afc96dc039fa4c) Importer(815301076,1909f56bfc062723c751e8b465ee728b)
Start importing Assets/Art/MINIFANTASY Creatures - Super Low Res 2D Pixel Art by Krishna Palacio/Animations/Humanoids/Human using Guid(2ee0c63f0a76009499afc96dc039fa4c) Importer(815301076,1909f56bfc062723c751e8b465ee728b) (PreviewImporter) -> (artifact id: '06403d27f4a24d496f2a6bbb4328eba0') in 0.0009213 seconds
Number of updated asset objects reloaded before import = 0Number of asset objects unloaded after import = 0

========================================================================
Received Import Request.
  Time since last request: 5.361061 seconds.
  path: Assets/Art/MINIFANTASY Creatures - Super Low Res 2D Pixel Art by Krishna Palacio/Animations/Humanoids/Human/Human/New Sprite Library Asset.spriteLib
  artifactKey: Guid(4f629e5e37695a54ba83315307b1dbaa) Importer(815301076,1909f56bfc062723c751e8b465ee728b)
Start importing Assets/Art/MINIFANTASY Creatures - Super Low Res 2D Pixel Art by Krishna Palacio/Animations/Humanoids/Human/Human/New Sprite Library Asset.spriteLib using Guid(4f629e5e37695a54ba83315307b1dbaa) Importer(815301076,1909f56bfc062723c751e8b465ee728b) (PreviewImporter) -> (artifact id: '8c03168a6461d3d85a68bca8864a7bb5') in 0.0024751 seconds
Number of updated asset objects reloaded before import = 0Number of asset objects unloaded after import = 1

========================================================================
Received Import Request.
  Time since last request: 48.690279 seconds.
  path: Assets/Art/MINIFANTASY Creatures - Super Low Res 2D Pixel Art by Krishna Palacio/Animations/Humanoids/Human/Human/New Sprite Library Asset.spriteLib
  artifactKey: Guid(4f629e5e37695a54ba83315307b1dbaa) Importer(2089858483,192608db42251d675da83286b1cce702)
Start importing Assets/Art/MINIFANTASY Creatures - Super Low Res 2D Pixel Art by Krishna Palacio/Animations/Humanoids/Human/Human/New Sprite Library Asset.spriteLib using Guid(4f629e5e37695a54ba83315307b1dbaa) Importer(2089858483,192608db42251d675da83286b1cce702) (ScriptedImporter) -> (artifact id: 'f287bb269b247154527d2a77c57857be') in 0.0120112 seconds
Number of updated asset objects reloaded before import = 0Number of asset objects unloaded after import = 1

========================================================================
Received Prepare
Begin MonoManager ReloadAssembly
[Licensing::Client] Successfully resolved entitlement details
[Licensing::Module] License group:
  Id: F4-NMTP-SXWG-HN24-U9HH-XXXX
  Product: Unity Personal
  Type: ULF
  Expiration: 2025-12-08T06:31:26Z
[Licensing::Module] License group:
  Id: ewogICJzdWJzR3JvdXAiIDogInVuaXR5IGVkaXRvciIsCiAgIm5hbWVzcGFjZSIgOiAidW5pdHlfZWRpdG9yIiwKICAidHlwZSIgOiAiRURJVE9SIiwKICAidGFnIiA6ICJVbml0eVBlcnNvbmFsXXXX
  Product: Unity Personal Version
  Type: Assigned
  Expiration: Unlimited
- Loaded All Assemblies, in  4.269 seconds
Refreshing native plugins compatible for Editor in 2.04 ms, found 4 plugins.
Native extension for WindowsStandalone target not found
[Package Manager] Failed to launch server process. Reason: Unity was launched with the -noUpm command-line argument
[Package Manager] Unable to send message (not connected to server process).
[Package Manager] Cannot connect to Unity Package Manager local server
Mono: successfully reloaded assembly
- Finished resetting the current domain, in  0.966 seconds
Domain Reload Profiling: 5250ms
	BeginReloadAssembly (1310ms)
		ExecutionOrderSort (0ms)
		DisableScriptedObjects (327ms)
		BackupInstance (0ms)
		ReleaseScriptingObjects (1ms)
		CreateAndSetChildDomain (432ms)
	RebuildCommonClasses (39ms)
	RebuildNativeTypeToScriptingClass (14ms)
	initialDomainReloadingComplete (45ms)
	LoadAllAssembliesAndSetupDomain (2875ms)
		LoadAssemblies (2343ms)
		RebuildTransferFunctionScriptingTraits (0ms)
		AnalyzeDomain (738ms)
			TypeCache.Refresh (159ms)
				TypeCache.ScanAssembly (5ms)
			BuildScriptInfoCaches (535ms)
			ResolveRequiredComponents (20ms)
	FinalizeReload (967ms)
		ReleaseScriptCaches (0ms)
		RebuildScriptCaches (0ms)
		SetupLoadedEditorAssemblies (795ms)
			LogAssemblyErrors (0ms)
			InitializePlatformSupportModulesInManaged (2ms)
			SetLoadedEditorAssemblies (7ms)
			BeforeProcessingInitializeOnLoad (194ms)
			ProcessInitializeOnLoadAttributes (525ms)
			ProcessInitializeOnLoadMethodAttributes (64ms)
			AfterProcessingInitializeOnLoad (3ms)
			EditorAssembliesLoaded (0ms)
		ExecutionOrderSort2 (0ms)
		AwakeInstancesAfterBackupRestoration (14ms)
Refreshing native plugins compatible for Editor in 2.30 ms, found 4 plugins.
Preloading 0 native plugins for Editor in 0.00 ms.
Unloading 36 Unused Serialized files (Serialized files now loaded: 0)
Unloading 7540 unused Assets / (9.0 MB). Loaded Objects now: 8330.
Memory consumption went from 162.7 MB to 153.7 MB.
Total: 15.615000 ms (FindLiveObjects: 0.867600 ms CreateObjectMapping: 0.819900 ms MarkObjects: 8.587800 ms  DeleteObjects: 5.335800 ms)

Prepare: number of updated asset objects reloaded= 0
========================================================================
Received Import Request.
  Time since last request: 1278.163589 seconds.
  path: Assets/Art/MINIFANTASY Creatures - Super Low Res 2D Pixel Art by Krishna Palacio/Animations/Humanoids/Human/Human/HumanBase_AnimatorController 1.controller
  artifactKey: Guid(dab073a36ffdc144fa9dd95eac6fdbc2) Importer(815301076,1909f56bfc062723c751e8b465ee728b)
Start importing Assets/Art/MINIFANTASY Creatures - Super Low Res 2D Pixel Art by Krishna Palacio/Animations/Humanoids/Human/Human/HumanBase_AnimatorController 1.controller using Guid(dab073a36ffdc144fa9dd95eac6fdbc2) Importer(815301076,1909f56bfc062723c751e8b465ee728b) (PreviewImporter) -> (artifact id: 'c2e210435e72bcd42fa3218d31103dfe') in 0.1433789 seconds
Number of updated asset objects reloaded before import = 0Number of asset objects unloaded after import = 46

========================================================================
Received Import Request.
  Time since last request: 6.556476 seconds.
  path: Assets/Art/MINIFANTASY Creatures - Super Low Res 2D Pixel Art by Krishna Palacio/Animations/Humanoids/Human/Human/HumanBase.controller
  artifactKey: Guid(dab073a36ffdc144fa9dd95eac6fdbc2) Importer(815301076,1909f56bfc062723c751e8b465ee728b)
Start importing Assets/Art/MINIFANTASY Creatures - Super Low Res 2D Pixel Art by Krishna Palacio/Animations/Humanoids/Human/Human/HumanBase.controller using Guid(dab073a36ffdc144fa9dd95eac6fdbc2) Importer(815301076,1909f56bfc062723c751e8b465ee728b) (PreviewImporter) -> (artifact id: 'cbf6808d87cd8552d33cae02ad3a737c') in 0.0066112 seconds
Number of updated asset objects reloaded before import = 0Number of asset objects unloaded after import = 46

========================================================================
Received Import Request.
  Time since last request: 450.693414 seconds.
  path: Assets/Art/MINIFANTASY Creatures - Super Low Res 2D Pixel Art by Krishna Palacio/Animations/Humanoids/Human/Human/HumanAttack_SE.anim
  artifactKey: Guid(6fafbb7613b92334498c68439d40938c) Importer(815301076,1909f56bfc062723c751e8b465ee728b)
Start importing Assets/Art/MINIFANTASY Creatures - Super Low Res 2D Pixel Art by Krishna Palacio/Animations/Humanoids/Human/Human/HumanAttack_SE.anim using Guid(6fafbb7613b92334498c68439d40938c) Importer(815301076,1909f56bfc062723c751e8b465ee728b) (PreviewImporter) -> (artifact id: '3ba20a01e9db7f0250066d3d14e9ef2e') in 0.0034205 seconds
Number of updated asset objects reloaded before import = 0Number of asset objects unloaded after import = 1

========================================================================
Received Import Request.
  Time since last request: 5.464105 seconds.
  path: Assets/Art/MINIFANTASY Creatures - Super Low Res 2D Pixel Art by Krishna Palacio/Animations/Humanoids/Human/Human/HumanAttack_SW.anim
  artifactKey: Guid(adf8c41024f431c4da9e26f975dd9a75) Importer(815301076,1909f56bfc062723c751e8b465ee728b)
Start importing Assets/Art/MINIFANTASY Creatures - Super Low Res 2D Pixel Art by Krishna Palacio/Animations/Humanoids/Human/Human/HumanAttack_SW.anim using Guid(adf8c41024f431c4da9e26f975dd9a75) Importer(815301076,1909f56bfc062723c751e8b465ee728b) (PreviewImporter) -> (artifact id: '0d3a4164b66f760ebf422082584ae704') in 0.0014675 seconds
Number of updated asset objects reloaded before import = 0Number of asset objects unloaded after import = 1

========================================================================
Received Import Request.
  Time since last request: 30.332513 seconds.
  path: Assets/Art/MINIFANTASY Creatures - Super Low Res 2D Pixel Art by Krishna Palacio/Animations/Humanoids/Human/Human/AC_Character.controller
  artifactKey: Guid(8e1c4f9044495594abadea762eafb54c) Importer(815301076,1909f56bfc062723c751e8b465ee728b)
Start importing Assets/Art/MINIFANTASY Creatures - Super Low Res 2D Pixel Art by Krishna Palacio/Animations/Humanoids/Human/Human/AC_Character.controller using Guid(8e1c4f9044495594abadea762eafb54c) Importer(815301076,1909f56bfc062723c751e8b465ee728b) (PreviewImporter) -> (artifact id: 'bac28958402081142e6ed7a7a51ecada') in 0.0015438 seconds
Number of updated asset objects reloaded before import = 0Number of asset objects unloaded after import = 24

========================================================================
Received Import Request.
  Time since last request: 25.851086 seconds.
  path: Assets/Art/MINIFANTASY Creatures - Super Low Res 2D Pixel Art by Krishna Palacio/Animations/Humanoids/Human/Human/HumanAttack_NE.anim
  artifactKey: Guid(4df535695f4076949801f182c986703f) Importer(815301076,1909f56bfc062723c751e8b465ee728b)
Start importing Assets/Art/MINIFANTASY Creatures - Super Low Res 2D Pixel Art by Krishna Palacio/Animations/Humanoids/Human/Human/HumanAttack_NE.anim using Guid(4df535695f4076949801f182c986703f) Importer(815301076,1909f56bfc062723c751e8b465ee728b) (PreviewImporter) -> (artifact id: 'fc4cf747274dc1b5de3cbf629dd614af') in 0.0022829 seconds
Number of updated asset objects reloaded before import = 0Number of asset objects unloaded after import = 1

========================================================================
Received Import Request.
  Time since last request: 39.675781 seconds.
  path: Assets/Art/MINIFANTASY Creatures - Super Low Res 2D Pixel Art by Krishna Palacio/Animations/Humanoids/Human/Human/HumanBase_AnimatorController 1.controller
  artifactKey: Guid(d25a1832acb53f3439b4379e08441ae5) Importer(815301076,1909f56bfc062723c751e8b465ee728b)
Start importing Assets/Art/MINIFANTASY Creatures - Super Low Res 2D Pixel Art by Krishna Palacio/Animations/Humanoids/Human/Human/HumanBase_AnimatorController 1.controller using Guid(d25a1832acb53f3439b4379e08441ae5) Importer(815301076,1909f56bfc062723c751e8b465ee728b) (PreviewImporter) -> (artifact id: 'fa46c8bcce79bade930353fcfd18875a') in 0.0100579 seconds
Number of updated asset objects reloaded before import = 0Number of asset objects unloaded after import = 46

========================================================================
Received Import Request.
  Time since last request: 5.037980 seconds.
  path: Assets/Art/MINIFANTASY Creatures - Super Low Res 2D Pixel Art by Krishna Palacio/Animations/Humanoids/Human/Human/HumanBase.controller
  artifactKey: Guid(d25a1832acb53f3439b4379e08441ae5) Importer(815301076,1909f56bfc062723c751e8b465ee728b)
Start importing Assets/Art/MINIFANTASY Creatures - Super Low Res 2D Pixel Art by Krishna Palacio/Animations/Humanoids/Human/Human/HumanBase.controller using Guid(d25a1832acb53f3439b4379e08441ae5) Importer(815301076,1909f56bfc062723c751e8b465ee728b) (PreviewImporter) -> (artifact id: '2499f1bafc489637dca975f10cb96f1e') in 0.0052361 seconds
Number of updated asset objects reloaded before import = 0Number of asset objects unloaded after import = 46

========================================================================
Received Import Request.
  Time since last request: 420.028464 seconds.
  path: Assets/Art/MINIFANTASY Creatures - Super Low Res 2D Pixel Art by Krishna Palacio/Sprites/Humanoids/Human/Human/generate/Minifantasy_CreaturesHumanWalk_FrameData.asset
  artifactKey: Guid(720d2b3b0c58d5b4295a6468bd84a86c) Importer(815301076,1909f56bfc062723c751e8b465ee728b)
Start importing Assets/Art/MINIFANTASY Creatures - Super Low Res 2D Pixel Art by Krishna Palacio/Sprites/Humanoids/Human/Human/generate/Minifantasy_CreaturesHumanWalk_FrameData.asset using Guid(720d2b3b0c58d5b4295a6468bd84a86c) Importer(815301076,1909f56bfc062723c751e8b465ee728b) (PreviewImporter) -> (artifact id: '4d32bbe4ab76f3a9359ad4f3b70ccaff') in 0.0202473 seconds
Number of updated asset objects reloaded before import = 0Number of asset objects unloaded after import = 2

========================================================================
Received Prepare
Begin MonoManager ReloadAssembly
[Licensing::Client] Successfully resolved entitlement details
[Licensing::Module] License group:
  Id: F4-NMTP-SXWG-HN24-U9HH-XXXX
  Product: Unity Personal
  Type: ULF
  Expiration: 2025-12-08T06:53:50Z
[Licensing::Module] License group:
  Id: ewogICJzdWJzR3JvdXAiIDogInVuaXR5IGVkaXRvciIsCiAgIm5hbWVzcGFjZSIgOiAidW5pdHlfZWRpdG9yIiwKICAidHlwZSIgOiAiRURJVE9SIiwKICAidGFnIiA6ICJVbml0eVBlcnNvbmFsXXXX
  Product: Unity Personal Version
  Type: Assigned
  Expiration: Unlimited
- Loaded All Assemblies, in  1.289 seconds
Refreshing native plugins compatible for Editor in 0.96 ms, found 4 plugins.
Native extension for WindowsStandalone target not found
[Package Manager] Failed to launch server process. Reason: Unity was launched with the -noUpm command-line argument
[Package Manager] Unable to send message (not connected to server process).
[Package Manager] Cannot connect to Unity Package Manager local server
Mono: successfully reloaded assembly
- Finished resetting the current domain, in  0.809 seconds
Domain Reload Profiling: 2098ms
	BeginReloadAssembly (472ms)
		ExecutionOrderSort (0ms)
		DisableScriptedObjects (57ms)
		BackupInstance (0ms)
		ReleaseScriptingObjects (1ms)
		CreateAndSetChildDomain (170ms)
	RebuildCommonClasses (34ms)
	RebuildNativeTypeToScriptingClass (10ms)
	initialDomainReloadingComplete (35ms)
	LoadAllAssembliesAndSetupDomain (737ms)
		LoadAssemblies (646ms)
		RebuildTransferFunctionScriptingTraits (0ms)
		AnalyzeDomain (225ms)
			TypeCache.Refresh (18ms)
				TypeCache.ScanAssembly (0ms)
			BuildScriptInfoCaches (189ms)
			ResolveRequiredComponents (11ms)
	FinalizeReload (810ms)
		ReleaseScriptCaches (0ms)
		RebuildScriptCaches (0ms)
		SetupLoadedEditorAssemblies (648ms)
			LogAssemblyErrors (0ms)
			InitializePlatformSupportModulesInManaged (2ms)
			SetLoadedEditorAssemblies (8ms)
			BeforeProcessingInitializeOnLoad (190ms)
			ProcessInitializeOnLoadAttributes (374ms)
			ProcessInitializeOnLoadMethodAttributes (71ms)
			AfterProcessingInitializeOnLoad (3ms)
			EditorAssembliesLoaded (0ms)
		ExecutionOrderSort2 (0ms)
		AwakeInstancesAfterBackupRestoration (15ms)
Refreshing native plugins compatible for Editor in 2.08 ms, found 4 plugins.
Preloading 0 native plugins for Editor in 0.00 ms.
Unloading 36 Unused Serialized files (Serialized files now loaded: 0)
Unloading 7540 unused Assets / (8.0 MB). Loaded Objects now: 8336.
Memory consumption went from 162.7 MB to 154.7 MB.
Total: 19.870500 ms (FindLiveObjects: 1.608700 ms CreateObjectMapping: 1.596100 ms MarkObjects: 9.134100 ms  DeleteObjects: 7.527700 ms)

Prepare: number of updated asset objects reloaded= 0
========================================================================
Received Prepare
Begin MonoManager ReloadAssembly
[Licensing::Client] Successfully resolved entitlement details
[Licensing::Module] License group:
  Id: F4-NMTP-SXWG-HN24-U9HH-XXXX
  Product: Unity Personal
  Type: ULF
  Expiration: 2025-12-08T06:53:50Z
[Licensing::Module] License group:
  Id: ewogICJzdWJzR3JvdXAiIDogInVuaXR5IGVkaXRvciIsCiAgIm5hbWVzcGFjZSIgOiAidW5pdHlfZWRpdG9yIiwKICAidHlwZSIgOiAiRURJVE9SIiwKICAidGFnIiA6ICJVbml0eVBlcnNvbmFsXXXX
  Product: Unity Personal Version
  Type: Assigned
  Expiration: Unlimited
- Loaded All Assemblies, in  0.915 seconds
Refreshing native plugins compatible for Editor in 1.86 ms, found 4 plugins.
Native extension for WindowsStandalone target not found
[Package Manager] Failed to launch server process. Reason: Unity was launched with the -noUpm command-line argument
[Package Manager] Unable to send message (not connected to server process).
[Package Manager] Cannot connect to Unity Package Manager local server
Mono: successfully reloaded assembly
- Finished resetting the current domain, in  0.741 seconds
Domain Reload Profiling: 1658ms
	BeginReloadAssembly (256ms)
		ExecutionOrderSort (0ms)
		DisableScriptedObjects (17ms)
		BackupInstance (0ms)
		ReleaseScriptingObjects (0ms)
		CreateAndSetChildDomain (66ms)
	RebuildCommonClasses (45ms)
	RebuildNativeTypeToScriptingClass (11ms)
	initialDomainReloadingComplete (35ms)
	LoadAllAssembliesAndSetupDomain (571ms)
		LoadAssemblies (454ms)
		RebuildTransferFunctionScriptingTraits (0ms)
		AnalyzeDomain (229ms)
			TypeCache.Refresh (9ms)
				TypeCache.ScanAssembly (0ms)
			BuildScriptInfoCaches (207ms)
			ResolveRequiredComponents (9ms)
	FinalizeReload (742ms)
		ReleaseScriptCaches (0ms)
		RebuildScriptCaches (0ms)
		SetupLoadedEditorAssemblies (598ms)
			LogAssemblyErrors (0ms)
			InitializePlatformSupportModulesInManaged (1ms)
			SetLoadedEditorAssemblies (6ms)
			BeforeProcessingInitializeOnLoad (187ms)
			ProcessInitializeOnLoadAttributes (336ms)
			ProcessInitializeOnLoadMethodAttributes (64ms)
			AfterProcessingInitializeOnLoad (4ms)
			EditorAssembliesLoaded (0ms)
		ExecutionOrderSort2 (0ms)
		AwakeInstancesAfterBackupRestoration (14ms)
Refreshing native plugins compatible for Editor in 1.80 ms, found 4 plugins.
Preloading 0 native plugins for Editor in 0.00 ms.
Unloading 36 Unused Serialized files (Serialized files now loaded: 0)
Unloading 7540 unused Assets / (9.1 MB). Loaded Objects now: 8342.
Memory consumption went from 162.8 MB to 153.6 MB.
Total: 11.903700 ms (FindLiveObjects: 0.901700 ms CreateObjectMapping: 0.770000 ms MarkObjects: 4.638400 ms  DeleteObjects: 5.591900 ms)

Prepare: number of updated asset objects reloaded= 0
========================================================================
Received Prepare
Begin MonoManager ReloadAssembly
[Licensing::Client] Successfully resolved entitlement details
[Licensing::Module] License group:
  Id: F4-NMTP-SXWG-HN24-U9HH-XXXX
  Product: Unity Personal
  Type: ULF
  Expiration: 2025-12-08T06:53:50Z
[Licensing::Module] License group:
  Id: ewogICJzdWJzR3JvdXAiIDogInVuaXR5IGVkaXRvciIsCiAgIm5hbWVzcGFjZSIgOiAidW5pdHlfZWRpdG9yIiwKICAidHlwZSIgOiAiRURJVE9SIiwKICAidGFnIiA6ICJVbml0eVBlcnNvbmFsXXXX
  Product: Unity Personal Version
  Type: Assigned
  Expiration: Unlimited
- Loaded All Assemblies, in  0.964 seconds
Refreshing native plugins compatible for Editor in 1.28 ms, found 4 plugins.
Native extension for WindowsStandalone target not found
[Package Manager] Failed to launch server process. Reason: Unity was launched with the -noUpm command-line argument
[Package Manager] Unable to send message (not connected to server process).
[Package Manager] Cannot connect to Unity Package Manager local server
Mono: successfully reloaded assembly
- Finished resetting the current domain, in  0.865 seconds
Domain Reload Profiling: 1833ms
	BeginReloadAssembly (236ms)
		ExecutionOrderSort (0ms)
		DisableScriptedObjects (19ms)
		BackupInstance (0ms)
		ReleaseScriptingObjects (0ms)
		CreateAndSetChildDomain (55ms)
	RebuildCommonClasses (33ms)
	RebuildNativeTypeToScriptingClass (16ms)
	initialDomainReloadingComplete (28ms)
	LoadAllAssembliesAndSetupDomain (655ms)
		LoadAssemblies (451ms)
		RebuildTransferFunctionScriptingTraits (0ms)
		AnalyzeDomain (300ms)
			TypeCache.Refresh (12ms)
				TypeCache.ScanAssembly (0ms)
			BuildScriptInfoCaches (260ms)
			ResolveRequiredComponents (20ms)
	FinalizeReload (865ms)
		ReleaseScriptCaches (0ms)
		RebuildScriptCaches (0ms)
		SetupLoadedEditorAssemblies (694ms)
			LogAssemblyErrors (0ms)
			InitializePlatformSupportModulesInManaged (1ms)
			SetLoadedEditorAssemblies (7ms)
			BeforeProcessingInitializeOnLoad (221ms)
			ProcessInitializeOnLoadAttributes (394ms)
			ProcessInitializeOnLoadMethodAttributes (66ms)
			AfterProcessingInitializeOnLoad (4ms)
			EditorAssembliesLoaded (1ms)
		ExecutionOrderSort2 (0ms)
		AwakeInstancesAfterBackupRestoration (17ms)
Refreshing native plugins compatible for Editor in 2.82 ms, found 4 plugins.
Preloading 0 native plugins for Editor in 0.00 ms.
Unloading 36 Unused Serialized files (Serialized files now loaded: 0)
Unloading 7540 unused Assets / (10.5 MB). Loaded Objects now: 8348.
Memory consumption went from 162.8 MB to 152.3 MB.
Total: 25.628800 ms (FindLiveObjects: 1.854400 ms CreateObjectMapping: 1.171000 ms MarkObjects: 8.400400 ms  DeleteObjects: 14.201000 ms)

Prepare: number of updated asset objects reloaded= 0
========================================================================
Received Import Request.
  Time since last request: 1188.796159 seconds.
  path: Assets/Scripts/EquipmentSystem/Editor/FrameDataEditor.cs
  artifactKey: Guid(66e65b1b696e0c54b9889931cf8135a6) Importer(2089858483,192608db42251d675da83286b1cce702)
Start importing Assets/Scripts/EquipmentSystem/Editor/FrameDataEditor.cs using Guid(66e65b1b696e0c54b9889931cf8135a6) Importer(2089858483,192608db42251d675da83286b1cce702) (ScriptedImporter) -> (artifact id: 'aa0ca541b4d4c124d4b3d1003ec3184b') in 0.2076556 seconds
Number of updated asset objects reloaded before import = 0Number of asset objects unloaded after import = 0

========================================================================
Received Import Request.
  Time since last request: 0.000023 seconds.
  path: Assets/Art/MINIFANTASY Creatures - Super Low Res 2D Pixel Art by Krishna Palacio/Animations/Humanoids/Human/Human/HumanBase.controller
  artifactKey: Guid(d25a1832acb53f3439b4379e08441ae5) Importer(2089858483,192608db42251d675da83286b1cce702)
Start importing Assets/Art/MINIFANTASY Creatures - Super Low Res 2D Pixel Art by Krishna Palacio/Animations/Humanoids/Human/Human/HumanBase.controller using Guid(d25a1832acb53f3439b4379e08441ae5) Importer(2089858483,192608db42251d675da83286b1cce702) (ScriptedImporter) -> (artifact id: '4f8e73adf46d95b93c647cb6c3c3e04f') in 0.0110619 seconds
Number of updated asset objects reloaded before import = 0Number of asset objects unloaded after import = 16

========================================================================
Received Import Request.
  Time since last request: 3.656783 seconds.
  path: Assets/Art/equip/EquipmentData.asset
  artifactKey: Guid(736999a148e3ca14e8d9072ce5224e4b) Importer(815301076,1909f56bfc062723c751e8b465ee728b)
Start importing Assets/Art/equip/EquipmentData.asset using Guid(736999a148e3ca14e8d9072ce5224e4b) Importer(815301076,1909f56bfc062723c751e8b465ee728b) (PreviewImporter) -> (artifact id: '84470b7e7d8d3727141679cd18f4e75d') in 0.0190659 seconds
Number of updated asset objects reloaded before import = 0Number of asset objects unloaded after import = 1

========================================================================
Received Import Request.
  Time since last request: 20.565134 seconds.
  path: Assets/Art/equip/EquipmentData.asset
  artifactKey: Guid(736999a148e3ca14e8d9072ce5224e4b) Importer(2089858483,192608db42251d675da83286b1cce702)
Start importing Assets/Art/equip/EquipmentData.asset using Guid(736999a148e3ca14e8d9072ce5224e4b) Importer(2089858483,192608db42251d675da83286b1cce702) (ScriptedImporter) -> (artifact id: '4bd2da951f5984acadbef60a527b4ff6') in 0.0288069 seconds
Number of updated asset objects reloaded before import = 0Number of asset objects unloaded after import = 1

========================================================================
Received Import Request.
  Time since last request: 984.395000 seconds.
  path: Assets/Art/equip/YellowBackpacks_facingback.png
  artifactKey: Guid(e0b192e8bc8bc5443b28fd64964e95dc) Importer(815301076,1909f56bfc062723c751e8b465ee728b)
Start importing Assets/Art/equip/YellowBackpacks_facingback.png using Guid(e0b192e8bc8bc5443b28fd64964e95dc) Importer(815301076,1909f56bfc062723c751e8b465ee728b) (PreviewImporter) -> (artifact id: '4cff622d45506f1184f5b4c12824f951') in 0.1517036 seconds
Number of updated asset objects reloaded before import = 0Number of asset objects unloaded after import = 12

========================================================================
Received Import Request.
  Time since last request: 102.073751 seconds.
  path: Assets/Art/equip/精灵-0001.aseprite
  artifactKey: Guid(8b72f41ab300cd7419c8929af7b67b4b) Importer(2089858483,192608db42251d675da83286b1cce702)
Start importing Assets/Art/equip/精灵-0001.aseprite using Guid(8b72f41ab300cd7419c8929af7b67b4b) Importer(2089858483,192608db42251d675da83286b1cce702) (ScriptedImporter) -> (artifact id: '13e0f74a62b6e4b4326672700fd8b70a') in 0.123969 seconds
Number of updated asset objects reloaded before import = 0Number of asset objects unloaded after import = 7

========================================================================
Received Import Request.
  Time since last request: 0.139818 seconds.
  path: Assets/Art/equip/精灵-0001.aseprite
  artifactKey: Guid(8b72f41ab300cd7419c8929af7b67b4b) Importer(815301076,1909f56bfc062723c751e8b465ee728b)
Start importing Assets/Art/equip/精灵-0001.aseprite using Guid(8b72f41ab300cd7419c8929af7b67b4b) Importer(815301076,1909f56bfc062723c751e8b465ee728b) (PreviewImporter) -> (artifact id: '7a9785eecccf57e884e7b541c6b1d7ef') in 0.4359445 seconds
Number of updated asset objects reloaded before import = 0Number of asset objects unloaded after import = 7

========================================================================
Received Import Request.
  Time since last request: 23.130453 seconds.
  path: Assets/Art/equip/精灵-0001.png
  artifactKey: Guid(61b4d03146f44454296aff8e68732164) Importer(815301076,1909f56bfc062723c751e8b465ee728b)
Start importing Assets/Art/equip/精灵-0001.png using Guid(61b4d03146f44454296aff8e68732164) Importer(815301076,1909f56bfc062723c751e8b465ee728b) (PreviewImporter) -> (artifact id: '71f25984ea65cb8b0ca7a3063ee09764') in 0.0148273 seconds
Number of updated asset objects reloaded before import = 0Number of asset objects unloaded after import = 3

========================================================================
Received Import Request.
  Time since last request: 15.225661 seconds.
  path: Assets/Art/equip/精灵-0001.png
  artifactKey: Guid(61b4d03146f44454296aff8e68732164) Importer(815301076,1909f56bfc062723c751e8b465ee728b)
Start importing Assets/Art/equip/精灵-0001.png using Guid(61b4d03146f44454296aff8e68732164) Importer(815301076,1909f56bfc062723c751e8b465ee728b) (PreviewImporter) -> (artifact id: '1990dbb13c7225ec43a3c0606a30fc5f') in 0.011043 seconds
Number of updated asset objects reloaded before import = 0Number of asset objects unloaded after import = 3

========================================================================
Received Import Request.
  Time since last request: 6.446606 seconds.
  path: Assets/Art/equip/EquipmentData 1.asset
  artifactKey: Guid(e5c1a3599aa2a4046a2c2f34e322ceda) Importer(815301076,1909f56bfc062723c751e8b465ee728b)
Start importing Assets/Art/equip/EquipmentData 1.asset using Guid(e5c1a3599aa2a4046a2c2f34e322ceda) Importer(815301076,1909f56bfc062723c751e8b465ee728b) (PreviewImporter) -> (artifact id: '8555117e0e7f68ac6d58392e135ac1c2') in 0.0021455 seconds
Number of updated asset objects reloaded before import = 0Number of asset objects unloaded after import = 3

========================================================================
Received Import Request.
  Time since last request: 0.890280 seconds.
  path: Assets/Art/equip/EquipmentData.asset
  artifactKey: Guid(736999a148e3ca14e8d9072ce5224e4b) Importer(2089858483,192608db42251d675da83286b1cce702)
Start importing Assets/Art/equip/EquipmentData.asset using Guid(736999a148e3ca14e8d9072ce5224e4b) Importer(2089858483,192608db42251d675da83286b1cce702) (ScriptedImporter) -> (artifact id: '89d63b040cfaac98e96ab02776aaa219') in 0.0115562 seconds
Number of updated asset objects reloaded before import = 0Number of asset objects unloaded after import = 3

========================================================================
Received Import Request.
  Time since last request: 8.449670 seconds.
  path: Assets/Minifantasy_NPCs_Assets/Generic_NPCs/Dmg/Body/Gloves/Minifantasy_NPCsDmg_Gloves_green.png
  artifactKey: Guid(b5619bee2235f404297f226660d82861) Importer(815301076,1909f56bfc062723c751e8b465ee728b)
Start importing Assets/Minifantasy_NPCs_Assets/Generic_NPCs/Dmg/Body/Gloves/Minifantasy_NPCsDmg_Gloves_green.png using Guid(b5619bee2235f404297f226660d82861) Importer(815301076,1909f56bfc062723c751e8b465ee728b) (PreviewImporter) -> (artifact id: 'c30c92faeeb23fa5cf627f6a8f62afea') in 0.0185113 seconds
Number of updated asset objects reloaded before import = 0Number of asset objects unloaded after import = 3

========================================================================
Received Import Request.
  Time since last request: 0.000037 seconds.
  path: Assets/Minifantasy_NPCs_Assets/Generic_NPCs/Dmg/Body/Gloves/Minifantasy_NPCsDmg_Gloves_lime.png
  artifactKey: Guid(14414f33abe915540a14e244c8e2327b) Importer(815301076,1909f56bfc062723c751e8b465ee728b)
Start importing Assets/Minifantasy_NPCs_Assets/Generic_NPCs/Dmg/Body/Gloves/Minifantasy_NPCsDmg_Gloves_lime.png using Guid(14414f33abe915540a14e244c8e2327b) Importer(815301076,1909f56bfc062723c751e8b465ee728b) (PreviewImporter) -> (artifact id: '856de37145dcbd66bd9206cafde04b6f') in 0.0180444 seconds
Number of updated asset objects reloaded before import = 0Number of asset objects unloaded after import = 3

========================================================================
Received Import Request.
  Time since last request: 0.000045 seconds.
  path: Assets/Minifantasy_NPCs_Assets/Generic_NPCs/Dmg/Head/Hats/Bandana/Minifantasy_NPCsDmg_Hat_Bandana_blackleather.png
  artifactKey: Guid(f4fb7ef9aa3c0204ca250e792dab95da) Importer(815301076,1909f56bfc062723c751e8b465ee728b)
Start importing Assets/Minifantasy_NPCs_Assets/Generic_NPCs/Dmg/Head/Hats/Bandana/Minifantasy_NPCsDmg_Hat_Bandana_blackleather.png using Guid(f4fb7ef9aa3c0204ca250e792dab95da) Importer(815301076,1909f56bfc062723c751e8b465ee728b) (PreviewImporter) -> (artifact id: 'efb173db64a32192bbe92ae10df002f9') in 0.0158065 seconds
Number of updated asset objects reloaded before import = 0Number of asset objects unloaded after import = 3

========================================================================
Received Import Request.
  Time since last request: 0.000030 seconds.
  path: Assets/Minifantasy_NPCs_Assets/Generic_NPCs/Dmg/Head/Hats/Bandana/Minifantasy_NPCsDmg_Hat_Bandana_black.png
  artifactKey: Guid(03e5436318b694d47bd346248451d6d8) Importer(815301076,1909f56bfc062723c751e8b465ee728b)
Start importing Assets/Minifantasy_NPCs_Assets/Generic_NPCs/Dmg/Head/Hats/Bandana/Minifantasy_NPCsDmg_Hat_Bandana_black.png using Guid(03e5436318b694d47bd346248451d6d8) Importer(815301076,1909f56bfc062723c751e8b465ee728b) (PreviewImporter) -> (artifact id: '393d49bb4b82d2b677feb55ecbb8ba71') in 0.0152714 seconds
Number of updated asset objects reloaded before import = 0Number of asset objects unloaded after import = 3

========================================================================
Received Import Request.
  Time since last request: 0.000046 seconds.
  path: Assets/Minifantasy_NPCs_Assets/Generic_NPCs/Dmg/Head/Hats/Bandana/Minifantasy_NPCsDmg_Hat_Bandana_blue.png
  artifactKey: Guid(4984e18b68bfd4e4a8934ed8bd823c22) Importer(815301076,1909f56bfc062723c751e8b465ee728b)
Start importing Assets/Minifantasy_NPCs_Assets/Generic_NPCs/Dmg/Head/Hats/Bandana/Minifantasy_NPCsDmg_Hat_Bandana_blue.png using Guid(4984e18b68bfd4e4a8934ed8bd823c22) Importer(815301076,1909f56bfc062723c751e8b465ee728b) (PreviewImporter) -> (artifact id: '42144d05880e5d2d0154a74851f4b5ab') in 0.0169309 seconds
Number of updated asset objects reloaded before import = 0Number of asset objects unloaded after import = 3

========================================================================
Received Import Request.
  Time since last request: 0.000116 seconds.
  path: Assets/Minifantasy_NPCs_Assets/Generic_NPCs/Dmg/Head/Hats/Bandana/Minifantasy_NPCsDmg_Hat_Bandana_green.png
  artifactKey: Guid(c814e5ef65553ef4e98d65fe75a6aeca) Importer(815301076,1909f56bfc062723c751e8b465ee728b)
Start importing Assets/Minifantasy_NPCs_Assets/Generic_NPCs/Dmg/Head/Hats/Bandana/Minifantasy_NPCsDmg_Hat_Bandana_green.png using Guid(c814e5ef65553ef4e98d65fe75a6aeca) Importer(815301076,1909f56bfc062723c751e8b465ee728b) (PreviewImporter) -> (artifact id: '5bd7a4e3b991d6fe661cee2bcc31c430') in 0.0212487 seconds
Number of updated asset objects reloaded before import = 0Number of asset objects unloaded after import = 3

========================================================================
Received Import Request.
  Time since last request: 0.000034 seconds.
  path: Assets/Minifantasy_NPCs_Assets/Generic_NPCs/Dmg/Head/Hats/Bandana/Minifantasy_NPCsDmg_Hat_Bandana_brownleather.png
  artifactKey: Guid(a69b5bf66c5ee0944b0957d1a57ecbc6) Importer(815301076,1909f56bfc062723c751e8b465ee728b)
Start importing Assets/Minifantasy_NPCs_Assets/Generic_NPCs/Dmg/Head/Hats/Bandana/Minifantasy_NPCsDmg_Hat_Bandana_brownleather.png using Guid(a69b5bf66c5ee0944b0957d1a57ecbc6) Importer(815301076,1909f56bfc062723c751e8b465ee728b) (PreviewImporter) -> (artifact id: 'b7be09c1c53e546841d4f7ebed0b3379') in 0.0178777 seconds
Number of updated asset objects reloaded before import = 0Number of asset objects unloaded after import = 3

========================================================================
Received Import Request.
  Time since last request: 0.000030 seconds.
  path: Assets/Minifantasy_NPCs_Assets/Generic_NPCs/Dmg/Body/Gloves/Minifantasy_NPCsDmg_Gloves_yellow.png
  artifactKey: Guid(0846b97d386b17f4c9468de6de7910b3) Importer(815301076,1909f56bfc062723c751e8b465ee728b)
Start importing Assets/Minifantasy_NPCs_Assets/Generic_NPCs/Dmg/Body/Gloves/Minifantasy_NPCsDmg_Gloves_yellow.png using Guid(0846b97d386b17f4c9468de6de7910b3) Importer(815301076,1909f56bfc062723c751e8b465ee728b) (PreviewImporter) -> (artifact id: 'abe11df41e6c220ed37063f95a562de0') in 0.0149324 seconds
Number of updated asset objects reloaded before import = 0Number of asset objects unloaded after import = 3

========================================================================
Received Import Request.
  Time since last request: 0.000025 seconds.
  path: Assets/Minifantasy_NPCs_Assets/Generic_NPCs/Dmg/Body/Gloves/Minifantasy_NPCsDmg_Gloves_red.png
  artifactKey: Guid(9835aecd8f24e704daf8cdb7bcf613f1) Importer(815301076,1909f56bfc062723c751e8b465ee728b)
Start importing Assets/Minifantasy_NPCs_Assets/Generic_NPCs/Dmg/Body/Gloves/Minifantasy_NPCsDmg_Gloves_red.png using Guid(9835aecd8f24e704daf8cdb7bcf613f1) Importer(815301076,1909f56bfc062723c751e8b465ee728b) (PreviewImporter) -> (artifact id: 'cd7c204308e03c27adc2c6da7d2d42d9') in 0.0152949 seconds
Number of updated asset objects reloaded before import = 0Number of asset objects unloaded after import = 3

========================================================================
Received Import Request.
  Time since last request: 0.000029 seconds.
  path: Assets/Minifantasy_NPCs_Assets/Generic_NPCs/Dmg/Body/Gloves/Minifantasy_NPCsDmg_Gloves_whiteleather.png
  artifactKey: Guid(8f89825dc849bbc4990a14740a87a047) Importer(815301076,1909f56bfc062723c751e8b465ee728b)
Start importing Assets/Minifantasy_NPCs_Assets/Generic_NPCs/Dmg/Body/Gloves/Minifantasy_NPCsDmg_Gloves_whiteleather.png using Guid(8f89825dc849bbc4990a14740a87a047) Importer(815301076,1909f56bfc062723c751e8b465ee728b) (PreviewImporter) -> (artifact id: 'ce0165f31883be2f9bee16c6f26bf754') in 0.0141338 seconds
Number of updated asset objects reloaded before import = 0Number of asset objects unloaded after import = 3

Editor requested this worker to shutdown with reason: Scaling down because of idle timeout
AssetImportWorker is now disconnected from the server
Process exiting
Exiting without the bug reporter. Application will terminate with return code 0