[Licensing::Module] Trying to connect to existing licensing client channel...
Built from '6000.2/staging' branch; Version is '6000.2.9f1 (e0c4e791ab71) revision 14730471'; Using compiler version '194234433'; Build Type 'Release'
[Licensing::IpcConnector] Successfully connected to: "LicenseClient-zhuagenbao" at "2025-11-28T12:27:25.3503158Z"
OS: 'Windows 11  (10.0.22631) 64bit CoreCountrySpecific' Language: 'zh' Physical Memory: 23777 MB
BatchMode: 1, IsHumanControllingUs: 0, StartBugReporterOnCrash: 0, Is64bit: 1
Date: 2025-11-28T12:27:25Z

COMMAND LINE ARGUMENTS:
D:\gameObject\develop\Editor\6000.2.9f1\Editor\Unity.exe
-adb2
-batchMode
-noUpm
-name
AssetImportWorker12
-projectPath
C:/Users/zhuagenbao/Desktop/MiniCharacterCreator-main/test
-logFile
Logs/AssetImportWorker12.log
-srvPort
9965
-licensingIpc
LicenseClient-zhuagenbao
-job-worker-count
7
-background-job-worker-count
8
-gc-helper-count
1
-name
AssetImport
Successfully changed project path to: C:/Users/zhuagenbao/Desktop/MiniCharacterCreator-main/test
C:/Users/zhuagenbao/Desktop/MiniCharacterCreator-main/test
[UnityMemory] Configuration Parameters - Can be set up in boot.config
    "memorysetup-allocator-temp-initial-block-size-main=262144"
    "memorysetup-allocator-temp-initial-block-size-worker=262144"
    "memorysetup-bucket-allocator-granularity=16"
    "memorysetup-bucket-allocator-bucket-count=8"
    "memorysetup-bucket-allocator-block-size=33554432"
    "memorysetup-bucket-allocator-block-count=8"
    "memorysetup-main-allocator-block-size=16777216"
    "memorysetup-thread-allocator-block-size=16777216"
    "memorysetup-gfx-main-allocator-block-size=16777216"
    "memorysetup-gfx-thread-allocator-block-size=16777216"
    "memorysetup-cache-allocator-block-size=4194304"
    "memorysetup-typetree-allocator-block-size=2097152"
    "memorysetup-profiler-bucket-allocator-granularity=16"
    "memorysetup-profiler-bucket-allocator-bucket-count=8"
    "memorysetup-profiler-bucket-allocator-block-size=33554432"
    "memorysetup-profiler-bucket-allocator-block-count=8"
    "memorysetup-profiler-allocator-block-size=16777216"
    "memorysetup-profiler-editor-allocator-block-size=1048576"
    "memorysetup-temp-allocator-size-main=16777216"
    "memorysetup-job-temp-allocator-block-size=2097152"
    "memorysetup-job-temp-allocator-block-size-background=1048576"
    "memorysetup-job-temp-allocator-reduction-small-platforms=262144"
    "memorysetup-temp-allocator-size-background-worker=32768"
    "memorysetup-temp-allocator-size-job-worker=262144"
    "memorysetup-temp-allocator-size-preload-manager=33554432"
    "memorysetup-temp-allocator-size-nav-mesh-worker=65536"
    "memorysetup-temp-allocator-size-audio-worker=65536"
    "memorysetup-temp-allocator-size-cloud-worker=32768"
    "memorysetup-temp-allocator-size-gi-baking-worker=262144"
    "memorysetup-temp-allocator-size-gi-baking-worker=262144"
    "memorysetup-temp-allocator-size-gi-baking-worker=262144"
    "memorysetup-temp-allocator-size-gi-baking-worker=262144"
    "memorysetup-temp-allocator-size-gi-baking-worker=262144"
    "memorysetup-temp-allocator-size-gfx=262144"
Player connection [45332]  Target information:

Player connection [45332]  * "[IP] 192.168.2.6 [Port] 0 [Flags] 2 [Guid] 470838717 [EditorId] 470838717 [Version] 1048832 [Id] WindowsEditor(7,DESKTOP-KP4589M) [Debug] 1 [PackageName] WindowsEditor [ProjectName] Editor" 

Player connection [45332] Host joined multi-casting on [225.0.0.222:54997]...
Player connection [45332] Host joined alternative multi-casting on [225.0.0.222:34997]...
JobSystem: Creating JobQueue using job-worker-count value 7
[Licensing::Client] Code 10 while verifying Licensing Client signature (process Id: 3480, path: "D:/gameObject/develop/Unity Hub/UnityLicensingClient_V1/Unity.Licensing.Client.exe")
[Licensing::Module] LicensingClient has failed validation; ignoring
Input System module state changed to: Initialized.
[Licensing::Client] Handshaking with LicensingClient:
  Version:                 1.17.3+a4e98f1
  Session Id:              cd2ba2174c184eb08cf468c4072039a9
  Correlation Id:          2b31e98de914352a7463e6f9bde81cdd
  External correlation Id: 9148193036568465187
  Machine Id:              K60tJ5c+ydKCg23vUYm+4PjQmTY=
[Licensing::Module] Successfully connected to LicensingClient on channel: "LicenseClient-zhuagenbao" (connect: 0.00s, validation: 0.00s, handshake: 0.05s)
[Licensing::IpcConnector] Successfully connected to: "LicenseClient-zhuagenbao-notifications" at "2025-11-28T12:27:25.3975723Z"
[Physics::Module] Initialized fallback backend.
[Licensing::Module] Licensing Background thread has ended after 0.05s
[Physics::Module] Id: 0xdecafbad
Library Redirect Path: Library/
[Physics::Module] Selected backend.
[Physics::Module] Name: PhysX
[Physics::Module] Id: 0xf2b8ea05
[Physics::Module] SDK Version: 4.1.2
[Physics::Module] Integration Version: 1.0.0
[Physics::Module] Threading Mode: Multi-Threaded
Refreshing native plugins compatible for Editor in 16.30 ms, found 4 plugins.
Preloading 0 native plugins for Editor in 0.00 ms.
Initialize engine version: 6000.2.9f1 (e0c4e791ab71)
[Subsystems] Discovering subsystems at path D:/gameObject/develop/Editor/6000.2.9f1/Editor/Data/Resources/UnitySubsystems
[Subsystems] Discovering subsystems at path C:/Users/zhuagenbao/Desktop/MiniCharacterCreator-main/test/Assets
GfxDevice: creating device client; kGfxThreadingModeNonThreaded
Direct3D:
    Version:  Direct3D 11.0 [level 11.1]
    Renderer: NVIDIA GeForce RTX 4060 Laptop GPU (ID=0x28a0)
    Vendor:   NVIDIA
    VRAM:     7957 MB
    Driver:   32.0.15.7283
Initialize mono
Mono path[0] = 'D:/gameObject/develop/Editor/6000.2.9f1/Editor/Data/Managed'
Mono path[1] = 'D:/gameObject/develop/Editor/6000.2.9f1/Editor/Data/MonoBleedingEdge/lib/mono/unityjit-win32'
Mono config path = 'D:/gameObject/develop/Editor/6000.2.9f1/Editor/Data/MonoBleedingEdge/etc'
Using monoOptions --debugger-agent=transport=dt_socket,embedding=1,server=y,suspend=n,address=127.0.0.1:56544
Begin MonoManager ReloadAssembly
Registering precompiled unity dll's ...
Register platform support module: D:/gameObject/develop/Editor/6000.2.9f1/Editor/Data/PlaybackEngines/WindowsStandaloneSupport/UnityEditor.WindowsStandalone.Extensions.dll
Registered in 0.001320 seconds.
- Loaded All Assemblies, in  0.561 seconds
Native extension for WindowsStandalone target not found
Mono: successfully reloaded assembly
- Finished resetting the current domain, in  0.426 seconds
Domain Reload Profiling: 986ms
	BeginReloadAssembly (230ms)
		ExecutionOrderSort (0ms)
		DisableScriptedObjects (0ms)
		BackupInstance (0ms)
		ReleaseScriptingObjects (0ms)
		CreateAndSetChildDomain (1ms)
	RebuildCommonClasses (54ms)
	RebuildNativeTypeToScriptingClass (16ms)
	initialDomainReloadingComplete (56ms)
	LoadAllAssembliesAndSetupDomain (203ms)
		LoadAssemblies (227ms)
		RebuildTransferFunctionScriptingTraits (0ms)
		AnalyzeDomain (199ms)
			TypeCache.Refresh (196ms)
				TypeCache.ScanAssembly (178ms)
			BuildScriptInfoCaches (0ms)
			ResolveRequiredComponents (2ms)
	FinalizeReload (427ms)
		ReleaseScriptCaches (0ms)
		RebuildScriptCaches (0ms)
		SetupLoadedEditorAssemblies (367ms)
			LogAssemblyErrors (0ms)
			InitializePlatformSupportModulesInManaged (51ms)
			SetLoadedEditorAssemblies (6ms)
			BeforeProcessingInitializeOnLoad (83ms)
			ProcessInitializeOnLoadAttributes (161ms)
			ProcessInitializeOnLoadMethodAttributes (66ms)
			AfterProcessingInitializeOnLoad (0ms)
			EditorAssembliesLoaded (0ms)
		ExecutionOrderSort2 (0ms)
		AwakeInstancesAfterBackupRestoration (0ms)
========================================================================
Worker process is ready to serve import requests
Import Worker Mode flag is 0x00
Begin MonoManager ReloadAssembly
[Licensing::Client] Successfully resolved entitlement details
[Licensing::Module] License group:
  Id: F4-NMTP-SXWG-HN24-U9HH-XXXX
  Product: Unity Personal
  Type: ULF
  Expiration: 2025-12-08T13:12:36Z
[Licensing::Module] License group:
  Id: ewogICJzdWJzR3JvdXAiIDogInVuaXR5IGVkaXRvciIsCiAgIm5hbWVzcGFjZSIgOiAidW5pdHlfZWRpdG9yIiwKICAidHlwZSIgOiAiRURJVE9SIiwKICAidGFnIiA6ICJVbml0eVBlcnNvbmFsXXXX
  Product: Unity Personal Version
  Type: Assigned
  Expiration: Unlimited
- Loaded All Assemblies, in  1.292 seconds
Refreshing native plugins compatible for Editor in 4.60 ms, found 4 plugins.
Native extension for WindowsStandalone target not found
Package Manager log level set to [2]
[Package Manager] Failed to launch server process. Reason: Unity was launched with the -noUpm command-line argument
[Package Manager] Unable to send message (not connected to server process).
[Package Manager] Cannot connect to Unity Package Manager local server
Mono: successfully reloaded assembly
- Finished resetting the current domain, in  1.191 seconds
Domain Reload Profiling: 2480ms
	BeginReloadAssembly (211ms)
		ExecutionOrderSort (0ms)
		DisableScriptedObjects (9ms)
		BackupInstance (0ms)
		ReleaseScriptingObjects (0ms)
		CreateAndSetChildDomain (41ms)
	RebuildCommonClasses (40ms)
	RebuildNativeTypeToScriptingClass (11ms)
	initialDomainReloadingComplete (41ms)
	LoadAllAssembliesAndSetupDomain (986ms)
		LoadAssemblies (655ms)
		RebuildTransferFunctionScriptingTraits (0ms)
		AnalyzeDomain (443ms)
			TypeCache.Refresh (326ms)
				TypeCache.ScanAssembly (301ms)
			BuildScriptInfoCaches (92ms)
			ResolveRequiredComponents (20ms)
	FinalizeReload (1192ms)
		ReleaseScriptCaches (0ms)
		RebuildScriptCaches (0ms)
		SetupLoadedEditorAssemblies (964ms)
			LogAssemblyErrors (0ms)
			InitializePlatformSupportModulesInManaged (2ms)
			SetLoadedEditorAssemblies (9ms)
			BeforeProcessingInitializeOnLoad (247ms)
			ProcessInitializeOnLoadAttributes (554ms)
			ProcessInitializeOnLoadMethodAttributes (149ms)
			AfterProcessingInitializeOnLoad (3ms)
			EditorAssembliesLoaded (0ms)
		ExecutionOrderSort2 (0ms)
		AwakeInstancesAfterBackupRestoration (7ms)
Launched and connected shader compiler UnityShaderCompiler.exe after 0.01 seconds
Refreshing native plugins compatible for Editor in 1.94 ms, found 4 plugins.
Preloading 0 native plugins for Editor in 0.00 ms.
Unloading 34 Unused Serialized files (Serialized files now loaded: 0)
Unloading 7554 unused Assets / (8.1 MB). Loaded Objects now: 8235.
Memory consumption went from 159.8 MB to 151.7 MB.
Total: 24.793000 ms (FindLiveObjects: 1.541500 ms CreateObjectMapping: 1.598700 ms MarkObjects: 11.436600 ms  DeleteObjects: 10.214200 ms)

========================================================================
Received Import Request.
  Time since last request: 46638.847589 seconds.
  path: Assets/Art/MINIFANTASY - Crafting and Professions I/Prefabs/Props/Spinning_Wheel.prefab
  artifactKey: Guid(680d45f93db573e438910ddff80bf03e) Importer(2089858483,192608db42251d675da83286b1cce702)
Start importing Assets/Art/MINIFANTASY - Crafting and Professions I/Prefabs/Props/Spinning_Wheel.prefab using Guid(680d45f93db573e438910ddff80bf03e) Importer(2089858483,192608db42251d675da83286b1cce702) (ScriptedImporter) -> (artifact id: 'ae94700a7ae22491bf119e4e1b0512e4') in 0.4108453 seconds
Number of updated asset objects reloaded before import = 0Number of asset objects unloaded after import = 21

========================================================================
Received Import Request.
  Time since last request: 0.000041 seconds.
  path: Assets/Art/MINIFANTASY - Crafting and Professions I/Sprites/Rogue/Special_Animations/Throw Bomb/Rogue_ThrowBomb.png
  artifactKey: Guid(04785af4cd9f4364ea37075368c8fb35) Importer(2089858483,192608db42251d675da83286b1cce702)
Start importing Assets/Art/MINIFANTASY - Crafting and Professions I/Sprites/Rogue/Special_Animations/Throw Bomb/Rogue_ThrowBomb.png using Guid(04785af4cd9f4364ea37075368c8fb35) Importer(2089858483,192608db42251d675da83286b1cce702) (ScriptedImporter) -> (artifact id: '9ac613f3e94b75e7faa91bcd35964c80') in 0.1925221 seconds
Number of updated asset objects reloaded before import = 0Number of asset objects unloaded after import = 46

========================================================================
Received Import Request.
  Time since last request: 0.000022 seconds.
  path: Assets/Art/MINIFANTASY - Crafting and Professions I/Sprites/Druid/General_Animations/Gifs/Druid_Dmg.gif
  artifactKey: Guid(45e9ff5373ae4294f871f73a65b34067) Importer(2089858483,192608db42251d675da83286b1cce702)
Start importing Assets/Art/MINIFANTASY - Crafting and Professions I/Sprites/Druid/General_Animations/Gifs/Druid_Dmg.gif using Guid(45e9ff5373ae4294f871f73a65b34067) Importer(2089858483,192608db42251d675da83286b1cce702) (ScriptedImporter) -> (artifact id: '3a9fda2873fb5e670f02451fb98de331') in 0.1121185 seconds
Number of updated asset objects reloaded before import = 0Number of asset objects unloaded after import = 3

========================================================================
Received Import Request.
  Time since last request: 0.000032 seconds.
  path: Assets/Art/MINIFANTASY - Crafting and Professions I/Sprites/Barbarian/Special_Animations/Guard/Shadows/Barbarian_BlockGuardUpShadow.png
  artifactKey: Guid(95ab752d0262fb745ae7877178ee7bea) Importer(2089858483,192608db42251d675da83286b1cce702)
Start importing Assets/Art/MINIFANTASY - Crafting and Professions I/Sprites/Barbarian/Special_Animations/Guard/Shadows/Barbarian_BlockGuardUpShadow.png using Guid(95ab752d0262fb745ae7877178ee7bea) Importer(2089858483,192608db42251d675da83286b1cce702) (ScriptedImporter) -> (artifact id: '8b859919b72641111b045fc303efe884') in 0.0646844 seconds
Number of updated asset objects reloaded before import = 0Number of asset objects unloaded after import = 18

========================================================================
Received Import Request.
  Time since last request: 0.000016 seconds.
  path: Assets/Art/MINIFANTASY - Crafting and Professions I/Prefabs/Props/Anvil.prefab
  artifactKey: Guid(484856178dcb7f64ea4d5c02e3b8bbfa) Importer(2089858483,192608db42251d675da83286b1cce702)
Start importing Assets/Art/MINIFANTASY - Crafting and Professions I/Prefabs/Props/Anvil.prefab using Guid(484856178dcb7f64ea4d5c02e3b8bbfa) Importer(2089858483,192608db42251d675da83286b1cce702) (ScriptedImporter) -> (artifact id: 'ac65d611b632e242a3213e0299c30db2') in 0.0233595 seconds
Number of updated asset objects reloaded before import = 0Number of asset objects unloaded after import = 21

========================================================================
Received Import Request.
  Time since last request: 0.000025 seconds.
  path: Assets/Art/MINIFANTASY - Crafting and Professions I/Scripts/Prop Variants/CP1_TreeNode.cs
  artifactKey: Guid(9c47ce13f512bfa4ab80bf3f0a14b688) Importer(2089858483,192608db42251d675da83286b1cce702)
Start importing Assets/Art/MINIFANTASY - Crafting and Professions I/Scripts/Prop Variants/CP1_TreeNode.cs using Guid(9c47ce13f512bfa4ab80bf3f0a14b688) Importer(2089858483,192608db42251d675da83286b1cce702) (ScriptedImporter) -> (artifact id: 'c6154f2e2ec378e30f3ca940a269479b') in 0.009687 seconds
Number of updated asset objects reloaded before import = 0Number of asset objects unloaded after import = 0

========================================================================
Received Import Request.
  Time since last request: 0.000026 seconds.
  path: Assets/Art/MINIFANTASY - Crafting and Professions I/Sprites/Crafting Professions/Woodwork/WorkBench
  artifactKey: Guid(28c9612c55d36b544ba280ac0d749c2e) Importer(2089858483,192608db42251d675da83286b1cce702)
Start importing Assets/Art/MINIFANTASY - Crafting and Professions I/Sprites/Crafting Professions/Woodwork/WorkBench using Guid(28c9612c55d36b544ba280ac0d749c2e) Importer(2089858483,192608db42251d675da83286b1cce702) (ScriptedImporter) -> (artifact id: 'ccc1ee8463d5809243f60d460dd53915') in 0.0086286 seconds
Number of updated asset objects reloaded before import = 0Number of asset objects unloaded after import = 1

========================================================================
Received Import Request.
  Time since last request: 0.000027 seconds.
  path: Assets/Art/MINIFANTASY - Crafting and Professions I/Sprites/Druid/Special_Animations/Shape_Shifting/Forest_Beast/Druid_ShapeShiftHumanToForestBeast.png
  artifactKey: Guid(fb8ac2adcda66fd4db92eeb84e60fcda) Importer(2089858483,192608db42251d675da83286b1cce702)
Start importing Assets/Art/MINIFANTASY - Crafting and Professions I/Sprites/Druid/Special_Animations/Shape_Shifting/Forest_Beast/Druid_ShapeShiftHumanToForestBeast.png using Guid(fb8ac2adcda66fd4db92eeb84e60fcda) Importer(2089858483,192608db42251d675da83286b1cce702) (ScriptedImporter) -> (artifact id: 'f9ef41b2e222d8711773a2219e4031f3') in 0.0849777 seconds
Number of updated asset objects reloaded before import = 0Number of asset objects unloaded after import = 23

========================================================================
Received Import Request.
  Time since last request: 0.000020 seconds.
  path: Assets/Art/MINIFANTASY - Crafting and Professions I/Sprites/Crafting Professions/Jewelry/Character/Halfling_JewelryWorkshopWorking.png
  artifactKey: Guid(aaf5bb668d8d6a8409e413c915631483) Importer(2089858483,192608db42251d675da83286b1cce702)
Start importing Assets/Art/MINIFANTASY - Crafting and Professions I/Sprites/Crafting Professions/Jewelry/Character/Halfling_JewelryWorkshopWorking.png using Guid(aaf5bb668d8d6a8409e413c915631483) Importer(2089858483,192608db42251d675da83286b1cce702) (ScriptedImporter) -> (artifact id: '3450084d2c06bf9094e43302305ae79d') in 0.0522222 seconds
Number of updated asset objects reloaded before import = 0Number of asset objects unloaded after import = 13

========================================================================
Received Import Request.
  Time since last request: 0.000021 seconds.
  path: Assets/Art/MINIFANTASY - Crafting and Professions I/Sprites/Druid/Special_Animations/Shape_Shifting/Forest_Owl/ForestOwl_FlyIdle.png
  artifactKey: Guid(d0f4ca7f47395c04aad4940b51b70fbe) Importer(2089858483,192608db42251d675da83286b1cce702)
Start importing Assets/Art/MINIFANTASY - Crafting and Professions I/Sprites/Druid/Special_Animations/Shape_Shifting/Forest_Owl/ForestOwl_FlyIdle.png using Guid(d0f4ca7f47395c04aad4940b51b70fbe) Importer(2089858483,192608db42251d675da83286b1cce702) (ScriptedImporter) -> (artifact id: '2bfedd6916e36bc2c07a9e8567a28136') in 0.039396 seconds
Number of updated asset objects reloaded before import = 0Number of asset objects unloaded after import = 10

========================================================================
Received Import Request.
  Time since last request: 0.000031 seconds.
  path: Assets/Art/MINIFANTASY - Crafting and Professions I/Sprites/Crafting Professions/Jewelry/JewelryWorkshopWorkingShadow.png
  artifactKey: Guid(2934048b1c0974b459ca1066d34e7c9b) Importer(2089858483,192608db42251d675da83286b1cce702)
Start importing Assets/Art/MINIFANTASY - Crafting and Professions I/Sprites/Crafting Professions/Jewelry/JewelryWorkshopWorkingShadow.png using Guid(2934048b1c0974b459ca1066d34e7c9b) Importer(2089858483,192608db42251d675da83286b1cce702) (ScriptedImporter) -> (artifact id: '6e344846feecbc60bb8146b95bf0b4a5') in 0.0785745 seconds
Number of updated asset objects reloaded before import = 0Number of asset objects unloaded after import = 13

========================================================================
Received Import Request.
  Time since last request: 0.000023 seconds.
  path: Assets/Art/MINIFANTASY - Crafting and Professions I/Animations/Humanoids/Orc/Orc_Mining_SE.anim
  artifactKey: Guid(9d5a0ed2e0a31c94baaf3b687da891bb) Importer(2089858483,192608db42251d675da83286b1cce702)
Start importing Assets/Art/MINIFANTASY - Crafting and Professions I/Animations/Humanoids/Orc/Orc_Mining_SE.anim using Guid(9d5a0ed2e0a31c94baaf3b687da891bb) Importer(2089858483,192608db42251d675da83286b1cce702) (ScriptedImporter) -> (artifact id: '68bacd3a36a644c261ab7129e15b358a') in 0.0200338 seconds
Number of updated asset objects reloaded before import = 0Number of asset objects unloaded after import = 1

========================================================================
Received Import Request.
  Time since last request: 0.000021 seconds.
  path: Assets/Art/MINIFANTASY - Crafting and Professions I/Sprites/Gathering Professions/Harvesting/Characters/Gif/HarvestAnimation.gif
  artifactKey: Guid(e6228abe19b101c4d8a7615be3672402) Importer(2089858483,192608db42251d675da83286b1cce702)
Start importing Assets/Art/MINIFANTASY - Crafting and Professions I/Sprites/Gathering Professions/Harvesting/Characters/Gif/HarvestAnimation.gif using Guid(e6228abe19b101c4d8a7615be3672402) Importer(2089858483,192608db42251d675da83286b1cce702) (ScriptedImporter) -> (artifact id: 'cc093376d29bdbe8484a42acafb1c936') in 0.0318843 seconds
Number of updated asset objects reloaded before import = 0Number of asset objects unloaded after import = 3

========================================================================
Received Import Request.
  Time since last request: 0.000022 seconds.
  path: Assets/Art/MINIFANTASY - Crafting and Professions I/Animations/Humanoids/Dwarf/Dwarf_Harvest_NW.anim
  artifactKey: Guid(5a737594258f27d45836a24790d994ef) Importer(2089858483,192608db42251d675da83286b1cce702)
Start importing Assets/Art/MINIFANTASY - Crafting and Professions I/Animations/Humanoids/Dwarf/Dwarf_Harvest_NW.anim using Guid(5a737594258f27d45836a24790d994ef) Importer(2089858483,192608db42251d675da83286b1cce702) (ScriptedImporter) -> (artifact id: 'ac13085d9d99a8518d8133eb09ffcc55') in 0.007936 seconds
Number of updated asset objects reloaded before import = 0Number of asset objects unloaded after import = 1

========================================================================
Received Import Request.
  Time since last request: 0.000041 seconds.
  path: Assets/Art/MINIFANTASY - Crafting and Professions I/Sprites/Crafting Professions/Blacksmith/Anvil/Characters/Goblin_AnvilWorking.png
  artifactKey: Guid(5b3e807456160f34bb80d0c1a9ea3e3b) Importer(2089858483,192608db42251d675da83286b1cce702)
Start importing Assets/Art/MINIFANTASY - Crafting and Professions I/Sprites/Crafting Professions/Blacksmith/Anvil/Characters/Goblin_AnvilWorking.png using Guid(5b3e807456160f34bb80d0c1a9ea3e3b) Importer(2089858483,192608db42251d675da83286b1cce702) (ScriptedImporter) -> (artifact id: 'f2ad6cbf19c2a7249527826132cbf08e') in 0.0365173 seconds
Number of updated asset objects reloaded before import = 0Number of asset objects unloaded after import = 8

========================================================================
Received Import Request.
  Time since last request: 0.000061 seconds.
  path: Assets/Art/MINIFANTASY - Crafting and Professions I/Sprites/Barbarian/Special_Animations/Guard/Shadows
  artifactKey: Guid(cb42e22b9aba9ee4d9082735912b6aeb) Importer(2089858483,192608db42251d675da83286b1cce702)
Start importing Assets/Art/MINIFANTASY - Crafting and Professions I/Sprites/Barbarian/Special_Animations/Guard/Shadows using Guid(cb42e22b9aba9ee4d9082735912b6aeb) Importer(2089858483,192608db42251d675da83286b1cce702) (ScriptedImporter) -> (artifact id: 'd97d2a8a4aa24dc0f5f2b97e99f39513') in 0.0048136 seconds
Number of updated asset objects reloaded before import = 0Number of asset objects unloaded after import = 1

========================================================================
Received Import Request.
  Time since last request: 0.000014 seconds.
  path: Assets/Art/MINIFANTASY - Crafting and Professions I/Animations/Props/Jewelry/Jewelry_AnimatorOverrideController.overrideController
  artifactKey: Guid(91d8b8a264cb0b647a712b1182a94ff9) Importer(2089858483,192608db42251d675da83286b1cce702)
Start importing Assets/Art/MINIFANTASY - Crafting and Professions I/Animations/Props/Jewelry/Jewelry_AnimatorOverrideController.overrideController using Guid(91d8b8a264cb0b647a712b1182a94ff9) Importer(2089858483,192608db42251d675da83286b1cce702) (ScriptedImporter) -> (artifact id: '886884028b57c032c91fe2598ba8b4b5') in 0.0088899 seconds
Number of updated asset objects reloaded before import = 0Number of asset objects unloaded after import = 8

========================================================================
Received Import Request.
  Time since last request: 0.000014 seconds.
  path: Assets/Art/MINIFANTASY - Crafting and Professions I/Sprites/Barbarian/General_Animations/Shadows/Barbarian_IdleShadow.png
  artifactKey: Guid(7838828d06818a9458ff635d3d5fb4a7) Importer(2089858483,192608db42251d675da83286b1cce702)
Start importing Assets/Art/MINIFANTASY - Crafting and Professions I/Sprites/Barbarian/General_Animations/Shadows/Barbarian_IdleShadow.png using Guid(7838828d06818a9458ff635d3d5fb4a7) Importer(2089858483,192608db42251d675da83286b1cce702) (ScriptedImporter) -> (artifact id: 'fee4a231ede4635ebd586448dae6a4d2') in 0.1828268 seconds
Number of updated asset objects reloaded before import = 0Number of asset objects unloaded after import = 66

========================================================================
Received Import Request.
  Time since last request: 0.000022 seconds.
  path: Assets/Art/MINIFANTASY - Crafting and Professions I/Animations/Humanoids/Human/Human_Harvest_SW.anim
  artifactKey: Guid(7297f36ce8e93e24ca33d6ea4ad899fe) Importer(2089858483,192608db42251d675da83286b1cce702)
Start importing Assets/Art/MINIFANTASY - Crafting and Professions I/Animations/Humanoids/Human/Human_Harvest_SW.anim using Guid(7297f36ce8e93e24ca33d6ea4ad899fe) Importer(2089858483,192608db42251d675da83286b1cce702) (ScriptedImporter) -> (artifact id: '88a33f434e8f216023cd006257b6a3c5') in 0.0100334 seconds
Number of updated asset objects reloaded before import = 0Number of asset objects unloaded after import = 1

========================================================================
Received Import Request.
  Time since last request: 0.000044 seconds.
  path: Assets/Art/MINIFANTASY - Crafting and Professions I/Sprites/Crafting Professions/Blacksmith/Anvil/Characters
  artifactKey: Guid(4d84f2bba97297549bb5d39b92e9a1c0) Importer(2089858483,192608db42251d675da83286b1cce702)
Start importing Assets/Art/MINIFANTASY - Crafting and Professions I/Sprites/Crafting Professions/Blacksmith/Anvil/Characters using Guid(4d84f2bba97297549bb5d39b92e9a1c0) Importer(2089858483,192608db42251d675da83286b1cce702) (ScriptedImporter) -> (artifact id: '03519a55d2a4d2548f2eb582ab1c5658') in 0.0074394 seconds
Number of updated asset objects reloaded before import = 0Number of asset objects unloaded after import = 1

========================================================================
Received Import Request.
  Time since last request: 0.000019 seconds.
  path: Assets/Art/MINIFANTASY - Crafting and Professions I/Animations/Props/Tailor/Spinning_Wheel_AnimatorOverrideController.overrideController
  artifactKey: Guid(722825f9d6547284c85fda5fe1726561) Importer(2089858483,192608db42251d675da83286b1cce702)
Start importing Assets/Art/MINIFANTASY - Crafting and Professions I/Animations/Props/Tailor/Spinning_Wheel_AnimatorOverrideController.overrideController using Guid(722825f9d6547284c85fda5fe1726561) Importer(2089858483,192608db42251d675da83286b1cce702) (ScriptedImporter) -> (artifact id: 'c000892eb9550acc633b30b391e583f2') in 0.0080234 seconds
Number of updated asset objects reloaded before import = 0Number of asset objects unloaded after import = 8

========================================================================
Received Import Request.
  Time since last request: 0.000017 seconds.
  path: Assets/Art/MINIFANTASY - Crafting and Professions I/Sprites/Gathering Professions/Logging/Trees Hit/Shadows
  artifactKey: Guid(f2c35a7f239188f45adcc8244b776e11) Importer(2089858483,192608db42251d675da83286b1cce702)
Start importing Assets/Art/MINIFANTASY - Crafting and Professions I/Sprites/Gathering Professions/Logging/Trees Hit/Shadows using Guid(f2c35a7f239188f45adcc8244b776e11) Importer(2089858483,192608db42251d675da83286b1cce702) (ScriptedImporter) -> (artifact id: 'e7263fe539cf098c996a3c744766b419') in 0.0058281 seconds
Number of updated asset objects reloaded before import = 0Number of asset objects unloaded after import = 1

========================================================================
Received Import Request.
  Time since last request: 0.000014 seconds.
  path: Assets/Art/MINIFANTASY - Crafting and Professions I/Sprites/Rogue/Special_Animations/Mobility/Shadows/Rogue_DodgeShadow.png
  artifactKey: Guid(f30aeb080ce5d274fac0a9d325d18654) Importer(2089858483,192608db42251d675da83286b1cce702)
Start importing Assets/Art/MINIFANTASY - Crafting and Professions I/Sprites/Rogue/Special_Animations/Mobility/Shadows/Rogue_DodgeShadow.png using Guid(f30aeb080ce5d274fac0a9d325d18654) Importer(2089858483,192608db42251d675da83286b1cce702) (ScriptedImporter) -> (artifact id: '6d7a5a41f8489dbb218de47581874db6') in 0.0852267 seconds
Number of updated asset objects reloaded before import = 0Number of asset objects unloaded after import = 34

========================================================================
Received Import Request.
  Time since last request: 0.000020 seconds.
  path: Assets/Art/MINIFANTASY - Crafting and Professions I/Sprites/Barbarian/General_Animations/GIFs/Barbarian_Walk.gif
  artifactKey: Guid(1739e93fc16711342a8a36f408289606) Importer(2089858483,192608db42251d675da83286b1cce702)
Start importing Assets/Art/MINIFANTASY - Crafting and Professions I/Sprites/Barbarian/General_Animations/GIFs/Barbarian_Walk.gif using Guid(1739e93fc16711342a8a36f408289606) Importer(2089858483,192608db42251d675da83286b1cce702) (ScriptedImporter) -> (artifact id: 'e7d9f13b3e12fe2e0b52cf6a4303bdff') in 0.0174916 seconds
Number of updated asset objects reloaded before import = 0Number of asset objects unloaded after import = 3

========================================================================
Received Import Request.
  Time since last request: 0.000058 seconds.
  path: Assets/Art/MINIFANTASY - Crafting and Professions I/Animations/Humanoids/Halfling/Halfling_Mining_NE.anim
  artifactKey: Guid(ac2329dabc6c8554a9d3a34d9386ef4d) Importer(2089858483,192608db42251d675da83286b1cce702)
Start importing Assets/Art/MINIFANTASY - Crafting and Professions I/Animations/Humanoids/Halfling/Halfling_Mining_NE.anim using Guid(ac2329dabc6c8554a9d3a34d9386ef4d) Importer(2089858483,192608db42251d675da83286b1cce702) (ScriptedImporter) -> (artifact id: 'e42af8aa7ba1ecff1cba0ff5141dd481') in 0.0082287 seconds
Number of updated asset objects reloaded before import = 0Number of asset objects unloaded after import = 1

========================================================================
Received Import Request.
  Time since last request: 0.000017 seconds.
  path: Assets/Art/MINIFANTASY - Crafting and Professions I/Animations/Props/Tailor/Loom_Working.anim
  artifactKey: Guid(e026fe03da1ace24c9ae970a2183cfe3) Importer(2089858483,192608db42251d675da83286b1cce702)
Start importing Assets/Art/MINIFANTASY - Crafting and Professions I/Animations/Props/Tailor/Loom_Working.anim using Guid(e026fe03da1ace24c9ae970a2183cfe3) Importer(2089858483,192608db42251d675da83286b1cce702) (ScriptedImporter) -> (artifact id: 'f16c6a08e60423edad80c3aa4f70e781') in 0.0074821 seconds
Number of updated asset objects reloaded before import = 0Number of asset objects unloaded after import = 1

========================================================================
Received Import Request.
  Time since last request: 0.000021 seconds.
  path: Assets/Art/MINIFANTASY - Crafting and Professions I/Sprites/Druid/General_Animations/Gifs/Druid_Attack.gif
  artifactKey: Guid(2e7dd6deef25b654f8b112ec59845aef) Importer(2089858483,192608db42251d675da83286b1cce702)
Start importing Assets/Art/MINIFANTASY - Crafting and Professions I/Sprites/Druid/General_Animations/Gifs/Druid_Attack.gif using Guid(2e7dd6deef25b654f8b112ec59845aef) Importer(2089858483,192608db42251d675da83286b1cce702) (ScriptedImporter) -> (artifact id: 'b9c5f778e126500a6bedbb7a8a7e3207') in 0.0176809 seconds
Number of updated asset objects reloaded before import = 0Number of asset objects unloaded after import = 3

========================================================================
Received Import Request.
  Time since last request: 0.000020 seconds.
  path: Assets/Art/MINIFANTASY - Crafting and Professions I/Sprites/Crafting Professions/Woodwork/WorkBench/Gif
  artifactKey: Guid(7001a6f3b747fe841b7d5977aa9b31c4) Importer(2089858483,192608db42251d675da83286b1cce702)
Start importing Assets/Art/MINIFANTASY - Crafting and Professions I/Sprites/Crafting Professions/Woodwork/WorkBench/Gif using Guid(7001a6f3b747fe841b7d5977aa9b31c4) Importer(2089858483,192608db42251d675da83286b1cce702) (ScriptedImporter) -> (artifact id: '5cea8b8d9d63ac2d4d4226881b0c8ed3') in 0.0055948 seconds
Number of updated asset objects reloaded before import = 0Number of asset objects unloaded after import = 1

========================================================================
Received Import Request.
  Time since last request: 0.000015 seconds.
  path: Assets/Art/MINIFANTASY - Crafting and Professions I/Animations/Humanoids/Human/Human_Mining_SW.anim
  artifactKey: Guid(9b08c0ad235dfb9479194fee3cebd393) Importer(2089858483,192608db42251d675da83286b1cce702)
Start importing Assets/Art/MINIFANTASY - Crafting and Professions I/Animations/Humanoids/Human/Human_Mining_SW.anim using Guid(9b08c0ad235dfb9479194fee3cebd393) Importer(2089858483,192608db42251d675da83286b1cce702) (ScriptedImporter) -> (artifact id: 'e52c8e00a3d5b1e65061384643b7682c') in 0.0090737 seconds
Number of updated asset objects reloaded before import = 0Number of asset objects unloaded after import = 1

========================================================================
Received Import Request.
  Time since last request: 0.000020 seconds.
  path: Assets/Art/MINIFANTASY - Crafting and Professions I/Sprites/Crafting Professions/Alchemy/Characters/Human_LaboratoryWorking.png
  artifactKey: Guid(6f14fd7915b1d8b4e83b3b0a6f7434ae) Importer(2089858483,192608db42251d675da83286b1cce702)
Start importing Assets/Art/MINIFANTASY - Crafting and Professions I/Sprites/Crafting Professions/Alchemy/Characters/Human_LaboratoryWorking.png using Guid(6f14fd7915b1d8b4e83b3b0a6f7434ae) Importer(2089858483,192608db42251d675da83286b1cce702) (ScriptedImporter) -> (artifact id: '5569cbe0c4f630085babca4cc349f44e') in 0.0388467 seconds
Number of updated asset objects reloaded before import = 0Number of asset objects unloaded after import = 13

========================================================================
Received Import Request.
  Time since last request: 0.000031 seconds.
  path: Assets/Art/MINIFANTASY - Crafting and Professions I/Sprites/Gathering Professions/Mining/Characters
  artifactKey: Guid(b47068f2ae20cdd42af01da243e83f64) Importer(2089858483,192608db42251d675da83286b1cce702)
Start importing Assets/Art/MINIFANTASY - Crafting and Professions I/Sprites/Gathering Professions/Mining/Characters using Guid(b47068f2ae20cdd42af01da243e83f64) Importer(2089858483,192608db42251d675da83286b1cce702) (ScriptedImporter) -> (artifact id: '417c581e369f920f174d175579d0a6da') in 0.0055825 seconds
Number of updated asset objects reloaded before import = 0Number of asset objects unloaded after import = 1

========================================================================
Received Import Request.
  Time since last request: 0.000015 seconds.
  path: Assets/Art/MINIFANTASY - Crafting and Professions I/Prefabs/Props/Shop_Sign.prefab
  artifactKey: Guid(e7e24e99ccac4504f9085f2629d735fe) Importer(2089858483,192608db42251d675da83286b1cce702)
Start importing Assets/Art/MINIFANTASY - Crafting and Professions I/Prefabs/Props/Shop_Sign.prefab using Guid(e7e24e99ccac4504f9085f2629d735fe) Importer(2089858483,192608db42251d675da83286b1cce702) (ScriptedImporter) -> (artifact id: '949596e4c9f4b82b00fe808c029f693d') in 0.016099 seconds
Number of updated asset objects reloaded before import = 0Number of asset objects unloaded after import = 12

========================================================================
Received Import Request.
  Time since last request: 0.000016 seconds.
  path: Assets/Art/MINIFANTASY - Crafting and Professions I/Animations/Humanoids/Dwarf/Dwarf_Chopping_SE.anim
  artifactKey: Guid(7b834fc4e0a32084593ca4431e07b3b9) Importer(2089858483,192608db42251d675da83286b1cce702)
Start importing Assets/Art/MINIFANTASY - Crafting and Professions I/Animations/Humanoids/Dwarf/Dwarf_Chopping_SE.anim using Guid(7b834fc4e0a32084593ca4431e07b3b9) Importer(2089858483,192608db42251d675da83286b1cce702) (ScriptedImporter) -> (artifact id: 'ea04ca3e8e351e823de64530441b5821') in 0.0093952 seconds
Number of updated asset objects reloaded before import = 0Number of asset objects unloaded after import = 1

========================================================================
Received Import Request.
  Time since last request: 0.000015 seconds.
  path: Assets/Art/MINIFANTASY - Crafting and Professions I/Sprites/Gathering Professions/Mining/Mining.png
  artifactKey: Guid(44439b06bb830b84db0453b7f35c6176) Importer(2089858483,192608db42251d675da83286b1cce702)
Start importing Assets/Art/MINIFANTASY - Crafting and Professions I/Sprites/Gathering Professions/Mining/Mining.png using Guid(44439b06bb830b84db0453b7f35c6176) Importer(2089858483,192608db42251d675da83286b1cce702) (ScriptedImporter) -> (artifact id: '27976eb024937c27918cbd0092e63384') in 0.1990184 seconds
Number of updated asset objects reloaded before import = 0Number of asset objects unloaded after import = 85

========================================================================
Received Import Request.
  Time since last request: 0.000017 seconds.
  path: Assets/Art/MINIFANTASY - Crafting and Professions I/Sprites/Barbarian/General_Animations/GIFs/Barbarian_Idle.gif
  artifactKey: Guid(2ea903e3328c70242953434b8b6c36df) Importer(2089858483,192608db42251d675da83286b1cce702)
Start importing Assets/Art/MINIFANTASY - Crafting and Professions I/Sprites/Barbarian/General_Animations/GIFs/Barbarian_Idle.gif using Guid(2ea903e3328c70242953434b8b6c36df) Importer(2089858483,192608db42251d675da83286b1cce702) (ScriptedImporter) -> (artifact id: '593781eaeaedf54e81a8a3011c55b35b') in 0.0193488 seconds
Number of updated asset objects reloaded before import = 0Number of asset objects unloaded after import = 3

========================================================================
Received Import Request.
  Time since last request: 0.000033 seconds.
  path: Assets/Art/MINIFANTASY - Crafting and Professions I/Sprites/Druid/Special_Animations/Shape_Shifting/Forest_Beast/GIFs/ForestBeastAttack.gif
  artifactKey: Guid(9e53d3ccbdcc4574fb9e9d46367c95a5) Importer(2089858483,192608db42251d675da83286b1cce702)
Start importing Assets/Art/MINIFANTASY - Crafting and Professions I/Sprites/Druid/Special_Animations/Shape_Shifting/Forest_Beast/GIFs/ForestBeastAttack.gif using Guid(9e53d3ccbdcc4574fb9e9d46367c95a5) Importer(2089858483,192608db42251d675da83286b1cce702) (ScriptedImporter) -> (artifact id: '708defe65f3cdca89770c7183e10d6f5') in 0.0194727 seconds
Number of updated asset objects reloaded before import = 0Number of asset objects unloaded after import = 3

========================================================================
Received Import Request.
  Time since last request: 0.000020 seconds.
  path: Assets/Art/MINIFANTASY - Crafting and Professions I/Sprites/Crafting Professions/Jewelry/Character/JewelryWorkshopWorking.aseprite
  artifactKey: Guid(1c64bee1c1c6b9948b5f034615c3aebc) Importer(2089858483,192608db42251d675da83286b1cce702)
Start importing Assets/Art/MINIFANTASY - Crafting and Professions I/Sprites/Crafting Professions/Jewelry/Character/JewelryWorkshopWorking.aseprite using Guid(1c64bee1c1c6b9948b5f034615c3aebc) Importer(2089858483,192608db42251d675da83286b1cce702) (ScriptedImporter) -> (artifact id: '8a5a66e5933eea93f0b907b179acd9be') in 0.092959 seconds
Number of updated asset objects reloaded before import = 0Number of asset objects unloaded after import = 7

========================================================================
Received Import Request.
  Time since last request: 0.000018 seconds.
  path: Assets/Art/MINIFANTASY - Crafting and Professions I/Animations/Humanoids/Dwarf/Dwarf_Harvest_NE.anim
  artifactKey: Guid(436b60dbbff901b4ca8c623e7fc4368e) Importer(2089858483,192608db42251d675da83286b1cce702)
Start importing Assets/Art/MINIFANTASY - Crafting and Professions I/Animations/Humanoids/Dwarf/Dwarf_Harvest_NE.anim using Guid(436b60dbbff901b4ca8c623e7fc4368e) Importer(2089858483,192608db42251d675da83286b1cce702) (ScriptedImporter) -> (artifact id: '12bb0c5a32db39cb04135774fd56d89b') in 0.0101047 seconds
Number of updated asset objects reloaded before import = 0Number of asset objects unloaded after import = 1

========================================================================
Received Import Request.
  Time since last request: 0.000023 seconds.
  path: Assets/Art/MINIFANTASY - Crafting and Professions I/Sprites/Druid/General_Animations/Druid_Walk.png
  artifactKey: Guid(d79b7170c2ebc09498c7700c54b47fb0) Importer(2089858483,192608db42251d675da83286b1cce702)
Start importing Assets/Art/MINIFANTASY - Crafting and Professions I/Sprites/Druid/General_Animations/Druid_Walk.png using Guid(d79b7170c2ebc09498c7700c54b47fb0) Importer(2089858483,192608db42251d675da83286b1cce702) (ScriptedImporter) -> (artifact id: '16c5559a8fe424c2946593b54f90ccc6') in 0.067099 seconds
Number of updated asset objects reloaded before import = 0Number of asset objects unloaded after import = 18

========================================================================
Received Import Request.
  Time since last request: 0.000034 seconds.
  path: Assets/Art/MINIFANTASY - Crafting and Professions I/Animations/Props/Alchemy
  artifactKey: Guid(d92eafa3df0d9ae4981389b7438aebce) Importer(2089858483,192608db42251d675da83286b1cce702)
Start importing Assets/Art/MINIFANTASY - Crafting and Professions I/Animations/Props/Alchemy using Guid(d92eafa3df0d9ae4981389b7438aebce) Importer(2089858483,192608db42251d675da83286b1cce702) (ScriptedImporter) -> (artifact id: '43430b5248a35bcf40539836273d6e1a') in 0.005621 seconds
Number of updated asset objects reloaded before import = 0Number of asset objects unloaded after import = 1

========================================================================
Received Import Request.
  Time since last request: 0.000023 seconds.
  path: Assets/Art/MINIFANTASY - Crafting and Professions I/Prefabs/Props/Plant_Pickup.prefab
  artifactKey: Guid(1c635e341f2e9384aa1a0b29d569ae0a) Importer(2089858483,192608db42251d675da83286b1cce702)
Start importing Assets/Art/MINIFANTASY - Crafting and Professions I/Prefabs/Props/Plant_Pickup.prefab using Guid(1c635e341f2e9384aa1a0b29d569ae0a) Importer(2089858483,192608db42251d675da83286b1cce702) (ScriptedImporter) -> (artifact id: 'd40c73604f7c8aa84b06f10c5d0adda5') in 0.0314286 seconds
Number of updated asset objects reloaded before import = 0Number of asset objects unloaded after import = 20

========================================================================
Received Import Request.
  Time since last request: 0.000021 seconds.
  path: Assets/Art/MINIFANTASY - Crafting and Professions I/Sprites/Gathering Professions/Logging/Trees Hit/Gifs/HickoryTreeHit.gif
  artifactKey: Guid(10eecf784643ee74da3bf622d3e8c80c) Importer(2089858483,192608db42251d675da83286b1cce702)
Start importing Assets/Art/MINIFANTASY - Crafting and Professions I/Sprites/Gathering Professions/Logging/Trees Hit/Gifs/HickoryTreeHit.gif using Guid(10eecf784643ee74da3bf622d3e8c80c) Importer(2089858483,192608db42251d675da83286b1cce702) (ScriptedImporter) -> (artifact id: '7e8a1178772e8fc5ac3522661f10ebab') in 0.0278545 seconds
Number of updated asset objects reloaded before import = 0Number of asset objects unloaded after import = 3

========================================================================
Received Import Request.
  Time since last request: 0.000026 seconds.
  path: Assets/Art/MINIFANTASY - Crafting and Professions I/Animations/Props/Blacksmith
  artifactKey: Guid(1fe763f4104828a4c855f571e1e7b0d9) Importer(2089858483,192608db42251d675da83286b1cce702)
Start importing Assets/Art/MINIFANTASY - Crafting and Professions I/Animations/Props/Blacksmith using Guid(1fe763f4104828a4c855f571e1e7b0d9) Importer(2089858483,192608db42251d675da83286b1cce702) (ScriptedImporter) -> (artifact id: 'c3e599793e97a08787cc894b47bd3b7d') in 0.0075998 seconds
Number of updated asset objects reloaded before import = 0Number of asset objects unloaded after import = 1

========================================================================
Received Import Request.
  Time since last request: 0.000031 seconds.
  path: Assets/Art/MINIFANTASY - Crafting and Professions I/Sprites/Druid/Special_Animations/Shape_Shifting/Forest_Hound/GIFs/ForestHoundAttack.gif
  artifactKey: Guid(bd51f03256efd2d43befff497b32f302) Importer(2089858483,192608db42251d675da83286b1cce702)
Start importing Assets/Art/MINIFANTASY - Crafting and Professions I/Sprites/Druid/Special_Animations/Shape_Shifting/Forest_Hound/GIFs/ForestHoundAttack.gif using Guid(bd51f03256efd2d43befff497b32f302) Importer(2089858483,192608db42251d675da83286b1cce702) (ScriptedImporter) -> (artifact id: '191861c5d5ca8b76d420982a35c1c804') in 0.044002 seconds
Number of updated asset objects reloaded before import = 0Number of asset objects unloaded after import = 3

========================================================================
Received Import Request.
  Time since last request: 0.000021 seconds.
  path: Assets/Art/MINIFANTASY - Crafting and Professions I/Sprites/Barbarian/Special_Animations/Battle_Cry/GIFs/Barbarian_BattleCryNoEffect.gif
  artifactKey: Guid(5467f217467b8b043a5c22310fa62ed5) Importer(2089858483,192608db42251d675da83286b1cce702)
Start importing Assets/Art/MINIFANTASY - Crafting and Professions I/Sprites/Barbarian/Special_Animations/Battle_Cry/GIFs/Barbarian_BattleCryNoEffect.gif using Guid(5467f217467b8b043a5c22310fa62ed5) Importer(2089858483,192608db42251d675da83286b1cce702) (ScriptedImporter) -> (artifact id: 'b8df7d3192ed767753feb36b1fb048a2') in 0.027395 seconds
Number of updated asset objects reloaded before import = 0Number of asset objects unloaded after import = 3

========================================================================
Received Import Request.
  Time since last request: 0.000021 seconds.
  path: Assets/Art/MINIFANTASY - Crafting and Professions I/Prefabs/Projectiles/Bomb.prefab
  artifactKey: Guid(7292a11f6fed5a143b5c3b945f49ab57) Importer(2089858483,192608db42251d675da83286b1cce702)
Start importing Assets/Art/MINIFANTASY - Crafting and Professions I/Prefabs/Projectiles/Bomb.prefab using Guid(7292a11f6fed5a143b5c3b945f49ab57) Importer(2089858483,192608db42251d675da83286b1cce702) (ScriptedImporter) -> (artifact id: '585ad9f1becdad923b4b6e1d673377e3') in 0.0332008 seconds
Number of updated asset objects reloaded before import = 0Number of asset objects unloaded after import = 10

========================================================================
Received Import Request.
  Time since last request: 0.000025 seconds.
  path: Assets/Art/MINIFANTASY - Crafting and Professions I/Sprites/Rogue/Special_Animations/Mobility/Shadows/Rogue_RunShadow.png
  artifactKey: Guid(c20d43945a6151842933f0eae8321483) Importer(2089858483,192608db42251d675da83286b1cce702)
Start importing Assets/Art/MINIFANTASY - Crafting and Professions I/Sprites/Rogue/Special_Animations/Mobility/Shadows/Rogue_RunShadow.png using Guid(c20d43945a6151842933f0eae8321483) Importer(2089858483,192608db42251d675da83286b1cce702) (ScriptedImporter) -> (artifact id: '2bc31b3a85afa72aaaee3a381b6f4184') in 0.0551067 seconds
Number of updated asset objects reloaded before import = 0Number of asset objects unloaded after import = 18

========================================================================
Received Import Request.
  Time since last request: 0.000041 seconds.
  path: Assets/Art/MINIFANTASY - Crafting and Professions I/Sprites/Gathering Professions/Logging/ItemNames.TXT
  artifactKey: Guid(b2b0c43a606b923469e1d21efa04b07b) Importer(2089858483,192608db42251d675da83286b1cce702)
Start importing Assets/Art/MINIFANTASY - Crafting and Professions I/Sprites/Gathering Professions/Logging/ItemNames.TXT using Guid(b2b0c43a606b923469e1d21efa04b07b) Importer(2089858483,192608db42251d675da83286b1cce702) (ScriptedImporter) -> (artifact id: 'e9507b3a87476d4d72aed29601bdccd2') in 0.0110588 seconds
Number of updated asset objects reloaded before import = 0Number of asset objects unloaded after import = 1

========================================================================
Received Import Request.
  Time since last request: 0.000019 seconds.
  path: Assets/Art/MINIFANTASY - Crafting and Professions I/Animations/Humanoids/Elf/Elf_Chopping_NE.anim
  artifactKey: Guid(178209b72e859f6438f29ecb6307fd4d) Importer(2089858483,192608db42251d675da83286b1cce702)
Start importing Assets/Art/MINIFANTASY - Crafting and Professions I/Animations/Humanoids/Elf/Elf_Chopping_NE.anim using Guid(178209b72e859f6438f29ecb6307fd4d) Importer(2089858483,192608db42251d675da83286b1cce702) (ScriptedImporter) -> (artifact id: 'dc9b8252e1bc9ff35cec5b9c09bb26c5') in 0.0101083 seconds
Number of updated asset objects reloaded before import = 0Number of asset objects unloaded after import = 1

========================================================================
Received Import Request.
  Time since last request: 0.000024 seconds.
  path: Assets/Art/MINIFANTASY - Crafting and Professions I/Sprites/Barbarian/General_Animations/Shadows/Barbarian_DmgShadow.png
  artifactKey: Guid(e46dd1a9870ae3d4a928eeb3d9f3dba9) Importer(2089858483,192608db42251d675da83286b1cce702)
Start importing Assets/Art/MINIFANTASY - Crafting and Professions I/Sprites/Barbarian/General_Animations/Shadows/Barbarian_DmgShadow.png using Guid(e46dd1a9870ae3d4a928eeb3d9f3dba9) Importer(2089858483,192608db42251d675da83286b1cce702) (ScriptedImporter) -> (artifact id: '6b2fc6191645c388c2195b214eb62a85') in 0.057814 seconds
Number of updated asset objects reloaded before import = 0Number of asset objects unloaded after import = 18

========================================================================
Received Import Request.
  Time since last request: 0.000016 seconds.
  path: Assets/Art/MINIFANTASY - Crafting and Professions I/Sprites/Crafting Professions/Woodwork/WorkBench/Character/WoodworkBenchWorking.aseprite
  artifactKey: Guid(f6c541efd3c840841825cf8f5c937431) Importer(2089858483,192608db42251d675da83286b1cce702)
Start importing Assets/Art/MINIFANTASY - Crafting and Professions I/Sprites/Crafting Professions/Woodwork/WorkBench/Character/WoodworkBenchWorking.aseprite using Guid(f6c541efd3c840841825cf8f5c937431) Importer(2089858483,192608db42251d675da83286b1cce702) (ScriptedImporter) -> (artifact id: 'b85d86b879d03aaf7994c5e46fcc669e') in 0.0397456 seconds
Number of updated asset objects reloaded before import = 0Number of asset objects unloaded after import = 7

========================================================================
Received Import Request.
  Time since last request: 0.000031 seconds.
  path: Assets/Art/MINIFANTASY - Crafting and Professions I/Sprites/Craftable Items Icons/Potion_Icons.png
  artifactKey: Guid(0edc4f9c186451e4892f187010470ee6) Importer(2089858483,192608db42251d675da83286b1cce702)
Start importing Assets/Art/MINIFANTASY - Crafting and Professions I/Sprites/Craftable Items Icons/Potion_Icons.png using Guid(0edc4f9c186451e4892f187010470ee6) Importer(2089858483,192608db42251d675da83286b1cce702) (ScriptedImporter) -> (artifact id: '3d723ac8d9238d7b2bdb798e82af7379') in 0.1578688 seconds
Number of updated asset objects reloaded before import = 0Number of asset objects unloaded after import = 56

========================================================================
Received Import Request.
  Time since last request: 0.000017 seconds.
  path: Assets/Art/MINIFANTASY - Crafting and Professions I/Sprites/Rogue/Special_Animations/Mobility/GIFs
  artifactKey: Guid(dd122742433a35542af48c0c64a26c4e) Importer(2089858483,192608db42251d675da83286b1cce702)
Start importing Assets/Art/MINIFANTASY - Crafting and Professions I/Sprites/Rogue/Special_Animations/Mobility/GIFs using Guid(dd122742433a35542af48c0c64a26c4e) Importer(2089858483,192608db42251d675da83286b1cce702) (ScriptedImporter) -> (artifact id: '1c27d384a504e629973f6dbf7b3347be') in 0.00868 seconds
Number of updated asset objects reloaded before import = 0Number of asset objects unloaded after import = 1

========================================================================
Received Import Request.
  Time since last request: 0.000024 seconds.
  path: Assets/Art/MINIFANTASY - Crafting and Professions I/Sprites/Barbarian/Special_Animations/Guard/GIFs/Barbarian_Block.gif
  artifactKey: Guid(b8900b40099e63541aa7414ccee27767) Importer(2089858483,192608db42251d675da83286b1cce702)
Start importing Assets/Art/MINIFANTASY - Crafting and Professions I/Sprites/Barbarian/Special_Animations/Guard/GIFs/Barbarian_Block.gif using Guid(b8900b40099e63541aa7414ccee27767) Importer(2089858483,192608db42251d675da83286b1cce702) (ScriptedImporter) -> (artifact id: '13f39c5bc169d2fb6eacb8d6b908592f') in 0.0314716 seconds
Number of updated asset objects reloaded before import = 0Number of asset objects unloaded after import = 3

========================================================================
Received Import Request.
  Time since last request: 0.000031 seconds.
  path: Assets/Art/MINIFANTASY - Crafting and Professions I/Sprites/Rogue/General_Animations/Shadows/Rogue_WalkShadow.png
  artifactKey: Guid(2ee0b68f79c5d354a87afc2b65d29d8f) Importer(2089858483,192608db42251d675da83286b1cce702)
Start importing Assets/Art/MINIFANTASY - Crafting and Professions I/Sprites/Rogue/General_Animations/Shadows/Rogue_WalkShadow.png using Guid(2ee0b68f79c5d354a87afc2b65d29d8f) Importer(2089858483,192608db42251d675da83286b1cce702) (ScriptedImporter) -> (artifact id: '8ecbbfdb51c50964801951dc72f5374f') in 0.0510246 seconds
Number of updated asset objects reloaded before import = 0Number of asset objects unloaded after import = 18

========================================================================
Received Import Request.
  Time since last request: 0.000025 seconds.
  path: Assets/Art/MINIFANTASY - Crafting and Professions I/Sprites/Miscellany/ItemNames.txt
  artifactKey: Guid(56eaadd66008bef4288466de5b1261d3) Importer(2089858483,192608db42251d675da83286b1cce702)
Start importing Assets/Art/MINIFANTASY - Crafting and Professions I/Sprites/Miscellany/ItemNames.txt using Guid(56eaadd66008bef4288466de5b1261d3) Importer(2089858483,192608db42251d675da83286b1cce702) (ScriptedImporter) -> (artifact id: '8ccc5cc91e4c1400c812eb468bbeb0a2') in 0.0057356 seconds
Number of updated asset objects reloaded before import = 0Number of asset objects unloaded after import = 1

========================================================================
Received Import Request.
  Time since last request: 0.000020 seconds.
  path: Assets/Art/MINIFANTASY - Crafting and Professions I/Sprites/Gathering Professions/Logging/Trees Hit/BirchTree_Hit.png
  artifactKey: Guid(bb4b4e60d9474ab4db676b6f00efc2d7) Importer(2089858483,192608db42251d675da83286b1cce702)
Start importing Assets/Art/MINIFANTASY - Crafting and Professions I/Sprites/Gathering Professions/Logging/Trees Hit/BirchTree_Hit.png using Guid(bb4b4e60d9474ab4db676b6f00efc2d7) Importer(2089858483,192608db42251d675da83286b1cce702) (ScriptedImporter) -> (artifact id: '156c37f40ca5b5e16c99df592861ec64') in 0.0253812 seconds
Number of updated asset objects reloaded before import = 0Number of asset objects unloaded after import = 8

========================================================================
Received Import Request.
  Time since last request: 0.000021 seconds.
  path: Assets/Art/MINIFANTASY - Crafting and Professions I/Animations/Humanoids/Goblin/Goblin_LaboratoryWorking.anim
  artifactKey: Guid(bd176bd332a100e4aae6f59610fb1292) Importer(2089858483,192608db42251d675da83286b1cce702)
Start importing Assets/Art/MINIFANTASY - Crafting and Professions I/Animations/Humanoids/Goblin/Goblin_LaboratoryWorking.anim using Guid(bd176bd332a100e4aae6f59610fb1292) Importer(2089858483,192608db42251d675da83286b1cce702) (ScriptedImporter) -> (artifact id: 'a95216597598ec819a7ae5813f759a4d') in 0.0094803 seconds
Number of updated asset objects reloaded before import = 0Number of asset objects unloaded after import = 1

========================================================================
Received Import Request.
  Time since last request: 0.000022 seconds.
  path: Assets/Art/MINIFANTASY - Crafting and Professions I/Sprites/Crafting Professions/Blacksmith/Anvil/Characters/Human_AnvilWorking.png
  artifactKey: Guid(89d136d575e5a184e990b84c431823b5) Importer(2089858483,192608db42251d675da83286b1cce702)
Start importing Assets/Art/MINIFANTASY - Crafting and Professions I/Sprites/Crafting Professions/Blacksmith/Anvil/Characters/Human_AnvilWorking.png using Guid(89d136d575e5a184e990b84c431823b5) Importer(2089858483,192608db42251d675da83286b1cce702) (ScriptedImporter) -> (artifact id: 'c7d90612a01c10ef345adbab22c37dfb') in 0.0375414 seconds
Number of updated asset objects reloaded before import = 0Number of asset objects unloaded after import = 8

========================================================================
Received Import Request.
  Time since last request: 0.000028 seconds.
  path: Assets/Art/MINIFANTASY - Crafting and Professions I/Sprites/Crafting Professions/Woodwork/WorkBench/Character
  artifactKey: Guid(50747b3b646605f40aab7f95e4b0e1d0) Importer(2089858483,192608db42251d675da83286b1cce702)
Start importing Assets/Art/MINIFANTASY - Crafting and Professions I/Sprites/Crafting Professions/Woodwork/WorkBench/Character using Guid(50747b3b646605f40aab7f95e4b0e1d0) Importer(2089858483,192608db42251d675da83286b1cce702) (ScriptedImporter) -> (artifact id: 'd3a867cc10b715e1ddf06067b53fa38f') in 0.0053258 seconds
Number of updated asset objects reloaded before import = 0Number of asset objects unloaded after import = 1

========================================================================
Received Import Request.
  Time since last request: 0.000017 seconds.
  path: Assets/Art/MINIFANTASY - Crafting and Professions I/Sprites/Crafting Professions/Woodwork/WorkBench/Gif/WoodworkBenchWorking.gif
  artifactKey: Guid(41946405b9fa83f42bfbc56934c78178) Importer(2089858483,192608db42251d675da83286b1cce702)
Start importing Assets/Art/MINIFANTASY - Crafting and Professions I/Sprites/Crafting Professions/Woodwork/WorkBench/Gif/WoodworkBenchWorking.gif using Guid(41946405b9fa83f42bfbc56934c78178) Importer(2089858483,192608db42251d675da83286b1cce702) (ScriptedImporter) -> (artifact id: 'b638b82665843780dd88972ff8d1d1be') in 0.0220929 seconds
Number of updated asset objects reloaded before import = 0Number of asset objects unloaded after import = 3

========================================================================
Received Import Request.
  Time since last request: 0.000028 seconds.
  path: Assets/Art/MINIFANTASY - Crafting and Professions I/Animations/Humanoids/Goblin/Goblin_Chopping_NE.anim
  artifactKey: Guid(f4a402d8b70cbc249a0408e9ecbe1b51) Importer(2089858483,192608db42251d675da83286b1cce702)
Start importing Assets/Art/MINIFANTASY - Crafting and Professions I/Animations/Humanoids/Goblin/Goblin_Chopping_NE.anim using Guid(f4a402d8b70cbc249a0408e9ecbe1b51) Importer(2089858483,192608db42251d675da83286b1cce702) (ScriptedImporter) -> (artifact id: 'af2592df59df2c84497495910c7e761c') in 0.0079044 seconds
Number of updated asset objects reloaded before import = 0Number of asset objects unloaded after import = 1

========================================================================
Received Import Request.
  Time since last request: 0.000016 seconds.
  path: Assets/Art/MINIFANTASY - Crafting and Professions I/Animations/Props/Trees/Pine/Pine_AnimatorOverrideController.overrideController
  artifactKey: Guid(d4185507c28dfc445be5012992e26f4d) Importer(2089858483,192608db42251d675da83286b1cce702)
Start importing Assets/Art/MINIFANTASY - Crafting and Professions I/Animations/Props/Trees/Pine/Pine_AnimatorOverrideController.overrideController using Guid(d4185507c28dfc445be5012992e26f4d) Importer(2089858483,192608db42251d675da83286b1cce702) (ScriptedImporter) -> (artifact id: '503ecd5ae96b4d99a130c3befb391b27') in 0.0126866 seconds
Number of updated asset objects reloaded before import = 0Number of asset objects unloaded after import = 19

========================================================================
Received Import Request.
  Time since last request: 0.000040 seconds.
  path: Assets/Art/MINIFANTASY - Crafting and Professions I/Animations/Humanoids/Goblin/Goblin_Mining_NW.anim
  artifactKey: Guid(18509e567744553429b4c930a4194f21) Importer(2089858483,192608db42251d675da83286b1cce702)
Start importing Assets/Art/MINIFANTASY - Crafting and Professions I/Animations/Humanoids/Goblin/Goblin_Mining_NW.anim using Guid(18509e567744553429b4c930a4194f21) Importer(2089858483,192608db42251d675da83286b1cce702) (ScriptedImporter) -> (artifact id: '5e77bce3794c4289c90e51a1ef99286c') in 0.0083944 seconds
Number of updated asset objects reloaded before import = 0Number of asset objects unloaded after import = 1

========================================================================
Received Import Request.
  Time since last request: 0.000029 seconds.
  path: Assets/Art/MINIFANTASY - Crafting and Professions I/Scripts/Prop Variants/CP1_MineralNode.cs
  artifactKey: Guid(0dbe9b7364b2b27439e1a35a38695a2c) Importer(2089858483,192608db42251d675da83286b1cce702)
Start importing Assets/Art/MINIFANTASY - Crafting and Professions I/Scripts/Prop Variants/CP1_MineralNode.cs using Guid(0dbe9b7364b2b27439e1a35a38695a2c) Importer(2089858483,192608db42251d675da83286b1cce702) (ScriptedImporter) -> (artifact id: 'cc09404d3c040a2ec4e41652d54706bb') in 0.0100405 seconds
Number of updated asset objects reloaded before import = 0Number of asset objects unloaded after import = 0

========================================================================
Received Import Request.
  Time since last request: 0.000019 seconds.
  path: Assets/Art/MINIFANTASY - Crafting and Professions I/Sprites/Gathering Professions/Mining/Characters/Gif/MiningAnimation.gif
  artifactKey: Guid(b0629d79817270340808ec3ac1554d27) Importer(2089858483,192608db42251d675da83286b1cce702)
Start importing Assets/Art/MINIFANTASY - Crafting and Professions I/Sprites/Gathering Professions/Mining/Characters/Gif/MiningAnimation.gif using Guid(b0629d79817270340808ec3ac1554d27) Importer(2089858483,192608db42251d675da83286b1cce702) (ScriptedImporter) -> (artifact id: '6fcb5280e36524eb1f3ab3da36d25d7e') in 0.0180907 seconds
Number of updated asset objects reloaded before import = 0Number of asset objects unloaded after import = 3

========================================================================
Received Import Request.
  Time since last request: 0.000018 seconds.
  path: Assets/Art/MINIFANTASY - Crafting and Professions I/Sprites/Druid/Special_Animations/Shape_Shifting/Forest_Beast/GIFs/ForestBeastIdle.gif
  artifactKey: Guid(66a3f90b5ea0fd9448a14de216a70825) Importer(2089858483,192608db42251d675da83286b1cce702)
Start importing Assets/Art/MINIFANTASY - Crafting and Professions I/Sprites/Druid/Special_Animations/Shape_Shifting/Forest_Beast/GIFs/ForestBeastIdle.gif using Guid(66a3f90b5ea0fd9448a14de216a70825) Importer(2089858483,192608db42251d675da83286b1cce702) (ScriptedImporter) -> (artifact id: '9e735f997922354b2391ea72ed99ef2d') in 0.017843 seconds
Number of updated asset objects reloaded before import = 0Number of asset objects unloaded after import = 3

========================================================================
Received Import Request.
  Time since last request: 0.000018 seconds.
  path: Assets/Art/MINIFANTASY - Crafting and Professions I/Animations/Humanoids/Halfling/Halfling_JewelryWorkshopWorking.anim
  artifactKey: Guid(61d7811ba2df31a4dabb11f43be203c8) Importer(2089858483,192608db42251d675da83286b1cce702)
Start importing Assets/Art/MINIFANTASY - Crafting and Professions I/Animations/Humanoids/Halfling/Halfling_JewelryWorkshopWorking.anim using Guid(61d7811ba2df31a4dabb11f43be203c8) Importer(2089858483,192608db42251d675da83286b1cce702) (ScriptedImporter) -> (artifact id: 'f95abdef75cd400ecf71e9adbbcc7c74') in 0.0071851 seconds
Number of updated asset objects reloaded before import = 0Number of asset objects unloaded after import = 1

========================================================================
Received Import Request.
  Time since last request: 0.000017 seconds.
  path: Assets/Art/MINIFANTASY - Crafting and Professions I/Scripts/Prop Variants/CP1_HerbNode.cs
  artifactKey: Guid(44713ac0a3c6284488aa9da6717c525a) Importer(2089858483,192608db42251d675da83286b1cce702)
Start importing Assets/Art/MINIFANTASY - Crafting and Professions I/Scripts/Prop Variants/CP1_HerbNode.cs using Guid(44713ac0a3c6284488aa9da6717c525a) Importer(2089858483,192608db42251d675da83286b1cce702) (ScriptedImporter) -> (artifact id: '47cb9833e0b27c747bea4ffc5f623bf7') in 0.0071403 seconds
Number of updated asset objects reloaded before import = 0Number of asset objects unloaded after import = 0

========================================================================
Received Import Request.
  Time since last request: 0.000044 seconds.
  path: Assets/Art/MINIFANTASY - Crafting and Professions I/Sprites/Barbarian/Special_Animations/Guard/Barbarian_BlockGuardUp.png
  artifactKey: Guid(31fa955a651ac4c459160b7de690eaf5) Importer(2089858483,192608db42251d675da83286b1cce702)
Start importing Assets/Art/MINIFANTASY - Crafting and Professions I/Sprites/Barbarian/Special_Animations/Guard/Barbarian_BlockGuardUp.png using Guid(31fa955a651ac4c459160b7de690eaf5) Importer(2089858483,192608db42251d675da83286b1cce702) (ScriptedImporter) -> (artifact id: 'bf96e9268b6969bbcb5883bd0a31cb53') in 0.0573719 seconds
Number of updated asset objects reloaded before import = 0Number of asset objects unloaded after import = 18

========================================================================
Received Import Request.
  Time since last request: 0.000015 seconds.
  path: Assets/Art/MINIFANTASY - Crafting and Professions I/Sprites/Barbarian/Special_Animations/Battle_Cry/GIFs
  artifactKey: Guid(f46eb1968baca9b4392c46442d7ee0db) Importer(2089858483,192608db42251d675da83286b1cce702)
Start importing Assets/Art/MINIFANTASY - Crafting and Professions I/Sprites/Barbarian/Special_Animations/Battle_Cry/GIFs using Guid(f46eb1968baca9b4392c46442d7ee0db) Importer(2089858483,192608db42251d675da83286b1cce702) (ScriptedImporter) -> (artifact id: 'f5ca99cc5988eecc5b5e5c0740e0d554') in 0.0068631 seconds
Number of updated asset objects reloaded before import = 0Number of asset objects unloaded after import = 1

========================================================================
Received Import Request.
  Time since last request: 0.000017 seconds.
  path: Assets/Art/MINIFANTASY - Crafting and Professions I/Animations/Humanoids/Orc/Orc_AnvilWorking.anim
  artifactKey: Guid(5393a2301e78be74eb08eb6cbdea319a) Importer(2089858483,192608db42251d675da83286b1cce702)
Start importing Assets/Art/MINIFANTASY - Crafting and Professions I/Animations/Humanoids/Orc/Orc_AnvilWorking.anim using Guid(5393a2301e78be74eb08eb6cbdea319a) Importer(2089858483,192608db42251d675da83286b1cce702) (ScriptedImporter) -> (artifact id: 'f61b71ceee9b2ad31e91bd8c3afc4636') in 0.0085791 seconds
Number of updated asset objects reloaded before import = 0Number of asset objects unloaded after import = 1

========================================================================
Received Import Request.
  Time since last request: 0.000015 seconds.
  path: Assets/Art/MINIFANTASY - Crafting and Professions I/Animations/Humanoids/Human/Human_Mining_NE.anim
  artifactKey: Guid(1b4fbe4cec314924ab661915d0fe296f) Importer(2089858483,192608db42251d675da83286b1cce702)
Start importing Assets/Art/MINIFANTASY - Crafting and Professions I/Animations/Humanoids/Human/Human_Mining_NE.anim using Guid(1b4fbe4cec314924ab661915d0fe296f) Importer(2089858483,192608db42251d675da83286b1cce702) (ScriptedImporter) -> (artifact id: '163fb4ee673cd242e4812076cf5b95d3') in 0.0073583 seconds
Number of updated asset objects reloaded before import = 0Number of asset objects unloaded after import = 1

========================================================================
Received Import Request.
  Time since last request: 0.000018 seconds.
  path: Assets/Art/MINIFANTASY - Crafting and Professions I/Animations/Props/Blacksmith/Foundry_AnimatorController.controller
  artifactKey: Guid(7620c7e5a1a062f47aff6b19f4e37529) Importer(2089858483,192608db42251d675da83286b1cce702)
Start importing Assets/Art/MINIFANTASY - Crafting and Professions I/Animations/Props/Blacksmith/Foundry_AnimatorController.controller using Guid(7620c7e5a1a062f47aff6b19f4e37529) Importer(2089858483,192608db42251d675da83286b1cce702) (ScriptedImporter) -> (artifact id: 'e675a04f2c7c17b2fab99d594221427a') in 0.0103545 seconds
Number of updated asset objects reloaded before import = 0Number of asset objects unloaded after import = 9

========================================================================
Received Import Request.
  Time since last request: 0.000029 seconds.
  path: Assets/Art/MINIFANTASY - Crafting and Professions I/Sprites/Druid/Special_Animations/Shape_Shifting/Forest_Beast/Shadows/ForestBeast_AttackShadow.png
  artifactKey: Guid(80946c92bc69b9145b274d66800aa990) Importer(2089858483,192608db42251d675da83286b1cce702)
Start importing Assets/Art/MINIFANTASY - Crafting and Professions I/Sprites/Druid/Special_Animations/Shape_Shifting/Forest_Beast/Shadows/ForestBeast_AttackShadow.png using Guid(80946c92bc69b9145b274d66800aa990) Importer(2089858483,192608db42251d675da83286b1cce702) (ScriptedImporter) -> (artifact id: '4843d5c578b8c69b863039360d0407c8') in 0.0618548 seconds
Number of updated asset objects reloaded before import = 0Number of asset objects unloaded after import = 22

========================================================================
Received Import Request.
  Time since last request: 0.000018 seconds.
  path: Assets/Art/MINIFANTASY - Crafting and Professions I/Sprites/Gathering Professions/Mining/Characters/Human_Mining.png
  artifactKey: Guid(fb78d6611b695b84d9ee1213e86cdce8) Importer(2089858483,192608db42251d675da83286b1cce702)
Start importing Assets/Art/MINIFANTASY - Crafting and Professions I/Sprites/Gathering Professions/Mining/Characters/Human_Mining.png using Guid(fb78d6611b695b84d9ee1213e86cdce8) Importer(2089858483,192608db42251d675da83286b1cce702) (ScriptedImporter) -> (artifact id: 'b6c5a9a20998ebf07fa54edae497d9f8') in 0.0778177 seconds
Number of updated asset objects reloaded before import = 0Number of asset objects unloaded after import = 26

========================================================================
Received Import Request.
  Time since last request: 0.000023 seconds.
  path: Assets/Art/MINIFANTASY - Crafting and Professions I/Animations/Humanoids/Orc/Orc_Mining_NW.anim
  artifactKey: Guid(8e3112f888480e245957f1969714cc53) Importer(2089858483,192608db42251d675da83286b1cce702)
Start importing Assets/Art/MINIFANTASY - Crafting and Professions I/Animations/Humanoids/Orc/Orc_Mining_NW.anim using Guid(8e3112f888480e245957f1969714cc53) Importer(2089858483,192608db42251d675da83286b1cce702) (ScriptedImporter) -> (artifact id: 'c7f80b70a448edd2407b0b62960794e6') in 0.0093305 seconds
Number of updated asset objects reloaded before import = 0Number of asset objects unloaded after import = 1

========================================================================
Received Import Request.
  Time since last request: 0.000027 seconds.
  path: Assets/Art/MINIFANTASY - Crafting and Professions I/Sprites/Druid/Special_Animations/Shape_Shifting/Forest_Hound/GIFs/ForestHoundWalk.gif
  artifactKey: Guid(d66ca115e50cd0948aeaa03b25e0ed67) Importer(2089858483,192608db42251d675da83286b1cce702)
Start importing Assets/Art/MINIFANTASY - Crafting and Professions I/Sprites/Druid/Special_Animations/Shape_Shifting/Forest_Hound/GIFs/ForestHoundWalk.gif using Guid(d66ca115e50cd0948aeaa03b25e0ed67) Importer(2089858483,192608db42251d675da83286b1cce702) (ScriptedImporter) -> (artifact id: '56e942dbea8a0a05b84a9b821e87f37f') in 0.0205463 seconds
Number of updated asset objects reloaded before import = 0Number of asset objects unloaded after import = 3

========================================================================
Received Import Request.
  Time since last request: 0.000019 seconds.
  path: Assets/Art/MINIFANTASY - Crafting and Professions I/Animations/Humanoids/Human/Human_Mining_SE.anim
  artifactKey: Guid(0a8626c3e10f7764799ffdc294a3db7d) Importer(2089858483,192608db42251d675da83286b1cce702)
Start importing Assets/Art/MINIFANTASY - Crafting and Professions I/Animations/Humanoids/Human/Human_Mining_SE.anim using Guid(0a8626c3e10f7764799ffdc294a3db7d) Importer(2089858483,192608db42251d675da83286b1cce702) (ScriptedImporter) -> (artifact id: '7bd8eb09704b034c63ae498d15e86fbf') in 0.0093837 seconds
Number of updated asset objects reloaded before import = 0Number of asset objects unloaded after import = 1

========================================================================
Received Import Request.
  Time since last request: 0.000021 seconds.
  path: Assets/Art/MINIFANTASY - Crafting and Professions I/Sprites/Barbarian/Special_Animations/Guard/Barbarian_BlockGuardDown.png
  artifactKey: Guid(21a8495f8b659354f957125ff50e9c30) Importer(2089858483,192608db42251d675da83286b1cce702)
Start importing Assets/Art/MINIFANTASY - Crafting and Professions I/Sprites/Barbarian/Special_Animations/Guard/Barbarian_BlockGuardDown.png using Guid(21a8495f8b659354f957125ff50e9c30) Importer(2089858483,192608db42251d675da83286b1cce702) (ScriptedImporter) -> (artifact id: '4451bbd5a59a98bf7261d3032ca184ec') in 0.0691574 seconds
Number of updated asset objects reloaded before import = 0Number of asset objects unloaded after import = 18

========================================================================
Received Import Request.
  Time since last request: 0.000022 seconds.
  path: Assets/Art/MINIFANTASY - Crafting and Professions I/Animations/Humanoids/Dwarf/Dwarf_JewelryWorkshopWorking.anim
  artifactKey: Guid(937589f3ba248244f8ac3ed1c283de38) Importer(2089858483,192608db42251d675da83286b1cce702)
Start importing Assets/Art/MINIFANTASY - Crafting and Professions I/Animations/Humanoids/Dwarf/Dwarf_JewelryWorkshopWorking.anim using Guid(937589f3ba248244f8ac3ed1c283de38) Importer(2089858483,192608db42251d675da83286b1cce702) (ScriptedImporter) -> (artifact id: 'c05fa93305ad9436883dd413dcec7a11') in 0.0113145 seconds
Number of updated asset objects reloaded before import = 0Number of asset objects unloaded after import = 1

========================================================================
Received Import Request.
  Time since last request: 0.000028 seconds.
  path: Assets/Art/MINIFANTASY - Crafting and Professions I/Animations/Props/Woodwork/WoodworkBench_Working.anim
  artifactKey: Guid(3bfada8e5758888439bdbd287b17feb5) Importer(2089858483,192608db42251d675da83286b1cce702)
Start importing Assets/Art/MINIFANTASY - Crafting and Professions I/Animations/Props/Woodwork/WoodworkBench_Working.anim using Guid(3bfada8e5758888439bdbd287b17feb5) Importer(2089858483,192608db42251d675da83286b1cce702) (ScriptedImporter) -> (artifact id: '16b5d8b1b12a0fcc81f1613e443488ea') in 0.0078395 seconds
Number of updated asset objects reloaded before import = 0Number of asset objects unloaded after import = 1

========================================================================
Received Import Request.
  Time since last request: 0.000017 seconds.
  path: Assets/Art/MINIFANTASY - Crafting and Professions I/Animations/Humanoids/Halfling/Halfling_Mining_SE.anim
  artifactKey: Guid(a009106ec9d51734fa58854fc633a7f6) Importer(2089858483,192608db42251d675da83286b1cce702)
Start importing Assets/Art/MINIFANTASY - Crafting and Professions I/Animations/Humanoids/Halfling/Halfling_Mining_SE.anim using Guid(a009106ec9d51734fa58854fc633a7f6) Importer(2089858483,192608db42251d675da83286b1cce702) (ScriptedImporter) -> (artifact id: '5c6631bd4f14e40d2688eda1b70458bb') in 0.0072124 seconds
Number of updated asset objects reloaded before import = 0Number of asset objects unloaded after import = 1

========================================================================
Received Import Request.
  Time since last request: 0.000018 seconds.
  path: Assets/Art/MINIFANTASY - Crafting and Professions I/Sprites/Barbarian/General_Animations
  artifactKey: Guid(5bd10fb3dbdf77f4388745bf862dace3) Importer(2089858483,192608db42251d675da83286b1cce702)
Start importing Assets/Art/MINIFANTASY - Crafting and Professions I/Sprites/Barbarian/General_Animations using Guid(5bd10fb3dbdf77f4388745bf862dace3) Importer(2089858483,192608db42251d675da83286b1cce702) (ScriptedImporter) -> (artifact id: '46a2910f1127690a62e9cfd71ca95fa0') in 0.0062762 seconds
Number of updated asset objects reloaded before import = 0Number of asset objects unloaded after import = 1

========================================================================
Received Import Request.
  Time since last request: 0.000016 seconds.
  path: Assets/Art/MINIFANTASY - Crafting and Professions I/Sprites/Barbarian/Special_Animations/Throw_Things/Shadows
  artifactKey: Guid(49bff96b45efe7d4c913148feb7bab44) Importer(2089858483,192608db42251d675da83286b1cce702)
Start importing Assets/Art/MINIFANTASY - Crafting and Professions I/Sprites/Barbarian/Special_Animations/Throw_Things/Shadows using Guid(49bff96b45efe7d4c913148feb7bab44) Importer(2089858483,192608db42251d675da83286b1cce702) (ScriptedImporter) -> (artifact id: 'a423e286470aab35b7a0057a23cc214b') in 0.0056203 seconds
Number of updated asset objects reloaded before import = 0Number of asset objects unloaded after import = 1

========================================================================
Received Import Request.
  Time since last request: 0.000016 seconds.
  path: Assets/Art/MINIFANTASY - Crafting and Professions I/Sprites/Barbarian/General_Animations/Barbarian_Die.png
  artifactKey: Guid(c556c4cac24dd4c4993a42872394568b) Importer(2089858483,192608db42251d675da83286b1cce702)
Start importing Assets/Art/MINIFANTASY - Crafting and Professions I/Sprites/Barbarian/General_Animations/Barbarian_Die.png using Guid(c556c4cac24dd4c4993a42872394568b) Importer(2089858483,192608db42251d675da83286b1cce702) (ScriptedImporter) -> (artifact id: '3fead949ea5473c799bf82ddcafbdf0c') in 0.0604111 seconds
Number of updated asset objects reloaded before import = 0Number of asset objects unloaded after import = 22

========================================================================
Received Import Request.
  Time since last request: 0.000021 seconds.
  path: Assets/Art/MINIFANTASY - Crafting and Professions I/Sprites/Crafting Professions/Blacksmith/BlacksmithPropsShadows.png
  artifactKey: Guid(2aa446693c861eb4eaf1a0c1fe97fff9) Importer(2089858483,192608db42251d675da83286b1cce702)
Start importing Assets/Art/MINIFANTASY - Crafting and Professions I/Sprites/Crafting Professions/Blacksmith/BlacksmithPropsShadows.png using Guid(2aa446693c861eb4eaf1a0c1fe97fff9) Importer(2089858483,192608db42251d675da83286b1cce702) (ScriptedImporter) -> (artifact id: '2df4ba9fdca4b61e0059cca886ca7fb7') in 0.0258773 seconds
Number of updated asset objects reloaded before import = 0Number of asset objects unloaded after import = 7

========================================================================
Received Import Request.
  Time since last request: 0.000030 seconds.
  path: Assets/Art/MINIFANTASY - Crafting and Professions I/Sprites/Rogue/General_Animations/GIFs/Rogue_Jump.gif
  artifactKey: Guid(80227d4757f25364da57d70079aca4da) Importer(2089858483,192608db42251d675da83286b1cce702)
Start importing Assets/Art/MINIFANTASY - Crafting and Professions I/Sprites/Rogue/General_Animations/GIFs/Rogue_Jump.gif using Guid(80227d4757f25364da57d70079aca4da) Importer(2089858483,192608db42251d675da83286b1cce702) (ScriptedImporter) -> (artifact id: '68e1bd9527753894dc557d3a0f374852') in 0.0198369 seconds
Number of updated asset objects reloaded before import = 0Number of asset objects unloaded after import = 3

========================================================================
Received Import Request.
  Time since last request: 0.000018 seconds.
  path: Assets/Art/MINIFANTASY - Crafting and Professions I/Sprites/Druid/Special_Animations/Shape_Shifting/Forest_Beast/GIFs/ForestBeastWalk.gif
  artifactKey: Guid(89759349b5f5f3848a3730f58bc45d74) Importer(2089858483,192608db42251d675da83286b1cce702)
Start importing Assets/Art/MINIFANTASY - Crafting and Professions I/Sprites/Druid/Special_Animations/Shape_Shifting/Forest_Beast/GIFs/ForestBeastWalk.gif using Guid(89759349b5f5f3848a3730f58bc45d74) Importer(2089858483,192608db42251d675da83286b1cce702) (ScriptedImporter) -> (artifact id: '2b32ebfc9c542a47f357939c5e26438b') in 0.019208 seconds
Number of updated asset objects reloaded before import = 0Number of asset objects unloaded after import = 3

========================================================================
Received Import Request.
  Time since last request: 0.000018 seconds.
  path: Assets/Art/MINIFANTASY - Crafting and Professions I/Sprites/Barbarian/Special_Animations/Thunder_Blade_Attack/Barbarian_ThunderBladeProjectilesFrame3.png
  artifactKey: Guid(fcb53ffb88c798f43a4e83b8cfec5e3e) Importer(2089858483,192608db42251d675da83286b1cce702)
Start importing Assets/Art/MINIFANTASY - Crafting and Professions I/Sprites/Barbarian/Special_Animations/Thunder_Blade_Attack/Barbarian_ThunderBladeProjectilesFrame3.png using Guid(fcb53ffb88c798f43a4e83b8cfec5e3e) Importer(2089858483,192608db42251d675da83286b1cce702) (ScriptedImporter) -> (artifact id: 'e896c103af4a68d764d86a037f4ee3af') in 0.037318 seconds
Number of updated asset objects reloaded before import = 0Number of asset objects unloaded after import = 11

========================================================================
Received Import Request.
  Time since last request: 0.000037 seconds.
  path: Assets/Art/MINIFANTASY - Crafting and Professions I/Animations/Humanoids/Halfling/Halfling_Harvest_NW.anim
  artifactKey: Guid(a4769d644497d514dbc20c3c20d36f96) Importer(2089858483,192608db42251d675da83286b1cce702)
Start importing Assets/Art/MINIFANTASY - Crafting and Professions I/Animations/Humanoids/Halfling/Halfling_Harvest_NW.anim using Guid(a4769d644497d514dbc20c3c20d36f96) Importer(2089858483,192608db42251d675da83286b1cce702) (ScriptedImporter) -> (artifact id: '9be7e4d2fa99ae5f5c957af12d1ff311') in 0.0097828 seconds
Number of updated asset objects reloaded before import = 0Number of asset objects unloaded after import = 1

========================================================================
Received Import Request.
  Time since last request: 0.000024 seconds.
  path: Assets/Art/MINIFANTASY - Crafting and Professions I/Sprites/Druid/Special_Animations/Shape_Shifting/Forest_Owl/Shadows/Druid_ShapeShiftHumanToForestOwlShadow.png
  artifactKey: Guid(01cd1f5c9b1836c439a01d6bcf41be56) Importer(2089858483,192608db42251d675da83286b1cce702)
Start importing Assets/Art/MINIFANTASY - Crafting and Professions I/Sprites/Druid/Special_Animations/Shape_Shifting/Forest_Owl/Shadows/Druid_ShapeShiftHumanToForestOwlShadow.png using Guid(01cd1f5c9b1836c439a01d6bcf41be56) Importer(2089858483,192608db42251d675da83286b1cce702) (ScriptedImporter) -> (artifact id: '70613da6a02cfeb81940f1049b197456') in 0.0963907 seconds
Number of updated asset objects reloaded before import = 0Number of asset objects unloaded after import = 23

========================================================================
Received Import Request.
  Time since last request: 0.000035 seconds.
  path: Assets/Art/MINIFANTASY - Crafting and Professions I/Sprites/Crafting Professions/Tailor/Spinning Wheel/Gif
  artifactKey: Guid(f7e1849dffa68f849942f03d9330fa30) Importer(2089858483,192608db42251d675da83286b1cce702)
Start importing Assets/Art/MINIFANTASY - Crafting and Professions I/Sprites/Crafting Professions/Tailor/Spinning Wheel/Gif using Guid(f7e1849dffa68f849942f03d9330fa30) Importer(2089858483,192608db42251d675da83286b1cce702) (ScriptedImporter) -> (artifact id: '0428841a30fa1434e9d44756a67ea4b0') in 0.0047112 seconds
Number of updated asset objects reloaded before import = 0Number of asset objects unloaded after import = 1

========================================================================
Received Import Request.
  Time since last request: 0.000035 seconds.
  path: Assets/Art/MINIFANTASY - Crafting and Professions I/Animations/Humanoids/Human/Human_Chopping_SE.anim
  artifactKey: Guid(328b1b656950cda46ad7284e2eecff32) Importer(2089858483,192608db42251d675da83286b1cce702)
Start importing Assets/Art/MINIFANTASY - Crafting and Professions I/Animations/Humanoids/Human/Human_Chopping_SE.anim using Guid(328b1b656950cda46ad7284e2eecff32) Importer(2089858483,192608db42251d675da83286b1cce702) (ScriptedImporter) -> (artifact id: '9399011c6529bff525c7f92e3d06e95e') in 0.0098098 seconds
Number of updated asset objects reloaded before import = 0Number of asset objects unloaded after import = 1

========================================================================
Received Import Request.
  Time since last request: 0.000018 seconds.
  path: Assets/Art/MINIFANTASY - Crafting and Professions I/Sprites/Rogue
  artifactKey: Guid(93f81ac2457921340a539a6d12e9610f) Importer(2089858483,192608db42251d675da83286b1cce702)
Start importing Assets/Art/MINIFANTASY - Crafting and Professions I/Sprites/Rogue using Guid(93f81ac2457921340a539a6d12e9610f) Importer(2089858483,192608db42251d675da83286b1cce702) (ScriptedImporter) -> (artifact id: 'f14c2eaa6203b288fcb2f538f3502d81') in 0.0051043 seconds
Number of updated asset objects reloaded before import = 0Number of asset objects unloaded after import = 1

========================================================================
Received Import Request.
  Time since last request: 0.000021 seconds.
  path: Assets/Art/MINIFANTASY - Crafting and Professions I/Animations/Humanoids/Goblin/Goblin_JewelryWorkshopWorking.anim
  artifactKey: Guid(1b07c46698ed4b2408b7e7cc65df23f8) Importer(2089858483,192608db42251d675da83286b1cce702)
Start importing Assets/Art/MINIFANTASY - Crafting and Professions I/Animations/Humanoids/Goblin/Goblin_JewelryWorkshopWorking.anim using Guid(1b07c46698ed4b2408b7e7cc65df23f8) Importer(2089858483,192608db42251d675da83286b1cce702) (ScriptedImporter) -> (artifact id: 'a3bc5139ddb0d037b26b29458d489e68') in 0.0121602 seconds
Number of updated asset objects reloaded before import = 0Number of asset objects unloaded after import = 1

========================================================================
Received Import Request.
  Time since last request: 0.000027 seconds.
  path: Assets/Art/MINIFANTASY - Crafting and Professions I/Animations/Props/Trees/Oak
  artifactKey: Guid(b5d45b2c9ae046d4589537137819c5d7) Importer(2089858483,192608db42251d675da83286b1cce702)
Start importing Assets/Art/MINIFANTASY - Crafting and Professions I/Animations/Props/Trees/Oak using Guid(b5d45b2c9ae046d4589537137819c5d7) Importer(2089858483,192608db42251d675da83286b1cce702) (ScriptedImporter) -> (artifact id: '487545098f54c76f9a840a50bf0e9b7d') in 0.0051423 seconds
Number of updated asset objects reloaded before import = 0Number of asset objects unloaded after import = 1

========================================================================
Received Import Request.
  Time since last request: 0.000033 seconds.
  path: Assets/Art/MINIFANTASY - Crafting and Professions I/Sprites/Barbarian/General_Animations/Shadows/Barbarian_JumpShadow.png
  artifactKey: Guid(42bbb9262fb106b4f885e88a8bb69f29) Importer(2089858483,192608db42251d675da83286b1cce702)
Start importing Assets/Art/MINIFANTASY - Crafting and Professions I/Sprites/Barbarian/General_Animations/Shadows/Barbarian_JumpShadow.png using Guid(42bbb9262fb106b4f885e88a8bb69f29) Importer(2089858483,192608db42251d675da83286b1cce702) (ScriptedImporter) -> (artifact id: '47ec99c0723785b2ed698452fbb9fe81') in 0.083265 seconds
Number of updated asset objects reloaded before import = 0Number of asset objects unloaded after import = 18

========================================================================
Received Import Request.
  Time since last request: 0.000022 seconds.
  path: Assets/Art/MINIFANTASY - Crafting and Professions I/Sprites/Rogue/General_Animations/GIFs/Rogue_Attack.gif
  artifactKey: Guid(a6670c42e36972e40b8d24260b8a241a) Importer(2089858483,192608db42251d675da83286b1cce702)
Start importing Assets/Art/MINIFANTASY - Crafting and Professions I/Sprites/Rogue/General_Animations/GIFs/Rogue_Attack.gif using Guid(a6670c42e36972e40b8d24260b8a241a) Importer(2089858483,192608db42251d675da83286b1cce702) (ScriptedImporter) -> (artifact id: '31ae8d90da89d4147b1345548bb6fa17') in 0.0234693 seconds
Number of updated asset objects reloaded before import = 0Number of asset objects unloaded after import = 3

========================================================================
Received Import Request.
  Time since last request: 0.000017 seconds.
  path: Assets/Art/MINIFANTASY - Crafting and Professions I/Animations/Props/Trees/Oak/Oak_AnimatorOverrideController.overrideController
  artifactKey: Guid(9e9853d91f462d443a45ac62946b6871) Importer(2089858483,192608db42251d675da83286b1cce702)
Start importing Assets/Art/MINIFANTASY - Crafting and Professions I/Animations/Props/Trees/Oak/Oak_AnimatorOverrideController.overrideController using Guid(9e9853d91f462d443a45ac62946b6871) Importer(2089858483,192608db42251d675da83286b1cce702) (ScriptedImporter) -> (artifact id: 'fdf25968daca92b5083150adc5e1912f') in 0.0122212 seconds
Number of updated asset objects reloaded before import = 0Number of asset objects unloaded after import = 19

========================================================================
Received Import Request.
  Time since last request: 0.000026 seconds.
  path: Assets/Art/MINIFANTASY - Crafting and Professions I/Scripts/TH_RootSpawner.cs
  artifactKey: Guid(aec000671f38f0446b78bbf0a299020a) Importer(2089858483,192608db42251d675da83286b1cce702)
Start importing Assets/Art/MINIFANTASY - Crafting and Professions I/Scripts/TH_RootSpawner.cs using Guid(aec000671f38f0446b78bbf0a299020a) Importer(2089858483,192608db42251d675da83286b1cce702) (ScriptedImporter) -> (artifact id: '4d192088949136ec11816301803cd01c') in 0.0069602 seconds
Number of updated asset objects reloaded before import = 0Number of asset objects unloaded after import = 0

========================================================================
Received Import Request.
  Time since last request: 0.000031 seconds.
  path: Assets/Art/MINIFANTASY - Crafting and Professions I/Sprites/Rogue/Special_Animations/Throw Bomb/Rogue_BombExplosion.png
  artifactKey: Guid(1c199ff868295f04998a58c922ac01e1) Importer(2089858483,192608db42251d675da83286b1cce702)
Start importing Assets/Art/MINIFANTASY - Crafting and Professions I/Sprites/Rogue/Special_Animations/Throw Bomb/Rogue_BombExplosion.png using Guid(1c199ff868295f04998a58c922ac01e1) Importer(2089858483,192608db42251d675da83286b1cce702) (ScriptedImporter) -> (artifact id: '46c6db35b30f6eb6d8298609907ba8d4') in 0.044038 seconds
Number of updated asset objects reloaded before import = 0Number of asset objects unloaded after import = 13

========================================================================
Received Import Request.
  Time since last request: 0.000022 seconds.
  path: Assets/Art/MINIFANTASY - Crafting and Professions I/Sprites/Rogue/Special_Animations/Shurikens/Rogue_Shurikens.png
  artifactKey: Guid(b8762ea1668e3a4489b079ed0be86823) Importer(2089858483,192608db42251d675da83286b1cce702)
Start importing Assets/Art/MINIFANTASY - Crafting and Professions I/Sprites/Rogue/Special_Animations/Shurikens/Rogue_Shurikens.png using Guid(b8762ea1668e3a4489b079ed0be86823) Importer(2089858483,192608db42251d675da83286b1cce702) (ScriptedImporter) -> (artifact id: '04199a7b9d68e6ad6159f59ecf26cd5d') in 0.1497669 seconds
Number of updated asset objects reloaded before import = 0Number of asset objects unloaded after import = 62

========================================================================
Received Import Request.
  Time since last request: 0.000026 seconds.
  path: Assets/Art/MINIFANTASY - Crafting and Professions I/Sprites/Barbarian/General_Animations/Barbarian_Dmg.png
  artifactKey: Guid(49d00d58ac34e924bb4e3df76f640240) Importer(2089858483,192608db42251d675da83286b1cce702)
Start importing Assets/Art/MINIFANTASY - Crafting and Professions I/Sprites/Barbarian/General_Animations/Barbarian_Dmg.png using Guid(49d00d58ac34e924bb4e3df76f640240) Importer(2089858483,192608db42251d675da83286b1cce702) (ScriptedImporter) -> (artifact id: '1212860edfe263de0951dac70737d234') in 0.0764947 seconds
Number of updated asset objects reloaded before import = 0Number of asset objects unloaded after import = 18

========================================================================
Received Import Request.
  Time since last request: 0.000029 seconds.
  path: Assets/Art/MINIFANTASY - Crafting and Professions I/Sprites/Druid/General_Animations/Gifs/Druid_Jump.gif
  artifactKey: Guid(9c288211a90946b4ca0f72c974472138) Importer(2089858483,192608db42251d675da83286b1cce702)
Start importing Assets/Art/MINIFANTASY - Crafting and Professions I/Sprites/Druid/General_Animations/Gifs/Druid_Jump.gif using Guid(9c288211a90946b4ca0f72c974472138) Importer(2089858483,192608db42251d675da83286b1cce702) (ScriptedImporter) -> (artifact id: '84c5882509f35abeaa15c312c735f0d3') in 0.0229297 seconds
Number of updated asset objects reloaded before import = 0Number of asset objects unloaded after import = 3

========================================================================
Received Import Request.
  Time since last request: 0.000031 seconds.
  path: Assets/Art/MINIFANTASY - Crafting and Professions I/Sprites/Rogue/Special_Animations/Mobility/GIFs/Rogue_SprintDodge.gif
  artifactKey: Guid(4c52a40a8e4caea48b97c58317ceb0f8) Importer(2089858483,192608db42251d675da83286b1cce702)
Start importing Assets/Art/MINIFANTASY - Crafting and Professions I/Sprites/Rogue/Special_Animations/Mobility/GIFs/Rogue_SprintDodge.gif using Guid(4c52a40a8e4caea48b97c58317ceb0f8) Importer(2089858483,192608db42251d675da83286b1cce702) (ScriptedImporter) -> (artifact id: 'bdffb1b07395afd0a8b304de5fc9c522') in 0.0213295 seconds
Number of updated asset objects reloaded before import = 0Number of asset objects unloaded after import = 3

========================================================================
Received Import Request.
  Time since last request: 0.000046 seconds.
  path: Assets/Art/MINIFANTASY - Crafting and Professions I/Sprites/Crafting Professions/Blacksmith/Anvil/AnvilWorkShadows.png
  artifactKey: Guid(8b6e6542e9b7e584e9145357beb490c5) Importer(2089858483,192608db42251d675da83286b1cce702)
Start importing Assets/Art/MINIFANTASY - Crafting and Professions I/Sprites/Crafting Professions/Blacksmith/Anvil/AnvilWorkShadows.png using Guid(8b6e6542e9b7e584e9145357beb490c5) Importer(2089858483,192608db42251d675da83286b1cce702) (ScriptedImporter) -> (artifact id: '541e1632aa00f06997565029df948f2a') in 0.0340592 seconds
Number of updated asset objects reloaded before import = 0Number of asset objects unloaded after import = 8

========================================================================
Received Import Request.
  Time since last request: 0.000018 seconds.
  path: Assets/Art/MINIFANTASY - Crafting and Professions I/Sprites/Barbarian/General_Animations/GIFs
  artifactKey: Guid(4c1486a62e87a264a966e88a744a8a3b) Importer(2089858483,192608db42251d675da83286b1cce702)
Start importing Assets/Art/MINIFANTASY - Crafting and Professions I/Sprites/Barbarian/General_Animations/GIFs using Guid(4c1486a62e87a264a966e88a744a8a3b) Importer(2089858483,192608db42251d675da83286b1cce702) (ScriptedImporter) -> (artifact id: '2123034647c856fc4d1e130320a6089c') in 0.0043945 seconds
Number of updated asset objects reloaded before import = 0Number of asset objects unloaded after import = 1

========================================================================
Received Import Request.
  Time since last request: 0.000023 seconds.
  path: Assets/Art/MINIFANTASY - Crafting and Professions I/Sprites/Gathering Professions/Mining/Characters/Orc_Mining.png
  artifactKey: Guid(e3261655e0a743644ac41dacee36be9b) Importer(2089858483,192608db42251d675da83286b1cce702)
Start importing Assets/Art/MINIFANTASY - Crafting and Professions I/Sprites/Gathering Professions/Mining/Characters/Orc_Mining.png using Guid(e3261655e0a743644ac41dacee36be9b) Importer(2089858483,192608db42251d675da83286b1cce702) (ScriptedImporter) -> (artifact id: 'bd983ad105cf6997615ce8f18ed1f26b') in 0.0807084 seconds
Number of updated asset objects reloaded before import = 0Number of asset objects unloaded after import = 26

========================================================================
Received Import Request.
  Time since last request: 0.000028 seconds.
  path: Assets/Art/MINIFANTASY - Crafting and Professions I/Sprites/Crafting Professions/Woodwork/Sawmill
  artifactKey: Guid(69e9be2685d0acd479d93bd602146644) Importer(2089858483,192608db42251d675da83286b1cce702)
Start importing Assets/Art/MINIFANTASY - Crafting and Professions I/Sprites/Crafting Professions/Woodwork/Sawmill using Guid(69e9be2685d0acd479d93bd602146644) Importer(2089858483,192608db42251d675da83286b1cce702) (ScriptedImporter) -> (artifact id: 'c54a9d71b9ff8770702edcf7aa8f4d27') in 0.0053449 seconds
Number of updated asset objects reloaded before import = 0Number of asset objects unloaded after import = 1

========================================================================
Received Import Request.
  Time since last request: 0.000016 seconds.
  path: Assets/Art/MINIFANTASY - Crafting and Professions I/Prefabs/Props/Foundry.prefab
  artifactKey: Guid(14d74df131605cd45a0bf94062908895) Importer(2089858483,192608db42251d675da83286b1cce702)
Start importing Assets/Art/MINIFANTASY - Crafting and Professions I/Prefabs/Props/Foundry.prefab using Guid(14d74df131605cd45a0bf94062908895) Importer(2089858483,192608db42251d675da83286b1cce702) (ScriptedImporter) -> (artifact id: '1fa64bd07a423e6a0f419984b2e06fe1') in 0.0225283 seconds
Number of updated asset objects reloaded before import = 0Number of asset objects unloaded after import = 22

========================================================================
Received Import Request.
  Time since last request: 0.000025 seconds.
  path: Assets/Art/MINIFANTASY - Crafting and Professions I/Sprites/Crafting Professions/Jewelry/Gif
  artifactKey: Guid(d0a2085a7f331d44787a18c579b4a36e) Importer(2089858483,192608db42251d675da83286b1cce702)
Start importing Assets/Art/MINIFANTASY - Crafting and Professions I/Sprites/Crafting Professions/Jewelry/Gif using Guid(d0a2085a7f331d44787a18c579b4a36e) Importer(2089858483,192608db42251d675da83286b1cce702) (ScriptedImporter) -> (artifact id: 'e3c4f9e5a7669b908a55bcd61f821ea1') in 0.0055322 seconds
Number of updated asset objects reloaded before import = 0Number of asset objects unloaded after import = 1

========================================================================
Received Import Request.
  Time since last request: 0.000032 seconds.
  path: Assets/Art/MINIFANTASY - Crafting and Professions I/Animations/Humanoids/Elf/Elf_Harvest_SE.anim
  artifactKey: Guid(d1d63b89a953dae4ca7810b00c54cbc6) Importer(2089858483,192608db42251d675da83286b1cce702)
Start importing Assets/Art/MINIFANTASY - Crafting and Professions I/Animations/Humanoids/Elf/Elf_Harvest_SE.anim using Guid(d1d63b89a953dae4ca7810b00c54cbc6) Importer(2089858483,192608db42251d675da83286b1cce702) (ScriptedImporter) -> (artifact id: 'fa04f4592c774b332149d52def7b3e23') in 0.0090084 seconds
Number of updated asset objects reloaded before import = 0Number of asset objects unloaded after import = 1

========================================================================
Received Import Request.
  Time since last request: 0.000018 seconds.
  path: Assets/Art/MINIFANTASY - Crafting and Professions I/Sprites/Barbarian/General_Animations/GIFs/Barbarian_Die.gif
  artifactKey: Guid(2fb009cbde175ca4bbf35099bf9b9940) Importer(2089858483,192608db42251d675da83286b1cce702)
Start importing Assets/Art/MINIFANTASY - Crafting and Professions I/Sprites/Barbarian/General_Animations/GIFs/Barbarian_Die.gif using Guid(2fb009cbde175ca4bbf35099bf9b9940) Importer(2089858483,192608db42251d675da83286b1cce702) (ScriptedImporter) -> (artifact id: '720960be71dead06029740bc40b33ac2') in 0.0165864 seconds
Number of updated asset objects reloaded before import = 0Number of asset objects unloaded after import = 3

========================================================================
Received Import Request.
  Time since last request: 0.000029 seconds.
  path: Assets/Art/MINIFANTASY - Crafting and Professions I/Sprites/Rogue/Special_Animations/Shurikens
  artifactKey: Guid(cce3677ed7debd6438233c8c6b8cc7ab) Importer(2089858483,192608db42251d675da83286b1cce702)
Start importing Assets/Art/MINIFANTASY - Crafting and Professions I/Sprites/Rogue/Special_Animations/Shurikens using Guid(cce3677ed7debd6438233c8c6b8cc7ab) Importer(2089858483,192608db42251d675da83286b1cce702) (ScriptedImporter) -> (artifact id: '661258520374431919613d994da79dfe') in 0.0060876 seconds
Number of updated asset objects reloaded before import = 0Number of asset objects unloaded after import = 1

========================================================================
Received Import Request.
  Time since last request: 0.000017 seconds.
  path: Assets/Art/MINIFANTASY - Crafting and Professions I/Sprites/Gathering Professions/Logging
  artifactKey: Guid(362d548c48ad3a346a166b54a47accf9) Importer(2089858483,192608db42251d675da83286b1cce702)
Start importing Assets/Art/MINIFANTASY - Crafting and Professions I/Sprites/Gathering Professions/Logging using Guid(362d548c48ad3a346a166b54a47accf9) Importer(2089858483,192608db42251d675da83286b1cce702) (ScriptedImporter) -> (artifact id: 'df9217f062da5ad4620d861bec4915f2') in 0.0058119 seconds
Number of updated asset objects reloaded before import = 0Number of asset objects unloaded after import = 1

========================================================================
Received Import Request.
  Time since last request: 0.000016 seconds.
  path: Assets/Art/MINIFANTASY - Crafting and Professions I/Sprites/Druid/Special_Animations/Shape_Shifting/Forest_Hound/GIFs/ForestHoundDmg.gif
  artifactKey: Guid(25c25c13d9364ad4f8b58e8b4701c30d) Importer(2089858483,192608db42251d675da83286b1cce702)
Start importing Assets/Art/MINIFANTASY - Crafting and Professions I/Sprites/Druid/Special_Animations/Shape_Shifting/Forest_Hound/GIFs/ForestHoundDmg.gif using Guid(25c25c13d9364ad4f8b58e8b4701c30d) Importer(2089858483,192608db42251d675da83286b1cce702) (ScriptedImporter) -> (artifact id: '90eeaa8a47dece4d4dd0b4d7ddd56ed9') in 0.0189297 seconds
Number of updated asset objects reloaded before import = 0Number of asset objects unloaded after import = 3

========================================================================
Received Import Request.
  Time since last request: 0.000019 seconds.
  path: Assets/Art/MINIFANTASY - Crafting and Professions I/Animations/Humanoids/Elf/Elf_JewelryWorkshopWorking.anim
  artifactKey: Guid(4b1591000a580f645b1c3a6f76bd9e07) Importer(2089858483,192608db42251d675da83286b1cce702)
Start importing Assets/Art/MINIFANTASY - Crafting and Professions I/Animations/Humanoids/Elf/Elf_JewelryWorkshopWorking.anim using Guid(4b1591000a580f645b1c3a6f76bd9e07) Importer(2089858483,192608db42251d675da83286b1cce702) (ScriptedImporter) -> (artifact id: '677accb4b2a2cb1cebb20650cb453751') in 0.0076718 seconds
Number of updated asset objects reloaded before import = 0Number of asset objects unloaded after import = 1

========================================================================
Received Import Request.
  Time since last request: 0.000017 seconds.
  path: Assets/Art/MINIFANTASY - Crafting and Professions I/Animations/Humanoids/Human/Human_AnvilWorking.anim
  artifactKey: Guid(20ca8d3402955774ca282ddac0569657) Importer(2089858483,192608db42251d675da83286b1cce702)
Start importing Assets/Art/MINIFANTASY - Crafting and Professions I/Animations/Humanoids/Human/Human_AnvilWorking.anim using Guid(20ca8d3402955774ca282ddac0569657) Importer(2089858483,192608db42251d675da83286b1cce702) (ScriptedImporter) -> (artifact id: '1bb035fce047b5e44bd049f66ecfe8c2') in 0.0074992 seconds
Number of updated asset objects reloaded before import = 0Number of asset objects unloaded after import = 1

========================================================================
Received Import Request.
  Time since last request: 0.000028 seconds.
  path: Assets/Art/MINIFANTASY - Crafting and Professions I/Sprites/Crafting Professions/Blacksmith/Anvil/Gif
  artifactKey: Guid(1a89f7aa88a726b48bf0365a3ceaafea) Importer(2089858483,192608db42251d675da83286b1cce702)
Start importing Assets/Art/MINIFANTASY - Crafting and Professions I/Sprites/Crafting Professions/Blacksmith/Anvil/Gif using Guid(1a89f7aa88a726b48bf0365a3ceaafea) Importer(2089858483,192608db42251d675da83286b1cce702) (ScriptedImporter) -> (artifact id: '623061c2a4d5ae9b22a6533c4a626e1d') in 0.005933 seconds
Number of updated asset objects reloaded before import = 0Number of asset objects unloaded after import = 1

========================================================================
Received Import Request.
  Time since last request: 0.000028 seconds.
  path: Assets/Art/MINIFANTASY - Crafting and Professions I/Sprites/Gathering Professions/Harvesting/Characters/Goblin_Harvest.png
  artifactKey: Guid(7ac00979cd4eaa542b83f9ab3e307421) Importer(2089858483,192608db42251d675da83286b1cce702)
Start importing Assets/Art/MINIFANTASY - Crafting and Professions I/Sprites/Gathering Professions/Harvesting/Characters/Goblin_Harvest.png using Guid(7ac00979cd4eaa542b83f9ab3e307421) Importer(2089858483,192608db42251d675da83286b1cce702) (ScriptedImporter) -> (artifact id: 'cb5baf2eb6579b08ba26ad60e02f24f0') in 0.0640642 seconds
Number of updated asset objects reloaded before import = 0Number of asset objects unloaded after import = 26

========================================================================
Received Import Request.
  Time since last request: 0.000023 seconds.
  path: Assets/Art/MINIFANTASY - Crafting and Professions I/Sprites/Barbarian/General_Animations/Barbarian_AttackBrokenGround.png
  artifactKey: Guid(e06c9d11a9924434fb82c923d91434b0) Importer(2089858483,192608db42251d675da83286b1cce702)
Start importing Assets/Art/MINIFANTASY - Crafting and Professions I/Sprites/Barbarian/General_Animations/Barbarian_AttackBrokenGround.png using Guid(e06c9d11a9924434fb82c923d91434b0) Importer(2089858483,192608db42251d675da83286b1cce702) (ScriptedImporter) -> (artifact id: '4fd6125e93ac0e40645db76914ed8f9b') in 0.0750533 seconds
Number of updated asset objects reloaded before import = 0Number of asset objects unloaded after import = 26

========================================================================
Received Import Request.
  Time since last request: 0.000050 seconds.
  path: Assets/Art/MINIFANTASY - Crafting and Professions I/Animations/Humanoids/Dwarf/Dwarf_AnvilWorking.anim
  artifactKey: Guid(17b0f17bb46c1d242bd839bf5e021da2) Importer(2089858483,192608db42251d675da83286b1cce702)
Start importing Assets/Art/MINIFANTASY - Crafting and Professions I/Animations/Humanoids/Dwarf/Dwarf_AnvilWorking.anim using Guid(17b0f17bb46c1d242bd839bf5e021da2) Importer(2089858483,192608db42251d675da83286b1cce702) (ScriptedImporter) -> (artifact id: '825568916ee6e2f3e7a34607eeed096b') in 0.0075894 seconds
Number of updated asset objects reloaded before import = 0Number of asset objects unloaded after import = 1

========================================================================
Received Import Request.
  Time since last request: 0.000029 seconds.
  path: Assets/Art/MINIFANTASY - Crafting and Professions I/Sprites/Druid/General_Animations/Gifs
  artifactKey: Guid(4b06e56b20ff366409727360445808c6) Importer(2089858483,192608db42251d675da83286b1cce702)
Start importing Assets/Art/MINIFANTASY - Crafting and Professions I/Sprites/Druid/General_Animations/Gifs using Guid(4b06e56b20ff366409727360445808c6) Importer(2089858483,192608db42251d675da83286b1cce702) (ScriptedImporter) -> (artifact id: '1f75130c147f946190225bc97e200a31') in 0.0047048 seconds
Number of updated asset objects reloaded before import = 0Number of asset objects unloaded after import = 1

========================================================================
Received Import Request.
  Time since last request: 0.000015 seconds.
  path: Assets/Art/MINIFANTASY - Crafting and Professions I/Animations/Humanoids/Human/Human_Harvest_NE.anim
  artifactKey: Guid(f857a8b9a1bfd9f4dbe8c43f2b23d55a) Importer(2089858483,192608db42251d675da83286b1cce702)
Start importing Assets/Art/MINIFANTASY - Crafting and Professions I/Animations/Humanoids/Human/Human_Harvest_NE.anim using Guid(f857a8b9a1bfd9f4dbe8c43f2b23d55a) Importer(2089858483,192608db42251d675da83286b1cce702) (ScriptedImporter) -> (artifact id: '1e9ca94c882232fa688b74152ab6bc06') in 0.0073652 seconds
Number of updated asset objects reloaded before import = 0Number of asset objects unloaded after import = 1

========================================================================
Received Import Request.
  Time since last request: 0.000015 seconds.
  path: Assets/Art/MINIFANTASY - Crafting and Professions I/Sprites/Druid/Special_Animations/Shape_Shifting/Forest_Hound/ForestHound_Attack.png
  artifactKey: Guid(c5f643d3982f69341ba1c7295960f2e9) Importer(2089858483,192608db42251d675da83286b1cce702)
Start importing Assets/Art/MINIFANTASY - Crafting and Professions I/Sprites/Druid/Special_Animations/Shape_Shifting/Forest_Hound/ForestHound_Attack.png using Guid(c5f643d3982f69341ba1c7295960f2e9) Importer(2089858483,192608db42251d675da83286b1cce702) (ScriptedImporter) -> (artifact id: '02e07292d34dfb7d58ac042df53cc536') in 0.0694285 seconds
Number of updated asset objects reloaded before import = 0Number of asset objects unloaded after import = 18

========================================================================
Received Import Request.
  Time since last request: 0.000015 seconds.
  path: Assets/Art/MINIFANTASY - Crafting and Professions I/Sprites/Gathering Professions/Mining/Characters/Dwarf_Mining.png
  artifactKey: Guid(3b83a405859b60b449d90529e4d6d551) Importer(2089858483,192608db42251d675da83286b1cce702)
Start importing Assets/Art/MINIFANTASY - Crafting and Professions I/Sprites/Gathering Professions/Mining/Characters/Dwarf_Mining.png using Guid(3b83a405859b60b449d90529e4d6d551) Importer(2089858483,192608db42251d675da83286b1cce702) (ScriptedImporter) -> (artifact id: 'c9db40c943e3de86defae820dee348b1') in 0.0637036 seconds
Number of updated asset objects reloaded before import = 0Number of asset objects unloaded after import = 26

========================================================================
Received Import Request.
  Time since last request: 0.000019 seconds.
  path: Assets/Art/MINIFANTASY - Crafting and Professions I/Sprites/Gathering Professions/Harvesting
  artifactKey: Guid(74064b6e069298c4a95d79b5c018bed7) Importer(2089858483,192608db42251d675da83286b1cce702)
Start importing Assets/Art/MINIFANTASY - Crafting and Professions I/Sprites/Gathering Professions/Harvesting using Guid(74064b6e069298c4a95d79b5c018bed7) Importer(2089858483,192608db42251d675da83286b1cce702) (ScriptedImporter) -> (artifact id: '5466c234a9f915894944dd57f4bbb854') in 0.0053809 seconds
Number of updated asset objects reloaded before import = 0Number of asset objects unloaded after import = 1

========================================================================
Received Import Request.
  Time since last request: 0.000034 seconds.
  path: Assets/Art/MINIFANTASY - Crafting and Professions I/Sprites/Crafting Professions/Blacksmith/Anvil/Characters/Halfling_AnvilWorking.png
  artifactKey: Guid(324aa0cdc800fda488986048a59a07aa) Importer(2089858483,192608db42251d675da83286b1cce702)
Start importing Assets/Art/MINIFANTASY - Crafting and Professions I/Sprites/Crafting Professions/Blacksmith/Anvil/Characters/Halfling_AnvilWorking.png using Guid(324aa0cdc800fda488986048a59a07aa) Importer(2089858483,192608db42251d675da83286b1cce702) (ScriptedImporter) -> (artifact id: '3b0b5a143a40a922bbf474cc9520e129') in 0.0293194 seconds
Number of updated asset objects reloaded before import = 0Number of asset objects unloaded after import = 8

========================================================================
Received Import Request.
  Time since last request: 0.000031 seconds.
  path: Assets/Art/MINIFANTASY - Crafting and Professions I/Animations/Props/Blacksmith/Anvil_Work.anim
  artifactKey: Guid(62c54d138543ffa439a1f70948699566) Importer(2089858483,192608db42251d675da83286b1cce702)
Start importing Assets/Art/MINIFANTASY - Crafting and Professions I/Animations/Props/Blacksmith/Anvil_Work.anim using Guid(62c54d138543ffa439a1f70948699566) Importer(2089858483,192608db42251d675da83286b1cce702) (ScriptedImporter) -> (artifact id: '5e27186a17dd340e8f1339e55d0e43d9') in 0.0077289 seconds
Number of updated asset objects reloaded before import = 0Number of asset objects unloaded after import = 1

========================================================================
Received Import Request.
  Time since last request: 0.000014 seconds.
  path: Assets/Art/MINIFANTASY - Crafting and Professions I/Sprites/Barbarian/Special_Animations/Throw_Things/GIFs
  artifactKey: Guid(a86dc02ba42d9dc4cb8540e34573980e) Importer(2089858483,192608db42251d675da83286b1cce702)
Start importing Assets/Art/MINIFANTASY - Crafting and Professions I/Sprites/Barbarian/Special_Animations/Throw_Things/GIFs using Guid(a86dc02ba42d9dc4cb8540e34573980e) Importer(2089858483,192608db42251d675da83286b1cce702) (ScriptedImporter) -> (artifact id: '6c1cdd151c8b2d966b9f9c1e280e46b2') in 0.004759 seconds
Number of updated asset objects reloaded before import = 0Number of asset objects unloaded after import = 1

========================================================================
Received Import Request.
  Time since last request: 0.000016 seconds.
  path: Assets/Art/MINIFANTASY - Crafting and Professions I/Sprites/Druid/General_Animations/Shadows/Druid_DmgShadow.png
  artifactKey: Guid(112643d45dd73a544ad71402026125ba) Importer(2089858483,192608db42251d675da83286b1cce702)
Start importing Assets/Art/MINIFANTASY - Crafting and Professions I/Sprites/Druid/General_Animations/Shadows/Druid_DmgShadow.png using Guid(112643d45dd73a544ad71402026125ba) Importer(2089858483,192608db42251d675da83286b1cce702) (ScriptedImporter) -> (artifact id: '921c090ee4cba5be353e6c32a97a5a00') in 0.0452261 seconds
Number of updated asset objects reloaded before import = 0Number of asset objects unloaded after import = 18

========================================================================
Received Import Request.
  Time since last request: 0.000020 seconds.
  path: Assets/Art/MINIFANTASY - Crafting and Professions I/Sprites/Rogue/General_Animations/Rogue_Dmg.png
  artifactKey: Guid(fa9b9a2b2ee0b6143a03bb2dbf27c932) Importer(2089858483,192608db42251d675da83286b1cce702)
Start importing Assets/Art/MINIFANTASY - Crafting and Professions I/Sprites/Rogue/General_Animations/Rogue_Dmg.png using Guid(fa9b9a2b2ee0b6143a03bb2dbf27c932) Importer(2089858483,192608db42251d675da83286b1cce702) (ScriptedImporter) -> (artifact id: 'c31b5581fede4f71d093b2c2168c3573') in 0.0427285 seconds
Number of updated asset objects reloaded before import = 0Number of asset objects unloaded after import = 18

========================================================================
Received Import Request.
  Time since last request: 0.000053 seconds.
  path: Assets/Art/MINIFANTASY - Crafting and Professions I/Sprites/Crafting Professions/Woodwork/WoodworkProps.png
  artifactKey: Guid(17243dae2eb3c784c8a631f7c170853e) Importer(2089858483,192608db42251d675da83286b1cce702)
Start importing Assets/Art/MINIFANTASY - Crafting and Professions I/Sprites/Crafting Professions/Woodwork/WoodworkProps.png using Guid(17243dae2eb3c784c8a631f7c170853e) Importer(2089858483,192608db42251d675da83286b1cce702) (ScriptedImporter) -> (artifact id: 'a68a7b30e70a115e637fd358c67673cf') in 0.0237999 seconds
Number of updated asset objects reloaded before import = 0Number of asset objects unloaded after import = 5

========================================================================
Received Import Request.
  Time since last request: 0.000020 seconds.
  path: Assets/Art/MINIFANTASY - Crafting and Professions I/Sprites/Rogue/Special_Animations/Mobility/Rogue_Run.png
  artifactKey: Guid(e22a7f4c6f2232f40b7fbe2d8b386950) Importer(2089858483,192608db42251d675da83286b1cce702)
Start importing Assets/Art/MINIFANTASY - Crafting and Professions I/Sprites/Rogue/Special_Animations/Mobility/Rogue_Run.png using Guid(e22a7f4c6f2232f40b7fbe2d8b386950) Importer(2089858483,192608db42251d675da83286b1cce702) (ScriptedImporter) -> (artifact id: '7fe014fbce8e9d1623c396723ae7616a') in 0.0495004 seconds
Number of updated asset objects reloaded before import = 0Number of asset objects unloaded after import = 18

========================================================================
Received Import Request.
  Time since last request: 0.000017 seconds.
  path: Assets/Art/MINIFANTASY - Crafting and Professions I/Scripts/Prop Variants
  artifactKey: Guid(8767417da9a626e4986ec7dda620e20e) Importer(2089858483,192608db42251d675da83286b1cce702)
Start importing Assets/Art/MINIFANTASY - Crafting and Professions I/Scripts/Prop Variants using Guid(8767417da9a626e4986ec7dda620e20e) Importer(2089858483,192608db42251d675da83286b1cce702) (ScriptedImporter) -> (artifact id: '5453deb0d704c6f0dbee576a7fa7327f') in 0.0091474 seconds
Number of updated asset objects reloaded before import = 0Number of asset objects unloaded after import = 1

========================================================================
Received Import Request.
  Time since last request: 0.000015 seconds.
  path: Assets/Art/MINIFANTASY - Crafting and Professions I/Animations/Props/Trees/Pine/PineTree_Hit_SE.anim
  artifactKey: Guid(bd793a24ccef1334fb87ae415c9bd376) Importer(2089858483,192608db42251d675da83286b1cce702)
Start importing Assets/Art/MINIFANTASY - Crafting and Professions I/Animations/Props/Trees/Pine/PineTree_Hit_SE.anim using Guid(bd793a24ccef1334fb87ae415c9bd376) Importer(2089858483,192608db42251d675da83286b1cce702) (ScriptedImporter) -> (artifact id: '08257b01c53a69608b21e4598c72fe20') in 0.0115856 seconds
Number of updated asset objects reloaded before import = 0Number of asset objects unloaded after import = 1

========================================================================
Received Import Request.
  Time since last request: 0.000026 seconds.
  path: Assets/Art/MINIFANTASY - Crafting and Professions I/Sprites/Gathering Professions/Logging/Logging.png
  artifactKey: Guid(2d45fe0ae29ef3a47995e74c45a713c2) Importer(2089858483,192608db42251d675da83286b1cce702)
Start importing Assets/Art/MINIFANTASY - Crafting and Professions I/Sprites/Gathering Professions/Logging/Logging.png using Guid(2d45fe0ae29ef3a47995e74c45a713c2) Importer(2089858483,192608db42251d675da83286b1cce702) (ScriptedImporter) -> (artifact id: '0fd5de8c1a654e3c0d3aa12c199f3c7d') in 0.0672158 seconds
Number of updated asset objects reloaded before import = 0Number of asset objects unloaded after import = 27

========================================================================
Received Import Request.
  Time since last request: 0.000034 seconds.
  path: Assets/Art/MINIFANTASY - Crafting and Professions I/Animations/Props/Woodwork/Sawmill_AnimatorOverrideController.overrideController
  artifactKey: Guid(f6cd49d20444aec498f312fa87395b66) Importer(2089858483,192608db42251d675da83286b1cce702)
Start importing Assets/Art/MINIFANTASY - Crafting and Professions I/Animations/Props/Woodwork/Sawmill_AnimatorOverrideController.overrideController using Guid(f6cd49d20444aec498f312fa87395b66) Importer(2089858483,192608db42251d675da83286b1cce702) (ScriptedImporter) -> (artifact id: '2724d80949ec572f31e76d77f4684b7c') in 0.0085128 seconds
Number of updated asset objects reloaded before import = 0Number of asset objects unloaded after import = 8

========================================================================
Received Import Request.
  Time since last request: 0.000019 seconds.
  path: Assets/Art/MINIFANTASY - Crafting and Professions I/Sprites/Gathering Professions/Logging/Characters/Gif
  artifactKey: Guid(dfcbaf5075cd0ce41886b6a1809529e7) Importer(2089858483,192608db42251d675da83286b1cce702)
Start importing Assets/Art/MINIFANTASY - Crafting and Professions I/Sprites/Gathering Professions/Logging/Characters/Gif using Guid(dfcbaf5075cd0ce41886b6a1809529e7) Importer(2089858483,192608db42251d675da83286b1cce702) (ScriptedImporter) -> (artifact id: '251c535cd5cddd0b61ecafefea8d8bcd') in 0.1999968 seconds
Number of updated asset objects reloaded before import = 0Number of asset objects unloaded after import = 1

========================================================================
Received Import Request.
  Time since last request: 0.000019 seconds.
  path: Assets/Art/MINIFANTASY - Crafting and Professions I/Sprites/Barbarian/Special_Animations/Thunder_Blade_Attack/Barbarian_ThunderBladeProjectilesFrame1.png
  artifactKey: Guid(17587585012ccbe4a929bbb55cac2ebe) Importer(2089858483,192608db42251d675da83286b1cce702)
Start importing Assets/Art/MINIFANTASY - Crafting and Professions I/Sprites/Barbarian/Special_Animations/Thunder_Blade_Attack/Barbarian_ThunderBladeProjectilesFrame1.png using Guid(17587585012ccbe4a929bbb55cac2ebe) Importer(2089858483,192608db42251d675da83286b1cce702) (ScriptedImporter) -> (artifact id: '4db7276ac8157406619040b3aae569b7') in 0.2011289 seconds
Number of updated asset objects reloaded before import = 0Number of asset objects unloaded after import = 11

========================================================================
Received Import Request.
  Time since last request: 0.000032 seconds.
  path: Assets/Art/MINIFANTASY - Crafting and Professions I/Sprites/Crafting Professions/Blacksmith/Foundry/Foundry_Pouring.png
  artifactKey: Guid(7cfa196b6534bfe4fb91d126d86cedf2) Importer(2089858483,192608db42251d675da83286b1cce702)
Start importing Assets/Art/MINIFANTASY - Crafting and Professions I/Sprites/Crafting Professions/Blacksmith/Foundry/Foundry_Pouring.png using Guid(7cfa196b6534bfe4fb91d126d86cedf2) Importer(2089858483,192608db42251d675da83286b1cce702) (ScriptedImporter) -> (artifact id: '6ae9d4a621e01b7721ad320bac576b05') in 0.0392018 seconds
Number of updated asset objects reloaded before import = 0Number of asset objects unloaded after import = 10

========================================================================
Received Import Request.
  Time since last request: 0.000029 seconds.
  path: Assets/Art/MINIFANTASY - Crafting and Professions I/Sprites/Crafting Professions/Alchemy/Laboratory_Working.png
  artifactKey: Guid(1e243bde27fe5f44bae84bf2bf23187b) Importer(2089858483,192608db42251d675da83286b1cce702)
Start importing Assets/Art/MINIFANTASY - Crafting and Professions I/Sprites/Crafting Professions/Alchemy/Laboratory_Working.png using Guid(1e243bde27fe5f44bae84bf2bf23187b) Importer(2089858483,192608db42251d675da83286b1cce702) (ScriptedImporter) -> (artifact id: '767e21457170d62f8d88fcf5d9e98315') in 0.0538349 seconds
Number of updated asset objects reloaded before import = 0Number of asset objects unloaded after import = 13

========================================================================
Received Import Request.
  Time since last request: 0.000018 seconds.
  path: Assets/Art/MINIFANTASY - Crafting and Professions I/Scripts/Prop Variants/CP1_GemPickup.cs
  artifactKey: Guid(66d3fda3b8c49254ebae2b94f1b62bff) Importer(2089858483,192608db42251d675da83286b1cce702)
Start importing Assets/Art/MINIFANTASY - Crafting and Professions I/Scripts/Prop Variants/CP1_GemPickup.cs using Guid(66d3fda3b8c49254ebae2b94f1b62bff) Importer(2089858483,192608db42251d675da83286b1cce702) (ScriptedImporter) -> (artifact id: '57886875eedd6571b4f104d15f61f202') in 0.0081247 seconds
Number of updated asset objects reloaded before import = 0Number of asset objects unloaded after import = 0

========================================================================
Received Import Request.
  Time since last request: 0.000024 seconds.
  path: Assets/Art/MINIFANTASY - Crafting and Professions I/Sprites/Crafting Professions/Blacksmith/Furnace
  artifactKey: Guid(650dcc3e0d963aa48bcd5606b9b39367) Importer(2089858483,192608db42251d675da83286b1cce702)
Start importing Assets/Art/MINIFANTASY - Crafting and Professions I/Sprites/Crafting Professions/Blacksmith/Furnace using Guid(650dcc3e0d963aa48bcd5606b9b39367) Importer(2089858483,192608db42251d675da83286b1cce702) (ScriptedImporter) -> (artifact id: 'faceb51cd96392f9492ea359fcf7b112') in 0.0046905 seconds
Number of updated asset objects reloaded before import = 0Number of asset objects unloaded after import = 1

========================================================================
Received Import Request.
  Time since last request: 0.000053 seconds.
  path: Assets/Art/MINIFANTASY - Crafting and Professions I/Sprites/Druid/Special_Animations/Shape_Shifting/Forest_Hound/Shadows/ForestHound_DmgShadow.png
  artifactKey: Guid(382af6292ec821e428033006f3141125) Importer(2089858483,192608db42251d675da83286b1cce702)
Start importing Assets/Art/MINIFANTASY - Crafting and Professions I/Sprites/Druid/Special_Animations/Shape_Shifting/Forest_Hound/Shadows/ForestHound_DmgShadow.png using Guid(382af6292ec821e428033006f3141125) Importer(2089858483,192608db42251d675da83286b1cce702) (ScriptedImporter) -> (artifact id: 'b5c08e76417613ee99e9c8db922931b8') in 0.0652764 seconds
Number of updated asset objects reloaded before import = 0Number of asset objects unloaded after import = 18

========================================================================
Received Prepare
Begin MonoManager ReloadAssembly
[Licensing::Client] Successfully resolved entitlement details
[Licensing::Module] License group:
  Id: F4-NMTP-SXWG-HN24-U9HH-XXXX
  Product: Unity Personal
  Type: ULF
  Expiration: 2025-12-08T13:12:36Z
[Licensing::Module] License group:
  Id: ewogICJzdWJzR3JvdXAiIDogInVuaXR5IGVkaXRvciIsCiAgIm5hbWVzcGFjZSIgOiAidW5pdHlfZWRpdG9yIiwKICAidHlwZSIgOiAiRURJVE9SIiwKICAidGFnIiA6ICJVbml0eVBlcnNvbmFsXXXX
  Product: Unity Personal Version
  Type: Assigned
  Expiration: Unlimited
- Loaded All Assemblies, in  1.215 seconds
Refreshing native plugins compatible for Editor in 1.16 ms, found 4 plugins.
Native extension for WindowsStandalone target not found
[Package Manager] Failed to launch server process. Reason: Unity was launched with the -noUpm command-line argument
[Package Manager] Unable to send message (not connected to server process).
[Package Manager] Cannot connect to Unity Package Manager local server
Mono: successfully reloaded assembly
- Finished resetting the current domain, in  0.821 seconds
Domain Reload Profiling: 2036ms
	BeginReloadAssembly (348ms)
		ExecutionOrderSort (0ms)
		DisableScriptedObjects (21ms)
		BackupInstance (0ms)
		ReleaseScriptingObjects (0ms)
		CreateAndSetChildDomain (106ms)
	RebuildCommonClasses (48ms)
	RebuildNativeTypeToScriptingClass (18ms)
	initialDomainReloadingComplete (43ms)
	LoadAllAssembliesAndSetupDomain (758ms)
		LoadAssemblies (658ms)
		RebuildTransferFunctionScriptingTraits (0ms)
		AnalyzeDomain (253ms)
			TypeCache.Refresh (11ms)
				TypeCache.ScanAssembly (1ms)
			BuildScriptInfoCaches (226ms)
			ResolveRequiredComponents (12ms)
	FinalizeReload (822ms)
		ReleaseScriptCaches (0ms)
		RebuildScriptCaches (0ms)
		SetupLoadedEditorAssemblies (658ms)
			LogAssemblyErrors (0ms)
			InitializePlatformSupportModulesInManaged (2ms)
			SetLoadedEditorAssemblies (6ms)
			BeforeProcessingInitializeOnLoad (190ms)
			ProcessInitializeOnLoadAttributes (387ms)
			ProcessInitializeOnLoadMethodAttributes (68ms)
			AfterProcessingInitializeOnLoad (5ms)
			EditorAssembliesLoaded (0ms)
		ExecutionOrderSort2 (0ms)
		AwakeInstancesAfterBackupRestoration (19ms)
Refreshing native plugins compatible for Editor in 1.66 ms, found 4 plugins.
Preloading 0 native plugins for Editor in 0.00 ms.
Unloading 33 Unused Serialized files (Serialized files now loaded: 0)
Unloading 7553 unused Assets / (9.6 MB). Loaded Objects now: 8245.
Memory consumption went from 162.4 MB to 152.7 MB.
Total: 12.670300 ms (FindLiveObjects: 0.839400 ms CreateObjectMapping: 0.858600 ms MarkObjects: 5.230400 ms  DeleteObjects: 5.740300 ms)

Prepare: number of updated asset objects reloaded= 0
========================================================================
Received Prepare
Refreshing native plugins compatible for Editor in 2.58 ms, found 4 plugins.
Preloading 0 native plugins for Editor in 0.00 ms.
Unloading 33 Unused Serialized files (Serialized files now loaded: 0)
Unloading 7543 unused Assets / (8.2 MB). Loaded Objects now: 8245.
Memory consumption went from 162.5 MB to 154.3 MB.
Total: 38.880900 ms (FindLiveObjects: 2.566500 ms CreateObjectMapping: 1.678900 ms MarkObjects: 29.508800 ms  DeleteObjects: 5.124800 ms)

Prepare: number of updated asset objects reloaded= 0
