[Licensing::Module] Trying to connect to existing licensing client channel...
Built from '6000.2/staging' branch; Version is '6000.2.9f1 (e0c4e791ab71) revision 14730471'; Using compiler version '194234433'; Build Type 'Release'
OS: 'Windows 11  (10.0.22631) 64bit CoreCountrySpecific' Language: 'zh' Physical Memory: 23777 MB
BatchMode: 1, IsHumanControllingUs: 0, StartBugReporterOnCrash: 0, Is64bit: 1
Date: 2025-11-28T12:27:25Z
[Licensing::IpcConnector] Successfully connected to: "LicenseClient-zhuagenbao" at "2025-11-28T12:27:25.3609401Z"

COMMAND LINE ARGUMENTS:
D:\gameObject\develop\Editor\6000.2.9f1\Editor\Unity.exe
-adb2
-batchMode
-noUpm
-name
AssetImportWorker13
-projectPath
C:/Users/zhuagenbao/Desktop/MiniCharacterCreator-main/test
-logFile
Logs/AssetImportWorker13.log
-srvPort
9965
-licensingIpc
LicenseClient-zhuagenbao
-job-worker-count
7
-background-job-worker-count
8
-gc-helper-count
1
-name
AssetImport
Successfully changed project path to: C:/Users/zhuagenbao/Desktop/MiniCharacterCreator-main/test
C:/Users/zhuagenbao/Desktop/MiniCharacterCreator-main/test
[UnityMemory] Configuration Parameters - Can be set up in boot.config
    "memorysetup-allocator-temp-initial-block-size-main=262144"
    "memorysetup-allocator-temp-initial-block-size-worker=262144"
    "memorysetup-bucket-allocator-granularity=16"
    "memorysetup-bucket-allocator-bucket-count=8"
    "memorysetup-bucket-allocator-block-size=33554432"
    "memorysetup-bucket-allocator-block-count=8"
    "memorysetup-main-allocator-block-size=16777216"
    "memorysetup-thread-allocator-block-size=16777216"
    "memorysetup-gfx-main-allocator-block-size=16777216"
    "memorysetup-gfx-thread-allocator-block-size=16777216"
    "memorysetup-cache-allocator-block-size=4194304"
    "memorysetup-typetree-allocator-block-size=2097152"
    "memorysetup-profiler-bucket-allocator-granularity=16"
    "memorysetup-profiler-bucket-allocator-bucket-count=8"
    "memorysetup-profiler-bucket-allocator-block-size=33554432"
    "memorysetup-profiler-bucket-allocator-block-count=8"
    "memorysetup-profiler-allocator-block-size=16777216"
    "memorysetup-profiler-editor-allocator-block-size=1048576"
    "memorysetup-temp-allocator-size-main=16777216"
    "memorysetup-job-temp-allocator-block-size=2097152"
    "memorysetup-job-temp-allocator-block-size-background=1048576"
    "memorysetup-job-temp-allocator-reduction-small-platforms=262144"
    "memorysetup-temp-allocator-size-background-worker=32768"
    "memorysetup-temp-allocator-size-job-worker=262144"
    "memorysetup-temp-allocator-size-preload-manager=33554432"
    "memorysetup-temp-allocator-size-nav-mesh-worker=65536"
    "memorysetup-temp-allocator-size-audio-worker=65536"
    "memorysetup-temp-allocator-size-cloud-worker=32768"
    "memorysetup-temp-allocator-size-gi-baking-worker=262144"
    "memorysetup-temp-allocator-size-gi-baking-worker=262144"
    "memorysetup-temp-allocator-size-gi-baking-worker=262144"
    "memorysetup-temp-allocator-size-gi-baking-worker=262144"
    "memorysetup-temp-allocator-size-gi-baking-worker=262144"
    "memorysetup-temp-allocator-size-gfx=262144"
Player connection [42856]  Target information:

Player connection [42856]  * "[IP] 192.168.2.6 [Port] 0 [Flags] 2 [Guid] 3007045467 [EditorId] 3007045467 [Version] 1048832 [Id] WindowsEditor(7,DESKTOP-KP4589M) [Debug] 1 [PackageName] WindowsEditor [ProjectName] Editor" 

Player connection [42856] Host joined multi-casting on [225.0.0.222:54997]...
Player connection [42856] Host joined alternative multi-casting on [225.0.0.222:34997]...
JobSystem: Creating JobQueue using job-worker-count value 7
Input System module state changed to: Initialized.
[Physics::Module] Initialized fallback backend.
[Physics::Module] Id: 0xdecafbad
[Licensing::Client] Code 10 while verifying Licensing Client signature (process Id: 3480, path: "D:/gameObject/develop/Unity Hub/UnityLicensingClient_V1/Unity.Licensing.Client.exe")
[Licensing::Module] LicensingClient has failed validation; ignoring
[Licensing::Client] Handshaking with LicensingClient:
  Version:                 1.17.3+a4e98f1
  Session Id:              4a10cdd503b946a68a72f8b97ded3ab8
  Correlation Id:          2b31e98de914352a7463e6f9bde81cdd
  External correlation Id: 2279935671286254916
  Machine Id:              K60tJ5c+ydKCg23vUYm+4PjQmTY=
[Licensing::Module] Successfully connected to LicensingClient on channel: "LicenseClient-zhuagenbao" (connect: 0.00s, validation: 0.00s, handshake: 0.05s)
[Licensing::IpcConnector] Successfully connected to: "LicenseClient-zhuagenbao-notifications" at "2025-11-28T12:27:25.4105397Z"
[Licensing::Module] Licensing Background thread has ended after 0.05s
Library Redirect Path: Library/
[Physics::Module] Selected backend.
[Physics::Module] Name: PhysX
[Physics::Module] Id: 0xf2b8ea05
[Physics::Module] SDK Version: 4.1.2
[Physics::Module] Integration Version: 1.0.0
[Physics::Module] Threading Mode: Multi-Threaded
Refreshing native plugins compatible for Editor in 16.30 ms, found 4 plugins.
Preloading 0 native plugins for Editor in 0.00 ms.
Initialize engine version: 6000.2.9f1 (e0c4e791ab71)
[Subsystems] Discovering subsystems at path D:/gameObject/develop/Editor/6000.2.9f1/Editor/Data/Resources/UnitySubsystems
[Subsystems] Discovering subsystems at path C:/Users/zhuagenbao/Desktop/MiniCharacterCreator-main/test/Assets
GfxDevice: creating device client; kGfxThreadingModeNonThreaded
Direct3D:
    Version:  Direct3D 11.0 [level 11.1]
    Renderer: NVIDIA GeForce RTX 4060 Laptop GPU (ID=0x28a0)
    Vendor:   NVIDIA
    VRAM:     7957 MB
    Driver:   32.0.15.7283
Initialize mono
Mono path[0] = 'D:/gameObject/develop/Editor/6000.2.9f1/Editor/Data/Managed'
Mono path[1] = 'D:/gameObject/develop/Editor/6000.2.9f1/Editor/Data/MonoBleedingEdge/lib/mono/unityjit-win32'
Mono config path = 'D:/gameObject/develop/Editor/6000.2.9f1/Editor/Data/MonoBleedingEdge/etc'
Using monoOptions --debugger-agent=transport=dt_socket,embedding=1,server=y,suspend=n,address=127.0.0.1:56284
Begin MonoManager ReloadAssembly
Registering precompiled unity dll's ...
Register platform support module: D:/gameObject/develop/Editor/6000.2.9f1/Editor/Data/PlaybackEngines/WindowsStandaloneSupport/UnityEditor.WindowsStandalone.Extensions.dll
Registered in 0.002211 seconds.
- Loaded All Assemblies, in  0.564 seconds
Native extension for WindowsStandalone target not found
Mono: successfully reloaded assembly
- Finished resetting the current domain, in  0.425 seconds
Domain Reload Profiling: 988ms
	BeginReloadAssembly (230ms)
		ExecutionOrderSort (0ms)
		DisableScriptedObjects (0ms)
		BackupInstance (0ms)
		ReleaseScriptingObjects (0ms)
		CreateAndSetChildDomain (1ms)
	RebuildCommonClasses (55ms)
	RebuildNativeTypeToScriptingClass (17ms)
	initialDomainReloadingComplete (52ms)
	LoadAllAssembliesAndSetupDomain (210ms)
		LoadAssemblies (227ms)
		RebuildTransferFunctionScriptingTraits (0ms)
		AnalyzeDomain (208ms)
			TypeCache.Refresh (206ms)
				TypeCache.ScanAssembly (190ms)
			BuildScriptInfoCaches (0ms)
			ResolveRequiredComponents (1ms)
	FinalizeReload (425ms)
		ReleaseScriptCaches (0ms)
		RebuildScriptCaches (0ms)
		SetupLoadedEditorAssemblies (361ms)
			LogAssemblyErrors (0ms)
			InitializePlatformSupportModulesInManaged (49ms)
			SetLoadedEditorAssemblies (4ms)
			BeforeProcessingInitializeOnLoad (83ms)
			ProcessInitializeOnLoadAttributes (158ms)
			ProcessInitializeOnLoadMethodAttributes (67ms)
			AfterProcessingInitializeOnLoad (0ms)
			EditorAssembliesLoaded (0ms)
		ExecutionOrderSort2 (0ms)
		AwakeInstancesAfterBackupRestoration (0ms)
========================================================================
Worker process is ready to serve import requests
Import Worker Mode flag is 0x00
Begin MonoManager ReloadAssembly
[Licensing::Client] Successfully resolved entitlement details
[Licensing::Module] License group:
  Id: F4-NMTP-SXWG-HN24-U9HH-XXXX
  Product: Unity Personal
  Type: ULF
  Expiration: 2025-12-08T13:12:36Z
[Licensing::Module] License group:
  Id: ewogICJzdWJzR3JvdXAiIDogInVuaXR5IGVkaXRvciIsCiAgIm5hbWVzcGFjZSIgOiAidW5pdHlfZWRpdG9yIiwKICAidHlwZSIgOiAiRURJVE9SIiwKICAidGFnIiA6ICJVbml0eVBlcnNvbmFsXXXX
  Product: Unity Personal Version
  Type: Assigned
  Expiration: Unlimited
- Loaded All Assemblies, in  1.320 seconds
Refreshing native plugins compatible for Editor in 4.55 ms, found 4 plugins.
Native extension for WindowsStandalone target not found
Package Manager log level set to [2]
[Package Manager] Failed to launch server process. Reason: Unity was launched with the -noUpm command-line argument
[Package Manager] Unable to send message (not connected to server process).
[Package Manager] Cannot connect to Unity Package Manager local server
Mono: successfully reloaded assembly
- Finished resetting the current domain, in  1.194 seconds
Domain Reload Profiling: 2509ms
	BeginReloadAssembly (207ms)
		ExecutionOrderSort (0ms)
		DisableScriptedObjects (7ms)
		BackupInstance (0ms)
		ReleaseScriptingObjects (0ms)
		CreateAndSetChildDomain (36ms)
	RebuildCommonClasses (39ms)
	RebuildNativeTypeToScriptingClass (11ms)
	initialDomainReloadingComplete (36ms)
	LoadAllAssembliesAndSetupDomain (1021ms)
		LoadAssemblies (696ms)
		RebuildTransferFunctionScriptingTraits (0ms)
		AnalyzeDomain (444ms)
			TypeCache.Refresh (329ms)
				TypeCache.ScanAssembly (305ms)
			BuildScriptInfoCaches (91ms)
			ResolveRequiredComponents (19ms)
	FinalizeReload (1195ms)
		ReleaseScriptCaches (0ms)
		RebuildScriptCaches (0ms)
		SetupLoadedEditorAssemblies (966ms)
			LogAssemblyErrors (0ms)
			InitializePlatformSupportModulesInManaged (2ms)
			SetLoadedEditorAssemblies (8ms)
			BeforeProcessingInitializeOnLoad (266ms)
			ProcessInitializeOnLoadAttributes (536ms)
			ProcessInitializeOnLoadMethodAttributes (149ms)
			AfterProcessingInitializeOnLoad (4ms)
			EditorAssembliesLoaded (1ms)
		ExecutionOrderSort2 (0ms)
		AwakeInstancesAfterBackupRestoration (9ms)
Launched and connected shader compiler UnityShaderCompiler.exe after 0.02 seconds
Refreshing native plugins compatible for Editor in 2.21 ms, found 4 plugins.
Preloading 0 native plugins for Editor in 0.00 ms.
Unloading 34 Unused Serialized files (Serialized files now loaded: 0)
Unloading 7554 unused Assets / (7.5 MB). Loaded Objects now: 8235.
Memory consumption went from 158.1 MB to 150.6 MB.
Total: 23.379500 ms (FindLiveObjects: 1.403200 ms CreateObjectMapping: 1.437500 ms MarkObjects: 8.805000 ms  DeleteObjects: 11.731700 ms)

========================================================================
Received Import Request.
  Time since last request: 46638.846411 seconds.
  path: Assets/Art/MINIFANTASY - Crafting and Professions I/Sprites/Crafting Professions/Jewelry/JewelryWorkshopProp.png
  artifactKey: Guid(495f9c1aed2243147aa5d57c12517df3) Importer(2089858483,192608db42251d675da83286b1cce702)
Start importing Assets/Art/MINIFANTASY - Crafting and Professions I/Sprites/Crafting Professions/Jewelry/JewelryWorkshopProp.png using Guid(495f9c1aed2243147aa5d57c12517df3) Importer(2089858483,192608db42251d675da83286b1cce702) (ScriptedImporter) -> (artifact id: 'd688f579e54e07590bc6d6c02f340b90') in 0.42618 seconds
Number of updated asset objects reloaded before import = 0Number of asset objects unloaded after import = 3

========================================================================
Received Import Request.
  Time since last request: 0.000024 seconds.
  path: Assets/Art/MINIFANTASY - Crafting and Professions I/Animations/Props
  artifactKey: Guid(5262f1818dc45424eb3e93fd9fba5ce8) Importer(2089858483,192608db42251d675da83286b1cce702)
Start importing Assets/Art/MINIFANTASY - Crafting and Professions I/Animations/Props using Guid(5262f1818dc45424eb3e93fd9fba5ce8) Importer(2089858483,192608db42251d675da83286b1cce702) (ScriptedImporter) -> (artifact id: 'bf683c1cd637e5f055e0a67da289a3f7') in 0.0054495 seconds
Number of updated asset objects reloaded before import = 0Number of asset objects unloaded after import = 1

========================================================================
Received Import Request.
  Time since last request: 0.000053 seconds.
  path: Assets/Art/MINIFANTASY - Crafting and Professions I/Animations/Humanoids/Human/Human_Harvest_NW.anim
  artifactKey: Guid(86592736c4e080a449becc9827c4ffe1) Importer(2089858483,192608db42251d675da83286b1cce702)
Start importing Assets/Art/MINIFANTASY - Crafting and Professions I/Animations/Humanoids/Human/Human_Harvest_NW.anim using Guid(86592736c4e080a449becc9827c4ffe1) Importer(2089858483,192608db42251d675da83286b1cce702) (ScriptedImporter) -> (artifact id: 'b78c59b486173e023136361c4faf5cab') in 0.0165924 seconds
Number of updated asset objects reloaded before import = 0Number of asset objects unloaded after import = 1

========================================================================
Received Import Request.
  Time since last request: 0.000018 seconds.
  path: Assets/Art/MINIFANTASY - Crafting and Professions I/Sprites/Gathering Professions/Mining/Characters/Elf_Mining.png
  artifactKey: Guid(fdf48500b841a414fa66ccf8a90798dc) Importer(2089858483,192608db42251d675da83286b1cce702)
Start importing Assets/Art/MINIFANTASY - Crafting and Professions I/Sprites/Gathering Professions/Mining/Characters/Elf_Mining.png using Guid(fdf48500b841a414fa66ccf8a90798dc) Importer(2089858483,192608db42251d675da83286b1cce702) (ScriptedImporter) -> (artifact id: 'ca7755e5dbf488d544946c460290fc63') in 0.0920625 seconds
Number of updated asset objects reloaded before import = 0Number of asset objects unloaded after import = 26

========================================================================
Received Import Request.
  Time since last request: 0.000030 seconds.
  path: Assets/Art/MINIFANTASY - Crafting and Professions I/Sprites/Druid/Special_Animations/Shape_Shifting/Forest_Beast/ForestBeast_Idle.png
  artifactKey: Guid(5034cd113046d824881eb831db8fb358) Importer(2089858483,192608db42251d675da83286b1cce702)
Start importing Assets/Art/MINIFANTASY - Crafting and Professions I/Sprites/Druid/Special_Animations/Shape_Shifting/Forest_Beast/ForestBeast_Idle.png using Guid(5034cd113046d824881eb831db8fb358) Importer(2089858483,192608db42251d675da83286b1cce702) (ScriptedImporter) -> (artifact id: '709833ed3d2c82467dba8f7124645c0b') in 0.2096258 seconds
Number of updated asset objects reloaded before import = 0Number of asset objects unloaded after import = 46

========================================================================
Received Import Request.
  Time since last request: 0.000038 seconds.
  path: Assets/Scenes/SampleScene.unity
  artifactKey: Guid(8c9cfa26abfee488c85f1582747f6a02) Importer(2089858483,192608db42251d675da83286b1cce702)
Start importing Assets/Scenes/SampleScene.unity using Guid(8c9cfa26abfee488c85f1582747f6a02) Importer(2089858483,192608db42251d675da83286b1cce702) (ScriptedImporter) -> (artifact id: '55cf708dfecef893cd71f9e9641fa96b') in 0.0131907 seconds
Number of updated asset objects reloaded before import = 0Number of asset objects unloaded after import = 1

========================================================================
Received Import Request.
  Time since last request: 0.000021 seconds.
  path: Assets/Art/MINIFANTASY - Crafting and Professions I/Prefabs/Props/Laboratory.prefab
  artifactKey: Guid(dec44850d8b23394b99b3fd9e796a9d6) Importer(2089858483,192608db42251d675da83286b1cce702)
Start importing Assets/Art/MINIFANTASY - Crafting and Professions I/Prefabs/Props/Laboratory.prefab using Guid(dec44850d8b23394b99b3fd9e796a9d6) Importer(2089858483,192608db42251d675da83286b1cce702) (ScriptedImporter) -> (artifact id: '172033a7df07555ecd443dd4738a4e2f') in 0.071994 seconds
Number of updated asset objects reloaded before import = 0Number of asset objects unloaded after import = 19

========================================================================
Received Import Request.
  Time since last request: 0.000017 seconds.
  path: Assets/Art/MINIFANTASY - Crafting and Professions I/Sprites/Rogue/General_Animations/Rogue_Die.png
  artifactKey: Guid(b1ec6147a71c18c4c8acbc257f3f1525) Importer(2089858483,192608db42251d675da83286b1cce702)
Start importing Assets/Art/MINIFANTASY - Crafting and Professions I/Sprites/Rogue/General_Animations/Rogue_Die.png using Guid(b1ec6147a71c18c4c8acbc257f3f1525) Importer(2089858483,192608db42251d675da83286b1cce702) (ScriptedImporter) -> (artifact id: 'fa2bab636b9948399b0913a4f5cefda8') in 0.0934746 seconds
Number of updated asset objects reloaded before import = 0Number of asset objects unloaded after import = 28

========================================================================
Received Import Request.
  Time since last request: 0.000029 seconds.
  path: Assets/Art/MINIFANTASY - Crafting and Professions I/Sprites/Crafting Professions/Woodwork/WorkBench/Character/Dwarf_WoodworkBenchWorking.png
  artifactKey: Guid(5ace53d2d15bf394c9195a57367c7d4e) Importer(2089858483,192608db42251d675da83286b1cce702)
Start importing Assets/Art/MINIFANTASY - Crafting and Professions I/Sprites/Crafting Professions/Woodwork/WorkBench/Character/Dwarf_WoodworkBenchWorking.png using Guid(5ace53d2d15bf394c9195a57367c7d4e) Importer(2089858483,192608db42251d675da83286b1cce702) (ScriptedImporter) -> (artifact id: 'd934d4b99d1c9852b5429fdd77c1b8df') in 0.0340893 seconds
Number of updated asset objects reloaded before import = 0Number of asset objects unloaded after import = 8

========================================================================
Received Import Request.
  Time since last request: 0.000024 seconds.
  path: Assets/Art/MINIFANTASY - Crafting and Professions I/Sprites/Gathering Professions/Logging/Characters/Human_Chopping.png
  artifactKey: Guid(034445f546a7918469600b6b9b0bacc6) Importer(2089858483,192608db42251d675da83286b1cce702)
Start importing Assets/Art/MINIFANTASY - Crafting and Professions I/Sprites/Gathering Professions/Logging/Characters/Human_Chopping.png using Guid(034445f546a7918469600b6b9b0bacc6) Importer(2089858483,192608db42251d675da83286b1cce702) (ScriptedImporter) -> (artifact id: '0e733bb74b84efd6315b0ca80ffdff5c') in 0.0774173 seconds
Number of updated asset objects reloaded before import = 0Number of asset objects unloaded after import = 26

========================================================================
Received Import Request.
  Time since last request: 0.000021 seconds.
  path: Assets/Art/MINIFANTASY - Crafting and Professions I/Animations/Props/Trees/Pine
  artifactKey: Guid(1fd10ddfd80abee45ac63d8e8b750818) Importer(2089858483,192608db42251d675da83286b1cce702)
Start importing Assets/Art/MINIFANTASY - Crafting and Professions I/Animations/Props/Trees/Pine using Guid(1fd10ddfd80abee45ac63d8e8b750818) Importer(2089858483,192608db42251d675da83286b1cce702) (ScriptedImporter) -> (artifact id: '15144b328e0cf435f2d35340151e6d8d') in 0.0053352 seconds
Number of updated asset objects reloaded before import = 0Number of asset objects unloaded after import = 1

========================================================================
Received Import Request.
  Time since last request: 0.000026 seconds.
  path: Assets/Art/MINIFANTASY - Crafting and Professions I/Animations/Humanoids/Halfling
  artifactKey: Guid(d04c9ebc235f8a545bd51bdec9302809) Importer(2089858483,192608db42251d675da83286b1cce702)
Start importing Assets/Art/MINIFANTASY - Crafting and Professions I/Animations/Humanoids/Halfling using Guid(d04c9ebc235f8a545bd51bdec9302809) Importer(2089858483,192608db42251d675da83286b1cce702) (ScriptedImporter) -> (artifact id: '5d5d9b68fbba6bc8ff619c55080d083f') in 0.0075903 seconds
Number of updated asset objects reloaded before import = 0Number of asset objects unloaded after import = 1

========================================================================
Received Import Request.
  Time since last request: 0.000023 seconds.
  path: Assets/Art/MINIFANTASY - Crafting and Professions I/Sprites/Druid/Special_Animations/Shape_Shifting/Forest_Owl/Shadows/ForestOwl_DmgShadow.png
  artifactKey: Guid(3492114c3bf94674983c44166cbafd99) Importer(2089858483,192608db42251d675da83286b1cce702)
Start importing Assets/Art/MINIFANTASY - Crafting and Professions I/Sprites/Druid/Special_Animations/Shape_Shifting/Forest_Owl/Shadows/ForestOwl_DmgShadow.png using Guid(3492114c3bf94674983c44166cbafd99) Importer(2089858483,192608db42251d675da83286b1cce702) (ScriptedImporter) -> (artifact id: '4b2d7a1fce48e9730cd2cf01ae4a5d82') in 0.0799791 seconds
Number of updated asset objects reloaded before import = 0Number of asset objects unloaded after import = 18

========================================================================
Received Import Request.
  Time since last request: 0.000029 seconds.
  path: Assets/Art/MINIFANTASY - Crafting and Professions I/Sprites/Druid/Special_Animations/Shape_Shifting/Forest_Owl/Druid_ShapeShiftHumanToForestOwl.png
  artifactKey: Guid(d929827f22660a943830c175daf63d7f) Importer(2089858483,192608db42251d675da83286b1cce702)
Start importing Assets/Art/MINIFANTASY - Crafting and Professions I/Sprites/Druid/Special_Animations/Shape_Shifting/Forest_Owl/Druid_ShapeShiftHumanToForestOwl.png using Guid(d929827f22660a943830c175daf63d7f) Importer(2089858483,192608db42251d675da83286b1cce702) (ScriptedImporter) -> (artifact id: 'c9b6003bf691f6d44f4022f78e74180c') in 0.0814273 seconds
Number of updated asset objects reloaded before import = 0Number of asset objects unloaded after import = 23

========================================================================
Received Import Request.
  Time since last request: 0.000031 seconds.
  path: Assets/Art/MINIFANTASY - Crafting and Professions I/Sprites/Rogue/Special_Animations
  artifactKey: Guid(24d37b543ed4e8d458293d0aeaa77970) Importer(2089858483,192608db42251d675da83286b1cce702)
Start importing Assets/Art/MINIFANTASY - Crafting and Professions I/Sprites/Rogue/Special_Animations using Guid(24d37b543ed4e8d458293d0aeaa77970) Importer(2089858483,192608db42251d675da83286b1cce702) (ScriptedImporter) -> (artifact id: 'e4ea0a8136a008c56716f03c55a2e8b8') in 0.0068023 seconds
Number of updated asset objects reloaded before import = 0Number of asset objects unloaded after import = 1

========================================================================
Received Import Request.
  Time since last request: 0.000017 seconds.
  path: Assets/Scripts/EquipmentSystem/Data/CharacterFrameData.cs
  artifactKey: Guid(992a1667bac02fc4f903843a8453ef1f) Importer(2089858483,192608db42251d675da83286b1cce702)
Start importing Assets/Scripts/EquipmentSystem/Data/CharacterFrameData.cs using Guid(992a1667bac02fc4f903843a8453ef1f) Importer(2089858483,192608db42251d675da83286b1cce702) (ScriptedImporter) -> (artifact id: '2001ecfc3002988ef95ed2b0a2c9b714') in 0.0108615 seconds
Number of updated asset objects reloaded before import = 0Number of asset objects unloaded after import = 0

========================================================================
Received Import Request.
  Time since last request: 0.000021 seconds.
  path: Assets/Art/MINIFANTASY - Crafting and Professions I/Animations/Humanoids/Elf/Elf_Mining_NE.anim
  artifactKey: Guid(c3db8c4b47cf3964ea83f3c1c0bcd532) Importer(2089858483,192608db42251d675da83286b1cce702)
Start importing Assets/Art/MINIFANTASY - Crafting and Professions I/Animations/Humanoids/Elf/Elf_Mining_NE.anim using Guid(c3db8c4b47cf3964ea83f3c1c0bcd532) Importer(2089858483,192608db42251d675da83286b1cce702) (ScriptedImporter) -> (artifact id: '6a22240303f003812996a301eed6637f') in 0.0114052 seconds
Number of updated asset objects reloaded before import = 0Number of asset objects unloaded after import = 1

========================================================================
Received Import Request.
  Time since last request: 0.000031 seconds.
  path: Assets/Art/MINIFANTASY - Crafting and Professions I/Sprites/Gathering Professions/Harvesting/Characters/Shadow_Harvest.png
  artifactKey: Guid(863a9e2355118ea478532590593c4552) Importer(2089858483,192608db42251d675da83286b1cce702)
Start importing Assets/Art/MINIFANTASY - Crafting and Professions I/Sprites/Gathering Professions/Harvesting/Characters/Shadow_Harvest.png using Guid(863a9e2355118ea478532590593c4552) Importer(2089858483,192608db42251d675da83286b1cce702) (ScriptedImporter) -> (artifact id: 'e114b2f671d63881f048eeeb5a57d18a') in 0.0654431 seconds
Number of updated asset objects reloaded before import = 0Number of asset objects unloaded after import = 26

========================================================================
Received Import Request.
  Time since last request: 0.000028 seconds.
  path: Assets/Art/MINIFANTASY - Crafting and Professions I/Sprites/Druid/Special_Animations/Shape_Shifting/Forest_Hound/Druid_ShapeShiftForestHoundToHuman.png
  artifactKey: Guid(bb0c79180283c284a8cd92ba97713333) Importer(2089858483,192608db42251d675da83286b1cce702)
Start importing Assets/Art/MINIFANTASY - Crafting and Professions I/Sprites/Druid/Special_Animations/Shape_Shifting/Forest_Hound/Druid_ShapeShiftForestHoundToHuman.png using Guid(bb0c79180283c284a8cd92ba97713333) Importer(2089858483,192608db42251d675da83286b1cce702) (ScriptedImporter) -> (artifact id: '3aa39787510e848dd37c8c27fb014d90') in 0.0498264 seconds
Number of updated asset objects reloaded before import = 0Number of asset objects unloaded after import = 17

========================================================================
Received Import Request.
  Time since last request: 0.000018 seconds.
  path: Assets/Art/MINIFANTASY - Crafting and Professions I/Sprites/Druid/Special_Animations/Shape_Shifting/Forest_Beast/Shadows/ForestBeast_DmgShadow.png
  artifactKey: Guid(bad284c34cb97cc4885cf5745684933c) Importer(2089858483,192608db42251d675da83286b1cce702)
Start importing Assets/Art/MINIFANTASY - Crafting and Professions I/Sprites/Druid/Special_Animations/Shape_Shifting/Forest_Beast/Shadows/ForestBeast_DmgShadow.png using Guid(bad284c34cb97cc4885cf5745684933c) Importer(2089858483,192608db42251d675da83286b1cce702) (ScriptedImporter) -> (artifact id: '289d124175e06648f4599d0088a564a3') in 0.0599494 seconds
Number of updated asset objects reloaded before import = 0Number of asset objects unloaded after import = 18

========================================================================
Received Import Request.
  Time since last request: 0.000032 seconds.
  path: Assets/Art/MINIFANTASY - Crafting and Professions I/Scripts/TH_ProjectileSpawner.cs
  artifactKey: Guid(4902937904b013f4dbfeab922f8eea00) Importer(2089858483,192608db42251d675da83286b1cce702)
Start importing Assets/Art/MINIFANTASY - Crafting and Professions I/Scripts/TH_ProjectileSpawner.cs using Guid(4902937904b013f4dbfeab922f8eea00) Importer(2089858483,192608db42251d675da83286b1cce702) (ScriptedImporter) -> (artifact id: '284df718792fe8aa342f1bab300cd35a') in 0.0054343 seconds
Number of updated asset objects reloaded before import = 0Number of asset objects unloaded after import = 0

========================================================================
Received Import Request.
  Time since last request: 0.000029 seconds.
  path: Assets/Art/MINIFANTASY - Crafting and Professions I/Animations/Humanoids/Dwarf/Dwarf_LaboratoryWorking.anim
  artifactKey: Guid(042dcfd861b010c4f935c6005db6a9cf) Importer(2089858483,192608db42251d675da83286b1cce702)
Start importing Assets/Art/MINIFANTASY - Crafting and Professions I/Animations/Humanoids/Dwarf/Dwarf_LaboratoryWorking.anim using Guid(042dcfd861b010c4f935c6005db6a9cf) Importer(2089858483,192608db42251d675da83286b1cce702) (ScriptedImporter) -> (artifact id: 'e8d310918e543ebf919294a1c1cc3993') in 0.0092457 seconds
Number of updated asset objects reloaded before import = 0Number of asset objects unloaded after import = 1

========================================================================
Received Import Request.
  Time since last request: 0.000025 seconds.
  path: Assets/Art/MINIFANTASY - Crafting and Professions I/Sprites/Crafting Professions/Woodwork/Sawmill/Sawmill_Working.png
  artifactKey: Guid(46b4294a54d61a149912f3984517e53c) Importer(2089858483,192608db42251d675da83286b1cce702)
Start importing Assets/Art/MINIFANTASY - Crafting and Professions I/Sprites/Crafting Professions/Woodwork/Sawmill/Sawmill_Working.png using Guid(46b4294a54d61a149912f3984517e53c) Importer(2089858483,192608db42251d675da83286b1cce702) (ScriptedImporter) -> (artifact id: 'cad31e910788ec1d470e06673ad4f62d') in 0.0565187 seconds
Number of updated asset objects reloaded before import = 0Number of asset objects unloaded after import = 16

========================================================================
Received Import Request.
  Time since last request: 0.000016 seconds.
  path: Assets/Art/MINIFANTASY - Crafting and Professions I/Prefabs/Props/Tree_Node.prefab
  artifactKey: Guid(c7bf2fa67ed9cc247add5da8935dc5c1) Importer(2089858483,192608db42251d675da83286b1cce702)
Start importing Assets/Art/MINIFANTASY - Crafting and Professions I/Prefabs/Props/Tree_Node.prefab using Guid(c7bf2fa67ed9cc247add5da8935dc5c1) Importer(2089858483,192608db42251d675da83286b1cce702) (ScriptedImporter) -> (artifact id: '213176616dce7137860776a8ffb4e2cc') in 0.0547936 seconds
Number of updated asset objects reloaded before import = 0Number of asset objects unloaded after import = 63

========================================================================
Received Import Request.
  Time since last request: 0.000019 seconds.
  path: Assets/Art/MINIFANTASY - Crafting and Professions I/Animations/Humanoids/Elf/Elf_Chopping_NW.anim
  artifactKey: Guid(905e284f0932447409f4abe84e30c146) Importer(2089858483,192608db42251d675da83286b1cce702)
Start importing Assets/Art/MINIFANTASY - Crafting and Professions I/Animations/Humanoids/Elf/Elf_Chopping_NW.anim using Guid(905e284f0932447409f4abe84e30c146) Importer(2089858483,192608db42251d675da83286b1cce702) (ScriptedImporter) -> (artifact id: '8a732328565b53adfabef72ee2105e85') in 0.0075411 seconds
Number of updated asset objects reloaded before import = 0Number of asset objects unloaded after import = 1

========================================================================
Received Import Request.
  Time since last request: 0.000030 seconds.
  path: Assets/Art/MINIFANTASY - Crafting and Professions I/Sprites/Crafting Professions/Jewelry/Character/Human_JewelryWorkshopWorking.png
  artifactKey: Guid(c537e6ad53a82534a8382ad64138c340) Importer(2089858483,192608db42251d675da83286b1cce702)
Start importing Assets/Art/MINIFANTASY - Crafting and Professions I/Sprites/Crafting Professions/Jewelry/Character/Human_JewelryWorkshopWorking.png using Guid(c537e6ad53a82534a8382ad64138c340) Importer(2089858483,192608db42251d675da83286b1cce702) (ScriptedImporter) -> (artifact id: '2079a495e3571632357eb6f61dc81f8d') in 0.0595718 seconds
Number of updated asset objects reloaded before import = 0Number of asset objects unloaded after import = 13

========================================================================
Received Import Request.
  Time since last request: 0.000019 seconds.
  path: Assets/Art/MINIFANTASY - Crafting and Professions I/Sprites/Gathering Professions/Harvesting/Characters/Gif
  artifactKey: Guid(13505cca4f2b73e4987e935334529c74) Importer(2089858483,192608db42251d675da83286b1cce702)
Start importing Assets/Art/MINIFANTASY - Crafting and Professions I/Sprites/Gathering Professions/Harvesting/Characters/Gif using Guid(13505cca4f2b73e4987e935334529c74) Importer(2089858483,192608db42251d675da83286b1cce702) (ScriptedImporter) -> (artifact id: '8a66db8fd1a774aab532e887d54e6331') in 0.005154 seconds
Number of updated asset objects reloaded before import = 0Number of asset objects unloaded after import = 1

========================================================================
Received Import Request.
  Time since last request: 0.000020 seconds.
  path: Assets/Art/MINIFANTASY - Crafting and Professions I/Sprites/Barbarian/Special_Animations/Thunder_Blade_Attack/GIFs/Barbarian_ThunderBlade.gif
  artifactKey: Guid(abb68bab48162174fbd3290a13ef693b) Importer(2089858483,192608db42251d675da83286b1cce702)
Start importing Assets/Art/MINIFANTASY - Crafting and Professions I/Sprites/Barbarian/Special_Animations/Thunder_Blade_Attack/GIFs/Barbarian_ThunderBlade.gif using Guid(abb68bab48162174fbd3290a13ef693b) Importer(2089858483,192608db42251d675da83286b1cce702) (ScriptedImporter) -> (artifact id: '2e8c72cb7d74a7430762fe5bbdb9151f') in 0.0192003 seconds
Number of updated asset objects reloaded before import = 0Number of asset objects unloaded after import = 3

========================================================================
Received Import Request.
  Time since last request: 0.000017 seconds.
  path: Assets/Art/MINIFANTASY - Crafting and Professions I/Sprites/Crafting Professions/Alchemy/Characters/Halfling_LaboratoryWorking.png
  artifactKey: Guid(ea3eb950de74a1241941e115e5fb3825) Importer(2089858483,192608db42251d675da83286b1cce702)
Start importing Assets/Art/MINIFANTASY - Crafting and Professions I/Sprites/Crafting Professions/Alchemy/Characters/Halfling_LaboratoryWorking.png using Guid(ea3eb950de74a1241941e115e5fb3825) Importer(2089858483,192608db42251d675da83286b1cce702) (ScriptedImporter) -> (artifact id: '8bc0980a51b2d9b1bef03c05bf2ab620') in 0.0425339 seconds
Number of updated asset objects reloaded before import = 0Number of asset objects unloaded after import = 13

========================================================================
Received Import Request.
  Time since last request: 0.000021 seconds.
  path: Assets/Art/MINIFANTASY - Crafting and Professions I/Sprites/Rogue/General_Animations/GIFs
  artifactKey: Guid(a513904f3fa3e7743b79b2696fe5e88b) Importer(2089858483,192608db42251d675da83286b1cce702)
Start importing Assets/Art/MINIFANTASY - Crafting and Professions I/Sprites/Rogue/General_Animations/GIFs using Guid(a513904f3fa3e7743b79b2696fe5e88b) Importer(2089858483,192608db42251d675da83286b1cce702) (ScriptedImporter) -> (artifact id: '6bac7ea7874a8ce485ce9d12700c9c90') in 0.0042894 seconds
Number of updated asset objects reloaded before import = 0Number of asset objects unloaded after import = 1

========================================================================
Received Import Request.
  Time since last request: 0.000036 seconds.
  path: Assets/Art/MINIFANTASY - Crafting and Professions I/Scenes/Demo - Charcter Animations.unity
  artifactKey: Guid(ac846ed12dedda246b24cf840c1f14c3) Importer(2089858483,192608db42251d675da83286b1cce702)
Start importing Assets/Art/MINIFANTASY - Crafting and Professions I/Scenes/Demo - Charcter Animations.unity using Guid(ac846ed12dedda246b24cf840c1f14c3) Importer(2089858483,192608db42251d675da83286b1cce702) (ScriptedImporter) -> (artifact id: 'cd66de087fa014bec428e8a611d1acf5') in 0.0087656 seconds
Number of updated asset objects reloaded before import = 0Number of asset objects unloaded after import = 1

========================================================================
Received Import Request.
  Time since last request: 0.000016 seconds.
  path: Assets/Art/MINIFANTASY - Crafting and Professions I/Animations/Humanoids/Human/Human_LaboratoryWorking.anim
  artifactKey: Guid(532c520b8f761f34fb2f7ca0ab10d99f) Importer(2089858483,192608db42251d675da83286b1cce702)
Start importing Assets/Art/MINIFANTASY - Crafting and Professions I/Animations/Humanoids/Human/Human_LaboratoryWorking.anim using Guid(532c520b8f761f34fb2f7ca0ab10d99f) Importer(2089858483,192608db42251d675da83286b1cce702) (ScriptedImporter) -> (artifact id: 'a3d62dbc776a59c55c8716fbec1bb68b') in 0.010511 seconds
Number of updated asset objects reloaded before import = 0Number of asset objects unloaded after import = 1

========================================================================
Received Import Request.
  Time since last request: 0.000017 seconds.
  path: Assets/Art/MINIFANTASY - Crafting and Professions I/Animations/Props/Blacksmith/Anvil_AnimatorOverrideController.overrideController
  artifactKey: Guid(0546d05e8ab9e544f9203d61c48c45b4) Importer(2089858483,192608db42251d675da83286b1cce702)
Start importing Assets/Art/MINIFANTASY - Crafting and Professions I/Animations/Props/Blacksmith/Anvil_AnimatorOverrideController.overrideController using Guid(0546d05e8ab9e544f9203d61c48c45b4) Importer(2089858483,192608db42251d675da83286b1cce702) (ScriptedImporter) -> (artifact id: 'df2a996568a5800b9e928f3922d2c785') in 0.0080192 seconds
Number of updated asset objects reloaded before import = 0Number of asset objects unloaded after import = 8

========================================================================
Received Import Request.
  Time since last request: 0.000019 seconds.
  path: Assets/Art/MINIFANTASY - Crafting and Professions I/Animations/Humanoids/Human/Human_Chopping_SW.anim
  artifactKey: Guid(bdddb51dc0e1222449256a3f82bab964) Importer(2089858483,192608db42251d675da83286b1cce702)
Start importing Assets/Art/MINIFANTASY - Crafting and Professions I/Animations/Humanoids/Human/Human_Chopping_SW.anim using Guid(bdddb51dc0e1222449256a3f82bab964) Importer(2089858483,192608db42251d675da83286b1cce702) (ScriptedImporter) -> (artifact id: '1b89c7fb15cd158f37a16cf81316b269') in 0.0089364 seconds
Number of updated asset objects reloaded before import = 0Number of asset objects unloaded after import = 1

========================================================================
Received Import Request.
  Time since last request: 0.000016 seconds.
  path: Assets/Art/MINIFANTASY - Crafting and Professions I/Prefabs/Characters/Elf.prefab
  artifactKey: Guid(471118d387915844caf47a935ed52bc5) Importer(2089858483,192608db42251d675da83286b1cce702)
Start importing Assets/Art/MINIFANTASY - Crafting and Professions I/Prefabs/Characters/Elf.prefab using Guid(471118d387915844caf47a935ed52bc5) Importer(2089858483,192608db42251d675da83286b1cce702) (ScriptedImporter) -> (artifact id: 'cf031a49e8fa2bfc125e3ad83826ed37') in 0.0096579 seconds
Number of updated asset objects reloaded before import = 0Number of asset objects unloaded after import = 15

========================================================================
Received Import Request.
  Time since last request: 0.000041 seconds.
  path: Assets/Art/MINIFANTASY - Crafting and Professions I/Sprites/Rogue/Special_Animations/Throw Bomb/GIFs
  artifactKey: Guid(585074d80750c8f4a87d1cefb4320836) Importer(2089858483,192608db42251d675da83286b1cce702)
Start importing Assets/Art/MINIFANTASY - Crafting and Professions I/Sprites/Rogue/Special_Animations/Throw Bomb/GIFs using Guid(585074d80750c8f4a87d1cefb4320836) Importer(2089858483,192608db42251d675da83286b1cce702) (ScriptedImporter) -> (artifact id: '02536b443ee902c5313df8daeaba6031') in 0.0048961 seconds
Number of updated asset objects reloaded before import = 0Number of asset objects unloaded after import = 1

========================================================================
Received Import Request.
  Time since last request: 0.000038 seconds.
  path: Assets/Art/MINIFANTASY - Crafting and Professions I/Sprites/Druid/Special_Animations/Shape_Shifting/Forest_Owl/GIFs/Druid_ShapeShiftForestOwl.gif
  artifactKey: Guid(27e0670a94ba2294e82338b5596aafc5) Importer(2089858483,192608db42251d675da83286b1cce702)
Start importing Assets/Art/MINIFANTASY - Crafting and Professions I/Sprites/Druid/Special_Animations/Shape_Shifting/Forest_Owl/GIFs/Druid_ShapeShiftForestOwl.gif using Guid(27e0670a94ba2294e82338b5596aafc5) Importer(2089858483,192608db42251d675da83286b1cce702) (ScriptedImporter) -> (artifact id: 'f07c3f7d0d98e89f1b7e3bf0ce5698b8') in 0.0205745 seconds
Number of updated asset objects reloaded before import = 0Number of asset objects unloaded after import = 3

========================================================================
Received Import Request.
  Time since last request: 0.000019 seconds.
  path: Assets/Art/MINIFANTASY - Crafting and Professions I/Sprites/Crafting Professions/Blacksmith/Anvil/Anvil_Work.png
  artifactKey: Guid(c3a8ef969b8cc104b9d1a594f1899bd6) Importer(2089858483,192608db42251d675da83286b1cce702)
Start importing Assets/Art/MINIFANTASY - Crafting and Professions I/Sprites/Crafting Professions/Blacksmith/Anvil/Anvil_Work.png using Guid(c3a8ef969b8cc104b9d1a594f1899bd6) Importer(2089858483,192608db42251d675da83286b1cce702) (ScriptedImporter) -> (artifact id: '738cfd74669348a291cb526e8c795d61') in 0.0311199 seconds
Number of updated asset objects reloaded before import = 0Number of asset objects unloaded after import = 8

========================================================================
Received Import Request.
  Time since last request: 0.000018 seconds.
  path: Assets/Art/MINIFANTASY - Crafting and Professions I/Sprites/Miscellany
  artifactKey: Guid(facc39e2b583c4c4d997d313b8a88f50) Importer(2089858483,192608db42251d675da83286b1cce702)
Start importing Assets/Art/MINIFANTASY - Crafting and Professions I/Sprites/Miscellany using Guid(facc39e2b583c4c4d997d313b8a88f50) Importer(2089858483,192608db42251d675da83286b1cce702) (ScriptedImporter) -> (artifact id: 'e9a511325dc26b897264e2340517d56c') in 0.005509 seconds
Number of updated asset objects reloaded before import = 0Number of asset objects unloaded after import = 1

========================================================================
Received Import Request.
  Time since last request: 0.000020 seconds.
  path: Assets/Art/MINIFANTASY - Crafting and Professions I/Prefabs/Props/Slack_Tub.prefab
  artifactKey: Guid(ef90814485954534ea3e9149784e5d40) Importer(2089858483,192608db42251d675da83286b1cce702)
Start importing Assets/Art/MINIFANTASY - Crafting and Professions I/Prefabs/Props/Slack_Tub.prefab using Guid(ef90814485954534ea3e9149784e5d40) Importer(2089858483,192608db42251d675da83286b1cce702) (ScriptedImporter) -> (artifact id: '2182875212ebced850d658793eeb41a5') in 0.012598 seconds
Number of updated asset objects reloaded before import = 0Number of asset objects unloaded after import = 12

========================================================================
Received Import Request.
  Time since last request: 0.000023 seconds.
  path: Assets/Art/MINIFANTASY - Crafting and Professions I/Sprites/Druid/Special_Animations/Shape_Shifting/Forest_Owl/GIFs/Druid_OwlAttack.gif
  artifactKey: Guid(9a63075a8dbbb804185374966e95eb82) Importer(2089858483,192608db42251d675da83286b1cce702)
Start importing Assets/Art/MINIFANTASY - Crafting and Professions I/Sprites/Druid/Special_Animations/Shape_Shifting/Forest_Owl/GIFs/Druid_OwlAttack.gif using Guid(9a63075a8dbbb804185374966e95eb82) Importer(2089858483,192608db42251d675da83286b1cce702) (ScriptedImporter) -> (artifact id: 'df9d6b7f0fd52b4316c0858fe28fc2d6') in 0.0233521 seconds
Number of updated asset objects reloaded before import = 0Number of asset objects unloaded after import = 3

========================================================================
Received Import Request.
  Time since last request: 0.000034 seconds.
  path: Assets/Art/MINIFANTASY - Crafting and Professions I/Sprites/Gathering Professions/Logging/Trees Hit/WillowTree_Hit.png
  artifactKey: Guid(b488e1f3ce16d2e448b4471164291262) Importer(2089858483,192608db42251d675da83286b1cce702)
Start importing Assets/Art/MINIFANTASY - Crafting and Professions I/Sprites/Gathering Professions/Logging/Trees Hit/WillowTree_Hit.png using Guid(b488e1f3ce16d2e448b4471164291262) Importer(2089858483,192608db42251d675da83286b1cce702) (ScriptedImporter) -> (artifact id: '25bf918783e793e391dd92f3b408357d') in 0.0430829 seconds
Number of updated asset objects reloaded before import = 0Number of asset objects unloaded after import = 8

========================================================================
Received Import Request.
  Time since last request: 0.000020 seconds.
  path: Assets/Art/MINIFANTASY - Crafting and Professions I/Sprites/Druid/General_Animations
  artifactKey: Guid(92775004b952f3d47bb2ac1eccc103f2) Importer(2089858483,192608db42251d675da83286b1cce702)
Start importing Assets/Art/MINIFANTASY - Crafting and Professions I/Sprites/Druid/General_Animations using Guid(92775004b952f3d47bb2ac1eccc103f2) Importer(2089858483,192608db42251d675da83286b1cce702) (ScriptedImporter) -> (artifact id: '58f791d950d640d396112ee2ec2d3ecf') in 0.0065773 seconds
Number of updated asset objects reloaded before import = 0Number of asset objects unloaded after import = 1

========================================================================
Received Import Request.
  Time since last request: 0.000023 seconds.
  path: Assets/Art/MINIFANTASY - Crafting and Professions I/Sprites/Craftable Items Icons/ItemNames.txt
  artifactKey: Guid(429c17ece7ca22d428e642fb4050b1f2) Importer(2089858483,192608db42251d675da83286b1cce702)
Start importing Assets/Art/MINIFANTASY - Crafting and Professions I/Sprites/Craftable Items Icons/ItemNames.txt using Guid(429c17ece7ca22d428e642fb4050b1f2) Importer(2089858483,192608db42251d675da83286b1cce702) (ScriptedImporter) -> (artifact id: '3c6dcac7454a7db006c795759e307394') in 0.0064555 seconds
Number of updated asset objects reloaded before import = 0Number of asset objects unloaded after import = 1

========================================================================
Received Import Request.
  Time since last request: 0.000021 seconds.
  path: Assets/Art/MINIFANTASY - Crafting and Professions I/Sprites/Druid/Special_Animations/Shape_Shifting/Forest_Owl/GIFs/Druid_OwlDmg.gif
  artifactKey: Guid(8a12536fadc67444781f031b9c02207e) Importer(2089858483,192608db42251d675da83286b1cce702)
Start importing Assets/Art/MINIFANTASY - Crafting and Professions I/Sprites/Druid/Special_Animations/Shape_Shifting/Forest_Owl/GIFs/Druid_OwlDmg.gif using Guid(8a12536fadc67444781f031b9c02207e) Importer(2089858483,192608db42251d675da83286b1cce702) (ScriptedImporter) -> (artifact id: '9fed8479c3699294c56e8f701f5d0af6') in 0.0223784 seconds
Number of updated asset objects reloaded before import = 0Number of asset objects unloaded after import = 3

========================================================================
Received Import Request.
  Time since last request: 0.000022 seconds.
  path: Assets/Art/MINIFANTASY - Crafting and Professions I/Sprites/Barbarian/General_Animations/GIFs/Barbarian_Attack.gif
  artifactKey: Guid(65a28f1fb12024049b9393c1c193127e) Importer(2089858483,192608db42251d675da83286b1cce702)
Start importing Assets/Art/MINIFANTASY - Crafting and Professions I/Sprites/Barbarian/General_Animations/GIFs/Barbarian_Attack.gif using Guid(65a28f1fb12024049b9393c1c193127e) Importer(2089858483,192608db42251d675da83286b1cce702) (ScriptedImporter) -> (artifact id: 'a5d4cda43222f5d5f48a8cc7ee08f79e') in 0.0239445 seconds
Number of updated asset objects reloaded before import = 0Number of asset objects unloaded after import = 3

========================================================================
Received Import Request.
  Time since last request: 0.000035 seconds.
  path: Assets/Art/MINIFANTASY - Crafting and Professions I/Sprites/Druid/Special_Animations/Shape_Shifting/Forest_Hound/GIFs
  artifactKey: Guid(2e2c093bc3809b74fbf0838da85067f6) Importer(2089858483,192608db42251d675da83286b1cce702)
Start importing Assets/Art/MINIFANTASY - Crafting and Professions I/Sprites/Druid/Special_Animations/Shape_Shifting/Forest_Hound/GIFs using Guid(2e2c093bc3809b74fbf0838da85067f6) Importer(2089858483,192608db42251d675da83286b1cce702) (ScriptedImporter) -> (artifact id: 'df6157d2b8a53395697d3e5ac60d4336') in 0.0079885 seconds
Number of updated asset objects reloaded before import = 0Number of asset objects unloaded after import = 1

========================================================================
Received Import Request.
  Time since last request: 0.000049 seconds.
  path: Assets/Art/MINIFANTASY - Crafting and Professions I/Sprites/Druid/General_Animations/Shadows/Druid_JumpShadow.png
  artifactKey: Guid(cd7d82e898b61494f8f6d237d23224f9) Importer(2089858483,192608db42251d675da83286b1cce702)
Start importing Assets/Art/MINIFANTASY - Crafting and Professions I/Sprites/Druid/General_Animations/Shadows/Druid_JumpShadow.png using Guid(cd7d82e898b61494f8f6d237d23224f9) Importer(2089858483,192608db42251d675da83286b1cce702) (ScriptedImporter) -> (artifact id: '4ba82a92e650490d11ba7e709414294a') in 0.0635304 seconds
Number of updated asset objects reloaded before import = 0Number of asset objects unloaded after import = 18

========================================================================
Received Import Request.
  Time since last request: 0.000020 seconds.
  path: Assets/Art/MINIFANTASY - Crafting and Professions I/Sprites/Druid/General_Animations/Gifs/Druid_Die.gif
  artifactKey: Guid(f51e7d77a9bf83442842429520058b03) Importer(2089858483,192608db42251d675da83286b1cce702)
Start importing Assets/Art/MINIFANTASY - Crafting and Professions I/Sprites/Druid/General_Animations/Gifs/Druid_Die.gif using Guid(f51e7d77a9bf83442842429520058b03) Importer(2089858483,192608db42251d675da83286b1cce702) (ScriptedImporter) -> (artifact id: 'e32f6c283ac9cd25f4b78d2e7b23eb7b') in 0.0285886 seconds
Number of updated asset objects reloaded before import = 0Number of asset objects unloaded after import = 3

========================================================================
Received Import Request.
  Time since last request: 0.000029 seconds.
  path: Assets/Art/MINIFANTASY - Crafting and Professions I/Sprites/Crafting Professions/Woodwork/Sawmill/Gif/SawmillWorking.gif
  artifactKey: Guid(e6f0d2e0c501695438e5c39554127c9d) Importer(2089858483,192608db42251d675da83286b1cce702)
Start importing Assets/Art/MINIFANTASY - Crafting and Professions I/Sprites/Crafting Professions/Woodwork/Sawmill/Gif/SawmillWorking.gif using Guid(e6f0d2e0c501695438e5c39554127c9d) Importer(2089858483,192608db42251d675da83286b1cce702) (ScriptedImporter) -> (artifact id: '44cad205235135014b089395a1563c59') in 0.0224406 seconds
Number of updated asset objects reloaded before import = 0Number of asset objects unloaded after import = 3

========================================================================
Received Import Request.
  Time since last request: 0.000030 seconds.
  path: Assets/Art/MINIFANTASY - Crafting and Professions I/Animations
  artifactKey: Guid(eceb53b70c9246e4290844f832b21181) Importer(2089858483,192608db42251d675da83286b1cce702)
Start importing Assets/Art/MINIFANTASY - Crafting and Professions I/Animations using Guid(eceb53b70c9246e4290844f832b21181) Importer(2089858483,192608db42251d675da83286b1cce702) (ScriptedImporter) -> (artifact id: 'e62985d3db25e4fce2f00270c86010a0') in 0.0058495 seconds
Number of updated asset objects reloaded before import = 0Number of asset objects unloaded after import = 1

========================================================================
Received Import Request.
  Time since last request: 0.000022 seconds.
  path: Assets/Art/MINIFANTASY - Crafting and Professions I/Sprites/Druid/Special_Animations/Shape_Shifting/Forest_Owl/Shadows/ForestOwl_AttackShadow.png
  artifactKey: Guid(41d273b3a8f608049972e0808bc60914) Importer(2089858483,192608db42251d675da83286b1cce702)
Start importing Assets/Art/MINIFANTASY - Crafting and Professions I/Sprites/Druid/Special_Animations/Shape_Shifting/Forest_Owl/Shadows/ForestOwl_AttackShadow.png using Guid(41d273b3a8f608049972e0808bc60914) Importer(2089858483,192608db42251d675da83286b1cce702) (ScriptedImporter) -> (artifact id: '044fd464382f092c7f42b68f3515017a') in 0.1394776 seconds
Number of updated asset objects reloaded before import = 0Number of asset objects unloaded after import = 18

========================================================================
Received Import Request.
  Time since last request: 0.000017 seconds.
  path: Assets/Art/MINIFANTASY - Crafting and Professions I/Animations/Humanoids/Dwarf/Dwarf_Mining_NW.anim
  artifactKey: Guid(22fb34062ef7b71489eedcf0d3794316) Importer(2089858483,192608db42251d675da83286b1cce702)
Start importing Assets/Art/MINIFANTASY - Crafting and Professions I/Animations/Humanoids/Dwarf/Dwarf_Mining_NW.anim using Guid(22fb34062ef7b71489eedcf0d3794316) Importer(2089858483,192608db42251d675da83286b1cce702) (ScriptedImporter) -> (artifact id: 'c220da4de77c980b8f556d2450490e4a') in 0.0096285 seconds
Number of updated asset objects reloaded before import = 0Number of asset objects unloaded after import = 1

========================================================================
Received Import Request.
  Time since last request: 0.000031 seconds.
  path: Assets/Art/MINIFANTASY - Crafting and Professions I/Animations/Humanoids/Orc/Orc_Chopping_SE.anim
  artifactKey: Guid(f82a82d5a821e16468af47b094967eae) Importer(2089858483,192608db42251d675da83286b1cce702)
Start importing Assets/Art/MINIFANTASY - Crafting and Professions I/Animations/Humanoids/Orc/Orc_Chopping_SE.anim using Guid(f82a82d5a821e16468af47b094967eae) Importer(2089858483,192608db42251d675da83286b1cce702) (ScriptedImporter) -> (artifact id: '179b1fa26eb72a444b7fd5b253ec0ca8') in 0.0089762 seconds
Number of updated asset objects reloaded before import = 0Number of asset objects unloaded after import = 1

========================================================================
Received Import Request.
  Time since last request: 0.000015 seconds.
  path: Assets/Art/MINIFANTASY - Crafting and Professions I/Animations/Humanoids/Goblin/Goblin_AnvilWorking.anim
  artifactKey: Guid(5ab1f580a9d1ce14e87364c8ea099bdc) Importer(2089858483,192608db42251d675da83286b1cce702)
Start importing Assets/Art/MINIFANTASY - Crafting and Professions I/Animations/Humanoids/Goblin/Goblin_AnvilWorking.anim using Guid(5ab1f580a9d1ce14e87364c8ea099bdc) Importer(2089858483,192608db42251d675da83286b1cce702) (ScriptedImporter) -> (artifact id: 'e844e1bec4ee4b88619c0e083e725611') in 0.0106155 seconds
Number of updated asset objects reloaded before import = 0Number of asset objects unloaded after import = 1

========================================================================
Received Import Request.
  Time since last request: 0.000023 seconds.
  path: Assets/Art/MINIFANTASY - Crafting and Professions I/Sprites/Rogue/General_Animations/Shadows/Rogue_DmgShadow.png
  artifactKey: Guid(722db55fe6b5ac34fa698a41ea1bc51a) Importer(2089858483,192608db42251d675da83286b1cce702)
Start importing Assets/Art/MINIFANTASY - Crafting and Professions I/Sprites/Rogue/General_Animations/Shadows/Rogue_DmgShadow.png using Guid(722db55fe6b5ac34fa698a41ea1bc51a) Importer(2089858483,192608db42251d675da83286b1cce702) (ScriptedImporter) -> (artifact id: 'ca8cbf8aad1b535de9ae19b95ddc40bb') in 0.0651177 seconds
Number of updated asset objects reloaded before import = 0Number of asset objects unloaded after import = 18

========================================================================
Received Import Request.
  Time since last request: 0.000030 seconds.
  path: Assets/Art/MINIFANTASY - Crafting and Professions I/Animations/Props/Blacksmith/Foundry_Melting.anim
  artifactKey: Guid(7bdd2f9526999144d9bb0222559c8bc6) Importer(2089858483,192608db42251d675da83286b1cce702)
Start importing Assets/Art/MINIFANTASY - Crafting and Professions I/Animations/Props/Blacksmith/Foundry_Melting.anim using Guid(7bdd2f9526999144d9bb0222559c8bc6) Importer(2089858483,192608db42251d675da83286b1cce702) (ScriptedImporter) -> (artifact id: '3138f3c73ad621b408a4e2f4ebc8a257') in 0.0119135 seconds
Number of updated asset objects reloaded before import = 0Number of asset objects unloaded after import = 1

========================================================================
Received Import Request.
  Time since last request: 0.000033 seconds.
  path: Assets/Art/MINIFANTASY - Crafting and Professions I/Sprites/Rogue/Special_Animations/Shurikens/GIFs
  artifactKey: Guid(edce4b8c2966eed41971128b7db0e778) Importer(2089858483,192608db42251d675da83286b1cce702)
Start importing Assets/Art/MINIFANTASY - Crafting and Professions I/Sprites/Rogue/Special_Animations/Shurikens/GIFs using Guid(edce4b8c2966eed41971128b7db0e778) Importer(2089858483,192608db42251d675da83286b1cce702) (ScriptedImporter) -> (artifact id: '53541b872c6defaa6da22bb4b6cf839f') in 0.0056087 seconds
Number of updated asset objects reloaded before import = 0Number of asset objects unloaded after import = 1

========================================================================
Received Import Request.
  Time since last request: 0.000037 seconds.
  path: Assets/Art/MINIFANTASY - Crafting and Professions I/Sprites/Druid/Special_Animations/Shape_Shifting/Forest_Owl/Druid_ShapeShiftForestowlToHuman.png
  artifactKey: Guid(28d90d772b8dc2243b3fbcccc2f119a7) Importer(2089858483,192608db42251d675da83286b1cce702)
Start importing Assets/Art/MINIFANTASY - Crafting and Professions I/Sprites/Druid/Special_Animations/Shape_Shifting/Forest_Owl/Druid_ShapeShiftForestowlToHuman.png using Guid(28d90d772b8dc2243b3fbcccc2f119a7) Importer(2089858483,192608db42251d675da83286b1cce702) (ScriptedImporter) -> (artifact id: '99e97c1d9d0da6192cce447bc9204ac1') in 0.0604546 seconds
Number of updated asset objects reloaded before import = 0Number of asset objects unloaded after import = 17

========================================================================
Received Import Request.
  Time since last request: 0.000019 seconds.
  path: Assets/Art/MINIFANTASY - Crafting and Professions I/Sprites/Rogue/General_Animations/GIFs/Rogue_Idle.gif
  artifactKey: Guid(323b67a784c05264dae7fd9cd3f420f2) Importer(2089858483,192608db42251d675da83286b1cce702)
Start importing Assets/Art/MINIFANTASY - Crafting and Professions I/Sprites/Rogue/General_Animations/GIFs/Rogue_Idle.gif using Guid(323b67a784c05264dae7fd9cd3f420f2) Importer(2089858483,192608db42251d675da83286b1cce702) (ScriptedImporter) -> (artifact id: '51f0dd714de1e5dc2edd95c31f4e1921') in 0.0225814 seconds
Number of updated asset objects reloaded before import = 0Number of asset objects unloaded after import = 3

========================================================================
Received Import Request.
  Time since last request: 0.000024 seconds.
  path: Assets/Art/MINIFANTASY - Crafting and Professions I/Scenes/Demo - Props.unity
  artifactKey: Guid(fe5cfc98327c78f458a698318200fc25) Importer(2089858483,192608db42251d675da83286b1cce702)
Start importing Assets/Art/MINIFANTASY - Crafting and Professions I/Scenes/Demo - Props.unity using Guid(fe5cfc98327c78f458a698318200fc25) Importer(2089858483,192608db42251d675da83286b1cce702) (ScriptedImporter) -> (artifact id: 'a269a5c5b108fca8397a504794da9d40') in 0.0211938 seconds
Number of updated asset objects reloaded before import = 0Number of asset objects unloaded after import = 1

========================================================================
Received Import Request.
  Time since last request: 0.000029 seconds.
  path: Assets/Art/MINIFANTASY - Crafting and Professions I/Sprites/Druid/Special_Animations/Shape_Shifting/Forest_Hound
  artifactKey: Guid(c8242089a6b898d438826320bebc90fd) Importer(2089858483,192608db42251d675da83286b1cce702)
Start importing Assets/Art/MINIFANTASY - Crafting and Professions I/Sprites/Druid/Special_Animations/Shape_Shifting/Forest_Hound using Guid(c8242089a6b898d438826320bebc90fd) Importer(2089858483,192608db42251d675da83286b1cce702) (ScriptedImporter) -> (artifact id: '49ff7d830fb443cceae1847906d9a5c3') in 0.005207 seconds
Number of updated asset objects reloaded before import = 0Number of asset objects unloaded after import = 1

========================================================================
Received Import Request.
  Time since last request: 0.000016 seconds.
  path: Assets/Art/MINIFANTASY - Crafting and Professions I/Sprites/Gathering Professions/Harvesting/Characters/Elf_Harvest.png
  artifactKey: Guid(ff36ff041b4f2cc44a92be1ec0e0acc7) Importer(2089858483,192608db42251d675da83286b1cce702)
Start importing Assets/Art/MINIFANTASY - Crafting and Professions I/Sprites/Gathering Professions/Harvesting/Characters/Elf_Harvest.png using Guid(ff36ff041b4f2cc44a92be1ec0e0acc7) Importer(2089858483,192608db42251d675da83286b1cce702) (ScriptedImporter) -> (artifact id: '061ed662b24d8c6112a1e604bc1b79dc') in 0.0689228 seconds
Number of updated asset objects reloaded before import = 0Number of asset objects unloaded after import = 26

========================================================================
Received Import Request.
  Time since last request: 0.000016 seconds.
  path: Assets/Art/MINIFANTASY - Crafting and Professions I/Sprites/Barbarian/Special_Animations/Thunder_Blade_Attack/Shadows
  artifactKey: Guid(961e66bdbe4112d4097dc6fe34aed107) Importer(2089858483,192608db42251d675da83286b1cce702)
Start importing Assets/Art/MINIFANTASY - Crafting and Professions I/Sprites/Barbarian/Special_Animations/Thunder_Blade_Attack/Shadows using Guid(961e66bdbe4112d4097dc6fe34aed107) Importer(2089858483,192608db42251d675da83286b1cce702) (ScriptedImporter) -> (artifact id: 'a8c1d64134a6cde8a8db30d23bb82e2d') in 0.0056235 seconds
Number of updated asset objects reloaded before import = 0Number of asset objects unloaded after import = 1

========================================================================
Received Import Request.
  Time since last request: 0.000020 seconds.
  path: Assets/Art/MINIFANTASY - Crafting and Professions I/Sprites/Crafting Professions/Jewelry/Gif/JewelryWorkshop.gif
  artifactKey: Guid(3fe9b98ff975ccf4d8eb7dc8ea6b33ed) Importer(2089858483,192608db42251d675da83286b1cce702)
Start importing Assets/Art/MINIFANTASY - Crafting and Professions I/Sprites/Crafting Professions/Jewelry/Gif/JewelryWorkshop.gif using Guid(3fe9b98ff975ccf4d8eb7dc8ea6b33ed) Importer(2089858483,192608db42251d675da83286b1cce702) (ScriptedImporter) -> (artifact id: '73c3d4699af3cf894b3a9c9141eeb30c') in 0.0172802 seconds
Number of updated asset objects reloaded before import = 0Number of asset objects unloaded after import = 3

========================================================================
Received Import Request.
  Time since last request: 0.000023 seconds.
  path: Assets/Art/MINIFANTASY - Crafting and Professions I/Sprites/Gathering Professions/Logging/Trees Hit/Shadows/HickoryTreeShadow_Hit.png
  artifactKey: Guid(c997d8f615c236b4eb386e85e8f64a7d) Importer(2089858483,192608db42251d675da83286b1cce702)
Start importing Assets/Art/MINIFANTASY - Crafting and Professions I/Sprites/Gathering Professions/Logging/Trees Hit/Shadows/HickoryTreeShadow_Hit.png using Guid(c997d8f615c236b4eb386e85e8f64a7d) Importer(2089858483,192608db42251d675da83286b1cce702) (ScriptedImporter) -> (artifact id: '91df552662e0322f1084997713d9533d') in 0.0354125 seconds
Number of updated asset objects reloaded before import = 0Number of asset objects unloaded after import = 8

========================================================================
Received Import Request.
  Time since last request: 0.000028 seconds.
  path: Assets/Art/MINIFANTASY - Crafting and Professions I/Animations/Humanoids/Orc/Orc_WoodworkBenchWorking.anim
  artifactKey: Guid(a53cfc1db589a3c4694cb078291c1fb6) Importer(2089858483,192608db42251d675da83286b1cce702)
Start importing Assets/Art/MINIFANTASY - Crafting and Professions I/Animations/Humanoids/Orc/Orc_WoodworkBenchWorking.anim using Guid(a53cfc1db589a3c4694cb078291c1fb6) Importer(2089858483,192608db42251d675da83286b1cce702) (ScriptedImporter) -> (artifact id: '9a5dc0d93c3fd4073a2bbe350fbfd78d') in 0.0101712 seconds
Number of updated asset objects reloaded before import = 0Number of asset objects unloaded after import = 1

========================================================================
Received Import Request.
  Time since last request: 0.000017 seconds.
  path: Assets/Art/MINIFANTASY - Crafting and Professions I/Animations/Humanoids/Goblin/Goblin_Harvest_SW.anim
  artifactKey: Guid(31f92108035fc934b8965bea5b424649) Importer(2089858483,192608db42251d675da83286b1cce702)
Start importing Assets/Art/MINIFANTASY - Crafting and Professions I/Animations/Humanoids/Goblin/Goblin_Harvest_SW.anim using Guid(31f92108035fc934b8965bea5b424649) Importer(2089858483,192608db42251d675da83286b1cce702) (ScriptedImporter) -> (artifact id: 'b9184023b576fe9b869a7a4323980bd7') in 0.0100329 seconds
Number of updated asset objects reloaded before import = 0Number of asset objects unloaded after import = 1

========================================================================
Received Import Request.
  Time since last request: 0.000020 seconds.
  path: Assets/Art/MINIFANTASY - Crafting and Professions I/Sprites/Crafting Professions/Jewelry/Character/Orc_JewelryWorkshopWorking.png
  artifactKey: Guid(d6d293d67e1db4341830b3e9d4814455) Importer(2089858483,192608db42251d675da83286b1cce702)
Start importing Assets/Art/MINIFANTASY - Crafting and Professions I/Sprites/Crafting Professions/Jewelry/Character/Orc_JewelryWorkshopWorking.png using Guid(d6d293d67e1db4341830b3e9d4814455) Importer(2089858483,192608db42251d675da83286b1cce702) (ScriptedImporter) -> (artifact id: '210524a979f6ff53dfe53a2bfee91756') in 0.042269 seconds
Number of updated asset objects reloaded before import = 0Number of asset objects unloaded after import = 13

========================================================================
Received Import Request.
  Time since last request: 0.000018 seconds.
  path: Assets/Art/MINIFANTASY - Crafting and Professions I/Animations/Props/Trees/Tree_Hit_SE.anim
  artifactKey: Guid(6aa7b9a22149ef94ea9345c1ff8f7c92) Importer(2089858483,192608db42251d675da83286b1cce702)
Start importing Assets/Art/MINIFANTASY - Crafting and Professions I/Animations/Props/Trees/Tree_Hit_SE.anim using Guid(6aa7b9a22149ef94ea9345c1ff8f7c92) Importer(2089858483,192608db42251d675da83286b1cce702) (ScriptedImporter) -> (artifact id: '78116436209402a145c3cf9b53adf365') in 0.0086623 seconds
Number of updated asset objects reloaded before import = 0Number of asset objects unloaded after import = 1

========================================================================
Received Import Request.
  Time since last request: 0.000022 seconds.
  path: Assets/Art/MINIFANTASY - Crafting and Professions I/Animations/Humanoids/Dwarf/Dwarf_Mining_NE.anim
  artifactKey: Guid(24cafcf9b9ddb4842882625bd6ad9fec) Importer(2089858483,192608db42251d675da83286b1cce702)
Start importing Assets/Art/MINIFANTASY - Crafting and Professions I/Animations/Humanoids/Dwarf/Dwarf_Mining_NE.anim using Guid(24cafcf9b9ddb4842882625bd6ad9fec) Importer(2089858483,192608db42251d675da83286b1cce702) (ScriptedImporter) -> (artifact id: '80128f0a727b5eeeebf26e4c403c3f73') in 0.0074208 seconds
Number of updated asset objects reloaded before import = 0Number of asset objects unloaded after import = 1

========================================================================
Received Import Request.
  Time since last request: 0.000027 seconds.
  path: Assets/Art/MINIFANTASY - Crafting and Professions I/Sprites/Crafting Professions
  artifactKey: Guid(7452bc014b1430d4e942579c0135fb19) Importer(2089858483,192608db42251d675da83286b1cce702)
Start importing Assets/Art/MINIFANTASY - Crafting and Professions I/Sprites/Crafting Professions using Guid(7452bc014b1430d4e942579c0135fb19) Importer(2089858483,192608db42251d675da83286b1cce702) (ScriptedImporter) -> (artifact id: '0520efaf9289e8e2b1ef8de665dc4b04') in 0.0044656 seconds
Number of updated asset objects reloaded before import = 0Number of asset objects unloaded after import = 1

========================================================================
Received Import Request.
  Time since last request: 0.000019 seconds.
  path: Assets/Art/MINIFANTASY - Crafting and Professions I/Animations/Humanoids/Human/Human_Chopping_NE.anim
  artifactKey: Guid(0894a21a5d7836942b264793899bd3e9) Importer(2089858483,192608db42251d675da83286b1cce702)
Start importing Assets/Art/MINIFANTASY - Crafting and Professions I/Animations/Humanoids/Human/Human_Chopping_NE.anim using Guid(0894a21a5d7836942b264793899bd3e9) Importer(2089858483,192608db42251d675da83286b1cce702) (ScriptedImporter) -> (artifact id: '4c5e7f2783b0d07e1bf01b445d553ee7') in 0.0084574 seconds
Number of updated asset objects reloaded before import = 0Number of asset objects unloaded after import = 1

========================================================================
Received Import Request.
  Time since last request: 0.000018 seconds.
  path: Assets/Art/MINIFANTASY - Crafting and Professions I/Animations/Humanoids/Elf/Elf_LaboratoryWorking_SE.anim
  artifactKey: Guid(9fb985c8aec05bb429f9988b0f671f60) Importer(2089858483,192608db42251d675da83286b1cce702)
Start importing Assets/Art/MINIFANTASY - Crafting and Professions I/Animations/Humanoids/Elf/Elf_LaboratoryWorking_SE.anim using Guid(9fb985c8aec05bb429f9988b0f671f60) Importer(2089858483,192608db42251d675da83286b1cce702) (ScriptedImporter) -> (artifact id: '32df7f8bd57dd7827f2ed67eadc6fff5') in 0.0081925 seconds
Number of updated asset objects reloaded before import = 0Number of asset objects unloaded after import = 1

========================================================================
Received Import Request.
  Time since last request: 0.000017 seconds.
  path: Assets/Art/MINIFANTASY - Crafting and Professions I/Animations/Props/Trees/Willow/Willow_AnimatorOverrideController.overrideController
  artifactKey: Guid(12d6ec43df82dbf49ba2799c66372155) Importer(2089858483,192608db42251d675da83286b1cce702)
Start importing Assets/Art/MINIFANTASY - Crafting and Professions I/Animations/Props/Trees/Willow/Willow_AnimatorOverrideController.overrideController using Guid(12d6ec43df82dbf49ba2799c66372155) Importer(2089858483,192608db42251d675da83286b1cce702) (ScriptedImporter) -> (artifact id: '626af67dc774c82bc0db8b1c036d16fb') in 0.009101 seconds
Number of updated asset objects reloaded before import = 0Number of asset objects unloaded after import = 19

========================================================================
Received Import Request.
  Time since last request: 0.000022 seconds.
  path: Assets/Art/MINIFANTASY - Crafting and Professions I/Sprites/Gathering Professions/Logging/Trees Hit/Shadows/OakTreeShadow_Hit.png
  artifactKey: Guid(1010f48607112b64da897278da6fd269) Importer(2089858483,192608db42251d675da83286b1cce702)
Start importing Assets/Art/MINIFANTASY - Crafting and Professions I/Sprites/Gathering Professions/Logging/Trees Hit/Shadows/OakTreeShadow_Hit.png using Guid(1010f48607112b64da897278da6fd269) Importer(2089858483,192608db42251d675da83286b1cce702) (ScriptedImporter) -> (artifact id: '568c34a664938dcb5dce8e2fc66cea74') in 0.0479092 seconds
Number of updated asset objects reloaded before import = 0Number of asset objects unloaded after import = 8

========================================================================
Received Import Request.
  Time since last request: 0.000025 seconds.
  path: Assets/Art/MINIFANTASY - Crafting and Professions I/Animations/Humanoids/Orc/Orc_Harvest_NE.anim
  artifactKey: Guid(b11e605f07a1aec4a9127f02ab8b48f7) Importer(2089858483,192608db42251d675da83286b1cce702)
Start importing Assets/Art/MINIFANTASY - Crafting and Professions I/Animations/Humanoids/Orc/Orc_Harvest_NE.anim using Guid(b11e605f07a1aec4a9127f02ab8b48f7) Importer(2089858483,192608db42251d675da83286b1cce702) (ScriptedImporter) -> (artifact id: '97d44c7b8376dd90d09349dce87af5ff') in 0.0071101 seconds
Number of updated asset objects reloaded before import = 0Number of asset objects unloaded after import = 1

========================================================================
Received Import Request.
  Time since last request: 0.000029 seconds.
  path: Assets/Art/MINIFANTASY - Crafting and Professions I/Animations/Props/Trees/Birch/BirchTree_Hit_SW.anim
  artifactKey: Guid(d535b1c3eae79df44a25b94a978fd312) Importer(2089858483,192608db42251d675da83286b1cce702)
Start importing Assets/Art/MINIFANTASY - Crafting and Professions I/Animations/Props/Trees/Birch/BirchTree_Hit_SW.anim using Guid(d535b1c3eae79df44a25b94a978fd312) Importer(2089858483,192608db42251d675da83286b1cce702) (ScriptedImporter) -> (artifact id: '53ae9a79238f021ed99492c6d2924fe8') in 0.0070758 seconds
Number of updated asset objects reloaded before import = 0Number of asset objects unloaded after import = 1

========================================================================
Received Import Request.
  Time since last request: 0.000021 seconds.
  path: Assets/Art/MINIFANTASY - Crafting and Professions I/Sprites/Druid/Special_Animations/Shape_Shifting/Forest_Beast/Shadows
  artifactKey: Guid(2f1a1d787b7e79245bf511bc74bd15da) Importer(2089858483,192608db42251d675da83286b1cce702)
Start importing Assets/Art/MINIFANTASY - Crafting and Professions I/Sprites/Druid/Special_Animations/Shape_Shifting/Forest_Beast/Shadows using Guid(2f1a1d787b7e79245bf511bc74bd15da) Importer(2089858483,192608db42251d675da83286b1cce702) (ScriptedImporter) -> (artifact id: 'c7bf3c11286e8f5f454a64e9269910c7') in 0.0049149 seconds
Number of updated asset objects reloaded before import = 0Number of asset objects unloaded after import = 1

========================================================================
Received Import Request.
  Time since last request: 0.000017 seconds.
  path: Assets/Art/MINIFANTASY - Crafting and Professions I/Animations/Humanoids/Dwarf/Dwarf_Chopping_NW.anim
  artifactKey: Guid(50c4eacd8cf1fed48832852578918e9d) Importer(2089858483,192608db42251d675da83286b1cce702)
Start importing Assets/Art/MINIFANTASY - Crafting and Professions I/Animations/Humanoids/Dwarf/Dwarf_Chopping_NW.anim using Guid(50c4eacd8cf1fed48832852578918e9d) Importer(2089858483,192608db42251d675da83286b1cce702) (ScriptedImporter) -> (artifact id: '9e863e6fa8d7957729f23966338fd35f') in 0.0083426 seconds
Number of updated asset objects reloaded before import = 0Number of asset objects unloaded after import = 1

========================================================================
Received Import Request.
  Time since last request: 0.000023 seconds.
  path: Assets/Art/MINIFANTASY - Crafting and Professions I/Sprites/Crafting Professions/Alchemy/Gif
  artifactKey: Guid(8f9605228b6f3044b8df21ef5b8f0eaf) Importer(2089858483,192608db42251d675da83286b1cce702)
Start importing Assets/Art/MINIFANTASY - Crafting and Professions I/Sprites/Crafting Professions/Alchemy/Gif using Guid(8f9605228b6f3044b8df21ef5b8f0eaf) Importer(2089858483,192608db42251d675da83286b1cce702) (ScriptedImporter) -> (artifact id: '4cef82019c63737e289873c0ac7863b3') in 0.0059209 seconds
Number of updated asset objects reloaded before import = 0Number of asset objects unloaded after import = 1

========================================================================
Received Import Request.
  Time since last request: 0.000017 seconds.
  path: Assets/Art/MINIFANTASY - Crafting and Professions I/Sprites/Barbarian/General_Animations/Barbarian_Attack.png
  artifactKey: Guid(0255abdb0d9288943988137d35f6b2ea) Importer(2089858483,192608db42251d675da83286b1cce702)
Start importing Assets/Art/MINIFANTASY - Crafting and Professions I/Sprites/Barbarian/General_Animations/Barbarian_Attack.png using Guid(0255abdb0d9288943988137d35f6b2ea) Importer(2089858483,192608db42251d675da83286b1cce702) (ScriptedImporter) -> (artifact id: 'f104e4b03029a87bd2029a6c63198157') in 0.078548 seconds
Number of updated asset objects reloaded before import = 0Number of asset objects unloaded after import = 26

========================================================================
Received Import Request.
  Time since last request: 0.000026 seconds.
  path: Assets/Art/MINIFANTASY - Crafting and Professions I/Animations/Props/Trees/Pine/PineTree_Hit_SW.anim
  artifactKey: Guid(caea7c2a9c5e0764a8ed6c1c883a9681) Importer(2089858483,192608db42251d675da83286b1cce702)
Start importing Assets/Art/MINIFANTASY - Crafting and Professions I/Animations/Props/Trees/Pine/PineTree_Hit_SW.anim using Guid(caea7c2a9c5e0764a8ed6c1c883a9681) Importer(2089858483,192608db42251d675da83286b1cce702) (ScriptedImporter) -> (artifact id: 'a3ae761e96e5bf7d9df1209f5d5ae5ac') in 0.0075235 seconds
Number of updated asset objects reloaded before import = 0Number of asset objects unloaded after import = 1

========================================================================
Received Import Request.
  Time since last request: 0.000027 seconds.
  path: Assets/Art/MINIFANTASY - Crafting and Professions I/Animations/Props/Trees/Birch
  artifactKey: Guid(a7c9181f10349284ba2307b6175de1ee) Importer(2089858483,192608db42251d675da83286b1cce702)
Start importing Assets/Art/MINIFANTASY - Crafting and Professions I/Animations/Props/Trees/Birch using Guid(a7c9181f10349284ba2307b6175de1ee) Importer(2089858483,192608db42251d675da83286b1cce702) (ScriptedImporter) -> (artifact id: 'b56214ca86c74261aa7ceefa77eb14a2') in 0.0069787 seconds
Number of updated asset objects reloaded before import = 0Number of asset objects unloaded after import = 1

========================================================================
Received Import Request.
  Time since last request: 0.000022 seconds.
  path: Assets/Art/MINIFANTASY - Crafting and Professions I/Sprites/Gathering Professions/Logging/LoggingShadows.png
  artifactKey: Guid(4a0a9704bb7a0d547a38e839e614e6b7) Importer(2089858483,192608db42251d675da83286b1cce702)
Start importing Assets/Art/MINIFANTASY - Crafting and Professions I/Sprites/Gathering Professions/Logging/LoggingShadows.png using Guid(4a0a9704bb7a0d547a38e839e614e6b7) Importer(2089858483,192608db42251d675da83286b1cce702) (ScriptedImporter) -> (artifact id: '332593558d2acb32acaeebd5663d66bb') in 0.0429093 seconds
Number of updated asset objects reloaded before import = 0Number of asset objects unloaded after import = 12

========================================================================
Received Import Request.
  Time since last request: 0.000019 seconds.
  path: Assets/Art/MINIFANTASY - Crafting and Professions I/Animations/Humanoids/Dwarf/Dwarf_Chopping_NE.anim
  artifactKey: Guid(8c4c983f81bf31d4b8a87fd3aff0457d) Importer(2089858483,192608db42251d675da83286b1cce702)
Start importing Assets/Art/MINIFANTASY - Crafting and Professions I/Animations/Humanoids/Dwarf/Dwarf_Chopping_NE.anim using Guid(8c4c983f81bf31d4b8a87fd3aff0457d) Importer(2089858483,192608db42251d675da83286b1cce702) (ScriptedImporter) -> (artifact id: 'fb3914ec26008acc176213448d7556d0') in 0.0102051 seconds
Number of updated asset objects reloaded before import = 0Number of asset objects unloaded after import = 1

========================================================================
Received Import Request.
  Time since last request: 0.000018 seconds.
  path: Assets/Art/MINIFANTASY - Crafting and Professions I/Sprites/Gathering Professions/Mining/ItemNames.txt
  artifactKey: Guid(eda9d6c909bf2fb4196a7d06ca0c44d7) Importer(2089858483,192608db42251d675da83286b1cce702)
Start importing Assets/Art/MINIFANTASY - Crafting and Professions I/Sprites/Gathering Professions/Mining/ItemNames.txt using Guid(eda9d6c909bf2fb4196a7d06ca0c44d7) Importer(2089858483,192608db42251d675da83286b1cce702) (ScriptedImporter) -> (artifact id: '6322206f0dbc99d060982075afed4a9d') in 0.0070562 seconds
Number of updated asset objects reloaded before import = 0Number of asset objects unloaded after import = 1

========================================================================
Received Import Request.
  Time since last request: 0.000019 seconds.
  path: Assets/Art/MINIFANTASY - Crafting and Professions I/Sprites/Gathering Professions/Harvesting/Characters/Human_Harvest.png
  artifactKey: Guid(5a640ce7793c92f41befd2ebedea9923) Importer(2089858483,192608db42251d675da83286b1cce702)
Start importing Assets/Art/MINIFANTASY - Crafting and Professions I/Sprites/Gathering Professions/Harvesting/Characters/Human_Harvest.png using Guid(5a640ce7793c92f41befd2ebedea9923) Importer(2089858483,192608db42251d675da83286b1cce702) (ScriptedImporter) -> (artifact id: 'd979053d0cbf770398ef722053605820') in 0.0611778 seconds
Number of updated asset objects reloaded before import = 0Number of asset objects unloaded after import = 26

========================================================================
Received Import Request.
  Time since last request: 0.000032 seconds.
  path: Assets/Art/MINIFANTASY - Crafting and Professions I/Sprites/Rogue/Special_Animations/Shurikens/GIFs/Rogue_Shurikens.gif
  artifactKey: Guid(4b4b9f1c0a352424da1465b80ea38d34) Importer(2089858483,192608db42251d675da83286b1cce702)
Start importing Assets/Art/MINIFANTASY - Crafting and Professions I/Sprites/Rogue/Special_Animations/Shurikens/GIFs/Rogue_Shurikens.gif using Guid(4b4b9f1c0a352424da1465b80ea38d34) Importer(2089858483,192608db42251d675da83286b1cce702) (ScriptedImporter) -> (artifact id: '583a6d0bae3cb56347fa1f79eedfaa63') in 0.018081 seconds
Number of updated asset objects reloaded before import = 0Number of asset objects unloaded after import = 3

========================================================================
Received Import Request.
  Time since last request: 0.000015 seconds.
  path: Assets/Art/MINIFANTASY - Crafting and Professions I/Sprites/Druid/Special_Animations/Shape_Shifting/Forest_Owl/ForestOwl_Attack.png
  artifactKey: Guid(defac72fdef7c0c4c80a23bf215caa7d) Importer(2089858483,192608db42251d675da83286b1cce702)
Start importing Assets/Art/MINIFANTASY - Crafting and Professions I/Sprites/Druid/Special_Animations/Shape_Shifting/Forest_Owl/ForestOwl_Attack.png using Guid(defac72fdef7c0c4c80a23bf215caa7d) Importer(2089858483,192608db42251d675da83286b1cce702) (ScriptedImporter) -> (artifact id: 'cd7c5bb4c8ff3535af4bee7e4d9f40d7') in 0.0445468 seconds
Number of updated asset objects reloaded before import = 0Number of asset objects unloaded after import = 18

========================================================================
Received Import Request.
  Time since last request: 0.000020 seconds.
  path: Assets/Art/MINIFANTASY - Crafting and Professions I/Animations/Humanoids/Dwarf/Dwarf_Chopping_SW.anim
  artifactKey: Guid(9c053e875b91377488d776160b18b1e0) Importer(2089858483,192608db42251d675da83286b1cce702)
Start importing Assets/Art/MINIFANTASY - Crafting and Professions I/Animations/Humanoids/Dwarf/Dwarf_Chopping_SW.anim using Guid(9c053e875b91377488d776160b18b1e0) Importer(2089858483,192608db42251d675da83286b1cce702) (ScriptedImporter) -> (artifact id: 'f731f5b629c954cdbb0b25e28dd4050c') in 0.007533 seconds
Number of updated asset objects reloaded before import = 0Number of asset objects unloaded after import = 1

========================================================================
Received Import Request.
  Time since last request: 0.000019 seconds.
  path: Assets/Art/MINIFANTASY - Crafting and Professions I/Sprites/Barbarian/Special_Animations/Guard/Shadows/Barbarian_BlockGuardDownShadow.png
  artifactKey: Guid(10ef20587263d804ea66a9016ec8e3e6) Importer(2089858483,192608db42251d675da83286b1cce702)
Start importing Assets/Art/MINIFANTASY - Crafting and Professions I/Sprites/Barbarian/Special_Animations/Guard/Shadows/Barbarian_BlockGuardDownShadow.png using Guid(10ef20587263d804ea66a9016ec8e3e6) Importer(2089858483,192608db42251d675da83286b1cce702) (ScriptedImporter) -> (artifact id: '069ff2fe540d66a21347dcdf0a39bfc2') in 0.0616897 seconds
Number of updated asset objects reloaded before import = 0Number of asset objects unloaded after import = 18

========================================================================
Received Import Request.
  Time since last request: 0.000023 seconds.
  path: Assets/Art/MINIFANTASY - Crafting and Professions I/Sprites/Gathering Professions/Harvesting/ItemNames.txt
  artifactKey: Guid(bbcaf9f1a3310d5428486d704a644f1b) Importer(2089858483,192608db42251d675da83286b1cce702)
Start importing Assets/Art/MINIFANTASY - Crafting and Professions I/Sprites/Gathering Professions/Harvesting/ItemNames.txt using Guid(bbcaf9f1a3310d5428486d704a644f1b) Importer(2089858483,192608db42251d675da83286b1cce702) (ScriptedImporter) -> (artifact id: '19ad1977ee10c6340b57ca828c21017f') in 0.0052806 seconds
Number of updated asset objects reloaded before import = 0Number of asset objects unloaded after import = 1

========================================================================
Received Import Request.
  Time since last request: 0.000032 seconds.
  path: Assets/Art/MINIFANTASY - Crafting and Professions I/Sprites/Gathering Professions/Logging/Trees Hit/Gifs
  artifactKey: Guid(90c4d3671a6c618409c76e4274a0b69d) Importer(2089858483,192608db42251d675da83286b1cce702)
Start importing Assets/Art/MINIFANTASY - Crafting and Professions I/Sprites/Gathering Professions/Logging/Trees Hit/Gifs using Guid(90c4d3671a6c618409c76e4274a0b69d) Importer(2089858483,192608db42251d675da83286b1cce702) (ScriptedImporter) -> (artifact id: 'ff4e488269398db38d89649579c8a70e') in 0.0055235 seconds
Number of updated asset objects reloaded before import = 0Number of asset objects unloaded after import = 1

========================================================================
Received Import Request.
  Time since last request: 0.000030 seconds.
  path: Assets/Art/MINIFANTASY - Crafting and Professions I/Sprites/Barbarian/General_Animations/Shadows/Barbarian_WalkShadow.png
  artifactKey: Guid(ae3cb943804f7a74b8f9da75da80bbf1) Importer(2089858483,192608db42251d675da83286b1cce702)
Start importing Assets/Art/MINIFANTASY - Crafting and Professions I/Sprites/Barbarian/General_Animations/Shadows/Barbarian_WalkShadow.png using Guid(ae3cb943804f7a74b8f9da75da80bbf1) Importer(2089858483,192608db42251d675da83286b1cce702) (ScriptedImporter) -> (artifact id: 'd9f8ad2b156c3ae77fc23fce8abd0ac6') in 0.0667307 seconds
Number of updated asset objects reloaded before import = 0Number of asset objects unloaded after import = 18

========================================================================
Received Import Request.
  Time since last request: 0.000014 seconds.
  path: Assets/Art/MINIFANTASY - Crafting and Professions I/Prefabs/Characters/Orc.prefab
  artifactKey: Guid(438be5cf3be39824a9691ddde0df3120) Importer(2089858483,192608db42251d675da83286b1cce702)
Start importing Assets/Art/MINIFANTASY - Crafting and Professions I/Prefabs/Characters/Orc.prefab using Guid(438be5cf3be39824a9691ddde0df3120) Importer(2089858483,192608db42251d675da83286b1cce702) (ScriptedImporter) -> (artifact id: 'c8a9764b8a53a6a3384efe9ed5d1dacc') in 0.0111473 seconds
Number of updated asset objects reloaded before import = 0Number of asset objects unloaded after import = 15

========================================================================
Received Import Request.
  Time since last request: 0.000028 seconds.
  path: Assets/Art/MINIFANTASY - Crafting and Professions I/Animations/Props/Blacksmith/Furnace_Working.anim
  artifactKey: Guid(3a3c1b9e8e000c44fbea25cb3a2a1e06) Importer(2089858483,192608db42251d675da83286b1cce702)
Start importing Assets/Art/MINIFANTASY - Crafting and Professions I/Animations/Props/Blacksmith/Furnace_Working.anim using Guid(3a3c1b9e8e000c44fbea25cb3a2a1e06) Importer(2089858483,192608db42251d675da83286b1cce702) (ScriptedImporter) -> (artifact id: 'a6584439327072a7ac754dcfed191df1') in 0.0098311 seconds
Number of updated asset objects reloaded before import = 0Number of asset objects unloaded after import = 1

========================================================================
Received Import Request.
  Time since last request: 0.000028 seconds.
  path: Assets/Art/MINIFANTASY - Crafting and Professions I/Animations/Humanoids/Goblin/Goblin_Mining_SE.anim
  artifactKey: Guid(507c62b848682224d9f8bde5d0aea242) Importer(2089858483,192608db42251d675da83286b1cce702)
Start importing Assets/Art/MINIFANTASY - Crafting and Professions I/Animations/Humanoids/Goblin/Goblin_Mining_SE.anim using Guid(507c62b848682224d9f8bde5d0aea242) Importer(2089858483,192608db42251d675da83286b1cce702) (ScriptedImporter) -> (artifact id: 'fdb2bc9ff398f284796978a50eb1cf29') in 0.0088792 seconds
Number of updated asset objects reloaded before import = 0Number of asset objects unloaded after import = 1

========================================================================
Received Import Request.
  Time since last request: 0.000018 seconds.
  path: Assets/Art/MINIFANTASY - Crafting and Professions I/Animations/Humanoids/Halfling/Halfling_AnimatorOverrideController.overrideController
  artifactKey: Guid(c973fc93df60790418f3075ab6fb27ea) Importer(2089858483,192608db42251d675da83286b1cce702)
Start importing Assets/Art/MINIFANTASY - Crafting and Professions I/Animations/Humanoids/Halfling/Halfling_AnimatorOverrideController.overrideController using Guid(c973fc93df60790418f3075ab6fb27ea) Importer(2089858483,192608db42251d675da83286b1cce702) (ScriptedImporter) -> (artifact id: 'ed46447d80312e3ac0f51a393a069af4') in 0.038471 seconds
Number of updated asset objects reloaded before import = 0Number of asset objects unloaded after import = 67

========================================================================
Received Import Request.
  Time since last request: 0.000029 seconds.
  path: Assets/Art/MINIFANTASY - Crafting and Professions I/Sprites/Gathering Professions/Logging/Trees Hit/Gifs/BirchTreeHit.gif
  artifactKey: Guid(c4006f5b135af3c49a28be556270aef2) Importer(2089858483,192608db42251d675da83286b1cce702)
Start importing Assets/Art/MINIFANTASY - Crafting and Professions I/Sprites/Gathering Professions/Logging/Trees Hit/Gifs/BirchTreeHit.gif using Guid(c4006f5b135af3c49a28be556270aef2) Importer(2089858483,192608db42251d675da83286b1cce702) (ScriptedImporter) -> (artifact id: 'd241d520d81fd4d0fcc5362186066a85') in 0.0219476 seconds
Number of updated asset objects reloaded before import = 0Number of asset objects unloaded after import = 3

========================================================================
Received Import Request.
  Time since last request: 0.000025 seconds.
  path: Assets/Art/MINIFANTASY - Crafting and Professions I/Sprites/Crafting Professions/Alchemy/LaboratoryPropShadow.png
  artifactKey: Guid(652b8531d8d2c064cbef7d8f062d66b1) Importer(2089858483,192608db42251d675da83286b1cce702)
Start importing Assets/Art/MINIFANTASY - Crafting and Professions I/Sprites/Crafting Professions/Alchemy/LaboratoryPropShadow.png using Guid(652b8531d8d2c064cbef7d8f062d66b1) Importer(2089858483,192608db42251d675da83286b1cce702) (ScriptedImporter) -> (artifact id: 'cd11decd115f79fe9d0cbf218feea802') in 0.0223685 seconds
Number of updated asset objects reloaded before import = 0Number of asset objects unloaded after import = 3

========================================================================
Received Import Request.
  Time since last request: 0.000078 seconds.
  path: Assets/Art/MINIFANTASY - Crafting and Professions I/Sprites/Rogue/General_Animations/Rogue_Jump.png
  artifactKey: Guid(79f147a404455cc4cb99a4b850c0e7fa) Importer(2089858483,192608db42251d675da83286b1cce702)
Start importing Assets/Art/MINIFANTASY - Crafting and Professions I/Sprites/Rogue/General_Animations/Rogue_Jump.png using Guid(79f147a404455cc4cb99a4b850c0e7fa) Importer(2089858483,192608db42251d675da83286b1cce702) (ScriptedImporter) -> (artifact id: '7c576f6e3f3e442904b8f1486b197000') in 0.0616048 seconds
Number of updated asset objects reloaded before import = 0Number of asset objects unloaded after import = 18

========================================================================
Received Import Request.
  Time since last request: 0.000023 seconds.
  path: Assets/Art/MINIFANTASY - Crafting and Professions I/Sprites/Druid/Special_Animations/Shape_Shifting/Forest_Hound/Shadows/Druid_ShapeShiftForestHoundToHumanShadow.png
  artifactKey: Guid(3fcf899b325955642a0bc5a1c7acd195) Importer(2089858483,192608db42251d675da83286b1cce702)
Start importing Assets/Art/MINIFANTASY - Crafting and Professions I/Sprites/Druid/Special_Animations/Shape_Shifting/Forest_Hound/Shadows/Druid_ShapeShiftForestHoundToHumanShadow.png using Guid(3fcf899b325955642a0bc5a1c7acd195) Importer(2089858483,192608db42251d675da83286b1cce702) (ScriptedImporter) -> (artifact id: 'ed4fdb29b8c745ec91a32f0cb65d3dec') in 0.0597389 seconds
Number of updated asset objects reloaded before import = 0Number of asset objects unloaded after import = 17

========================================================================
Received Import Request.
  Time since last request: 0.000038 seconds.
  path: Assets/Art/MINIFANTASY - Crafting and Professions I/Sprites/Gathering Professions/Logging/Trees Hit/HickoryTree_Hit.png
  artifactKey: Guid(93c3b5431a9482f4da1da083cc516317) Importer(2089858483,192608db42251d675da83286b1cce702)
Start importing Assets/Art/MINIFANTASY - Crafting and Professions I/Sprites/Gathering Professions/Logging/Trees Hit/HickoryTree_Hit.png using Guid(93c3b5431a9482f4da1da083cc516317) Importer(2089858483,192608db42251d675da83286b1cce702) (ScriptedImporter) -> (artifact id: '041869b5cd185239df4cdc0197910fc6') in 0.0304875 seconds
Number of updated asset objects reloaded before import = 0Number of asset objects unloaded after import = 8

========================================================================
Received Import Request.
  Time since last request: 0.000049 seconds.
  path: Assets/Art/MINIFANTASY - Crafting and Professions I/Sprites/Druid/Special_Animations/Shape_Shifting/Forest_Hound/Druid_ShapeShiftHumanToForestHound.png
  artifactKey: Guid(ebe3a535928c5a844923792397b70128) Importer(2089858483,192608db42251d675da83286b1cce702)
Start importing Assets/Art/MINIFANTASY - Crafting and Professions I/Sprites/Druid/Special_Animations/Shape_Shifting/Forest_Hound/Druid_ShapeShiftHumanToForestHound.png using Guid(ebe3a535928c5a844923792397b70128) Importer(2089858483,192608db42251d675da83286b1cce702) (ScriptedImporter) -> (artifact id: '4745aadd851b1a7c4793f0c17d142937') in 0.0820659 seconds
Number of updated asset objects reloaded before import = 0Number of asset objects unloaded after import = 23

========================================================================
Received Import Request.
  Time since last request: 0.000023 seconds.
  path: Assets/Art/MINIFANTASY - Crafting and Professions I/Animations/Props/Jewelry
  artifactKey: Guid(8d091c1f9e75119468e27414f1c3faf8) Importer(2089858483,192608db42251d675da83286b1cce702)
Start importing Assets/Art/MINIFANTASY - Crafting and Professions I/Animations/Props/Jewelry using Guid(8d091c1f9e75119468e27414f1c3faf8) Importer(2089858483,192608db42251d675da83286b1cce702) (ScriptedImporter) -> (artifact id: '9c5d2ee93ed92fa02eb46bddd02d0088') in 0.0053148 seconds
Number of updated asset objects reloaded before import = 0Number of asset objects unloaded after import = 1

========================================================================
Received Import Request.
  Time since last request: 0.000019 seconds.
  path: Assets/Art/MINIFANTASY - Crafting and Professions I/Sprites/Druid/Special_Animations/Shape_Shifting/Forest_Owl/ForestOwl_Dmg.png
  artifactKey: Guid(b36e58881b62bd3488d5c9b2722e1f38) Importer(2089858483,192608db42251d675da83286b1cce702)
Start importing Assets/Art/MINIFANTASY - Crafting and Professions I/Sprites/Druid/Special_Animations/Shape_Shifting/Forest_Owl/ForestOwl_Dmg.png using Guid(b36e58881b62bd3488d5c9b2722e1f38) Importer(2089858483,192608db42251d675da83286b1cce702) (ScriptedImporter) -> (artifact id: '12c151baa67b96e0d4709790b2582e34') in 0.0516883 seconds
Number of updated asset objects reloaded before import = 0Number of asset objects unloaded after import = 18

========================================================================
Received Import Request.
  Time since last request: 0.000020 seconds.
  path: Assets/Art/MINIFANTASY - Crafting and Professions I/Animations/Humanoids/Halfling/Halfling_Chopping_NE.anim
  artifactKey: Guid(046b8b6038a850643a74d9d386b4915e) Importer(2089858483,192608db42251d675da83286b1cce702)
Start importing Assets/Art/MINIFANTASY - Crafting and Professions I/Animations/Humanoids/Halfling/Halfling_Chopping_NE.anim using Guid(046b8b6038a850643a74d9d386b4915e) Importer(2089858483,192608db42251d675da83286b1cce702) (ScriptedImporter) -> (artifact id: 'ab64fe765ce506362245d68d2a9a738f') in 0.011227 seconds
Number of updated asset objects reloaded before import = 0Number of asset objects unloaded after import = 1

========================================================================
Received Import Request.
  Time since last request: 0.000058 seconds.
  path: Assets/Art/MINIFANTASY - Crafting and Professions I/Sprites/Druid/Special_Animations/Shape_Shifting/Forest_Hound/ForestHound_Walk.png
  artifactKey: Guid(5de9cfef3a295fe4ab90aa13848d5af2) Importer(2089858483,192608db42251d675da83286b1cce702)
Start importing Assets/Art/MINIFANTASY - Crafting and Professions I/Sprites/Druid/Special_Animations/Shape_Shifting/Forest_Hound/ForestHound_Walk.png using Guid(5de9cfef3a295fe4ab90aa13848d5af2) Importer(2089858483,192608db42251d675da83286b1cce702) (ScriptedImporter) -> (artifact id: 'a4058baa386bdcf686603853afa085d8') in 0.0777355 seconds
Number of updated asset objects reloaded before import = 0Number of asset objects unloaded after import = 18

========================================================================
Received Import Request.
  Time since last request: 0.000014 seconds.
  path: Assets/Art/MINIFANTASY - Crafting and Professions I/Sprites/Crafting Professions/Alchemy/Characters/Orc_LaboratoryWorking.png
  artifactKey: Guid(e9585dbc03361b4448d9d2343a691f20) Importer(2089858483,192608db42251d675da83286b1cce702)
Start importing Assets/Art/MINIFANTASY - Crafting and Professions I/Sprites/Crafting Professions/Alchemy/Characters/Orc_LaboratoryWorking.png using Guid(e9585dbc03361b4448d9d2343a691f20) Importer(2089858483,192608db42251d675da83286b1cce702) (ScriptedImporter) -> (artifact id: '0ed055867a8f6f981d434fb39dc4addf') in 0.0411383 seconds
Number of updated asset objects reloaded before import = 0Number of asset objects unloaded after import = 13

========================================================================
Received Import Request.
  Time since last request: 0.000021 seconds.
  path: Assets/Art/MINIFANTASY - Crafting and Professions I/Sprites/Rogue/Special_Animations/Shurikens/Shadows/Rogue_ShurikensShadow.png
  artifactKey: Guid(b73dfc2b6371fee49af567ec332821e4) Importer(2089858483,192608db42251d675da83286b1cce702)
Start importing Assets/Art/MINIFANTASY - Crafting and Professions I/Sprites/Rogue/Special_Animations/Shurikens/Shadows/Rogue_ShurikensShadow.png using Guid(b73dfc2b6371fee49af567ec332821e4) Importer(2089858483,192608db42251d675da83286b1cce702) (ScriptedImporter) -> (artifact id: '3ec7d349a0c4f477755593aad5e4d891') in 0.1969374 seconds
Number of updated asset objects reloaded before import = 0Number of asset objects unloaded after import = 62

========================================================================
Received Import Request.
  Time since last request: 0.000037 seconds.
  path: Assets/Art/MINIFANTASY - Crafting and Professions I/Sprites/Druid/Special_Animations/Shape_Shifting/Forest_Hound/ForestHound_Jump.png
  artifactKey: Guid(7ce8a8cf0aa6c6041b283f9196b9e3aa) Importer(2089858483,192608db42251d675da83286b1cce702)
Start importing Assets/Art/MINIFANTASY - Crafting and Professions I/Sprites/Druid/Special_Animations/Shape_Shifting/Forest_Hound/ForestHound_Jump.png using Guid(7ce8a8cf0aa6c6041b283f9196b9e3aa) Importer(2089858483,192608db42251d675da83286b1cce702) (ScriptedImporter) -> (artifact id: 'bce4c8871e138509f236a1bede3819a1') in 0.0561836 seconds
Number of updated asset objects reloaded before import = 0Number of asset objects unloaded after import = 18

========================================================================
Received Import Request.
  Time since last request: 0.000024 seconds.
  path: Assets/Art/MINIFANTASY - Crafting and Professions I/Animations/Humanoids/Goblin/Goblin_Chopping_SW.anim
  artifactKey: Guid(8bd926787cb690c4783fae086fcaffb6) Importer(2089858483,192608db42251d675da83286b1cce702)
Start importing Assets/Art/MINIFANTASY - Crafting and Professions I/Animations/Humanoids/Goblin/Goblin_Chopping_SW.anim using Guid(8bd926787cb690c4783fae086fcaffb6) Importer(2089858483,192608db42251d675da83286b1cce702) (ScriptedImporter) -> (artifact id: '16d3b66afa8d63a52ba4135f27fa0eab') in 0.0098865 seconds
Number of updated asset objects reloaded before import = 0Number of asset objects unloaded after import = 1

========================================================================
Received Import Request.
  Time since last request: 0.000018 seconds.
  path: Assets/Art/MINIFANTASY - Crafting and Professions I/Prefabs/Props/Herb_Pickup.prefab
  artifactKey: Guid(2f7960443744a5c4e87ba79e18e1fbe4) Importer(2089858483,192608db42251d675da83286b1cce702)
Start importing Assets/Art/MINIFANTASY - Crafting and Professions I/Prefabs/Props/Herb_Pickup.prefab using Guid(2f7960443744a5c4e87ba79e18e1fbe4) Importer(2089858483,192608db42251d675da83286b1cce702) (ScriptedImporter) -> (artifact id: '9737980f559e76715744b7dcca4155d6') in 0.0240113 seconds
Number of updated asset objects reloaded before import = 0Number of asset objects unloaded after import = 20

========================================================================
Received Import Request.
  Time since last request: 0.000021 seconds.
  path: Assets/Art/MINIFANTASY - Crafting and Professions I/Sprites/Gathering Professions
  artifactKey: Guid(b2b38ffad8e83354c8c86bb32c298479) Importer(2089858483,192608db42251d675da83286b1cce702)
Start importing Assets/Art/MINIFANTASY - Crafting and Professions I/Sprites/Gathering Professions using Guid(b2b38ffad8e83354c8c86bb32c298479) Importer(2089858483,192608db42251d675da83286b1cce702) (ScriptedImporter) -> (artifact id: 'af3af78f69ceabfde0898029eee3fe5a') in 0.0058214 seconds
Number of updated asset objects reloaded before import = 0Number of asset objects unloaded after import = 1

========================================================================
Received Import Request.
  Time since last request: 0.000029 seconds.
  path: Assets/Art/MINIFANTASY - Crafting and Professions I/Sprites/Barbarian/Special_Animations/Guard/Barbarian_BlockImpact.png
  artifactKey: Guid(3b5b7d5830e5673469a2b7c8efd95d40) Importer(2089858483,192608db42251d675da83286b1cce702)
Start importing Assets/Art/MINIFANTASY - Crafting and Professions I/Sprites/Barbarian/Special_Animations/Guard/Barbarian_BlockImpact.png using Guid(3b5b7d5830e5673469a2b7c8efd95d40) Importer(2089858483,192608db42251d675da83286b1cce702) (ScriptedImporter) -> (artifact id: '142c4952560f24fbb98bea11d8dd0345') in 0.056934 seconds
Number of updated asset objects reloaded before import = 0Number of asset objects unloaded after import = 18

========================================================================
Received Import Request.
  Time since last request: 0.000030 seconds.
  path: Assets/Art/MINIFANTASY - Crafting and Professions I/Animations/Humanoids/Goblin/Goblin_WoodworkBenchWorking.anim
  artifactKey: Guid(af24e33d1fee4e848959dec920e9e6bc) Importer(2089858483,192608db42251d675da83286b1cce702)
Start importing Assets/Art/MINIFANTASY - Crafting and Professions I/Animations/Humanoids/Goblin/Goblin_WoodworkBenchWorking.anim using Guid(af24e33d1fee4e848959dec920e9e6bc) Importer(2089858483,192608db42251d675da83286b1cce702) (ScriptedImporter) -> (artifact id: '16d1070c0373ea98c3193835e0e288c6') in 0.00971 seconds
Number of updated asset objects reloaded before import = 0Number of asset objects unloaded after import = 1

========================================================================
Received Import Request.
  Time since last request: 0.000014 seconds.
  path: Assets/Art/MINIFANTASY - Crafting and Professions I/Animations/Humanoids/Goblin
  artifactKey: Guid(e97e59a3f6a81b9439f126ec6825d5b8) Importer(2089858483,192608db42251d675da83286b1cce702)
Start importing Assets/Art/MINIFANTASY - Crafting and Professions I/Animations/Humanoids/Goblin using Guid(e97e59a3f6a81b9439f126ec6825d5b8) Importer(2089858483,192608db42251d675da83286b1cce702) (ScriptedImporter) -> (artifact id: 'dfc75d971923684bf7568d2e7f28a1ba') in 0.004605 seconds
Number of updated asset objects reloaded before import = 0Number of asset objects unloaded after import = 1

========================================================================
Received Import Request.
  Time since last request: 0.000019 seconds.
  path: Assets/Art/MINIFANTASY - Crafting and Professions I/Sprites/Barbarian/Special_Animations/Battle_Cry/Barbarian_BattleCryEffectBackLayer.png
  artifactKey: Guid(26a0777ff5cacf94bbd829bce9d5e62c) Importer(2089858483,192608db42251d675da83286b1cce702)
Start importing Assets/Art/MINIFANTASY - Crafting and Professions I/Sprites/Barbarian/Special_Animations/Battle_Cry/Barbarian_BattleCryEffectBackLayer.png using Guid(26a0777ff5cacf94bbd829bce9d5e62c) Importer(2089858483,192608db42251d675da83286b1cce702) (ScriptedImporter) -> (artifact id: 'b34607c260fe4abca81f30483843fda2') in 0.1168654 seconds
Number of updated asset objects reloaded before import = 0Number of asset objects unloaded after import = 46

========================================================================
Received Import Request.
  Time since last request: 0.000021 seconds.
  path: Assets/Art/MINIFANTASY - Crafting and Professions I/Sprites/Crafting Professions/Woodwork
  artifactKey: Guid(80be8d5099f8d664f92ef5d288dba408) Importer(2089858483,192608db42251d675da83286b1cce702)
Start importing Assets/Art/MINIFANTASY - Crafting and Professions I/Sprites/Crafting Professions/Woodwork using Guid(80be8d5099f8d664f92ef5d288dba408) Importer(2089858483,192608db42251d675da83286b1cce702) (ScriptedImporter) -> (artifact id: '17b130732e9f9a042542f9efab6c1818') in 0.005245 seconds
Number of updated asset objects reloaded before import = 0Number of asset objects unloaded after import = 1

========================================================================
Received Import Request.
  Time since last request: 0.000031 seconds.
  path: Assets/Art/MINIFANTASY - Crafting and Professions I/Sprites/Crafting Professions/Alchemy
  artifactKey: Guid(03e86519dd79ac24d9cb6594fc9d912a) Importer(2089858483,192608db42251d675da83286b1cce702)
Start importing Assets/Art/MINIFANTASY - Crafting and Professions I/Sprites/Crafting Professions/Alchemy using Guid(03e86519dd79ac24d9cb6594fc9d912a) Importer(2089858483,192608db42251d675da83286b1cce702) (ScriptedImporter) -> (artifact id: 'bd084219b2280c72bde85df471421bc1') in 0.0044922 seconds
Number of updated asset objects reloaded before import = 0Number of asset objects unloaded after import = 1

========================================================================
Received Import Request.
  Time since last request: 0.000019 seconds.
  path: Assets/Art/MINIFANTASY - Crafting and Professions I/Sprites/Crafting Professions/Tailor/TailorProps.png
  artifactKey: Guid(645b291a9e7e9664eb2397cf81cf45e2) Importer(2089858483,192608db42251d675da83286b1cce702)
Start importing Assets/Art/MINIFANTASY - Crafting and Professions I/Sprites/Crafting Professions/Tailor/TailorProps.png using Guid(645b291a9e7e9664eb2397cf81cf45e2) Importer(2089858483,192608db42251d675da83286b1cce702) (ScriptedImporter) -> (artifact id: '58c69176bb0fc03a6022e211aa10dc20') in 0.0247666 seconds
Number of updated asset objects reloaded before import = 0Number of asset objects unloaded after import = 4

========================================================================
Received Import Request.
  Time since last request: 0.000020 seconds.
  path: Assets/Art/MINIFANTASY - Crafting and Professions I/Sprites/Druid/Special_Animations/Shape_Shifting/Forest_Beast/GIFs/Druid_ShapeShiftForestBeast.gif
  artifactKey: Guid(a730ef3af2897864da85b5336c495130) Importer(2089858483,192608db42251d675da83286b1cce702)
Start importing Assets/Art/MINIFANTASY - Crafting and Professions I/Sprites/Druid/Special_Animations/Shape_Shifting/Forest_Beast/GIFs/Druid_ShapeShiftForestBeast.gif using Guid(a730ef3af2897864da85b5336c495130) Importer(2089858483,192608db42251d675da83286b1cce702) (ScriptedImporter) -> (artifact id: 'bb5f1c67ebd1533265ccd62f3f278343') in 0.0179891 seconds
Number of updated asset objects reloaded before import = 0Number of asset objects unloaded after import = 3

========================================================================
Received Import Request.
  Time since last request: 0.000019 seconds.
  path: Assets/Art/MINIFANTASY - Crafting and Professions I/Sprites/Crafting Professions/Woodwork/WorkBench/Character/Elf_WoodworkBenchWorking.png
  artifactKey: Guid(9a2c406d450bd0d4e92a6d10d376eec9) Importer(2089858483,192608db42251d675da83286b1cce702)
Start importing Assets/Art/MINIFANTASY - Crafting and Professions I/Sprites/Crafting Professions/Woodwork/WorkBench/Character/Elf_WoodworkBenchWorking.png using Guid(9a2c406d450bd0d4e92a6d10d376eec9) Importer(2089858483,192608db42251d675da83286b1cce702) (ScriptedImporter) -> (artifact id: 'b88994653aa2ef9b42447f4ab1512c76') in 0.0340876 seconds
Number of updated asset objects reloaded before import = 0Number of asset objects unloaded after import = 8

========================================================================
Received Import Request.
  Time since last request: 0.000020 seconds.
  path: Assets/Art/MINIFANTASY - Crafting and Professions I/Animations/Humanoids/Human/Human_Mining_NW.anim
  artifactKey: Guid(e12f3207071760e49aacdc8826474203) Importer(2089858483,192608db42251d675da83286b1cce702)
Start importing Assets/Art/MINIFANTASY - Crafting and Professions I/Animations/Humanoids/Human/Human_Mining_NW.anim using Guid(e12f3207071760e49aacdc8826474203) Importer(2089858483,192608db42251d675da83286b1cce702) (ScriptedImporter) -> (artifact id: 'ca96d8437b6f2118dd196d7229951532') in 0.0072942 seconds
Number of updated asset objects reloaded before import = 0Number of asset objects unloaded after import = 1

========================================================================
Received Import Request.
  Time since last request: 0.000027 seconds.
  path: Assets/Art/MINIFANTASY - Crafting and Professions I/Sprites/Druid/Special_Animations/Root_Summoning
  artifactKey: Guid(bde0d6f2293a3804d8d83a0293819bad) Importer(2089858483,192608db42251d675da83286b1cce702)
Start importing Assets/Art/MINIFANTASY - Crafting and Professions I/Sprites/Druid/Special_Animations/Root_Summoning using Guid(bde0d6f2293a3804d8d83a0293819bad) Importer(2089858483,192608db42251d675da83286b1cce702) (ScriptedImporter) -> (artifact id: 'a1eac6a9944b43d6225b5077365e1f1b') in 0.0058111 seconds
Number of updated asset objects reloaded before import = 0Number of asset objects unloaded after import = 1

========================================================================
Received Import Request.
  Time since last request: 0.000016 seconds.
  path: Assets/Art/MINIFANTASY - Crafting and Professions I/Animations/Humanoids/Orc/Orc_LaboratoryWorking.anim
  artifactKey: Guid(b4305a75ade48fd489710a9b6574e5b9) Importer(2089858483,192608db42251d675da83286b1cce702)
Start importing Assets/Art/MINIFANTASY - Crafting and Professions I/Animations/Humanoids/Orc/Orc_LaboratoryWorking.anim using Guid(b4305a75ade48fd489710a9b6574e5b9) Importer(2089858483,192608db42251d675da83286b1cce702) (ScriptedImporter) -> (artifact id: '4ffd74d3f01c208d81ac5a0baace7ff7') in 0.0079381 seconds
Number of updated asset objects reloaded before import = 0Number of asset objects unloaded after import = 1

========================================================================
Received Import Request.
  Time since last request: 0.000018 seconds.
  path: Assets/Art/MINIFANTASY - Crafting and Professions I/Sprites/Crafting Professions/Jewelry/Character/Dwarf_JewelryWorkshopWorking.png
  artifactKey: Guid(3a42881279318994ead66d68f07b711b) Importer(2089858483,192608db42251d675da83286b1cce702)
Start importing Assets/Art/MINIFANTASY - Crafting and Professions I/Sprites/Crafting Professions/Jewelry/Character/Dwarf_JewelryWorkshopWorking.png using Guid(3a42881279318994ead66d68f07b711b) Importer(2089858483,192608db42251d675da83286b1cce702) (ScriptedImporter) -> (artifact id: 'da595590df2ddc9c06a5b6a0eedee311') in 0.0367712 seconds
Number of updated asset objects reloaded before import = 0Number of asset objects unloaded after import = 13

========================================================================
Received Import Request.
  Time since last request: 0.000016 seconds.
  path: Assets/Art/MINIFANTASY - Crafting and Professions I/Sprites/Crafting Professions/Alchemy/Gif/LaboratoryWorking.gif
  artifactKey: Guid(b676140e0ac8c884186850032f1398e3) Importer(2089858483,192608db42251d675da83286b1cce702)
Start importing Assets/Art/MINIFANTASY - Crafting and Professions I/Sprites/Crafting Professions/Alchemy/Gif/LaboratoryWorking.gif using Guid(b676140e0ac8c884186850032f1398e3) Importer(2089858483,192608db42251d675da83286b1cce702) (ScriptedImporter) -> (artifact id: '04e38efefc944ce9a2c8da5a3608d0d6') in 0.0194007 seconds
Number of updated asset objects reloaded before import = 0Number of asset objects unloaded after import = 3

========================================================================
Received Import Request.
  Time since last request: 0.000017 seconds.
  path: Assets/Art/MINIFANTASY - Crafting and Professions I/Scripts/TH_DemoManager.cs
  artifactKey: Guid(a5062a884c5cd56459e13be53956a75d) Importer(2089858483,192608db42251d675da83286b1cce702)
Start importing Assets/Art/MINIFANTASY - Crafting and Professions I/Scripts/TH_DemoManager.cs using Guid(a5062a884c5cd56459e13be53956a75d) Importer(2089858483,192608db42251d675da83286b1cce702) (ScriptedImporter) -> (artifact id: '73dea457bed467efafe4de60125ef41f') in 0.0062118 seconds
Number of updated asset objects reloaded before import = 0Number of asset objects unloaded after import = 0

========================================================================
Received Import Request.
  Time since last request: 0.000031 seconds.
  path: Assets/Art/MINIFANTASY - Crafting and Professions I/Sprites/Barbarian/Special_Animations/Guard/GIFs
  artifactKey: Guid(fb47f7c1f19f36a4083aa7c53b95c3c8) Importer(2089858483,192608db42251d675da83286b1cce702)
Start importing Assets/Art/MINIFANTASY - Crafting and Professions I/Sprites/Barbarian/Special_Animations/Guard/GIFs using Guid(fb47f7c1f19f36a4083aa7c53b95c3c8) Importer(2089858483,192608db42251d675da83286b1cce702) (ScriptedImporter) -> (artifact id: '851e22f0706af4681ec887b1695d792e') in 0.004875 seconds
Number of updated asset objects reloaded before import = 0Number of asset objects unloaded after import = 1

========================================================================
Received Import Request.
  Time since last request: 0.000015 seconds.
  path: Assets/Art/MINIFANTASY - Crafting and Professions I/Sprites/Druid/Special_Animations/Root_Summoning/Shadows/Druid_RootSummoningShadow.png
  artifactKey: Guid(1b6b4a403c6ff9d46b5d318d89cc0b95) Importer(2089858483,192608db42251d675da83286b1cce702)
Start importing Assets/Art/MINIFANTASY - Crafting and Professions I/Sprites/Druid/Special_Animations/Root_Summoning/Shadows/Druid_RootSummoningShadow.png using Guid(1b6b4a403c6ff9d46b5d318d89cc0b95) Importer(2089858483,192608db42251d675da83286b1cce702) (ScriptedImporter) -> (artifact id: '8f89eb3926723b6bb6c514ec451a4ab9') in 0.0749012 seconds
Number of updated asset objects reloaded before import = 0Number of asset objects unloaded after import = 30

========================================================================
Received Import Request.
  Time since last request: 0.000019 seconds.
  path: Assets/Art/MINIFANTASY - Crafting and Professions I/Sprites/Druid/Special_Animations/Shape_Shifting/Forest_Beast/Shadows/Druid_ShapeShiftForestBeastToHumanShadow.png
  artifactKey: Guid(8b6a87be85a8d0847a61eaae71575d65) Importer(2089858483,192608db42251d675da83286b1cce702)
Start importing Assets/Art/MINIFANTASY - Crafting and Professions I/Sprites/Druid/Special_Animations/Shape_Shifting/Forest_Beast/Shadows/Druid_ShapeShiftForestBeastToHumanShadow.png using Guid(8b6a87be85a8d0847a61eaae71575d65) Importer(2089858483,192608db42251d675da83286b1cce702) (ScriptedImporter) -> (artifact id: '4bea3d9e434d9728f53a715a74f84ab0') in 0.0574078 seconds
Number of updated asset objects reloaded before import = 0Number of asset objects unloaded after import = 17

========================================================================
Received Import Request.
  Time since last request: 0.000023 seconds.
  path: Assets/Art/MINIFANTASY - Crafting and Professions I/Animations/Humanoids/Elf/Elf_Mining_SW.anim
  artifactKey: Guid(9a7d728dd8e13974b84286cb948a70ab) Importer(2089858483,192608db42251d675da83286b1cce702)
Start importing Assets/Art/MINIFANTASY - Crafting and Professions I/Animations/Humanoids/Elf/Elf_Mining_SW.anim using Guid(9a7d728dd8e13974b84286cb948a70ab) Importer(2089858483,192608db42251d675da83286b1cce702) (ScriptedImporter) -> (artifact id: '8464cbbccec09861d4ae0bec5918bc2d') in 0.0074995 seconds
Number of updated asset objects reloaded before import = 0Number of asset objects unloaded after import = 1

========================================================================
Received Import Request.
  Time since last request: 0.000034 seconds.
  path: Assets/Art/MINIFANTASY - Crafting and Professions I/Sprites/Crafting Professions/Tailor/Spinning Wheel/SpinningWheel_Working.png
  artifactKey: Guid(fb0499a1199266d49ab8e301cb6a3fa4) Importer(2089858483,192608db42251d675da83286b1cce702)
Start importing Assets/Art/MINIFANTASY - Crafting and Professions I/Sprites/Crafting Professions/Tailor/Spinning Wheel/SpinningWheel_Working.png using Guid(fb0499a1199266d49ab8e301cb6a3fa4) Importer(2089858483,192608db42251d675da83286b1cce702) (ScriptedImporter) -> (artifact id: '2b05233008ad41be7588ba55e20e69e3') in 0.032285 seconds
Number of updated asset objects reloaded before import = 0Number of asset objects unloaded after import = 10

========================================================================
Received Import Request.
  Time since last request: 0.000017 seconds.
  path: Assets/Art/MINIFANTASY - Crafting and Professions I/Sprites/Miscellany/BusinessSigns.png
  artifactKey: Guid(f3d8cab5ca52b2b4393d29b4ebbf12d4) Importer(2089858483,192608db42251d675da83286b1cce702)
Start importing Assets/Art/MINIFANTASY - Crafting and Professions I/Sprites/Miscellany/BusinessSigns.png using Guid(f3d8cab5ca52b2b4393d29b4ebbf12d4) Importer(2089858483,192608db42251d675da83286b1cce702) (ScriptedImporter) -> (artifact id: '2f1285c30b439ce7082642b59616bcca') in 0.6412242 seconds
Number of updated asset objects reloaded before import = 0Number of asset objects unloaded after import = 182

========================================================================
Received Import Request.
  Time since last request: 0.000022 seconds.
  path: Assets/Art/MINIFANTASY - Crafting and Professions I/Sprites/Gathering Professions/Logging/Characters/Goblin_Chopping.png
  artifactKey: Guid(eae5c9c7f850e0c4f99ac4d6417d1313) Importer(2089858483,192608db42251d675da83286b1cce702)
Start importing Assets/Art/MINIFANTASY - Crafting and Professions I/Sprites/Gathering Professions/Logging/Characters/Goblin_Chopping.png using Guid(eae5c9c7f850e0c4f99ac4d6417d1313) Importer(2089858483,192608db42251d675da83286b1cce702) (ScriptedImporter) -> (artifact id: 'b39ce00ccc89bbc2a056add9182df014') in 0.2146238 seconds
Number of updated asset objects reloaded before import = 0Number of asset objects unloaded after import = 26

========================================================================
Received Import Request.
  Time since last request: 0.000030 seconds.
  path: Assets/Art/MINIFANTASY - Crafting and Professions I/Sprites/Rogue/General_Animations/GIFs/Rogue_Walk.gif
  artifactKey: Guid(55bc19b8f50d5a044a70a244af0ae598) Importer(2089858483,192608db42251d675da83286b1cce702)
Start importing Assets/Art/MINIFANTASY - Crafting and Professions I/Sprites/Rogue/General_Animations/GIFs/Rogue_Walk.gif using Guid(55bc19b8f50d5a044a70a244af0ae598) Importer(2089858483,192608db42251d675da83286b1cce702) (ScriptedImporter) -> (artifact id: '2b5941597467a969223fcf5f9ac001ad') in 0.0239295 seconds
Number of updated asset objects reloaded before import = 0Number of asset objects unloaded after import = 3

========================================================================
Received Import Request.
  Time since last request: 0.000026 seconds.
  path: Assets/Art/MINIFANTASY - Crafting and Professions I/Sprites/Crafting Professions/Blacksmith/Anvil/Characters/Orc_AnvilWorking.png
  artifactKey: Guid(3fd90b70b88787d48ad073ceba0d49c3) Importer(2089858483,192608db42251d675da83286b1cce702)
Start importing Assets/Art/MINIFANTASY - Crafting and Professions I/Sprites/Crafting Professions/Blacksmith/Anvil/Characters/Orc_AnvilWorking.png using Guid(3fd90b70b88787d48ad073ceba0d49c3) Importer(2089858483,192608db42251d675da83286b1cce702) (ScriptedImporter) -> (artifact id: 'c3bc2964078930a21c63ce003dd99c18') in 0.0355611 seconds
Number of updated asset objects reloaded before import = 0Number of asset objects unloaded after import = 8

========================================================================
Received Import Request.
  Time since last request: 0.000037 seconds.
  path: Assets/Art/MINIFANTASY - Crafting and Professions I/Animations/Props/Jewelry/JewelryWorkshop_Working.anim
  artifactKey: Guid(7c08d17484277664eae2b0681b794b18) Importer(2089858483,192608db42251d675da83286b1cce702)
Start importing Assets/Art/MINIFANTASY - Crafting and Professions I/Animations/Props/Jewelry/JewelryWorkshop_Working.anim using Guid(7c08d17484277664eae2b0681b794b18) Importer(2089858483,192608db42251d675da83286b1cce702) (ScriptedImporter) -> (artifact id: '73e50dea93da749504b0896e9b045584') in 0.0082987 seconds
Number of updated asset objects reloaded before import = 0Number of asset objects unloaded after import = 1

========================================================================
Received Import Request.
  Time since last request: 0.000020 seconds.
  path: Assets/Art/MINIFANTASY - Crafting and Professions I/Animations/Props/Woodwork/WoodworkBench_AnimatorOverrideController.overrideController
  artifactKey: Guid(50f9aa0d2ff69354b869b66d7ed238a9) Importer(2089858483,192608db42251d675da83286b1cce702)
Start importing Assets/Art/MINIFANTASY - Crafting and Professions I/Animations/Props/Woodwork/WoodworkBench_AnimatorOverrideController.overrideController using Guid(50f9aa0d2ff69354b869b66d7ed238a9) Importer(2089858483,192608db42251d675da83286b1cce702) (ScriptedImporter) -> (artifact id: '02914176ddb351039f2fac9bf70910f6') in 0.0101578 seconds
Number of updated asset objects reloaded before import = 0Number of asset objects unloaded after import = 8

Editor requested this worker to shutdown with reason: Scaling down because of idle timeout
AssetImportWorker is now disconnected from the server
Process exiting
Exiting without the bug reporter. Application will terminate with return code 0