[Licensing::Module] Trying to connect to existing licensing client channel...
Built from '6000.2/staging' branch; Version is '6000.2.9f1 (e0c4e791ab71) revision 14730471'; Using compiler version '194234433'; Build Type 'Release'
OS: 'Windows 11  (10.0.22631) 64bit CoreCountrySpecific' Language: 'zh' Physical Memory: 23777 MB
BatchMode: 1, IsHumanControllingUs: 0, StartBugReporterOnCrash: 0, Is64bit: 1
[Licensing::IpcConnector] Successfully connected to: "LicenseClient-zhuagenbao" at "2025-11-28T06:48:48.092291Z"
Date: 2025-11-28T06:48:48Z

COMMAND LINE ARGUMENTS:
D:\gameObject\develop\Editor\6000.2.9f1\Editor\Unity.exe
-adb2
-batchMode
-noUpm
-name
AssetImportWorker10
-projectPath
C:/Users/zhuagenbao/Desktop/MiniCharacterCreator-main/test
-logFile
Logs/AssetImportWorker10.log
-srvPort
9965
-licensingIpc
LicenseClient-zhuagenbao
-job-worker-count
7
-background-job-worker-count
8
-gc-helper-count
1
-name
AssetImport
Successfully changed project path to: C:/Users/zhuagenbao/Desktop/MiniCharacterCreator-main/test
C:/Users/zhuagenbao/Desktop/MiniCharacterCreator-main/test
[UnityMemory] Configuration Parameters - Can be set up in boot.config
    "memorysetup-allocator-temp-initial-block-size-main=262144"
    "memorysetup-allocator-temp-initial-block-size-worker=262144"
    "memorysetup-bucket-allocator-granularity=16"
    "memorysetup-bucket-allocator-bucket-count=8"
    "memorysetup-bucket-allocator-block-size=33554432"
    "memorysetup-bucket-allocator-block-count=8"
    "memorysetup-main-allocator-block-size=16777216"
    "memorysetup-thread-allocator-block-size=16777216"
    "memorysetup-gfx-main-allocator-block-size=16777216"
    "memorysetup-gfx-thread-allocator-block-size=16777216"
    "memorysetup-cache-allocator-block-size=4194304"
    "memorysetup-typetree-allocator-block-size=2097152"
    "memorysetup-profiler-bucket-allocator-granularity=16"
    "memorysetup-profiler-bucket-allocator-bucket-count=8"
    "memorysetup-profiler-bucket-allocator-block-size=33554432"
    "memorysetup-profiler-bucket-allocator-block-count=8"
    "memorysetup-profiler-allocator-block-size=16777216"
    "memorysetup-profiler-editor-allocator-block-size=1048576"
    "memorysetup-temp-allocator-size-main=16777216"
    "memorysetup-job-temp-allocator-block-size=2097152"
    "memorysetup-job-temp-allocator-block-size-background=1048576"
    "memorysetup-job-temp-allocator-reduction-small-platforms=262144"
    "memorysetup-temp-allocator-size-background-worker=32768"
    "memorysetup-temp-allocator-size-job-worker=262144"
    "memorysetup-temp-allocator-size-preload-manager=33554432"
    "memorysetup-temp-allocator-size-nav-mesh-worker=65536"
    "memorysetup-temp-allocator-size-audio-worker=65536"
    "memorysetup-temp-allocator-size-cloud-worker=32768"
    "memorysetup-temp-allocator-size-gi-baking-worker=262144"
    "memorysetup-temp-allocator-size-gi-baking-worker=262144"
    "memorysetup-temp-allocator-size-gi-baking-worker=262144"
    "memorysetup-temp-allocator-size-gi-baking-worker=262144"
    "memorysetup-temp-allocator-size-gi-baking-worker=262144"
    "memorysetup-temp-allocator-size-gfx=262144"
Player connection [38644]  Target information:

Player connection [38644]  * "[IP] 192.168.2.6 [Port] 0 [Flags] 2 [Guid] 3301562203 [EditorId] 3301562203 [Version] 1048832 [Id] WindowsEditor(7,DESKTOP-KP4589M) [Debug] 1 [PackageName] WindowsEditor [ProjectName] Editor" 

Player connection [38644] Host joined multi-casting on [225.0.0.222:54997]...
Player connection [38644] Host joined alternative multi-casting on [225.0.0.222:34997]...
JobSystem: Creating JobQueue using job-worker-count value 7
Input System module state changed to: Initialized.
[Physics::Module] Initialized fallback backend.
[Physics::Module] Id: 0xdecafbad
[Licensing::Client] Code 10 while verifying Licensing Client signature (process Id: 3480, path: "D:/gameObject/develop/Unity Hub/UnityLicensingClient_V1/Unity.Licensing.Client.exe")
[Licensing::Module] LicensingClient has failed validation; ignoring
[Licensing::Client] Handshaking with LicensingClient:
  Version:                 1.17.3+a4e98f1
  Session Id:              c8153c778af1462690de056ef5e58099
  Correlation Id:          2b31e98de914352a7463e6f9bde81cdd
  External correlation Id: 3476772805829383244
  Machine Id:              K60tJ5c+ydKCg23vUYm+4PjQmTY=
[Licensing::Module] Successfully connected to LicensingClient on channel: "LicenseClient-zhuagenbao" (connect: 0.00s, validation: 0.00s, handshake: 0.07s)
[Licensing::IpcConnector] Successfully connected to: "LicenseClient-zhuagenbao-notifications" at "2025-11-28T06:48:48.169095Z"
[Licensing::Module] Licensing Background thread has ended after 0.08s
Library Redirect Path: Library/
[Physics::Module] Selected backend.
[Physics::Module] Name: PhysX
[Physics::Module] Id: 0xf2b8ea05
[Physics::Module] SDK Version: 4.1.2
[Physics::Module] Integration Version: 1.0.0
[Physics::Module] Threading Mode: Multi-Threaded
Refreshing native plugins compatible for Editor in 10.02 ms, found 4 plugins.
Preloading 0 native plugins for Editor in 0.00 ms.
Initialize engine version: 6000.2.9f1 (e0c4e791ab71)
[Subsystems] Discovering subsystems at path D:/gameObject/develop/Editor/6000.2.9f1/Editor/Data/Resources/UnitySubsystems
[Subsystems] Discovering subsystems at path C:/Users/zhuagenbao/Desktop/MiniCharacterCreator-main/test/Assets
GfxDevice: creating device client; kGfxThreadingModeNonThreaded
Direct3D:
    Version:  Direct3D 11.0 [level 11.1]
    Renderer: NVIDIA GeForce RTX 4060 Laptop GPU (ID=0x28a0)
    Vendor:   NVIDIA
    VRAM:     7957 MB
    Driver:   32.0.15.7283
Initialize mono
Mono path[0] = 'D:/gameObject/develop/Editor/6000.2.9f1/Editor/Data/Managed'
Mono path[1] = 'D:/gameObject/develop/Editor/6000.2.9f1/Editor/Data/MonoBleedingEdge/lib/mono/unityjit-win32'
Mono config path = 'D:/gameObject/develop/Editor/6000.2.9f1/Editor/Data/MonoBleedingEdge/etc'
Using monoOptions --debugger-agent=transport=dt_socket,embedding=1,server=y,suspend=n,address=127.0.0.1:56840
Begin MonoManager ReloadAssembly
Registering precompiled unity dll's ...
Register platform support module: D:/gameObject/develop/Editor/6000.2.9f1/Editor/Data/PlaybackEngines/WindowsStandaloneSupport/UnityEditor.WindowsStandalone.Extensions.dll
Registered in 0.001384 seconds.
- Loaded All Assemblies, in  0.475 seconds
Native extension for WindowsStandalone target not found
Mono: successfully reloaded assembly
- Finished resetting the current domain, in  0.498 seconds
Domain Reload Profiling: 971ms
	BeginReloadAssembly (196ms)
		ExecutionOrderSort (0ms)
		DisableScriptedObjects (0ms)
		BackupInstance (0ms)
		ReleaseScriptingObjects (0ms)
		CreateAndSetChildDomain (1ms)
	RebuildCommonClasses (35ms)
	RebuildNativeTypeToScriptingClass (12ms)
	initialDomainReloadingComplete (50ms)
	LoadAllAssembliesAndSetupDomain (180ms)
		LoadAssemblies (193ms)
		RebuildTransferFunctionScriptingTraits (0ms)
		AnalyzeDomain (178ms)
			TypeCache.Refresh (175ms)
				TypeCache.ScanAssembly (159ms)
			BuildScriptInfoCaches (0ms)
			ResolveRequiredComponents (1ms)
	FinalizeReload (498ms)
		ReleaseScriptCaches (0ms)
		RebuildScriptCaches (0ms)
		SetupLoadedEditorAssemblies (415ms)
			LogAssemblyErrors (0ms)
			InitializePlatformSupportModulesInManaged (60ms)
			SetLoadedEditorAssemblies (6ms)
			BeforeProcessingInitializeOnLoad (111ms)
			ProcessInitializeOnLoadAttributes (167ms)
			ProcessInitializeOnLoadMethodAttributes (72ms)
			AfterProcessingInitializeOnLoad (0ms)
			EditorAssembliesLoaded (0ms)
		ExecutionOrderSort2 (0ms)
		AwakeInstancesAfterBackupRestoration (0ms)
========================================================================
Worker process is ready to serve import requests
Import Worker Mode flag is 0x00
Begin MonoManager ReloadAssembly
[Licensing::Client] Successfully resolved entitlement details
[Licensing::Module] License group:
  Id: F4-NMTP-SXWG-HN24-U9HH-XXXX
  Product: Unity Personal
  Type: ULF
  Expiration: 2025-12-08T06:53:50Z
[Licensing::Module] License group:
  Id: ewogICJzdWJzR3JvdXAiIDogInVuaXR5IGVkaXRvciIsCiAgIm5hbWVzcGFjZSIgOiAidW5pdHlfZWRpdG9yIiwKICAidHlwZSIgOiAiRURJVE9SIiwKICAidGFnIiA6ICJVbml0eVBlcnNvbmFsXXXX
  Product: Unity Personal Version
  Type: Assigned
  Expiration: Unlimited
- Loaded All Assemblies, in  0.934 seconds
Refreshing native plugins compatible for Editor in 1.85 ms, found 4 plugins.
Native extension for WindowsStandalone target not found
Package Manager log level set to [2]
[Package Manager] Failed to launch server process. Reason: Unity was launched with the -noUpm command-line argument
[Package Manager] Unable to send message (not connected to server process).
[Package Manager] Cannot connect to Unity Package Manager local server
Mono: successfully reloaded assembly
- Finished resetting the current domain, in  0.983 seconds
Domain Reload Profiling: 1911ms
	BeginReloadAssembly (176ms)
		ExecutionOrderSort (0ms)
		DisableScriptedObjects (7ms)
		BackupInstance (0ms)
		ReleaseScriptingObjects (0ms)
		CreateAndSetChildDomain (35ms)
	RebuildCommonClasses (29ms)
	RebuildNativeTypeToScriptingClass (10ms)
	initialDomainReloadingComplete (33ms)
	LoadAllAssembliesAndSetupDomain (680ms)
		LoadAssemblies (481ms)
		RebuildTransferFunctionScriptingTraits (0ms)
		AnalyzeDomain (287ms)
			TypeCache.Refresh (201ms)
				TypeCache.ScanAssembly (186ms)
			BuildScriptInfoCaches (68ms)
			ResolveRequiredComponents (14ms)
	FinalizeReload (984ms)
		ReleaseScriptCaches (0ms)
		RebuildScriptCaches (0ms)
		SetupLoadedEditorAssemblies (813ms)
			LogAssemblyErrors (0ms)
			InitializePlatformSupportModulesInManaged (2ms)
			SetLoadedEditorAssemblies (6ms)
			BeforeProcessingInitializeOnLoad (201ms)
			ProcessInitializeOnLoadAttributes (467ms)
			ProcessInitializeOnLoadMethodAttributes (134ms)
			AfterProcessingInitializeOnLoad (3ms)
			EditorAssembliesLoaded (0ms)
		ExecutionOrderSort2 (0ms)
		AwakeInstancesAfterBackupRestoration (6ms)
Launched and connected shader compiler UnityShaderCompiler.exe after 0.02 seconds
Refreshing native plugins compatible for Editor in 2.19 ms, found 4 plugins.
Preloading 0 native plugins for Editor in 0.00 ms.
Unloading 36 Unused Serialized files (Serialized files now loaded: 0)
Unloading 7541 unused Assets / (8.1 MB). Loaded Objects now: 8217.
Memory consumption went from 158.4 MB to 150.2 MB.
Total: 13.079500 ms (FindLiveObjects: 1.755600 ms CreateObjectMapping: 1.488000 ms MarkObjects: 5.644700 ms  DeleteObjects: 4.189800 ms)

========================================================================
Received Prepare
Begin MonoManager ReloadAssembly
[Licensing::Client] Successfully resolved entitlement details
[Licensing::Module] License group:
  Id: F4-NMTP-SXWG-HN24-U9HH-XXXX
  Product: Unity Personal
  Type: ULF
  Expiration: 2025-12-08T06:53:50Z
[Licensing::Module] License group:
  Id: ewogICJzdWJzR3JvdXAiIDogInVuaXR5IGVkaXRvciIsCiAgIm5hbWVzcGFjZSIgOiAidW5pdHlfZWRpdG9yIiwKICAidHlwZSIgOiAiRURJVE9SIiwKICAidGFnIiA6ICJVbml0eVBlcnNvbmFsXXXX
  Product: Unity Personal Version
  Type: Assigned
  Expiration: Unlimited
- Loaded All Assemblies, in  1.292 seconds
Refreshing native plugins compatible for Editor in 1.48 ms, found 4 plugins.
Native extension for WindowsStandalone target not found
[Package Manager] Failed to launch server process. Reason: Unity was launched with the -noUpm command-line argument
[Package Manager] Unable to send message (not connected to server process).
[Package Manager] Cannot connect to Unity Package Manager local server
Mono: successfully reloaded assembly
- Finished resetting the current domain, in  0.932 seconds
Domain Reload Profiling: 2224ms
	BeginReloadAssembly (311ms)
		ExecutionOrderSort (0ms)
		DisableScriptedObjects (20ms)
		BackupInstance (0ms)
		ReleaseScriptingObjects (0ms)
		CreateAndSetChildDomain (88ms)
	RebuildCommonClasses (43ms)
	RebuildNativeTypeToScriptingClass (16ms)
	initialDomainReloadingComplete (69ms)
	LoadAllAssembliesAndSetupDomain (853ms)
		LoadAssemblies (659ms)
		RebuildTransferFunctionScriptingTraits (0ms)
		AnalyzeDomain (317ms)
			TypeCache.Refresh (17ms)
				TypeCache.ScanAssembly (0ms)
			BuildScriptInfoCaches (279ms)
			ResolveRequiredComponents (14ms)
	FinalizeReload (933ms)
		ReleaseScriptCaches (0ms)
		RebuildScriptCaches (0ms)
		SetupLoadedEditorAssemblies (752ms)
			LogAssemblyErrors (0ms)
			InitializePlatformSupportModulesInManaged (2ms)
			SetLoadedEditorAssemblies (7ms)
			BeforeProcessingInitializeOnLoad (231ms)
			ProcessInitializeOnLoadAttributes (434ms)
			ProcessInitializeOnLoadMethodAttributes (73ms)
			AfterProcessingInitializeOnLoad (5ms)
			EditorAssembliesLoaded (0ms)
		ExecutionOrderSort2 (0ms)
		AwakeInstancesAfterBackupRestoration (16ms)
Refreshing native plugins compatible for Editor in 2.08 ms, found 4 plugins.
Preloading 0 native plugins for Editor in 0.00 ms.
Unloading 35 Unused Serialized files (Serialized files now loaded: 0)
Unloading 7540 unused Assets / (12.4 MB). Loaded Objects now: 8225.
Memory consumption went from 158.9 MB to 146.5 MB.
Total: 39.778800 ms (FindLiveObjects: 1.496900 ms CreateObjectMapping: 1.566400 ms MarkObjects: 18.214900 ms  DeleteObjects: 18.498700 ms)

Prepare: number of updated asset objects reloaded= 0
========================================================================
Received Prepare
Begin MonoManager ReloadAssembly
[Licensing::Client] Successfully resolved entitlement details
[Licensing::Module] License group:
  Id: F4-NMTP-SXWG-HN24-U9HH-XXXX
  Product: Unity Personal
  Type: ULF
  Expiration: 2025-12-08T06:53:50Z
[Licensing::Module] License group:
  Id: ewogICJzdWJzR3JvdXAiIDogInVuaXR5IGVkaXRvciIsCiAgIm5hbWVzcGFjZSIgOiAidW5pdHlfZWRpdG9yIiwKICAidHlwZSIgOiAiRURJVE9SIiwKICAidGFnIiA6ICJVbml0eVBlcnNvbmFsXXXX
  Product: Unity Personal Version
  Type: Assigned
  Expiration: Unlimited
- Loaded All Assemblies, in  0.855 seconds
Refreshing native plugins compatible for Editor in 2.46 ms, found 4 plugins.
Native extension for WindowsStandalone target not found
[Package Manager] Failed to launch server process. Reason: Unity was launched with the -noUpm command-line argument
[Package Manager] Unable to send message (not connected to server process).
[Package Manager] Cannot connect to Unity Package Manager local server
Mono: successfully reloaded assembly
- Finished resetting the current domain, in  0.906 seconds
Domain Reload Profiling: 1761ms
	BeginReloadAssembly (231ms)
		ExecutionOrderSort (0ms)
		DisableScriptedObjects (15ms)
		BackupInstance (0ms)
		ReleaseScriptingObjects (0ms)
		CreateAndSetChildDomain (60ms)
	RebuildCommonClasses (40ms)
	RebuildNativeTypeToScriptingClass (15ms)
	initialDomainReloadingComplete (32ms)
	LoadAllAssembliesAndSetupDomain (536ms)
		LoadAssemblies (417ms)
		RebuildTransferFunctionScriptingTraits (0ms)
		AnalyzeDomain (222ms)
			TypeCache.Refresh (6ms)
				TypeCache.ScanAssembly (0ms)
			BuildScriptInfoCaches (202ms)
			ResolveRequiredComponents (9ms)
	FinalizeReload (907ms)
		ReleaseScriptCaches (0ms)
		RebuildScriptCaches (0ms)
		SetupLoadedEditorAssemblies (727ms)
			LogAssemblyErrors (0ms)
			InitializePlatformSupportModulesInManaged (2ms)
			SetLoadedEditorAssemblies (7ms)
			BeforeProcessingInitializeOnLoad (245ms)
			ProcessInitializeOnLoadAttributes (407ms)
			ProcessInitializeOnLoadMethodAttributes (62ms)
			AfterProcessingInitializeOnLoad (3ms)
			EditorAssembliesLoaded (0ms)
		ExecutionOrderSort2 (0ms)
		AwakeInstancesAfterBackupRestoration (14ms)
Refreshing native plugins compatible for Editor in 4.24 ms, found 4 plugins.
Preloading 0 native plugins for Editor in 0.00 ms.
Unloading 35 Unused Serialized files (Serialized files now loaded: 0)
Unloading 7540 unused Assets / (9.1 MB). Loaded Objects now: 8231.
Memory consumption went from 158.9 MB to 149.8 MB.
Total: 20.821500 ms (FindLiveObjects: 2.942600 ms CreateObjectMapping: 2.167400 ms MarkObjects: 9.325900 ms  DeleteObjects: 6.383800 ms)

Prepare: number of updated asset objects reloaded= 0
========================================================================
Received Prepare
Begin MonoManager ReloadAssembly
[Licensing::Client] Successfully resolved entitlement details
[Licensing::Module] License group:
  Id: F4-NMTP-SXWG-HN24-U9HH-XXXX
  Product: Unity Personal
  Type: ULF
  Expiration: 2025-12-08T06:53:50Z
[Licensing::Module] License group:
  Id: ewogICJzdWJzR3JvdXAiIDogInVuaXR5IGVkaXRvciIsCiAgIm5hbWVzcGFjZSIgOiAidW5pdHlfZWRpdG9yIiwKICAidHlwZSIgOiAiRURJVE9SIiwKICAidGFnIiA6ICJVbml0eVBlcnNvbmFsXXXX
  Product: Unity Personal Version
  Type: Assigned
  Expiration: Unlimited
- Loaded All Assemblies, in  0.861 seconds
Refreshing native plugins compatible for Editor in 1.24 ms, found 4 plugins.
Native extension for WindowsStandalone target not found
[Package Manager] Failed to launch server process. Reason: Unity was launched with the -noUpm command-line argument
[Package Manager] Unable to send message (not connected to server process).
[Package Manager] Cannot connect to Unity Package Manager local server
Mono: successfully reloaded assembly
- Finished resetting the current domain, in  0.872 seconds
Domain Reload Profiling: 1733ms
	BeginReloadAssembly (263ms)
		ExecutionOrderSort (0ms)
		DisableScriptedObjects (27ms)
		BackupInstance (0ms)
		ReleaseScriptingObjects (0ms)
		CreateAndSetChildDomain (81ms)
	RebuildCommonClasses (36ms)
	RebuildNativeTypeToScriptingClass (13ms)
	initialDomainReloadingComplete (28ms)
	LoadAllAssembliesAndSetupDomain (521ms)
		LoadAssemblies (413ms)
		RebuildTransferFunctionScriptingTraits (0ms)
		AnalyzeDomain (205ms)
			TypeCache.Refresh (6ms)
				TypeCache.ScanAssembly (0ms)
			BuildScriptInfoCaches (183ms)
			ResolveRequiredComponents (12ms)
	FinalizeReload (873ms)
		ReleaseScriptCaches (0ms)
		RebuildScriptCaches (0ms)
		SetupLoadedEditorAssemblies (705ms)
			LogAssemblyErrors (0ms)
			InitializePlatformSupportModulesInManaged (2ms)
			SetLoadedEditorAssemblies (6ms)
			BeforeProcessingInitializeOnLoad (197ms)
			ProcessInitializeOnLoadAttributes (416ms)
			ProcessInitializeOnLoadMethodAttributes (78ms)
			AfterProcessingInitializeOnLoad (5ms)
			EditorAssembliesLoaded (0ms)
		ExecutionOrderSort2 (0ms)
		AwakeInstancesAfterBackupRestoration (21ms)
Refreshing native plugins compatible for Editor in 4.30 ms, found 4 plugins.
Preloading 0 native plugins for Editor in 0.00 ms.
Unloading 35 Unused Serialized files (Serialized files now loaded: 0)
Unloading 7540 unused Assets / (8.2 MB). Loaded Objects now: 8237.
Memory consumption went from 159.0 MB to 150.8 MB.
Total: 21.319800 ms (FindLiveObjects: 2.647900 ms CreateObjectMapping: 1.894000 ms MarkObjects: 12.029600 ms  DeleteObjects: 4.746200 ms)

Prepare: number of updated asset objects reloaded= 0
========================================================================
Received Prepare
Begin MonoManager ReloadAssembly
[Licensing::Client] Successfully resolved entitlement details
[Licensing::Module] License group:
  Id: F4-NMTP-SXWG-HN24-U9HH-XXXX
  Product: Unity Personal
  Type: ULF
  Expiration: 2025-12-08T06:53:50Z
[Licensing::Module] License group:
  Id: ewogICJzdWJzR3JvdXAiIDogInVuaXR5IGVkaXRvciIsCiAgIm5hbWVzcGFjZSIgOiAidW5pdHlfZWRpdG9yIiwKICAidHlwZSIgOiAiRURJVE9SIiwKICAidGFnIiA6ICJVbml0eVBlcnNvbmFsXXXX
  Product: Unity Personal Version
  Type: Assigned
  Expiration: Unlimited
- Loaded All Assemblies, in  0.838 seconds
Refreshing native plugins compatible for Editor in 0.98 ms, found 4 plugins.
Native extension for WindowsStandalone target not found
[Package Manager] Failed to launch server process. Reason: Unity was launched with the -noUpm command-line argument
[Package Manager] Unable to send message (not connected to server process).
[Package Manager] Cannot connect to Unity Package Manager local server
Mono: successfully reloaded assembly
- Finished resetting the current domain, in  0.843 seconds
Domain Reload Profiling: 1680ms
	BeginReloadAssembly (245ms)
		ExecutionOrderSort (0ms)
		DisableScriptedObjects (15ms)
		BackupInstance (0ms)
		ReleaseScriptingObjects (0ms)
		CreateAndSetChildDomain (67ms)
	RebuildCommonClasses (28ms)
	RebuildNativeTypeToScriptingClass (11ms)
	initialDomainReloadingComplete (32ms)
	LoadAllAssembliesAndSetupDomain (520ms)
		LoadAssemblies (408ms)
		RebuildTransferFunctionScriptingTraits (0ms)
		AnalyzeDomain (205ms)
			TypeCache.Refresh (6ms)
				TypeCache.ScanAssembly (0ms)
			BuildScriptInfoCaches (184ms)
			ResolveRequiredComponents (10ms)
	FinalizeReload (843ms)
		ReleaseScriptCaches (0ms)
		RebuildScriptCaches (0ms)
		SetupLoadedEditorAssemblies (702ms)
			LogAssemblyErrors (0ms)
			InitializePlatformSupportModulesInManaged (2ms)
			SetLoadedEditorAssemblies (9ms)
			BeforeProcessingInitializeOnLoad (203ms)
			ProcessInitializeOnLoadAttributes (421ms)
			ProcessInitializeOnLoadMethodAttributes (63ms)
			AfterProcessingInitializeOnLoad (4ms)
			EditorAssembliesLoaded (0ms)
		ExecutionOrderSort2 (0ms)
		AwakeInstancesAfterBackupRestoration (14ms)
Refreshing native plugins compatible for Editor in 5.57 ms, found 4 plugins.
Preloading 0 native plugins for Editor in 0.00 ms.
Unloading 35 Unused Serialized files (Serialized files now loaded: 0)
Unloading 7540 unused Assets / (8.4 MB). Loaded Objects now: 8243.
Memory consumption went from 159.0 MB to 150.6 MB.
Total: 52.801900 ms (FindLiveObjects: 3.564100 ms CreateObjectMapping: 2.644000 ms MarkObjects: 37.640400 ms  DeleteObjects: 8.950600 ms)

Prepare: number of updated asset objects reloaded= 0
========================================================================
Received Import Request.
  Time since last request: 28533.231474 seconds.
  path: Assets/Art/equip/EquipmentData 1.asset
  artifactKey: Guid(e5c1a3599aa2a4046a2c2f34e322ceda) Importer(2089858483,192608db42251d675da83286b1cce702)
Start importing Assets/Art/equip/EquipmentData 1.asset using Guid(e5c1a3599aa2a4046a2c2f34e322ceda) Importer(2089858483,192608db42251d675da83286b1cce702) (ScriptedImporter) -> (artifact id: 'c7edffb9ddd7aea20ffcfcfd53a9daee') in 0.68654 seconds
Number of updated asset objects reloaded before import = 0Number of asset objects unloaded after import = 2

========================================================================
Received Prepare
Begin MonoManager ReloadAssembly
[Licensing::Client] Successfully resolved entitlement details
[Licensing::Module] License group:
  Id: F4-NMTP-SXWG-HN24-U9HH-XXXX
  Product: Unity Personal
  Type: ULF
  Expiration: 2025-12-08T06:53:50Z
[Licensing::Module] License group:
  Id: ewogICJzdWJzR3JvdXAiIDogInVuaXR5IGVkaXRvciIsCiAgIm5hbWVzcGFjZSIgOiAidW5pdHlfZWRpdG9yIiwKICAidHlwZSIgOiAiRURJVE9SIiwKICAidGFnIiA6ICJVbml0eVBlcnNvbmFsXXXX
  Product: Unity Personal Version
  Type: Assigned
  Expiration: Unlimited
- Loaded All Assemblies, in  1.545 seconds
Refreshing native plugins compatible for Editor in 1.70 ms, found 4 plugins.
Native extension for WindowsStandalone target not found
[Package Manager] Failed to launch server process. Reason: Unity was launched with the -noUpm command-line argument
[Package Manager] Unable to send message (not connected to server process).
[Package Manager] Cannot connect to Unity Package Manager local server
Mono: successfully reloaded assembly
- Finished resetting the current domain, in  0.942 seconds
Domain Reload Profiling: 2494ms
	BeginReloadAssembly (438ms)
		ExecutionOrderSort (0ms)
		DisableScriptedObjects (34ms)
		BackupInstance (0ms)
		ReleaseScriptingObjects (1ms)
		CreateAndSetChildDomain (173ms)
	RebuildCommonClasses (36ms)
	RebuildNativeTypeToScriptingClass (11ms)
	initialDomainReloadingComplete (35ms)
	LoadAllAssembliesAndSetupDomain (1032ms)
		LoadAssemblies (883ms)
		RebuildTransferFunctionScriptingTraits (0ms)
		AnalyzeDomain (296ms)
			TypeCache.Refresh (20ms)
				TypeCache.ScanAssembly (1ms)
			BuildScriptInfoCaches (251ms)
			ResolveRequiredComponents (16ms)
	FinalizeReload (943ms)
		ReleaseScriptCaches (0ms)
		RebuildScriptCaches (0ms)
		SetupLoadedEditorAssemblies (759ms)
			LogAssemblyErrors (0ms)
			InitializePlatformSupportModulesInManaged (2ms)
			SetLoadedEditorAssemblies (8ms)
			BeforeProcessingInitializeOnLoad (204ms)
			ProcessInitializeOnLoadAttributes (465ms)
			ProcessInitializeOnLoadMethodAttributes (76ms)
			AfterProcessingInitializeOnLoad (3ms)
			EditorAssembliesLoaded (1ms)
		ExecutionOrderSort2 (0ms)
		AwakeInstancesAfterBackupRestoration (15ms)
Refreshing native plugins compatible for Editor in 4.89 ms, found 4 plugins.
Preloading 0 native plugins for Editor in 0.00 ms.
Unloading 35 Unused Serialized files (Serialized files now loaded: 0)
Unloading 7540 unused Assets / (8.3 MB). Loaded Objects now: 8251.
Memory consumption went from 159.8 MB to 151.5 MB.
Total: 16.252300 ms (FindLiveObjects: 2.063600 ms CreateObjectMapping: 1.626900 ms MarkObjects: 6.136200 ms  DeleteObjects: 6.423100 ms)

Prepare: number of updated asset objects reloaded= 0
========================================================================
Received Prepare
Begin MonoManager ReloadAssembly
[Licensing::Client] Successfully resolved entitlement details
[Licensing::Module] License group:
  Id: F4-NMTP-SXWG-HN24-U9HH-XXXX
  Product: Unity Personal
  Type: ULF
  Expiration: 2025-12-08T06:53:50Z
[Licensing::Module] License group:
  Id: ewogICJzdWJzR3JvdXAiIDogInVuaXR5IGVkaXRvciIsCiAgIm5hbWVzcGFjZSIgOiAidW5pdHlfZWRpdG9yIiwKICAidHlwZSIgOiAiRURJVE9SIiwKICAidGFnIiA6ICJVbml0eVBlcnNvbmFsXXXX
  Product: Unity Personal Version
  Type: Assigned
  Expiration: Unlimited
- Loaded All Assemblies, in  1.061 seconds
Refreshing native plugins compatible for Editor in 1.36 ms, found 4 plugins.
Native extension for WindowsStandalone target not found
[Package Manager] Failed to launch server process. Reason: Unity was launched with the -noUpm command-line argument
[Package Manager] Unable to send message (not connected to server process).
[Package Manager] Cannot connect to Unity Package Manager local server
Mono: successfully reloaded assembly
- Finished resetting the current domain, in  0.857 seconds
Domain Reload Profiling: 1915ms
	BeginReloadAssembly (268ms)
		ExecutionOrderSort (0ms)
		DisableScriptedObjects (24ms)
		BackupInstance (0ms)
		ReleaseScriptingObjects (0ms)
		CreateAndSetChildDomain (68ms)
	RebuildCommonClasses (37ms)
	RebuildNativeTypeToScriptingClass (13ms)
	initialDomainReloadingComplete (43ms)
	LoadAllAssembliesAndSetupDomain (696ms)
		LoadAssemblies (525ms)
		RebuildTransferFunctionScriptingTraits (0ms)
		AnalyzeDomain (285ms)
			TypeCache.Refresh (10ms)
				TypeCache.ScanAssembly (0ms)
			BuildScriptInfoCaches (251ms)
			ResolveRequiredComponents (16ms)
	FinalizeReload (858ms)
		ReleaseScriptCaches (0ms)
		RebuildScriptCaches (0ms)
		SetupLoadedEditorAssemblies (687ms)
			LogAssemblyErrors (0ms)
			InitializePlatformSupportModulesInManaged (2ms)
			SetLoadedEditorAssemblies (6ms)
			BeforeProcessingInitializeOnLoad (213ms)
			ProcessInitializeOnLoadAttributes (396ms)
			ProcessInitializeOnLoadMethodAttributes (65ms)
			AfterProcessingInitializeOnLoad (5ms)
			EditorAssembliesLoaded (0ms)
		ExecutionOrderSort2 (0ms)
		AwakeInstancesAfterBackupRestoration (15ms)
Refreshing native plugins compatible for Editor in 2.34 ms, found 4 plugins.
Preloading 0 native plugins for Editor in 0.00 ms.
Unloading 35 Unused Serialized files (Serialized files now loaded: 0)
Unloading 7540 unused Assets / (8.8 MB). Loaded Objects now: 8257.
Memory consumption went from 159.9 MB to 151.1 MB.
Total: 26.233200 ms (FindLiveObjects: 2.585200 ms CreateObjectMapping: 1.647100 ms MarkObjects: 11.956600 ms  DeleteObjects: 10.042200 ms)

Prepare: number of updated asset objects reloaded= 0
========================================================================
Received Prepare
Begin MonoManager ReloadAssembly
[Licensing::Client] Successfully resolved entitlement details
[Licensing::Module] License group:
  Id: F4-NMTP-SXWG-HN24-U9HH-XXXX
  Product: Unity Personal
  Type: ULF
  Expiration: 2025-12-08T06:53:50Z
[Licensing::Module] License group:
  Id: ewogICJzdWJzR3JvdXAiIDogInVuaXR5IGVkaXRvciIsCiAgIm5hbWVzcGFjZSIgOiAidW5pdHlfZWRpdG9yIiwKICAidHlwZSIgOiAiRURJVE9SIiwKICAidGFnIiA6ICJVbml0eVBlcnNvbmFsXXXX
  Product: Unity Personal Version
  Type: Assigned
  Expiration: Unlimited
- Loaded All Assemblies, in  1.142 seconds
Refreshing native plugins compatible for Editor in 1.59 ms, found 4 plugins.
Native extension for WindowsStandalone target not found
[Package Manager] Failed to launch server process. Reason: Unity was launched with the -noUpm command-line argument
[Package Manager] Unable to send message (not connected to server process).
[Package Manager] Cannot connect to Unity Package Manager local server
Mono: successfully reloaded assembly
- Finished resetting the current domain, in  0.937 seconds
Domain Reload Profiling: 2080ms
	BeginReloadAssembly (320ms)
		ExecutionOrderSort (0ms)
		DisableScriptedObjects (17ms)
		BackupInstance (0ms)
		ReleaseScriptingObjects (0ms)
		CreateAndSetChildDomain (74ms)
	RebuildCommonClasses (60ms)
	RebuildNativeTypeToScriptingClass (18ms)
	initialDomainReloadingComplete (43ms)
	LoadAllAssembliesAndSetupDomain (701ms)
		LoadAssemblies (619ms)
		RebuildTransferFunctionScriptingTraits (0ms)
		AnalyzeDomain (236ms)
			TypeCache.Refresh (11ms)
				TypeCache.ScanAssembly (0ms)
			BuildScriptInfoCaches (204ms)
			ResolveRequiredComponents (15ms)
	FinalizeReload (938ms)
		ReleaseScriptCaches (0ms)
		RebuildScriptCaches (0ms)
		SetupLoadedEditorAssemblies (768ms)
			LogAssemblyErrors (0ms)
			InitializePlatformSupportModulesInManaged (2ms)
			SetLoadedEditorAssemblies (8ms)
			BeforeProcessingInitializeOnLoad (209ms)
			ProcessInitializeOnLoadAttributes (452ms)
			ProcessInitializeOnLoadMethodAttributes (89ms)
			AfterProcessingInitializeOnLoad (6ms)
			EditorAssembliesLoaded (1ms)
		ExecutionOrderSort2 (0ms)
		AwakeInstancesAfterBackupRestoration (23ms)
Refreshing native plugins compatible for Editor in 2.57 ms, found 4 plugins.
Preloading 0 native plugins for Editor in 0.00 ms.
Unloading 35 Unused Serialized files (Serialized files now loaded: 0)
Unloading 7540 unused Assets / (9.6 MB). Loaded Objects now: 8263.
Memory consumption went from 159.9 MB to 150.3 MB.
Total: 13.487100 ms (FindLiveObjects: 1.245600 ms CreateObjectMapping: 0.936200 ms MarkObjects: 4.893900 ms  DeleteObjects: 6.409500 ms)

Prepare: number of updated asset objects reloaded= 0
========================================================================
Received Prepare
Begin MonoManager ReloadAssembly
[Licensing::Client] Successfully resolved entitlement details
[Licensing::Module] License group:
  Id: F4-NMTP-SXWG-HN24-U9HH-XXXX
  Product: Unity Personal
  Type: ULF
  Expiration: 2025-12-08T06:53:50Z
[Licensing::Module] License group:
  Id: ewogICJzdWJzR3JvdXAiIDogInVuaXR5IGVkaXRvciIsCiAgIm5hbWVzcGFjZSIgOiAidW5pdHlfZWRpdG9yIiwKICAidHlwZSIgOiAiRURJVE9SIiwKICAidGFnIiA6ICJVbml0eVBlcnNvbmFsXXXX
  Product: Unity Personal Version
  Type: Assigned
  Expiration: Unlimited
- Loaded All Assemblies, in  1.022 seconds
Refreshing native plugins compatible for Editor in 1.57 ms, found 4 plugins.
Native extension for WindowsStandalone target not found
[Package Manager] Failed to launch server process. Reason: Unity was launched with the -noUpm command-line argument
[Package Manager] Unable to send message (not connected to server process).
[Package Manager] Cannot connect to Unity Package Manager local server
Mono: successfully reloaded assembly
- Finished resetting the current domain, in  1.122 seconds
Domain Reload Profiling: 2144ms
	BeginReloadAssembly (288ms)
		ExecutionOrderSort (0ms)
		DisableScriptedObjects (19ms)
		BackupInstance (0ms)
		ReleaseScriptingObjects (0ms)
		CreateAndSetChildDomain (63ms)
	RebuildCommonClasses (45ms)
	RebuildNativeTypeToScriptingClass (15ms)
	initialDomainReloadingComplete (33ms)
	LoadAllAssembliesAndSetupDomain (640ms)
		LoadAssemblies (543ms)
		RebuildTransferFunctionScriptingTraits (0ms)
		AnalyzeDomain (242ms)
			TypeCache.Refresh (9ms)
				TypeCache.ScanAssembly (0ms)
			BuildScriptInfoCaches (216ms)
			ResolveRequiredComponents (13ms)
	FinalizeReload (1122ms)
		ReleaseScriptCaches (0ms)
		RebuildScriptCaches (0ms)
		SetupLoadedEditorAssemblies (939ms)
			LogAssemblyErrors (0ms)
			InitializePlatformSupportModulesInManaged (2ms)
			SetLoadedEditorAssemblies (11ms)
			BeforeProcessingInitializeOnLoad (282ms)
			ProcessInitializeOnLoadAttributes (559ms)
			ProcessInitializeOnLoadMethodAttributes (79ms)
			AfterProcessingInitializeOnLoad (4ms)
			EditorAssembliesLoaded (0ms)
		ExecutionOrderSort2 (0ms)
		AwakeInstancesAfterBackupRestoration (14ms)
Refreshing native plugins compatible for Editor in 2.45 ms, found 4 plugins.
Preloading 0 native plugins for Editor in 0.00 ms.
Unloading 35 Unused Serialized files (Serialized files now loaded: 0)
Unloading 7540 unused Assets / (10.3 MB). Loaded Objects now: 8269.
Memory consumption went from 160.0 MB to 149.7 MB.
Total: 73.596100 ms (FindLiveObjects: 5.482400 ms CreateObjectMapping: 27.026000 ms MarkObjects: 9.575600 ms  DeleteObjects: 31.509300 ms)

Prepare: number of updated asset objects reloaded= 0
========================================================================
Received Prepare
Begin MonoManager ReloadAssembly
[Licensing::Client] Successfully resolved entitlement details
[Licensing::Module] License group:
  Id: F4-NMTP-SXWG-HN24-U9HH-XXXX
  Product: Unity Personal
  Type: ULF
  Expiration: 2025-12-08T06:53:50Z
[Licensing::Module] License group:
  Id: ewogICJzdWJzR3JvdXAiIDogInVuaXR5IGVkaXRvciIsCiAgIm5hbWVzcGFjZSIgOiAidW5pdHlfZWRpdG9yIiwKICAidHlwZSIgOiAiRURJVE9SIiwKICAidGFnIiA6ICJVbml0eVBlcnNvbmFsXXXX
  Product: Unity Personal Version
  Type: Assigned
  Expiration: Unlimited
- Loaded All Assemblies, in  0.953 seconds
Refreshing native plugins compatible for Editor in 1.27 ms, found 4 plugins.
Native extension for WindowsStandalone target not found
[Package Manager] Failed to launch server process. Reason: Unity was launched with the -noUpm command-line argument
[Package Manager] Unable to send message (not connected to server process).
[Package Manager] Cannot connect to Unity Package Manager local server
Mono: successfully reloaded assembly
- Finished resetting the current domain, in  0.923 seconds
Domain Reload Profiling: 1875ms
	BeginReloadAssembly (232ms)
		ExecutionOrderSort (0ms)
		DisableScriptedObjects (16ms)
		BackupInstance (0ms)
		ReleaseScriptingObjects (0ms)
		CreateAndSetChildDomain (60ms)
	RebuildCommonClasses (43ms)
	RebuildNativeTypeToScriptingClass (19ms)
	initialDomainReloadingComplete (38ms)
	LoadAllAssembliesAndSetupDomain (620ms)
		LoadAssemblies (496ms)
		RebuildTransferFunctionScriptingTraits (0ms)
		AnalyzeDomain (226ms)
			TypeCache.Refresh (13ms)
				TypeCache.ScanAssembly (0ms)
			BuildScriptInfoCaches (198ms)
			ResolveRequiredComponents (11ms)
	FinalizeReload (924ms)
		ReleaseScriptCaches (0ms)
		RebuildScriptCaches (0ms)
		SetupLoadedEditorAssemblies (756ms)
			LogAssemblyErrors (0ms)
			InitializePlatformSupportModulesInManaged (2ms)
			SetLoadedEditorAssemblies (7ms)
			BeforeProcessingInitializeOnLoad (241ms)
			ProcessInitializeOnLoadAttributes (427ms)
			ProcessInitializeOnLoadMethodAttributes (74ms)
			AfterProcessingInitializeOnLoad (5ms)
			EditorAssembliesLoaded (0ms)
		ExecutionOrderSort2 (0ms)
		AwakeInstancesAfterBackupRestoration (17ms)
Refreshing native plugins compatible for Editor in 2.83 ms, found 4 plugins.
Preloading 0 native plugins for Editor in 0.00 ms.
Unloading 35 Unused Serialized files (Serialized files now loaded: 0)
Unloading 7540 unused Assets / (7.9 MB). Loaded Objects now: 8275.
Memory consumption went from 160.0 MB to 152.1 MB.
Total: 17.702400 ms (FindLiveObjects: 1.427800 ms CreateObjectMapping: 1.462400 ms MarkObjects: 7.931200 ms  DeleteObjects: 6.878900 ms)

Prepare: number of updated asset objects reloaded= 0
========================================================================
Received Prepare
Begin MonoManager ReloadAssembly
[Licensing::Client] Successfully resolved entitlement details
[Licensing::Module] License group:
  Id: F4-NMTP-SXWG-HN24-U9HH-XXXX
  Product: Unity Personal
  Type: ULF
  Expiration: 2025-12-08T06:53:50Z
[Licensing::Module] License group:
  Id: ewogICJzdWJzR3JvdXAiIDogInVuaXR5IGVkaXRvciIsCiAgIm5hbWVzcGFjZSIgOiAidW5pdHlfZWRpdG9yIiwKICAidHlwZSIgOiAiRURJVE9SIiwKICAidGFnIiA6ICJVbml0eVBlcnNvbmFsXXXX
  Product: Unity Personal Version
  Type: Assigned
  Expiration: Unlimited
- Loaded All Assemblies, in  4.742 seconds
Refreshing native plugins compatible for Editor in 2.79 ms, found 4 plugins.
Native extension for WindowsStandalone target not found
[Package Manager] Failed to launch server process. Reason: Unity was launched with the -noUpm command-line argument
[Package Manager] Unable to send message (not connected to server process).
[Package Manager] Cannot connect to Unity Package Manager local server
Mono: successfully reloaded assembly
- Finished resetting the current domain, in  0.989 seconds
Domain Reload Profiling: 5746ms
	BeginReloadAssembly (2803ms)
		ExecutionOrderSort (3ms)
		DisableScriptedObjects (581ms)
		BackupInstance (0ms)
		ReleaseScriptingObjects (2ms)
		CreateAndSetChildDomain (1452ms)
	RebuildCommonClasses (51ms)
	RebuildNativeTypeToScriptingClass (12ms)
	initialDomainReloadingComplete (42ms)
	LoadAllAssembliesAndSetupDomain (1848ms)
		LoadAssemblies (1298ms)
		RebuildTransferFunctionScriptingTraits (0ms)
		AnalyzeDomain (757ms)
			TypeCache.Refresh (128ms)
				TypeCache.ScanAssembly (3ms)
			BuildScriptInfoCaches (585ms)
			ResolveRequiredComponents (24ms)
	FinalizeReload (990ms)
		ReleaseScriptCaches (0ms)
		RebuildScriptCaches (0ms)
		SetupLoadedEditorAssemblies (733ms)
			LogAssemblyErrors (0ms)
			InitializePlatformSupportModulesInManaged (3ms)
			SetLoadedEditorAssemblies (8ms)
			BeforeProcessingInitializeOnLoad (202ms)
			ProcessInitializeOnLoadAttributes (450ms)
			ProcessInitializeOnLoadMethodAttributes (66ms)
			AfterProcessingInitializeOnLoad (3ms)
			EditorAssembliesLoaded (0ms)
		ExecutionOrderSort2 (0ms)
		AwakeInstancesAfterBackupRestoration (18ms)
Refreshing native plugins compatible for Editor in 1.86 ms, found 4 plugins.
Preloading 0 native plugins for Editor in 0.00 ms.
Unloading 35 Unused Serialized files (Serialized files now loaded: 0)
Unloading 7540 unused Assets / (7.4 MB). Loaded Objects now: 8281.
Memory consumption went from 162.0 MB to 154.6 MB.
Total: 24.780000 ms (FindLiveObjects: 2.203700 ms CreateObjectMapping: 1.550900 ms MarkObjects: 13.345900 ms  DeleteObjects: 7.675900 ms)

Prepare: number of updated asset objects reloaded= 0
========================================================================
Received Prepare
Begin MonoManager ReloadAssembly
[Licensing::Client] Successfully resolved entitlement details
[Licensing::Module] License group:
  Id: F4-NMTP-SXWG-HN24-U9HH-XXXX
  Product: Unity Personal
  Type: ULF
  Expiration: 2025-12-08T06:53:50Z
[Licensing::Module] License group:
  Id: ewogICJzdWJzR3JvdXAiIDogInVuaXR5IGVkaXRvciIsCiAgIm5hbWVzcGFjZSIgOiAidW5pdHlfZWRpdG9yIiwKICAidHlwZSIgOiAiRURJVE9SIiwKICAidGFnIiA6ICJVbml0eVBlcnNvbmFsXXXX
  Product: Unity Personal Version
  Type: Assigned
  Expiration: Unlimited
- Loaded All Assemblies, in  1.335 seconds
Refreshing native plugins compatible for Editor in 2.27 ms, found 4 plugins.
Native extension for WindowsStandalone target not found
[Package Manager] Failed to launch server process. Reason: Unity was launched with the -noUpm command-line argument
[Package Manager] Unable to send message (not connected to server process).
[Package Manager] Cannot connect to Unity Package Manager local server
Mono: successfully reloaded assembly
- Finished resetting the current domain, in  1.130 seconds
Domain Reload Profiling: 2467ms
	BeginReloadAssembly (497ms)
		ExecutionOrderSort (0ms)
		DisableScriptedObjects (31ms)
		BackupInstance (0ms)
		ReleaseScriptingObjects (0ms)
		CreateAndSetChildDomain (209ms)
	RebuildCommonClasses (44ms)
	RebuildNativeTypeToScriptingClass (13ms)
	initialDomainReloadingComplete (40ms)
	LoadAllAssembliesAndSetupDomain (741ms)
		LoadAssemblies (625ms)
		RebuildTransferFunctionScriptingTraits (0ms)
		AnalyzeDomain (280ms)
			TypeCache.Refresh (15ms)
				TypeCache.ScanAssembly (1ms)
			BuildScriptInfoCaches (237ms)
			ResolveRequiredComponents (21ms)
	FinalizeReload (1131ms)
		ReleaseScriptCaches (0ms)
		RebuildScriptCaches (0ms)
		SetupLoadedEditorAssemblies (907ms)
			LogAssemblyErrors (0ms)
			InitializePlatformSupportModulesInManaged (2ms)
			SetLoadedEditorAssemblies (10ms)
			BeforeProcessingInitializeOnLoad (307ms)
			ProcessInitializeOnLoadAttributes (494ms)
			ProcessInitializeOnLoadMethodAttributes (90ms)
			AfterProcessingInitializeOnLoad (4ms)
			EditorAssembliesLoaded (0ms)
		ExecutionOrderSort2 (0ms)
		AwakeInstancesAfterBackupRestoration (16ms)
Refreshing native plugins compatible for Editor in 3.72 ms, found 4 plugins.
Preloading 0 native plugins for Editor in 0.00 ms.
Unloading 35 Unused Serialized files (Serialized files now loaded: 0)
Unloading 7540 unused Assets / (8.7 MB). Loaded Objects now: 8287.
Memory consumption went from 162.0 MB to 153.3 MB.
Total: 28.012800 ms (FindLiveObjects: 2.552000 ms CreateObjectMapping: 1.888700 ms MarkObjects: 13.957900 ms  DeleteObjects: 9.611800 ms)

Prepare: number of updated asset objects reloaded= 0
========================================================================
Received Prepare
Refreshing native plugins compatible for Editor in 3.01 ms, found 4 plugins.
Preloading 0 native plugins for Editor in 0.00 ms.
Unloading 35 Unused Serialized files (Serialized files now loaded: 0)
Unloading 7530 unused Assets / (8.3 MB). Loaded Objects now: 8287.
Memory consumption went from 162.2 MB to 153.9 MB.
Total: 115.498500 ms (FindLiveObjects: 3.950400 ms CreateObjectMapping: 6.768700 ms MarkObjects: 81.233600 ms  DeleteObjects: 23.542100 ms)

Prepare: number of updated asset objects reloaded= 0
========================================================================
Received Prepare
Begin MonoManager ReloadAssembly
[Licensing::Client] Successfully resolved entitlement details
[Licensing::Module] License group:
  Id: F4-NMTP-SXWG-HN24-U9HH-XXXX
  Product: Unity Personal
  Type: ULF
  Expiration: 2025-12-08T06:53:50Z
[Licensing::Module] License group:
  Id: ewogICJzdWJzR3JvdXAiIDogInVuaXR5IGVkaXRvciIsCiAgIm5hbWVzcGFjZSIgOiAidW5pdHlfZWRpdG9yIiwKICAidHlwZSIgOiAiRURJVE9SIiwKICAidGFnIiA6ICJVbml0eVBlcnNvbmFsXXXX
  Product: Unity Personal Version
  Type: Assigned
  Expiration: Unlimited
- Loaded All Assemblies, in  1.470 seconds
Refreshing native plugins compatible for Editor in 1.27 ms, found 4 plugins.
Native extension for WindowsStandalone target not found
[Package Manager] Failed to launch server process. Reason: Unity was launched with the -noUpm command-line argument
[Package Manager] Unable to send message (not connected to server process).
[Package Manager] Cannot connect to Unity Package Manager local server
Mono: successfully reloaded assembly
- Finished resetting the current domain, in  1.105 seconds
Domain Reload Profiling: 2575ms
	BeginReloadAssembly (625ms)
		ExecutionOrderSort (0ms)
		DisableScriptedObjects (31ms)
		BackupInstance (0ms)
		ReleaseScriptingObjects (0ms)
		CreateAndSetChildDomain (176ms)
	RebuildCommonClasses (50ms)
	RebuildNativeTypeToScriptingClass (15ms)
	initialDomainReloadingComplete (40ms)
	LoadAllAssembliesAndSetupDomain (739ms)
		LoadAssemblies (580ms)
		RebuildTransferFunctionScriptingTraits (0ms)
		AnalyzeDomain (294ms)
			TypeCache.Refresh (12ms)
				TypeCache.ScanAssembly (0ms)
			BuildScriptInfoCaches (262ms)
			ResolveRequiredComponents (14ms)
	FinalizeReload (1106ms)
		ReleaseScriptCaches (0ms)
		RebuildScriptCaches (0ms)
		SetupLoadedEditorAssemblies (915ms)
			LogAssemblyErrors (0ms)
			InitializePlatformSupportModulesInManaged (3ms)
			SetLoadedEditorAssemblies (9ms)
			BeforeProcessingInitializeOnLoad (262ms)
			ProcessInitializeOnLoadAttributes (554ms)
			ProcessInitializeOnLoadMethodAttributes (83ms)
			AfterProcessingInitializeOnLoad (5ms)
			EditorAssembliesLoaded (0ms)
		ExecutionOrderSort2 (0ms)
		AwakeInstancesAfterBackupRestoration (19ms)
Refreshing native plugins compatible for Editor in 5.16 ms, found 4 plugins.
Preloading 0 native plugins for Editor in 0.00 ms.
Unloading 35 Unused Serialized files (Serialized files now loaded: 0)
Unloading 7540 unused Assets / (12.0 MB). Loaded Objects now: 8293.
Memory consumption went from 162.0 MB to 150.1 MB.
Total: 41.156300 ms (FindLiveObjects: 1.418800 ms CreateObjectMapping: 1.248200 ms MarkObjects: 11.479700 ms  DeleteObjects: 27.007100 ms)

Prepare: number of updated asset objects reloaded= 0
========================================================================
Received Prepare
Begin MonoManager ReloadAssembly
[Licensing::Client] Successfully resolved entitlement details
[Licensing::Module] License group:
  Id: F4-NMTP-SXWG-HN24-U9HH-XXXX
  Product: Unity Personal
  Type: ULF
  Expiration: 2025-12-08T06:53:50Z
[Licensing::Module] License group:
  Id: ewogICJzdWJzR3JvdXAiIDogInVuaXR5IGVkaXRvciIsCiAgIm5hbWVzcGFjZSIgOiAidW5pdHlfZWRpdG9yIiwKICAidHlwZSIgOiAiRURJVE9SIiwKICAidGFnIiA6ICJVbml0eVBlcnNvbmFsXXXX
  Product: Unity Personal Version
  Type: Assigned
  Expiration: Unlimited
- Loaded All Assemblies, in  0.909 seconds
Refreshing native plugins compatible for Editor in 1.58 ms, found 4 plugins.
Native extension for WindowsStandalone target not found
[Package Manager] Failed to launch server process. Reason: Unity was launched with the -noUpm command-line argument
[Package Manager] Unable to send message (not connected to server process).
[Package Manager] Cannot connect to Unity Package Manager local server
Mono: successfully reloaded assembly
- Finished resetting the current domain, in  1.015 seconds
Domain Reload Profiling: 1927ms
	BeginReloadAssembly (213ms)
		ExecutionOrderSort (0ms)
		DisableScriptedObjects (15ms)
		BackupInstance (0ms)
		ReleaseScriptingObjects (0ms)
		CreateAndSetChildDomain (60ms)
	RebuildCommonClasses (34ms)
	RebuildNativeTypeToScriptingClass (11ms)
	initialDomainReloadingComplete (26ms)
	LoadAllAssembliesAndSetupDomain (627ms)
		LoadAssemblies (402ms)
		RebuildTransferFunctionScriptingTraits (0ms)
		AnalyzeDomain (302ms)
			TypeCache.Refresh (11ms)
				TypeCache.ScanAssembly (0ms)
			BuildScriptInfoCaches (262ms)
			ResolveRequiredComponents (21ms)
	FinalizeReload (1016ms)
		ReleaseScriptCaches (0ms)
		RebuildScriptCaches (0ms)
		SetupLoadedEditorAssemblies (821ms)
			LogAssemblyErrors (0ms)
			InitializePlatformSupportModulesInManaged (2ms)
			SetLoadedEditorAssemblies (9ms)
			BeforeProcessingInitializeOnLoad (256ms)
			ProcessInitializeOnLoadAttributes (478ms)
			ProcessInitializeOnLoadMethodAttributes (68ms)
			AfterProcessingInitializeOnLoad (8ms)
			EditorAssembliesLoaded (1ms)
		ExecutionOrderSort2 (0ms)
		AwakeInstancesAfterBackupRestoration (24ms)
Refreshing native plugins compatible for Editor in 2.61 ms, found 4 plugins.
Preloading 0 native plugins for Editor in 0.00 ms.
Unloading 35 Unused Serialized files (Serialized files now loaded: 0)
Unloading 7540 unused Assets / (8.1 MB). Loaded Objects now: 8299.
Memory consumption went from 162.1 MB to 153.9 MB.
Total: 13.525700 ms (FindLiveObjects: 0.913500 ms CreateObjectMapping: 0.893900 ms MarkObjects: 6.079200 ms  DeleteObjects: 5.637700 ms)

Prepare: number of updated asset objects reloaded= 0
========================================================================
Received Prepare
Begin MonoManager ReloadAssembly
[Licensing::Client] Successfully resolved entitlement details
[Licensing::Module] License group:
  Id: F4-NMTP-SXWG-HN24-U9HH-XXXX
  Product: Unity Personal
  Type: ULF
  Expiration: 2025-12-08T06:53:50Z
[Licensing::Module] License group:
  Id: ewogICJzdWJzR3JvdXAiIDogInVuaXR5IGVkaXRvciIsCiAgIm5hbWVzcGFjZSIgOiAidW5pdHlfZWRpdG9yIiwKICAidHlwZSIgOiAiRURJVE9SIiwKICAidGFnIiA6ICJVbml0eVBlcnNvbmFsXXXX
  Product: Unity Personal Version
  Type: Assigned
  Expiration: Unlimited
- Loaded All Assemblies, in  1.084 seconds
Refreshing native plugins compatible for Editor in 1.27 ms, found 4 plugins.
Native extension for WindowsStandalone target not found
[Package Manager] Failed to launch server process. Reason: Unity was launched with the -noUpm command-line argument
[Package Manager] Unable to send message (not connected to server process).
[Package Manager] Cannot connect to Unity Package Manager local server
Mono: successfully reloaded assembly
- Finished resetting the current domain, in  0.965 seconds
Domain Reload Profiling: 2048ms
	BeginReloadAssembly (291ms)
		ExecutionOrderSort (0ms)
		DisableScriptedObjects (18ms)
		BackupInstance (0ms)
		ReleaseScriptingObjects (0ms)
		CreateAndSetChildDomain (67ms)
	RebuildCommonClasses (47ms)
	RebuildNativeTypeToScriptingClass (15ms)
	initialDomainReloadingComplete (34ms)
	LoadAllAssembliesAndSetupDomain (695ms)
		LoadAssemblies (566ms)
		RebuildTransferFunctionScriptingTraits (0ms)
		AnalyzeDomain (272ms)
			TypeCache.Refresh (10ms)
				TypeCache.ScanAssembly (0ms)
			BuildScriptInfoCaches (241ms)
			ResolveRequiredComponents (15ms)
	FinalizeReload (966ms)
		ReleaseScriptCaches (0ms)
		RebuildScriptCaches (0ms)
		SetupLoadedEditorAssemblies (785ms)
			LogAssemblyErrors (0ms)
			InitializePlatformSupportModulesInManaged (2ms)
			SetLoadedEditorAssemblies (6ms)
			BeforeProcessingInitializeOnLoad (245ms)
			ProcessInitializeOnLoadAttributes (447ms)
			ProcessInitializeOnLoadMethodAttributes (79ms)
			AfterProcessingInitializeOnLoad (5ms)
			EditorAssembliesLoaded (0ms)
		ExecutionOrderSort2 (0ms)
		AwakeInstancesAfterBackupRestoration (17ms)
Refreshing native plugins compatible for Editor in 4.17 ms, found 4 plugins.
Preloading 0 native plugins for Editor in 0.00 ms.
Unloading 35 Unused Serialized files (Serialized files now loaded: 0)
Unloading 7540 unused Assets / (7.7 MB). Loaded Objects now: 8305.
Memory consumption went from 162.1 MB to 154.5 MB.
Total: 24.733100 ms (FindLiveObjects: 3.925800 ms CreateObjectMapping: 1.835900 ms MarkObjects: 9.853000 ms  DeleteObjects: 9.115800 ms)

Prepare: number of updated asset objects reloaded= 0
========================================================================
Received Prepare
Begin MonoManager ReloadAssembly
[Licensing::Client] Successfully resolved entitlement details
[Licensing::Module] License group:
  Id: F4-NMTP-SXWG-HN24-U9HH-XXXX
  Product: Unity Personal
  Type: ULF
  Expiration: 2025-12-08T06:53:50Z
[Licensing::Module] License group:
  Id: ewogICJzdWJzR3JvdXAiIDogInVuaXR5IGVkaXRvciIsCiAgIm5hbWVzcGFjZSIgOiAidW5pdHlfZWRpdG9yIiwKICAidHlwZSIgOiAiRURJVE9SIiwKICAidGFnIiA6ICJVbml0eVBlcnNvbmFsXXXX
  Product: Unity Personal Version
  Type: Assigned
  Expiration: Unlimited
- Loaded All Assemblies, in  0.863 seconds
Refreshing native plugins compatible for Editor in 1.57 ms, found 4 plugins.
Native extension for WindowsStandalone target not found
[Package Manager] Failed to launch server process. Reason: Unity was launched with the -noUpm command-line argument
[Package Manager] Unable to send message (not connected to server process).
[Package Manager] Cannot connect to Unity Package Manager local server
Mono: successfully reloaded assembly
- Finished resetting the current domain, in  0.986 seconds
Domain Reload Profiling: 1849ms
	BeginReloadAssembly (245ms)
		ExecutionOrderSort (0ms)
		DisableScriptedObjects (19ms)
		BackupInstance (0ms)
		ReleaseScriptingObjects (0ms)
		CreateAndSetChildDomain (62ms)
	RebuildCommonClasses (37ms)
	RebuildNativeTypeToScriptingClass (11ms)
	initialDomainReloadingComplete (29ms)
	LoadAllAssembliesAndSetupDomain (541ms)
		LoadAssemblies (399ms)
		RebuildTransferFunctionScriptingTraits (0ms)
		AnalyzeDomain (243ms)
			TypeCache.Refresh (11ms)
				TypeCache.ScanAssembly (0ms)
			BuildScriptInfoCaches (215ms)
			ResolveRequiredComponents (13ms)
	FinalizeReload (987ms)
		ReleaseScriptCaches (0ms)
		RebuildScriptCaches (0ms)
		SetupLoadedEditorAssemblies (804ms)
			LogAssemblyErrors (0ms)
			InitializePlatformSupportModulesInManaged (2ms)
			SetLoadedEditorAssemblies (7ms)
			BeforeProcessingInitializeOnLoad (273ms)
			ProcessInitializeOnLoadAttributes (452ms)
			ProcessInitializeOnLoadMethodAttributes (66ms)
			AfterProcessingInitializeOnLoad (4ms)
			EditorAssembliesLoaded (0ms)
		ExecutionOrderSort2 (0ms)
		AwakeInstancesAfterBackupRestoration (16ms)
Refreshing native plugins compatible for Editor in 2.01 ms, found 4 plugins.
Preloading 0 native plugins for Editor in 0.00 ms.
Unloading 35 Unused Serialized files (Serialized files now loaded: 0)
Unloading 7540 unused Assets / (12.4 MB). Loaded Objects now: 8311.
Memory consumption went from 162.2 MB to 149.8 MB.
Total: 80.632200 ms (FindLiveObjects: 16.956000 ms CreateObjectMapping: 3.903100 ms MarkObjects: 36.176000 ms  DeleteObjects: 23.284000 ms)

Prepare: number of updated asset objects reloaded= 0
========================================================================
Received Prepare
Begin MonoManager ReloadAssembly
[Licensing::Client] Successfully resolved entitlement details
[Licensing::Module] License group:
  Id: F4-NMTP-SXWG-HN24-U9HH-XXXX
  Product: Unity Personal
  Type: ULF
  Expiration: 2025-12-08T06:53:50Z
[Licensing::Module] License group:
  Id: ewogICJzdWJzR3JvdXAiIDogInVuaXR5IGVkaXRvciIsCiAgIm5hbWVzcGFjZSIgOiAidW5pdHlfZWRpdG9yIiwKICAidHlwZSIgOiAiRURJVE9SIiwKICAidGFnIiA6ICJVbml0eVBlcnNvbmFsXXXX
  Product: Unity Personal Version
  Type: Assigned
  Expiration: Unlimited
- Loaded All Assemblies, in  1.024 seconds
Refreshing native plugins compatible for Editor in 1.45 ms, found 4 plugins.
Native extension for WindowsStandalone target not found
[Package Manager] Failed to launch server process. Reason: Unity was launched with the -noUpm command-line argument
[Package Manager] Unable to send message (not connected to server process).
[Package Manager] Cannot connect to Unity Package Manager local server
Mono: successfully reloaded assembly
- Finished resetting the current domain, in  0.859 seconds
Domain Reload Profiling: 1883ms
	BeginReloadAssembly (288ms)
		ExecutionOrderSort (0ms)
		DisableScriptedObjects (19ms)
		BackupInstance (0ms)
		ReleaseScriptingObjects (0ms)
		CreateAndSetChildDomain (67ms)
	RebuildCommonClasses (47ms)
	RebuildNativeTypeToScriptingClass (16ms)
	initialDomainReloadingComplete (33ms)
	LoadAllAssembliesAndSetupDomain (640ms)
		LoadAssemblies (543ms)
		RebuildTransferFunctionScriptingTraits (0ms)
		AnalyzeDomain (243ms)
			TypeCache.Refresh (11ms)
				TypeCache.ScanAssembly (0ms)
			BuildScriptInfoCaches (217ms)
			ResolveRequiredComponents (11ms)
	FinalizeReload (859ms)
		ReleaseScriptCaches (0ms)
		RebuildScriptCaches (0ms)
		SetupLoadedEditorAssemblies (710ms)
			LogAssemblyErrors (0ms)
			InitializePlatformSupportModulesInManaged (1ms)
			SetLoadedEditorAssemblies (6ms)
			BeforeProcessingInitializeOnLoad (225ms)
			ProcessInitializeOnLoadAttributes (390ms)
			ProcessInitializeOnLoadMethodAttributes (82ms)
			AfterProcessingInitializeOnLoad (6ms)
			EditorAssembliesLoaded (0ms)
		ExecutionOrderSort2 (0ms)
		AwakeInstancesAfterBackupRestoration (21ms)
Refreshing native plugins compatible for Editor in 2.54 ms, found 4 plugins.
Preloading 0 native plugins for Editor in 0.00 ms.
Unloading 35 Unused Serialized files (Serialized files now loaded: 0)
Unloading 7540 unused Assets / (9.4 MB). Loaded Objects now: 8317.
Memory consumption went from 162.2 MB to 152.8 MB.
Total: 26.266400 ms (FindLiveObjects: 1.398600 ms CreateObjectMapping: 1.483900 ms MarkObjects: 10.438000 ms  DeleteObjects: 12.944200 ms)

Prepare: number of updated asset objects reloaded= 0
========================================================================
Received Prepare
Begin MonoManager ReloadAssembly
- Loaded All Assemblies, in  1.080 seconds
Refreshing native plugins compatible for Editor in 3.39 ms, found 4 plugins.
Native extension for WindowsStandalone target not found
[Package Manager] Failed to launch server process. Reason: Unity was launched with the -noUpm command-line argument
[Package Manager] Unable to send message (not connected to server process).
[Package Manager] Cannot connect to Unity Package Manager local server
Mono: successfully reloaded assembly
- Finished resetting the current domain, in  1.259 seconds
Domain Reload Profiling: 2342ms
	BeginReloadAssembly (263ms)
		ExecutionOrderSort (0ms)
		DisableScriptedObjects (14ms)
		BackupInstance (0ms)
		ReleaseScriptingObjects (0ms)
		CreateAndSetChildDomain (70ms)
	RebuildCommonClasses (41ms)
	RebuildNativeTypeToScriptingClass (16ms)
	initialDomainReloadingComplete (34ms)
	LoadAllAssembliesAndSetupDomain (727ms)
		LoadAssemblies (578ms)
		RebuildTransferFunctionScriptingTraits (0ms)
		AnalyzeDomain (269ms)
			TypeCache.Refresh (12ms)
				TypeCache.ScanAssembly (1ms)
			BuildScriptInfoCaches (234ms)
			ResolveRequiredComponents (16ms)
	FinalizeReload (1260ms)
		ReleaseScriptCaches (0ms)
		RebuildScriptCaches (0ms)
		SetupLoadedEditorAssemblies (1031ms)
			LogAssemblyErrors (0ms)
			InitializePlatformSupportModulesInManaged (2ms)
			SetLoadedEditorAssemblies (11ms)
			BeforeProcessingInitializeOnLoad (356ms)
			ProcessInitializeOnLoadAttributes (563ms)
			ProcessInitializeOnLoadMethodAttributes (95ms)
			AfterProcessingInitializeOnLoad (4ms)
			EditorAssembliesLoaded (1ms)
		ExecutionOrderSort2 (0ms)
		AwakeInstancesAfterBackupRestoration (22ms)
Refreshing native plugins compatible for Editor in 2.35 ms, found 4 plugins.
Preloading 0 native plugins for Editor in 0.00 ms.
Unloading 35 Unused Serialized files (Serialized files now loaded: 0)
Unloading 7540 unused Assets / (8.5 MB). Loaded Objects now: 8323.
Memory consumption went from 162.2 MB to 153.8 MB.
Total: 20.231300 ms (FindLiveObjects: 1.728600 ms CreateObjectMapping: 1.838300 ms MarkObjects: 8.349300 ms  DeleteObjects: 8.312800 ms)

Prepare: number of updated asset objects reloaded= 0
========================================================================
Received Prepare
Begin MonoManager ReloadAssembly
[Licensing::Client] Successfully resolved entitlement details
[Licensing::Module] License group:
  Id: F4-NMTP-SXWG-HN24-U9HH-XXXX
  Product: Unity Personal
  Type: ULF
  Expiration: 2025-12-08T06:53:50Z
[Licensing::Module] License group:
  Id: ewogICJzdWJzR3JvdXAiIDogInVuaXR5IGVkaXRvciIsCiAgIm5hbWVzcGFjZSIgOiAidW5pdHlfZWRpdG9yIiwKICAidHlwZSIgOiAiRURJVE9SIiwKICAidGFnIiA6ICJVbml0eVBlcnNvbmFsXXXX
  Product: Unity Personal Version
  Type: Assigned
  Expiration: Unlimited
- Loaded All Assemblies, in  0.949 seconds
Refreshing native plugins compatible for Editor in 1.67 ms, found 4 plugins.
Native extension for WindowsStandalone target not found
[Package Manager] Failed to launch server process. Reason: Unity was launched with the -noUpm command-line argument
[Package Manager] Unable to send message (not connected to server process).
[Package Manager] Cannot connect to Unity Package Manager local server
Mono: successfully reloaded assembly
- Finished resetting the current domain, in  0.836 seconds
Domain Reload Profiling: 1785ms
	BeginReloadAssembly (220ms)
		ExecutionOrderSort (0ms)
		DisableScriptedObjects (14ms)
		BackupInstance (0ms)
		ReleaseScriptingObjects (0ms)
		CreateAndSetChildDomain (54ms)
	RebuildCommonClasses (41ms)
	RebuildNativeTypeToScriptingClass (15ms)
	initialDomainReloadingComplete (38ms)
	LoadAllAssembliesAndSetupDomain (634ms)
		LoadAssemblies (475ms)
		RebuildTransferFunctionScriptingTraits (0ms)
		AnalyzeDomain (251ms)
			TypeCache.Refresh (13ms)
				TypeCache.ScanAssembly (0ms)
			BuildScriptInfoCaches (218ms)
			ResolveRequiredComponents (13ms)
	FinalizeReload (837ms)
		ReleaseScriptCaches (0ms)
		RebuildScriptCaches (0ms)
		SetupLoadedEditorAssemblies (689ms)
			LogAssemblyErrors (0ms)
			InitializePlatformSupportModulesInManaged (2ms)
			SetLoadedEditorAssemblies (6ms)
			BeforeProcessingInitializeOnLoad (200ms)
			ProcessInitializeOnLoadAttributes (410ms)
			ProcessInitializeOnLoadMethodAttributes (64ms)
			AfterProcessingInitializeOnLoad (6ms)
			EditorAssembliesLoaded (0ms)
		ExecutionOrderSort2 (0ms)
		AwakeInstancesAfterBackupRestoration (18ms)
Refreshing native plugins compatible for Editor in 4.82 ms, found 4 plugins.
Preloading 0 native plugins for Editor in 0.00 ms.
Unloading 35 Unused Serialized files (Serialized files now loaded: 0)
Unloading 7540 unused Assets / (11.9 MB). Loaded Objects now: 8329.
Memory consumption went from 162.3 MB to 150.3 MB.
Total: 34.537600 ms (FindLiveObjects: 2.683300 ms CreateObjectMapping: 3.011600 ms MarkObjects: 15.198000 ms  DeleteObjects: 13.642600 ms)

Prepare: number of updated asset objects reloaded= 0
========================================================================
Received Prepare
Begin MonoManager ReloadAssembly
[Licensing::Client] Successfully resolved entitlement details
[Licensing::Module] License group:
  Id: F4-NMTP-SXWG-HN24-U9HH-XXXX
  Product: Unity Personal
  Type: ULF
  Expiration: 2025-12-08T06:53:50Z
[Licensing::Module] License group:
  Id: ewogICJzdWJzR3JvdXAiIDogInVuaXR5IGVkaXRvciIsCiAgIm5hbWVzcGFjZSIgOiAidW5pdHlfZWRpdG9yIiwKICAidHlwZSIgOiAiRURJVE9SIiwKICAidGFnIiA6ICJVbml0eVBlcnNvbmFsXXXX
  Product: Unity Personal Version
  Type: Assigned
  Expiration: Unlimited
- Loaded All Assemblies, in  0.839 seconds
Refreshing native plugins compatible for Editor in 1.61 ms, found 4 plugins.
Native extension for WindowsStandalone target not found
[Package Manager] Failed to launch server process. Reason: Unity was launched with the -noUpm command-line argument
[Package Manager] Unable to send message (not connected to server process).
[Package Manager] Cannot connect to Unity Package Manager local server
Mono: successfully reloaded assembly
- Finished resetting the current domain, in  0.961 seconds
Domain Reload Profiling: 1801ms
	BeginReloadAssembly (206ms)
		ExecutionOrderSort (0ms)
		DisableScriptedObjects (13ms)
		BackupInstance (0ms)
		ReleaseScriptingObjects (0ms)
		CreateAndSetChildDomain (58ms)
	RebuildCommonClasses (28ms)
	RebuildNativeTypeToScriptingClass (16ms)
	initialDomainReloadingComplete (23ms)
	LoadAllAssembliesAndSetupDomain (567ms)
		LoadAssemblies (399ms)
		RebuildTransferFunctionScriptingTraits (0ms)
		AnalyzeDomain (247ms)
			TypeCache.Refresh (11ms)
				TypeCache.ScanAssembly (0ms)
			BuildScriptInfoCaches (221ms)
			ResolveRequiredComponents (10ms)
	FinalizeReload (961ms)
		ReleaseScriptCaches (0ms)
		RebuildScriptCaches (0ms)
		SetupLoadedEditorAssemblies (796ms)
			LogAssemblyErrors (0ms)
			InitializePlatformSupportModulesInManaged (2ms)
			SetLoadedEditorAssemblies (8ms)
			BeforeProcessingInitializeOnLoad (269ms)
			ProcessInitializeOnLoadAttributes (439ms)
			ProcessInitializeOnLoadMethodAttributes (73ms)
			AfterProcessingInitializeOnLoad (5ms)
			EditorAssembliesLoaded (0ms)
		ExecutionOrderSort2 (0ms)
		AwakeInstancesAfterBackupRestoration (20ms)
Refreshing native plugins compatible for Editor in 2.92 ms, found 4 plugins.
Preloading 0 native plugins for Editor in 0.00 ms.
Unloading 35 Unused Serialized files (Serialized files now loaded: 0)
Unloading 7540 unused Assets / (9.4 MB). Loaded Objects now: 8335.
Memory consumption went from 162.4 MB to 153.0 MB.
Total: 30.624200 ms (FindLiveObjects: 1.448500 ms CreateObjectMapping: 1.459300 ms MarkObjects: 13.397100 ms  DeleteObjects: 14.317300 ms)

Prepare: number of updated asset objects reloaded= 0
========================================================================
Received Prepare
Begin MonoManager ReloadAssembly
[Licensing::Client] Successfully resolved entitlement details
[Licensing::Module] License group:
  Id: F4-NMTP-SXWG-HN24-U9HH-XXXX
  Product: Unity Personal
  Type: ULF
  Expiration: 2025-12-08T06:53:50Z
[Licensing::Module] License group:
  Id: ewogICJzdWJzR3JvdXAiIDogInVuaXR5IGVkaXRvciIsCiAgIm5hbWVzcGFjZSIgOiAidW5pdHlfZWRpdG9yIiwKICAidHlwZSIgOiAiRURJVE9SIiwKICAidGFnIiA6ICJVbml0eVBlcnNvbmFsXXXX
  Product: Unity Personal Version
  Type: Assigned
  Expiration: Unlimited
- Loaded All Assemblies, in  1.000 seconds
Refreshing native plugins compatible for Editor in 1.38 ms, found 4 plugins.
Native extension for WindowsStandalone target not found
[Package Manager] Failed to launch server process. Reason: Unity was launched with the -noUpm command-line argument
[Package Manager] Unable to send message (not connected to server process).
[Package Manager] Cannot connect to Unity Package Manager local server
Mono: successfully reloaded assembly
- Finished resetting the current domain, in  0.838 seconds
Domain Reload Profiling: 1839ms
	BeginReloadAssembly (246ms)
		ExecutionOrderSort (0ms)
		DisableScriptedObjects (16ms)
		BackupInstance (0ms)
		ReleaseScriptingObjects (0ms)
		CreateAndSetChildDomain (54ms)
	RebuildCommonClasses (43ms)
	RebuildNativeTypeToScriptingClass (14ms)
	initialDomainReloadingComplete (39ms)
	LoadAllAssembliesAndSetupDomain (659ms)
		LoadAssemblies (516ms)
		RebuildTransferFunctionScriptingTraits (0ms)
		AnalyzeDomain (253ms)
			TypeCache.Refresh (11ms)
				TypeCache.ScanAssembly (0ms)
			BuildScriptInfoCaches (225ms)
			ResolveRequiredComponents (12ms)
	FinalizeReload (838ms)
		ReleaseScriptCaches (0ms)
		RebuildScriptCaches (0ms)
		SetupLoadedEditorAssemblies (681ms)
			LogAssemblyErrors (0ms)
			InitializePlatformSupportModulesInManaged (2ms)
			SetLoadedEditorAssemblies (6ms)
			BeforeProcessingInitializeOnLoad (214ms)
			ProcessInitializeOnLoadAttributes (397ms)
			ProcessInitializeOnLoadMethodAttributes (57ms)
			AfterProcessingInitializeOnLoad (5ms)
			EditorAssembliesLoaded (0ms)
		ExecutionOrderSort2 (0ms)
		AwakeInstancesAfterBackupRestoration (14ms)
Refreshing native plugins compatible for Editor in 2.69 ms, found 4 plugins.
Preloading 0 native plugins for Editor in 0.00 ms.
Unloading 35 Unused Serialized files (Serialized files now loaded: 0)
Unloading 7540 unused Assets / (8.0 MB). Loaded Objects now: 8341.
Memory consumption went from 162.4 MB to 154.4 MB.
Total: 24.241100 ms (FindLiveObjects: 1.960800 ms CreateObjectMapping: 1.738500 ms MarkObjects: 12.898300 ms  DeleteObjects: 7.639500 ms)

Prepare: number of updated asset objects reloaded= 0
========================================================================
Received Prepare
Begin MonoManager ReloadAssembly
[Licensing::Client] Successfully resolved entitlement details
[Licensing::Module] License group:
  Id: F4-NMTP-SXWG-HN24-U9HH-XXXX
  Product: Unity Personal
  Type: ULF
  Expiration: 2025-12-08T06:53:50Z
[Licensing::Module] License group:
  Id: ewogICJzdWJzR3JvdXAiIDogInVuaXR5IGVkaXRvciIsCiAgIm5hbWVzcGFjZSIgOiAidW5pdHlfZWRpdG9yIiwKICAidHlwZSIgOiAiRURJVE9SIiwKICAidGFnIiA6ICJVbml0eVBlcnNvbmFsXXXX
  Product: Unity Personal Version
  Type: Assigned
  Expiration: Unlimited
- Loaded All Assemblies, in  1.638 seconds
Refreshing native plugins compatible for Editor in 1.51 ms, found 4 plugins.
Native extension for WindowsStandalone target not found
[Package Manager] Failed to launch server process. Reason: Unity was launched with the -noUpm command-line argument
[Package Manager] Unable to send message (not connected to server process).
[Package Manager] Cannot connect to Unity Package Manager local server
Mono: successfully reloaded assembly
- Finished resetting the current domain, in  1.054 seconds
Domain Reload Profiling: 2685ms
	BeginReloadAssembly (577ms)
		ExecutionOrderSort (0ms)
		DisableScriptedObjects (37ms)
		BackupInstance (0ms)
		ReleaseScriptingObjects (0ms)
		CreateAndSetChildDomain (93ms)
	RebuildCommonClasses (54ms)
	RebuildNativeTypeToScriptingClass (23ms)
	initialDomainReloadingComplete (63ms)
	LoadAllAssembliesAndSetupDomain (913ms)
		LoadAssemblies (908ms)
		RebuildTransferFunctionScriptingTraits (0ms)
		AnalyzeDomain (312ms)
			TypeCache.Refresh (12ms)
				TypeCache.ScanAssembly (0ms)
			BuildScriptInfoCaches (281ms)
			ResolveRequiredComponents (13ms)
	FinalizeReload (1054ms)
		ReleaseScriptCaches (0ms)
		RebuildScriptCaches (0ms)
		SetupLoadedEditorAssemblies (882ms)
			LogAssemblyErrors (0ms)
			InitializePlatformSupportModulesInManaged (2ms)
			SetLoadedEditorAssemblies (9ms)
			BeforeProcessingInitializeOnLoad (251ms)
			ProcessInitializeOnLoadAttributes (518ms)
			ProcessInitializeOnLoadMethodAttributes (94ms)
			AfterProcessingInitializeOnLoad (8ms)
			EditorAssembliesLoaded (1ms)
		ExecutionOrderSort2 (0ms)
		AwakeInstancesAfterBackupRestoration (22ms)
Refreshing native plugins compatible for Editor in 4.65 ms, found 4 plugins.
Preloading 0 native plugins for Editor in 0.00 ms.
Unloading 35 Unused Serialized files (Serialized files now loaded: 0)
Unloading 7540 unused Assets / (8.8 MB). Loaded Objects now: 8347.
Memory consumption went from 162.4 MB to 153.6 MB.
Total: 24.928900 ms (FindLiveObjects: 1.814700 ms CreateObjectMapping: 1.424000 ms MarkObjects: 10.901800 ms  DeleteObjects: 10.786600 ms)

Prepare: number of updated asset objects reloaded= 0
========================================================================
Received Prepare
Begin MonoManager ReloadAssembly
[Licensing::Client] Successfully resolved entitlement details
[Licensing::Module] License group:
  Id: F4-NMTP-SXWG-HN24-U9HH-XXXX
  Product: Unity Personal
  Type: ULF
  Expiration: 2025-12-08T06:53:50Z
[Licensing::Module] License group:
  Id: ewogICJzdWJzR3JvdXAiIDogInVuaXR5IGVkaXRvciIsCiAgIm5hbWVzcGFjZSIgOiAidW5pdHlfZWRpdG9yIiwKICAidHlwZSIgOiAiRURJVE9SIiwKICAidGFnIiA6ICJVbml0eVBlcnNvbmFsXXXX
  Product: Unity Personal Version
  Type: Assigned
  Expiration: Unlimited
- Loaded All Assemblies, in  1.059 seconds
Refreshing native plugins compatible for Editor in 1.26 ms, found 4 plugins.
Native extension for WindowsStandalone target not found
[Package Manager] Failed to launch server process. Reason: Unity was launched with the -noUpm command-line argument
[Package Manager] Unable to send message (not connected to server process).
[Package Manager] Cannot connect to Unity Package Manager local server
Mono: successfully reloaded assembly
- Finished resetting the current domain, in  0.978 seconds
Domain Reload Profiling: 2036ms
	BeginReloadAssembly (272ms)
		ExecutionOrderSort (0ms)
		DisableScriptedObjects (18ms)
		BackupInstance (0ms)
		ReleaseScriptingObjects (0ms)
		CreateAndSetChildDomain (72ms)
	RebuildCommonClasses (40ms)
	RebuildNativeTypeToScriptingClass (21ms)
	initialDomainReloadingComplete (60ms)
	LoadAllAssembliesAndSetupDomain (663ms)
		LoadAssemblies (552ms)
		RebuildTransferFunctionScriptingTraits (0ms)
		AnalyzeDomain (231ms)
			TypeCache.Refresh (12ms)
				TypeCache.ScanAssembly (0ms)
			BuildScriptInfoCaches (204ms)
			ResolveRequiredComponents (11ms)
	FinalizeReload (979ms)
		ReleaseScriptCaches (0ms)
		RebuildScriptCaches (0ms)
		SetupLoadedEditorAssemblies (812ms)
			LogAssemblyErrors (0ms)
			InitializePlatformSupportModulesInManaged (2ms)
			SetLoadedEditorAssemblies (6ms)
			BeforeProcessingInitializeOnLoad (244ms)
			ProcessInitializeOnLoadAttributes (489ms)
			ProcessInitializeOnLoadMethodAttributes (66ms)
			AfterProcessingInitializeOnLoad (5ms)
			EditorAssembliesLoaded (0ms)
		ExecutionOrderSort2 (0ms)
		AwakeInstancesAfterBackupRestoration (18ms)
Refreshing native plugins compatible for Editor in 1.88 ms, found 4 plugins.
Preloading 0 native plugins for Editor in 0.00 ms.
Unloading 35 Unused Serialized files (Serialized files now loaded: 0)
Unloading 7540 unused Assets / (8.2 MB). Loaded Objects now: 8353.
Memory consumption went from 162.5 MB to 154.3 MB.
Total: 19.021100 ms (FindLiveObjects: 1.524500 ms CreateObjectMapping: 1.735400 ms MarkObjects: 7.781300 ms  DeleteObjects: 7.978300 ms)

Prepare: number of updated asset objects reloaded= 0
========================================================================
Received Prepare
Begin MonoManager ReloadAssembly
[Licensing::Client] Successfully resolved entitlement details
[Licensing::Module] License group:
  Id: F4-NMTP-SXWG-HN24-U9HH-XXXX
  Product: Unity Personal
  Type: ULF
  Expiration: 2025-12-08T06:53:50Z
[Licensing::Module] License group:
  Id: ewogICJzdWJzR3JvdXAiIDogInVuaXR5IGVkaXRvciIsCiAgIm5hbWVzcGFjZSIgOiAidW5pdHlfZWRpdG9yIiwKICAidHlwZSIgOiAiRURJVE9SIiwKICAidGFnIiA6ICJVbml0eVBlcnNvbmFsXXXX
  Product: Unity Personal Version
  Type: Assigned
  Expiration: Unlimited
- Loaded All Assemblies, in  1.084 seconds
Refreshing native plugins compatible for Editor in 1.25 ms, found 4 plugins.
Native extension for WindowsStandalone target not found
[Package Manager] Failed to launch server process. Reason: Unity was launched with the -noUpm command-line argument
[Package Manager] Unable to send message (not connected to server process).
[Package Manager] Cannot connect to Unity Package Manager local server
Mono: successfully reloaded assembly
- Finished resetting the current domain, in  1.123 seconds
Domain Reload Profiling: 2208ms
	BeginReloadAssembly (284ms)
		ExecutionOrderSort (0ms)
		DisableScriptedObjects (20ms)
		BackupInstance (0ms)
		ReleaseScriptingObjects (0ms)
		CreateAndSetChildDomain (76ms)
	RebuildCommonClasses (47ms)
	RebuildNativeTypeToScriptingClass (16ms)
	initialDomainReloadingComplete (35ms)
	LoadAllAssembliesAndSetupDomain (702ms)
		LoadAssemblies (524ms)
		RebuildTransferFunctionScriptingTraits (0ms)
		AnalyzeDomain (296ms)
			TypeCache.Refresh (11ms)
				TypeCache.ScanAssembly (0ms)
			BuildScriptInfoCaches (263ms)
			ResolveRequiredComponents (16ms)
	FinalizeReload (1124ms)
		ReleaseScriptCaches (0ms)
		RebuildScriptCaches (0ms)
		SetupLoadedEditorAssemblies (930ms)
			LogAssemblyErrors (0ms)
			InitializePlatformSupportModulesInManaged (2ms)
			SetLoadedEditorAssemblies (8ms)
			BeforeProcessingInitializeOnLoad (285ms)
			ProcessInitializeOnLoadAttributes (534ms)
			ProcessInitializeOnLoadMethodAttributes (96ms)
			AfterProcessingInitializeOnLoad (5ms)
			EditorAssembliesLoaded (1ms)
		ExecutionOrderSort2 (0ms)
		AwakeInstancesAfterBackupRestoration (23ms)
Refreshing native plugins compatible for Editor in 1.85 ms, found 4 plugins.
Preloading 0 native plugins for Editor in 0.00 ms.
Unloading 35 Unused Serialized files (Serialized files now loaded: 0)
Unloading 7540 unused Assets / (8.5 MB). Loaded Objects now: 8359.
Memory consumption went from 162.5 MB to 154.0 MB.
Total: 17.559900 ms (FindLiveObjects: 1.843900 ms CreateObjectMapping: 0.789300 ms MarkObjects: 7.672500 ms  DeleteObjects: 7.252500 ms)

Prepare: number of updated asset objects reloaded= 0
========================================================================
Received Prepare
Begin MonoManager ReloadAssembly
[Licensing::Client] Successfully resolved entitlement details
[Licensing::Module] License group:
  Id: F4-NMTP-SXWG-HN24-U9HH-XXXX
  Product: Unity Personal
  Type: ULF
  Expiration: 2025-12-08T06:53:50Z
[Licensing::Module] License group:
  Id: ewogICJzdWJzR3JvdXAiIDogInVuaXR5IGVkaXRvciIsCiAgIm5hbWVzcGFjZSIgOiAidW5pdHlfZWRpdG9yIiwKICAidHlwZSIgOiAiRURJVE9SIiwKICAidGFnIiA6ICJVbml0eVBlcnNvbmFsXXXX
  Product: Unity Personal Version
  Type: Assigned
  Expiration: Unlimited
- Loaded All Assemblies, in  1.041 seconds
Refreshing native plugins compatible for Editor in 2.08 ms, found 4 plugins.
Native extension for WindowsStandalone target not found
[Package Manager] Failed to launch server process. Reason: Unity was launched with the -noUpm command-line argument
[Package Manager] Unable to send message (not connected to server process).
[Package Manager] Cannot connect to Unity Package Manager local server
Mono: successfully reloaded assembly
- Finished resetting the current domain, in  1.038 seconds
Domain Reload Profiling: 2086ms
	BeginReloadAssembly (250ms)
		ExecutionOrderSort (0ms)
		DisableScriptedObjects (20ms)
		BackupInstance (0ms)
		ReleaseScriptingObjects (0ms)
		CreateAndSetChildDomain (57ms)
	RebuildCommonClasses (37ms)
	RebuildNativeTypeToScriptingClass (17ms)
	initialDomainReloadingComplete (40ms)
	LoadAllAssembliesAndSetupDomain (704ms)
		LoadAssemblies (499ms)
		RebuildTransferFunctionScriptingTraits (0ms)
		AnalyzeDomain (303ms)
			TypeCache.Refresh (12ms)
				TypeCache.ScanAssembly (1ms)
			BuildScriptInfoCaches (263ms)
			ResolveRequiredComponents (23ms)
	FinalizeReload (1039ms)
		ReleaseScriptCaches (0ms)
		RebuildScriptCaches (0ms)
		SetupLoadedEditorAssemblies (849ms)
			LogAssemblyErrors (0ms)
			InitializePlatformSupportModulesInManaged (2ms)
			SetLoadedEditorAssemblies (8ms)
			BeforeProcessingInitializeOnLoad (239ms)
			ProcessInitializeOnLoadAttributes (506ms)
			ProcessInitializeOnLoadMethodAttributes (90ms)
			AfterProcessingInitializeOnLoad (4ms)
			EditorAssembliesLoaded (0ms)
		ExecutionOrderSort2 (0ms)
		AwakeInstancesAfterBackupRestoration (16ms)
Refreshing native plugins compatible for Editor in 2.49 ms, found 4 plugins.
Preloading 0 native plugins for Editor in 0.00 ms.
Unloading 35 Unused Serialized files (Serialized files now loaded: 0)
Unloading 7541 unused Assets / (10.5 MB). Loaded Objects now: 8366.
Memory consumption went from 162.6 MB to 152.1 MB.
Total: 137.981200 ms (FindLiveObjects: 1.628300 ms CreateObjectMapping: 1.607700 ms MarkObjects: 27.992200 ms  DeleteObjects: 106.750700 ms)

Prepare: number of updated asset objects reloaded= 0
========================================================================
Received Prepare
Begin MonoManager ReloadAssembly
[Licensing::Client] Successfully resolved entitlement details
[Licensing::Module] License group:
  Id: F4-NMTP-SXWG-HN24-U9HH-XXXX
  Product: Unity Personal
  Type: ULF
  Expiration: 2025-12-08T06:53:50Z
[Licensing::Module] License group:
  Id: ewogICJzdWJzR3JvdXAiIDogInVuaXR5IGVkaXRvciIsCiAgIm5hbWVzcGFjZSIgOiAidW5pdHlfZWRpdG9yIiwKICAidHlwZSIgOiAiRURJVE9SIiwKICAidGFnIiA6ICJVbml0eVBlcnNvbmFsXXXX
  Product: Unity Personal Version
  Type: Assigned
  Expiration: Unlimited
- Loaded All Assemblies, in  1.068 seconds
Refreshing native plugins compatible for Editor in 1.30 ms, found 4 plugins.
Native extension for WindowsStandalone target not found
[Package Manager] Failed to launch server process. Reason: Unity was launched with the -noUpm command-line argument
[Package Manager] Unable to send message (not connected to server process).
[Package Manager] Cannot connect to Unity Package Manager local server
Mono: successfully reloaded assembly
- Finished resetting the current domain, in  0.974 seconds
Domain Reload Profiling: 2043ms
	BeginReloadAssembly (283ms)
		ExecutionOrderSort (0ms)
		DisableScriptedObjects (20ms)
		BackupInstance (0ms)
		ReleaseScriptingObjects (0ms)
		CreateAndSetChildDomain (71ms)
	RebuildCommonClasses (48ms)
	RebuildNativeTypeToScriptingClass (21ms)
	initialDomainReloadingComplete (51ms)
	LoadAllAssembliesAndSetupDomain (666ms)
		LoadAssemblies (546ms)
		RebuildTransferFunctionScriptingTraits (0ms)
		AnalyzeDomain (241ms)
			TypeCache.Refresh (10ms)
				TypeCache.ScanAssembly (0ms)
			BuildScriptInfoCaches (214ms)
			ResolveRequiredComponents (13ms)
	FinalizeReload (975ms)
		ReleaseScriptCaches (0ms)
		RebuildScriptCaches (0ms)
		SetupLoadedEditorAssemblies (805ms)
			LogAssemblyErrors (0ms)
			InitializePlatformSupportModulesInManaged (2ms)
			SetLoadedEditorAssemblies (7ms)
			BeforeProcessingInitializeOnLoad (233ms)
			ProcessInitializeOnLoadAttributes (480ms)
			ProcessInitializeOnLoadMethodAttributes (80ms)
			AfterProcessingInitializeOnLoad (4ms)
			EditorAssembliesLoaded (0ms)
		ExecutionOrderSort2 (0ms)
		AwakeInstancesAfterBackupRestoration (21ms)
Refreshing native plugins compatible for Editor in 70.58 ms, found 4 plugins.
Preloading 0 native plugins for Editor in 0.00 ms.
Unloading 35 Unused Serialized files (Serialized files now loaded: 0)
Unloading 7541 unused Assets / (8.6 MB). Loaded Objects now: 8372.
Memory consumption went from 162.6 MB to 154.0 MB.
Total: 48.585500 ms (FindLiveObjects: 21.971900 ms CreateObjectMapping: 5.521300 ms MarkObjects: 10.766800 ms  DeleteObjects: 10.323400 ms)

Prepare: number of updated asset objects reloaded= 0
========================================================================
Received Prepare
Begin MonoManager ReloadAssembly
[Licensing::Client] Successfully resolved entitlement details
[Licensing::Module] License group:
  Id: F4-NMTP-SXWG-HN24-U9HH-XXXX
  Product: Unity Personal
  Type: ULF
  Expiration: 2025-12-08T06:53:50Z
[Licensing::Module] License group:
  Id: ewogICJzdWJzR3JvdXAiIDogInVuaXR5IGVkaXRvciIsCiAgIm5hbWVzcGFjZSIgOiAidW5pdHlfZWRpdG9yIiwKICAidHlwZSIgOiAiRURJVE9SIiwKICAidGFnIiA6ICJVbml0eVBlcnNvbmFsXXXX
  Product: Unity Personal Version
  Type: Assigned
  Expiration: Unlimited
- Loaded All Assemblies, in  1.044 seconds
Refreshing native plugins compatible for Editor in 1.98 ms, found 4 plugins.
Native extension for WindowsStandalone target not found
[Package Manager] Failed to launch server process. Reason: Unity was launched with the -noUpm command-line argument
[Package Manager] Unable to send message (not connected to server process).
[Package Manager] Cannot connect to Unity Package Manager local server
Mono: successfully reloaded assembly
- Finished resetting the current domain, in  0.993 seconds
Domain Reload Profiling: 2034ms
	BeginReloadAssembly (299ms)
		ExecutionOrderSort (0ms)
		DisableScriptedObjects (28ms)
		BackupInstance (0ms)
		ReleaseScriptingObjects (1ms)
		CreateAndSetChildDomain (83ms)
	RebuildCommonClasses (38ms)
	RebuildNativeTypeToScriptingClass (11ms)
	initialDomainReloadingComplete (37ms)
	LoadAllAssembliesAndSetupDomain (656ms)
		LoadAssemblies (524ms)
		RebuildTransferFunctionScriptingTraits (0ms)
		AnalyzeDomain (246ms)
			TypeCache.Refresh (13ms)
				TypeCache.ScanAssembly (0ms)
			BuildScriptInfoCaches (218ms)
			ResolveRequiredComponents (10ms)
	FinalizeReload (993ms)
		ReleaseScriptCaches (0ms)
		RebuildScriptCaches (0ms)
		SetupLoadedEditorAssemblies (807ms)
			LogAssemblyErrors (0ms)
			InitializePlatformSupportModulesInManaged (4ms)
			SetLoadedEditorAssemblies (11ms)
			BeforeProcessingInitializeOnLoad (254ms)
			ProcessInitializeOnLoadAttributes (455ms)
			ProcessInitializeOnLoadMethodAttributes (77ms)
			AfterProcessingInitializeOnLoad (5ms)
			EditorAssembliesLoaded (0ms)
		ExecutionOrderSort2 (0ms)
		AwakeInstancesAfterBackupRestoration (20ms)
Refreshing native plugins compatible for Editor in 4.43 ms, found 4 plugins.
Preloading 0 native plugins for Editor in 0.00 ms.
Unloading 35 Unused Serialized files (Serialized files now loaded: 0)
Unloading 7541 unused Assets / (9.5 MB). Loaded Objects now: 8378.
Memory consumption went from 162.7 MB to 153.2 MB.
Total: 96.414600 ms (FindLiveObjects: 23.957500 ms CreateObjectMapping: 26.159200 ms MarkObjects: 36.812800 ms  DeleteObjects: 9.482500 ms)

Prepare: number of updated asset objects reloaded= 0
========================================================================
Received Prepare
Begin MonoManager ReloadAssembly
[Licensing::Client] Successfully resolved entitlement details
[Licensing::Module] License group:
  Id: F4-NMTP-SXWG-HN24-U9HH-XXXX
  Product: Unity Personal
  Type: ULF
  Expiration: 2025-12-08T06:53:50Z
[Licensing::Module] License group:
  Id: ewogICJzdWJzR3JvdXAiIDogInVuaXR5IGVkaXRvciIsCiAgIm5hbWVzcGFjZSIgOiAidW5pdHlfZWRpdG9yIiwKICAidHlwZSIgOiAiRURJVE9SIiwKICAidGFnIiA6ICJVbml0eVBlcnNvbmFsXXXX
  Product: Unity Personal Version
  Type: Assigned
  Expiration: Unlimited
- Loaded All Assemblies, in  0.960 seconds
Refreshing native plugins compatible for Editor in 1.70 ms, found 4 plugins.
Native extension for WindowsStandalone target not found
[Package Manager] Failed to launch server process. Reason: Unity was launched with the -noUpm command-line argument
[Package Manager] Unable to send message (not connected to server process).
[Package Manager] Cannot connect to Unity Package Manager local server
Mono: successfully reloaded assembly
- Finished resetting the current domain, in  0.941 seconds
Domain Reload Profiling: 1903ms
	BeginReloadAssembly (257ms)
		ExecutionOrderSort (0ms)
		DisableScriptedObjects (20ms)
		BackupInstance (0ms)
		ReleaseScriptingObjects (0ms)
		CreateAndSetChildDomain (59ms)
	RebuildCommonClasses (44ms)
	RebuildNativeTypeToScriptingClass (14ms)
	initialDomainReloadingComplete (31ms)
	LoadAllAssembliesAndSetupDomain (615ms)
		LoadAssemblies (503ms)
		RebuildTransferFunctionScriptingTraits (0ms)
		AnalyzeDomain (221ms)
			TypeCache.Refresh (9ms)
				TypeCache.ScanAssembly (0ms)
			BuildScriptInfoCaches (191ms)
			ResolveRequiredComponents (15ms)
	FinalizeReload (942ms)
		ReleaseScriptCaches (0ms)
		RebuildScriptCaches (0ms)
		SetupLoadedEditorAssemblies (753ms)
			LogAssemblyErrors (0ms)
			InitializePlatformSupportModulesInManaged (2ms)
			SetLoadedEditorAssemblies (8ms)
			BeforeProcessingInitializeOnLoad (248ms)
			ProcessInitializeOnLoadAttributes (421ms)
			ProcessInitializeOnLoadMethodAttributes (69ms)
			AfterProcessingInitializeOnLoad (5ms)
			EditorAssembliesLoaded (0ms)
		ExecutionOrderSort2 (0ms)
		AwakeInstancesAfterBackupRestoration (18ms)
Refreshing native plugins compatible for Editor in 2.85 ms, found 4 plugins.
Preloading 0 native plugins for Editor in 0.00 ms.
Unloading 35 Unused Serialized files (Serialized files now loaded: 0)
Unloading 7541 unused Assets / (9.1 MB). Loaded Objects now: 8384.
Memory consumption went from 162.7 MB to 153.6 MB.
Total: 29.043500 ms (FindLiveObjects: 4.933600 ms CreateObjectMapping: 1.947800 ms MarkObjects: 11.653000 ms  DeleteObjects: 10.507100 ms)

Prepare: number of updated asset objects reloaded= 0
========================================================================
Received Prepare
Begin MonoManager ReloadAssembly
[Licensing::Client] Successfully resolved entitlement details
[Licensing::Module] License group:
  Id: F4-NMTP-SXWG-HN24-U9HH-XXXX
  Product: Unity Personal
  Type: ULF
  Expiration: 2025-12-08T06:53:50Z
[Licensing::Module] License group:
  Id: ewogICJzdWJzR3JvdXAiIDogInVuaXR5IGVkaXRvciIsCiAgIm5hbWVzcGFjZSIgOiAidW5pdHlfZWRpdG9yIiwKICAidHlwZSIgOiAiRURJVE9SIiwKICAidGFnIiA6ICJVbml0eVBlcnNvbmFsXXXX
  Product: Unity Personal Version
  Type: Assigned
  Expiration: Unlimited
- Loaded All Assemblies, in  1.213 seconds
Refreshing native plugins compatible for Editor in 2.04 ms, found 4 plugins.
Native extension for WindowsStandalone target not found
[Package Manager] Failed to launch server process. Reason: Unity was launched with the -noUpm command-line argument
[Package Manager] Unable to send message (not connected to server process).
[Package Manager] Cannot connect to Unity Package Manager local server
Mono: successfully reloaded assembly
- Finished resetting the current domain, in  0.998 seconds
Domain Reload Profiling: 2205ms
	BeginReloadAssembly (307ms)
		ExecutionOrderSort (0ms)
		DisableScriptedObjects (18ms)
		BackupInstance (0ms)
		ReleaseScriptingObjects (0ms)
		CreateAndSetChildDomain (73ms)
	RebuildCommonClasses (59ms)
	RebuildNativeTypeToScriptingClass (24ms)
	initialDomainReloadingComplete (47ms)
	LoadAllAssembliesAndSetupDomain (769ms)
		LoadAssemblies (669ms)
		RebuildTransferFunctionScriptingTraits (0ms)
		AnalyzeDomain (232ms)
			TypeCache.Refresh (11ms)
				TypeCache.ScanAssembly (1ms)
			BuildScriptInfoCaches (206ms)
			ResolveRequiredComponents (11ms)
	FinalizeReload (999ms)
		ReleaseScriptCaches (0ms)
		RebuildScriptCaches (0ms)
		SetupLoadedEditorAssemblies (819ms)
			LogAssemblyErrors (0ms)
			InitializePlatformSupportModulesInManaged (2ms)
			SetLoadedEditorAssemblies (8ms)
			BeforeProcessingInitializeOnLoad (230ms)
			ProcessInitializeOnLoadAttributes (489ms)
			ProcessInitializeOnLoadMethodAttributes (84ms)
			AfterProcessingInitializeOnLoad (6ms)
			EditorAssembliesLoaded (0ms)
		ExecutionOrderSort2 (0ms)
		AwakeInstancesAfterBackupRestoration (22ms)
Refreshing native plugins compatible for Editor in 3.74 ms, found 4 plugins.
Preloading 0 native plugins for Editor in 0.00 ms.
Unloading 35 Unused Serialized files (Serialized files now loaded: 0)
Unloading 7541 unused Assets / (9.8 MB). Loaded Objects now: 8390.
Memory consumption went from 162.7 MB to 152.9 MB.
Total: 42.245800 ms (FindLiveObjects: 1.861800 ms CreateObjectMapping: 1.595300 ms MarkObjects: 26.195400 ms  DeleteObjects: 12.590500 ms)

Prepare: number of updated asset objects reloaded= 0
========================================================================
Received Prepare
Begin MonoManager ReloadAssembly
[Licensing::Client] Successfully resolved entitlement details
[Licensing::Module] License group:
  Id: F4-NMTP-SXWG-HN24-U9HH-XXXX
  Product: Unity Personal
  Type: ULF
  Expiration: 2025-12-08T06:53:50Z
[Licensing::Module] License group:
  Id: ewogICJzdWJzR3JvdXAiIDogInVuaXR5IGVkaXRvciIsCiAgIm5hbWVzcGFjZSIgOiAidW5pdHlfZWRpdG9yIiwKICAidHlwZSIgOiAiRURJVE9SIiwKICAidGFnIiA6ICJVbml0eVBlcnNvbmFsXXXX
  Product: Unity Personal Version
  Type: Assigned
  Expiration: Unlimited
- Loaded All Assemblies, in  1.189 seconds
Refreshing native plugins compatible for Editor in 2.39 ms, found 4 plugins.
Native extension for WindowsStandalone target not found
[Package Manager] Failed to launch server process. Reason: Unity was launched with the -noUpm command-line argument
[Package Manager] Unable to send message (not connected to server process).
[Package Manager] Cannot connect to Unity Package Manager local server
Mono: successfully reloaded assembly
- Finished resetting the current domain, in  1.044 seconds
Domain Reload Profiling: 2229ms
	BeginReloadAssembly (328ms)
		ExecutionOrderSort (0ms)
		DisableScriptedObjects (23ms)
		BackupInstance (0ms)
		ReleaseScriptingObjects (1ms)
		CreateAndSetChildDomain (101ms)
	RebuildCommonClasses (50ms)
	RebuildNativeTypeToScriptingClass (17ms)
	initialDomainReloadingComplete (38ms)
	LoadAllAssembliesAndSetupDomain (752ms)
		LoadAssemblies (621ms)
		RebuildTransferFunctionScriptingTraits (0ms)
		AnalyzeDomain (259ms)
			TypeCache.Refresh (12ms)
				TypeCache.ScanAssembly (0ms)
			BuildScriptInfoCaches (226ms)
			ResolveRequiredComponents (15ms)
	FinalizeReload (1044ms)
		ReleaseScriptCaches (0ms)
		RebuildScriptCaches (0ms)
		SetupLoadedEditorAssemblies (853ms)
			LogAssemblyErrors (0ms)
			InitializePlatformSupportModulesInManaged (2ms)
			SetLoadedEditorAssemblies (9ms)
			BeforeProcessingInitializeOnLoad (252ms)
			ProcessInitializeOnLoadAttributes (516ms)
			ProcessInitializeOnLoadMethodAttributes (69ms)
			AfterProcessingInitializeOnLoad (5ms)
			EditorAssembliesLoaded (0ms)
		ExecutionOrderSort2 (0ms)
		AwakeInstancesAfterBackupRestoration (16ms)
Refreshing native plugins compatible for Editor in 2.18 ms, found 4 plugins.
Preloading 0 native plugins for Editor in 0.00 ms.
Unloading 35 Unused Serialized files (Serialized files now loaded: 0)
Unloading 7541 unused Assets / (7.6 MB). Loaded Objects now: 8396.
Memory consumption went from 162.7 MB to 155.2 MB.
Total: 50.430500 ms (FindLiveObjects: 4.734600 ms CreateObjectMapping: 3.607200 ms MarkObjects: 26.341500 ms  DeleteObjects: 15.745500 ms)

Prepare: number of updated asset objects reloaded= 0
========================================================================
Received Prepare
Begin MonoManager ReloadAssembly
[Licensing::Client] Successfully resolved entitlement details
[Licensing::Module] License group:
  Id: F4-NMTP-SXWG-HN24-U9HH-XXXX
  Product: Unity Personal
  Type: ULF
  Expiration: 2025-12-08T06:53:50Z
[Licensing::Module] License group:
  Id: ewogICJzdWJzR3JvdXAiIDogInVuaXR5IGVkaXRvciIsCiAgIm5hbWVzcGFjZSIgOiAidW5pdHlfZWRpdG9yIiwKICAidHlwZSIgOiAiRURJVE9SIiwKICAidGFnIiA6ICJVbml0eVBlcnNvbmFsXXXX
  Product: Unity Personal Version
  Type: Assigned
  Expiration: Unlimited
- Loaded All Assemblies, in  1.207 seconds
Refreshing native plugins compatible for Editor in 1.99 ms, found 4 plugins.
Native extension for WindowsStandalone target not found
[Package Manager] Failed to launch server process. Reason: Unity was launched with the -noUpm command-line argument
[Package Manager] Unable to send message (not connected to server process).
[Package Manager] Cannot connect to Unity Package Manager local server
Mono: successfully reloaded assembly
- Finished resetting the current domain, in  1.041 seconds
Domain Reload Profiling: 2247ms
	BeginReloadAssembly (286ms)
		ExecutionOrderSort (0ms)
		DisableScriptedObjects (14ms)
		BackupInstance (0ms)
		ReleaseScriptingObjects (0ms)
		CreateAndSetChildDomain (85ms)
	RebuildCommonClasses (44ms)
	RebuildNativeTypeToScriptingClass (18ms)
	initialDomainReloadingComplete (34ms)
	LoadAllAssembliesAndSetupDomain (823ms)
		LoadAssemblies (668ms)
		RebuildTransferFunctionScriptingTraits (0ms)
		AnalyzeDomain (277ms)
			TypeCache.Refresh (11ms)
				TypeCache.ScanAssembly (1ms)
			BuildScriptInfoCaches (246ms)
			ResolveRequiredComponents (15ms)
	FinalizeReload (1042ms)
		ReleaseScriptCaches (0ms)
		RebuildScriptCaches (0ms)
		SetupLoadedEditorAssemblies (827ms)
			LogAssemblyErrors (0ms)
			InitializePlatformSupportModulesInManaged (2ms)
			SetLoadedEditorAssemblies (9ms)
			BeforeProcessingInitializeOnLoad (270ms)
			ProcessInitializeOnLoadAttributes (473ms)
			ProcessInitializeOnLoadMethodAttributes (68ms)
			AfterProcessingInitializeOnLoad (4ms)
			EditorAssembliesLoaded (0ms)
		ExecutionOrderSort2 (0ms)
		AwakeInstancesAfterBackupRestoration (16ms)
Refreshing native plugins compatible for Editor in 5.95 ms, found 4 plugins.
Preloading 0 native plugins for Editor in 0.00 ms.
Unloading 35 Unused Serialized files (Serialized files now loaded: 0)
Unloading 7541 unused Assets / (9.2 MB). Loaded Objects now: 8402.
Memory consumption went from 162.8 MB to 153.6 MB.
Total: 22.640300 ms (FindLiveObjects: 2.771300 ms CreateObjectMapping: 2.595100 ms MarkObjects: 9.914900 ms  DeleteObjects: 7.357200 ms)

Prepare: number of updated asset objects reloaded= 0
========================================================================
Received Prepare
Begin MonoManager ReloadAssembly
[Licensing::Client] Successfully resolved entitlement details
[Licensing::Module] License group:
  Id: F4-NMTP-SXWG-HN24-U9HH-XXXX
  Product: Unity Personal
  Type: ULF
  Expiration: 2025-12-08T11:30:55Z
[Licensing::Module] License group:
  Id: ewogICJzdWJzR3JvdXAiIDogInVuaXR5IGVkaXRvciIsCiAgIm5hbWVzcGFjZSIgOiAidW5pdHlfZWRpdG9yIiwKICAidHlwZSIgOiAiRURJVE9SIiwKICAidGFnIiA6ICJVbml0eVBlcnNvbmFsXXXX
  Product: Unity Personal Version
  Type: Assigned
  Expiration: Unlimited
- Loaded All Assemblies, in  5.807 seconds
Refreshing native plugins compatible for Editor in 1.06 ms, found 4 plugins.
Native extension for WindowsStandalone target not found
[Package Manager] Failed to launch server process. Reason: Unity was launched with the -noUpm command-line argument
[Package Manager] Unable to send message (not connected to server process).
[Package Manager] Cannot connect to Unity Package Manager local server
Mono: successfully reloaded assembly
- Finished resetting the current domain, in  0.969 seconds
Domain Reload Profiling: 6783ms
	BeginReloadAssembly (2297ms)
		ExecutionOrderSort (1ms)
		DisableScriptedObjects (625ms)
		BackupInstance (0ms)
		ReleaseScriptingObjects (3ms)
		CreateAndSetChildDomain (788ms)
	RebuildCommonClasses (66ms)
	RebuildNativeTypeToScriptingClass (15ms)
	initialDomainReloadingComplete (146ms)
	LoadAllAssembliesAndSetupDomain (3290ms)
		LoadAssemblies (3175ms)
		RebuildTransferFunctionScriptingTraits (0ms)
		AnalyzeDomain (534ms)
			TypeCache.Refresh (41ms)
				TypeCache.ScanAssembly (0ms)
			BuildScriptInfoCaches (463ms)
			ResolveRequiredComponents (15ms)
	FinalizeReload (969ms)
		ReleaseScriptCaches (0ms)
		RebuildScriptCaches (0ms)
		SetupLoadedEditorAssemblies (786ms)
			LogAssemblyErrors (0ms)
			InitializePlatformSupportModulesInManaged (2ms)
			SetLoadedEditorAssemblies (7ms)
			BeforeProcessingInitializeOnLoad (223ms)
			ProcessInitializeOnLoadAttributes (457ms)
			ProcessInitializeOnLoadMethodAttributes (93ms)
			AfterProcessingInitializeOnLoad (3ms)
			EditorAssembliesLoaded (1ms)
		ExecutionOrderSort2 (0ms)
		AwakeInstancesAfterBackupRestoration (21ms)
Refreshing native plugins compatible for Editor in 1.76 ms, found 4 plugins.
Preloading 0 native plugins for Editor in 0.00 ms.
Unloading 35 Unused Serialized files (Serialized files now loaded: 0)
Unloading 7541 unused Assets / (9.6 MB). Loaded Objects now: 8408.
Memory consumption went from 162.8 MB to 153.2 MB.
Total: 14.169500 ms (FindLiveObjects: 0.909000 ms CreateObjectMapping: 0.842400 ms MarkObjects: 5.836400 ms  DeleteObjects: 6.578800 ms)

Prepare: number of updated asset objects reloaded= 0
========================================================================
Received Prepare
Begin MonoManager ReloadAssembly
[Licensing::Client] Successfully resolved entitlement details
[Licensing::Module] License group:
  Id: F4-NMTP-SXWG-HN24-U9HH-XXXX
  Product: Unity Personal
  Type: ULF
  Expiration: 2025-12-08T11:30:55Z
[Licensing::Module] License group:
  Id: ewogICJzdWJzR3JvdXAiIDogInVuaXR5IGVkaXRvciIsCiAgIm5hbWVzcGFjZSIgOiAidW5pdHlfZWRpdG9yIiwKICAidHlwZSIgOiAiRURJVE9SIiwKICAidGFnIiA6ICJVbml0eVBlcnNvbmFsXXXX
  Product: Unity Personal Version
  Type: Assigned
  Expiration: Unlimited
- Loaded All Assemblies, in  0.796 seconds
Refreshing native plugins compatible for Editor in 0.93 ms, found 4 plugins.
Native extension for WindowsStandalone target not found
[Package Manager] Failed to launch server process. Reason: Unity was launched with the -noUpm command-line argument
[Package Manager] Unable to send message (not connected to server process).
[Package Manager] Cannot connect to Unity Package Manager local server
Mono: successfully reloaded assembly
- Finished resetting the current domain, in  0.741 seconds
Domain Reload Profiling: 1540ms
	BeginReloadAssembly (200ms)
		ExecutionOrderSort (0ms)
		DisableScriptedObjects (16ms)
		BackupInstance (0ms)
		ReleaseScriptingObjects (0ms)
		CreateAndSetChildDomain (50ms)
	RebuildCommonClasses (35ms)
	RebuildNativeTypeToScriptingClass (10ms)
	initialDomainReloadingComplete (23ms)
	LoadAllAssembliesAndSetupDomain (530ms)
		LoadAssemblies (401ms)
		RebuildTransferFunctionScriptingTraits (0ms)
		AnalyzeDomain (206ms)
			TypeCache.Refresh (5ms)
				TypeCache.ScanAssembly (0ms)
			BuildScriptInfoCaches (182ms)
			ResolveRequiredComponents (13ms)
	FinalizeReload (742ms)
		ReleaseScriptCaches (0ms)
		RebuildScriptCaches (0ms)
		SetupLoadedEditorAssemblies (602ms)
			LogAssemblyErrors (0ms)
			InitializePlatformSupportModulesInManaged (1ms)
			SetLoadedEditorAssemblies (7ms)
			BeforeProcessingInitializeOnLoad (170ms)
			ProcessInitializeOnLoadAttributes (366ms)
			ProcessInitializeOnLoadMethodAttributes (54ms)
			AfterProcessingInitializeOnLoad (3ms)
			EditorAssembliesLoaded (0ms)
		ExecutionOrderSort2 (0ms)
		AwakeInstancesAfterBackupRestoration (13ms)
Refreshing native plugins compatible for Editor in 1.81 ms, found 4 plugins.
Preloading 0 native plugins for Editor in 0.00 ms.
Unloading 35 Unused Serialized files (Serialized files now loaded: 0)
Unloading 7541 unused Assets / (9.7 MB). Loaded Objects now: 8414.
Memory consumption went from 162.9 MB to 153.1 MB.
Total: 11.759200 ms (FindLiveObjects: 0.885800 ms CreateObjectMapping: 0.888900 ms MarkObjects: 4.357600 ms  DeleteObjects: 5.625800 ms)

Prepare: number of updated asset objects reloaded= 0
========================================================================
Received Prepare
Begin MonoManager ReloadAssembly
[Licensing::Client] Successfully resolved entitlement details
[Licensing::Module] License group:
  Id: F4-NMTP-SXWG-HN24-U9HH-XXXX
  Product: Unity Personal
  Type: ULF
  Expiration: 2025-12-08T11:30:55Z
[Licensing::Module] License group:
  Id: ewogICJzdWJzR3JvdXAiIDogInVuaXR5IGVkaXRvciIsCiAgIm5hbWVzcGFjZSIgOiAidW5pdHlfZWRpdG9yIiwKICAidHlwZSIgOiAiRURJVE9SIiwKICAidGFnIiA6ICJVbml0eVBlcnNvbmFsXXXX
  Product: Unity Personal Version
  Type: Assigned
  Expiration: Unlimited
- Loaded All Assemblies, in  0.785 seconds
Refreshing native plugins compatible for Editor in 3.15 ms, found 4 plugins.
Native extension for WindowsStandalone target not found
[Package Manager] Failed to launch server process. Reason: Unity was launched with the -noUpm command-line argument
[Package Manager] Unable to send message (not connected to server process).
[Package Manager] Cannot connect to Unity Package Manager local server
Mono: successfully reloaded assembly
- Finished resetting the current domain, in  0.813 seconds
Domain Reload Profiling: 1599ms
	BeginReloadAssembly (242ms)
		ExecutionOrderSort (0ms)
		DisableScriptedObjects (16ms)
		BackupInstance (0ms)
		ReleaseScriptingObjects (0ms)
		CreateAndSetChildDomain (62ms)
	RebuildCommonClasses (36ms)
	RebuildNativeTypeToScriptingClass (13ms)
	initialDomainReloadingComplete (23ms)
	LoadAllAssembliesAndSetupDomain (472ms)
		LoadAssemblies (363ms)
		RebuildTransferFunctionScriptingTraits (0ms)
		AnalyzeDomain (218ms)
			TypeCache.Refresh (5ms)
				TypeCache.ScanAssembly (0ms)
			BuildScriptInfoCaches (199ms)
			ResolveRequiredComponents (9ms)
	FinalizeReload (814ms)
		ReleaseScriptCaches (0ms)
		RebuildScriptCaches (0ms)
		SetupLoadedEditorAssemblies (672ms)
			LogAssemblyErrors (0ms)
			InitializePlatformSupportModulesInManaged (1ms)
			SetLoadedEditorAssemblies (6ms)
			BeforeProcessingInitializeOnLoad (187ms)
			ProcessInitializeOnLoadAttributes (405ms)
			ProcessInitializeOnLoadMethodAttributes (69ms)
			AfterProcessingInitializeOnLoad (3ms)
			EditorAssembliesLoaded (0ms)
		ExecutionOrderSort2 (0ms)
		AwakeInstancesAfterBackupRestoration (13ms)
Refreshing native plugins compatible for Editor in 2.70 ms, found 4 plugins.
Preloading 0 native plugins for Editor in 0.00 ms.
Unloading 35 Unused Serialized files (Serialized files now loaded: 0)
Unloading 7541 unused Assets / (9.8 MB). Loaded Objects now: 8420.
Memory consumption went from 162.9 MB to 153.2 MB.
Total: 22.748700 ms (FindLiveObjects: 1.792300 ms CreateObjectMapping: 1.842900 ms MarkObjects: 9.944000 ms  DeleteObjects: 9.168000 ms)

Prepare: number of updated asset objects reloaded= 0
========================================================================
Received Prepare
Begin MonoManager ReloadAssembly
[Licensing::Client] Successfully resolved entitlement details
[Licensing::Module] License group:
  Id: F4-NMTP-SXWG-HN24-U9HH-XXXX
  Product: Unity Personal
  Type: ULF
  Expiration: 2025-12-08T11:30:55Z
[Licensing::Module] License group:
  Id: ewogICJzdWJzR3JvdXAiIDogInVuaXR5IGVkaXRvciIsCiAgIm5hbWVzcGFjZSIgOiAidW5pdHlfZWRpdG9yIiwKICAidHlwZSIgOiAiRURJVE9SIiwKICAidGFnIiA6ICJVbml0eVBlcnNvbmFsXXXX
  Product: Unity Personal Version
  Type: Assigned
  Expiration: Unlimited
- Loaded All Assemblies, in  1.361 seconds
Refreshing native plugins compatible for Editor in 0.85 ms, found 4 plugins.
Native extension for WindowsStandalone target not found
[Package Manager] Failed to launch server process. Reason: Unity was launched with the -noUpm command-line argument
[Package Manager] Unable to send message (not connected to server process).
[Package Manager] Cannot connect to Unity Package Manager local server
Mono: successfully reloaded assembly
- Finished resetting the current domain, in  0.830 seconds
Domain Reload Profiling: 2193ms
	BeginReloadAssembly (607ms)
		ExecutionOrderSort (0ms)
		DisableScriptedObjects (115ms)
		BackupInstance (0ms)
		ReleaseScriptingObjects (1ms)
		CreateAndSetChildDomain (227ms)
	RebuildCommonClasses (41ms)
	RebuildNativeTypeToScriptingClass (10ms)
	initialDomainReloadingComplete (36ms)
	LoadAllAssembliesAndSetupDomain (669ms)
		LoadAssemblies (605ms)
		RebuildTransferFunctionScriptingTraits (0ms)
		AnalyzeDomain (203ms)
			TypeCache.Refresh (7ms)
				TypeCache.ScanAssembly (0ms)
			BuildScriptInfoCaches (180ms)
			ResolveRequiredComponents (10ms)
	FinalizeReload (830ms)
		ReleaseScriptCaches (0ms)
		RebuildScriptCaches (0ms)
		SetupLoadedEditorAssemblies (673ms)
			LogAssemblyErrors (0ms)
			InitializePlatformSupportModulesInManaged (1ms)
			SetLoadedEditorAssemblies (6ms)
			BeforeProcessingInitializeOnLoad (172ms)
			ProcessInitializeOnLoadAttributes (430ms)
			ProcessInitializeOnLoadMethodAttributes (59ms)
			AfterProcessingInitializeOnLoad (4ms)
			EditorAssembliesLoaded (1ms)
		ExecutionOrderSort2 (0ms)
		AwakeInstancesAfterBackupRestoration (19ms)
Refreshing native plugins compatible for Editor in 2.16 ms, found 4 plugins.
Preloading 0 native plugins for Editor in 0.00 ms.
Unloading 35 Unused Serialized files (Serialized files now loaded: 0)
Unloading 7541 unused Assets / (9.8 MB). Loaded Objects now: 8426.
Memory consumption went from 162.9 MB to 153.1 MB.
Total: 25.506300 ms (FindLiveObjects: 1.694400 ms CreateObjectMapping: 1.670100 ms MarkObjects: 11.047900 ms  DeleteObjects: 11.090700 ms)

Prepare: number of updated asset objects reloaded= 0
========================================================================
Received Prepare
Refreshing native plugins compatible for Editor in 3.18 ms, found 4 plugins.
Preloading 0 native plugins for Editor in 0.00 ms.
Unloading 35 Unused Serialized files (Serialized files now loaded: 0)
Unloading 7544 unused Assets / (7.6 MB). Loaded Objects now: 8439.
Memory consumption went from 163.2 MB to 155.6 MB.
Total: 27.681900 ms (FindLiveObjects: 5.127400 ms CreateObjectMapping: 1.064700 ms MarkObjects: 12.063200 ms  DeleteObjects: 9.422900 ms)

Prepare: number of updated asset objects reloaded= 0
========================================================================
Received Prepare
Begin MonoManager ReloadAssembly
[Licensing::Client] Successfully resolved entitlement details
[Licensing::Module] License group:
  Id: F4-NMTP-SXWG-HN24-U9HH-XXXX
  Product: Unity Personal
  Type: ULF
  Expiration: 2025-12-08T13:12:36Z
[Licensing::Module] License group:
  Id: ewogICJzdWJzR3JvdXAiIDogInVuaXR5IGVkaXRvciIsCiAgIm5hbWVzcGFjZSIgOiAidW5pdHlfZWRpdG9yIiwKICAidHlwZSIgOiAiRURJVE9SIiwKICAidGFnIiA6ICJVbml0eVBlcnNvbmFsXXXX
  Product: Unity Personal Version
  Type: Assigned
  Expiration: Unlimited
- Loaded All Assemblies, in  0.818 seconds
Refreshing native plugins compatible for Editor in 0.85 ms, found 4 plugins.
Native extension for WindowsStandalone target not found
[Package Manager] Failed to launch server process. Reason: Unity was launched with the -noUpm command-line argument
[Package Manager] Unable to send message (not connected to server process).
[Package Manager] Cannot connect to Unity Package Manager local server
Mono: successfully reloaded assembly
- Finished resetting the current domain, in  0.840 seconds
Domain Reload Profiling: 1660ms
	BeginReloadAssembly (223ms)
		ExecutionOrderSort (0ms)
		DisableScriptedObjects (13ms)
		BackupInstance (0ms)
		ReleaseScriptingObjects (0ms)
		CreateAndSetChildDomain (62ms)
	RebuildCommonClasses (33ms)
	RebuildNativeTypeToScriptingClass (11ms)
	initialDomainReloadingComplete (25ms)
	LoadAllAssembliesAndSetupDomain (528ms)
		LoadAssemblies (403ms)
		RebuildTransferFunctionScriptingTraits (0ms)
		AnalyzeDomain (218ms)
			TypeCache.Refresh (22ms)
				TypeCache.ScanAssembly (0ms)
			BuildScriptInfoCaches (179ms)
			ResolveRequiredComponents (11ms)
	FinalizeReload (841ms)
		ReleaseScriptCaches (0ms)
		RebuildScriptCaches (0ms)
		SetupLoadedEditorAssemblies (694ms)
			LogAssemblyErrors (0ms)
			InitializePlatformSupportModulesInManaged (1ms)
			SetLoadedEditorAssemblies (6ms)
			BeforeProcessingInitializeOnLoad (170ms)
			ProcessInitializeOnLoadAttributes (436ms)
			ProcessInitializeOnLoadMethodAttributes (78ms)
			AfterProcessingInitializeOnLoad (2ms)
			EditorAssembliesLoaded (0ms)
		ExecutionOrderSort2 (0ms)
		AwakeInstancesAfterBackupRestoration (15ms)
Refreshing native plugins compatible for Editor in 1.77 ms, found 4 plugins.
Preloading 0 native plugins for Editor in 0.00 ms.
Unloading 35 Unused Serialized files (Serialized files now loaded: 0)
Unloading 7554 unused Assets / (8.4 MB). Loaded Objects now: 8445.
Memory consumption went from 163.1 MB to 154.7 MB.
Total: 12.374400 ms (FindLiveObjects: 0.860300 ms CreateObjectMapping: 0.519100 ms MarkObjects: 4.702700 ms  DeleteObjects: 6.291000 ms)

Prepare: number of updated asset objects reloaded= 0
========================================================================
Received Prepare
Begin MonoManager ReloadAssembly
- Loaded All Assemblies, in  0.712 seconds
Refreshing native plugins compatible for Editor in 0.77 ms, found 4 plugins.
Assertion failed on expression: 'pred(*previous, *i)'
Assertion failed on expression: 'pred(*previous, *i)'
Assertion failed on expression: 'pred(*previous, *i)'
Assertion failed on expression: 'pred(*previous, *i)'
Assertion failed on expression: 'pred(*previous, *i)'
Assertion failed on expression: 'pred(*previous, *i)'
Assertion failed on expression: 'pred(*previous, *i)'
Assertion failed on expression: 'pred(*previous, *i)'
Assertion failed on expression: 'pred(*previous, *i)'
Assertion failed on expression: 'pred(*previous, *i)'
Native extension for WindowsStandalone target not found
[Package Manager] Failed to launch server process. Reason: Unity was launched with the -noUpm command-line argument
[Package Manager] Unable to send message (not connected to server process).
[Package Manager] Cannot connect to Unity Package Manager local server
Mono: successfully reloaded assembly
- Finished resetting the current domain, in  0.776 seconds
Domain Reload Profiling: 1489ms
	BeginReloadAssembly (212ms)
		ExecutionOrderSort (0ms)
		DisableScriptedObjects (13ms)
		BackupInstance (0ms)
		ReleaseScriptingObjects (0ms)
		CreateAndSetChildDomain (54ms)
	RebuildCommonClasses (31ms)
	RebuildNativeTypeToScriptingClass (13ms)
	initialDomainReloadingComplete (24ms)
	LoadAllAssembliesAndSetupDomain (432ms)
		LoadAssemblies (346ms)
		RebuildTransferFunctionScriptingTraits (0ms)
		AnalyzeDomain (174ms)
			TypeCache.Refresh (5ms)
				TypeCache.ScanAssembly (0ms)
			BuildScriptInfoCaches (156ms)
			ResolveRequiredComponents (9ms)
	FinalizeReload (777ms)
		ReleaseScriptCaches (0ms)
		RebuildScriptCaches (0ms)
		SetupLoadedEditorAssemblies (641ms)
			LogAssemblyErrors (0ms)
			InitializePlatformSupportModulesInManaged (1ms)
			SetLoadedEditorAssemblies (7ms)
			BeforeProcessingInitializeOnLoad (208ms)
			ProcessInitializeOnLoadAttributes (363ms)
			ProcessInitializeOnLoadMethodAttributes (58ms)
			AfterProcessingInitializeOnLoad (4ms)
			EditorAssembliesLoaded (0ms)
		ExecutionOrderSort2 (0ms)
		AwakeInstancesAfterBackupRestoration (16ms)
Refreshing native plugins compatible for Editor in 4.44 ms, found 4 plugins.
Preloading 0 native plugins for Editor in 0.00 ms.
Unloading 35 Unused Serialized files (Serialized files now loaded: 0)
Unloading 7554 unused Assets / (9.8 MB). Loaded Objects now: 8451.
Memory consumption went from 163.2 MB to 153.4 MB.
Total: 22.724400 ms (FindLiveObjects: 1.598500 ms CreateObjectMapping: 1.557900 ms MarkObjects: 9.514100 ms  DeleteObjects: 10.051900 ms)

Prepare: number of updated asset objects reloaded= 0
========================================================================
Received Prepare
Begin MonoManager ReloadAssembly
- Loaded All Assemblies, in  0.680 seconds
Refreshing native plugins compatible for Editor in 0.86 ms, found 4 plugins.
Assertion failed on expression: 'pred(*previous, *i)'
Assertion failed on expression: 'pred(*previous, *i)'
Assertion failed on expression: 'pred(*previous, *i)'
Assertion failed on expression: 'pred(*previous, *i)'
Assertion failed on expression: 'pred(*previous, *i)'
Assertion failed on expression: 'pred(*previous, *i)'
Assertion failed on expression: 'pred(*previous, *i)'
Assertion failed on expression: 'pred(*previous, *i)'
Assertion failed on expression: 'pred(*previous, *i)'
Assertion failed on expression: 'pred(*previous, *i)'
Native extension for WindowsStandalone target not found
[Package Manager] Failed to launch server process. Reason: Unity was launched with the -noUpm command-line argument
[Package Manager] Unable to send message (not connected to server process).
[Package Manager] Cannot connect to Unity Package Manager local server
Mono: successfully reloaded assembly
- Finished resetting the current domain, in  0.702 seconds
Domain Reload Profiling: 1383ms
	BeginReloadAssembly (190ms)
		ExecutionOrderSort (0ms)
		DisableScriptedObjects (12ms)
		BackupInstance (0ms)
		ReleaseScriptingObjects (0ms)
		CreateAndSetChildDomain (48ms)
	RebuildCommonClasses (31ms)
	RebuildNativeTypeToScriptingClass (10ms)
	initialDomainReloadingComplete (19ms)
	LoadAllAssembliesAndSetupDomain (431ms)
		LoadAssemblies (324ms)
		RebuildTransferFunctionScriptingTraits (0ms)
		AnalyzeDomain (190ms)
			TypeCache.Refresh (5ms)
				TypeCache.ScanAssembly (0ms)
			BuildScriptInfoCaches (172ms)
			ResolveRequiredComponents (9ms)
	FinalizeReload (702ms)
		ReleaseScriptCaches (0ms)
		RebuildScriptCaches (0ms)
		SetupLoadedEditorAssemblies (565ms)
			LogAssemblyErrors (0ms)
			InitializePlatformSupportModulesInManaged (2ms)
			SetLoadedEditorAssemblies (7ms)
			BeforeProcessingInitializeOnLoad (167ms)
			ProcessInitializeOnLoadAttributes (337ms)
			ProcessInitializeOnLoadMethodAttributes (50ms)
			AfterProcessingInitializeOnLoad (2ms)
			EditorAssembliesLoaded (0ms)
		ExecutionOrderSort2 (0ms)
		AwakeInstancesAfterBackupRestoration (13ms)
Refreshing native plugins compatible for Editor in 3.62 ms, found 4 plugins.
Preloading 0 native plugins for Editor in 0.00 ms.
Unloading 35 Unused Serialized files (Serialized files now loaded: 0)
Unloading 7554 unused Assets / (8.1 MB). Loaded Objects now: 8457.
Memory consumption went from 163.2 MB to 155.1 MB.
Total: 19.220400 ms (FindLiveObjects: 1.508500 ms CreateObjectMapping: 1.464500 ms MarkObjects: 8.362300 ms  DeleteObjects: 7.883000 ms)

Prepare: number of updated asset objects reloaded= 0
========================================================================
Received Import Request.
  Time since last request: 18097.737351 seconds.
  path: Assets/Art/equip/New Shader Graph.shadergraph
  artifactKey: Guid(b6aa1c69594dbbb47a100039e511c8f6) Importer(2089858483,192608db42251d675da83286b1cce702)
Start importing Assets/Art/equip/New Shader Graph.shadergraph using Guid(b6aa1c69594dbbb47a100039e511c8f6) Importer(2089858483,192608db42251d675da83286b1cce702) (ScriptedImporter) -> (artifact id: '70192febeaa354ca508246da95a27362') in 6.0068392 seconds
Number of updated asset objects reloaded before import = 0Number of asset objects unloaded after import = 3

========================================================================
Received Import Request.
  Time since last request: 0.000029 seconds.
  path: Assets/Art/MINIFANTASY - Crafting and Professions I/Animations/Humanoids/Elf/Elf_WoodworkBenchWorking.anim
  artifactKey: Guid(e18ded5d4f36ac64d8e09ec6e16a8cec) Importer(2089858483,192608db42251d675da83286b1cce702)
Start importing Assets/Art/MINIFANTASY - Crafting and Professions I/Animations/Humanoids/Elf/Elf_WoodworkBenchWorking.anim using Guid(e18ded5d4f36ac64d8e09ec6e16a8cec) Importer(2089858483,192608db42251d675da83286b1cce702) (ScriptedImporter) -> (artifact id: 'da2540fb1ac4301155318c1b186ba4fe') in 0.0398908 seconds
Number of updated asset objects reloaded before import = 0Number of asset objects unloaded after import = 1

========================================================================
Received Import Request.
  Time since last request: 0.000030 seconds.
  path: Assets/Art/MINIFANTASY - Crafting and Professions I/Sprites/Rogue/General_Animations/Shadows/Rogue_IdleShadow.png
  artifactKey: Guid(3d43f09fc0dee49468d6a13402ed4d26) Importer(2089858483,192608db42251d675da83286b1cce702)
Start importing Assets/Art/MINIFANTASY - Crafting and Professions I/Sprites/Rogue/General_Animations/Shadows/Rogue_IdleShadow.png using Guid(3d43f09fc0dee49468d6a13402ed4d26) Importer(2089858483,192608db42251d675da83286b1cce702) (ScriptedImporter) -> (artifact id: '71c4a8b4a2278dc78979b715794de457') in 0.3529935 seconds
Number of updated asset objects reloaded before import = 0Number of asset objects unloaded after import = 66

========================================================================
Received Import Request.
  Time since last request: 0.000029 seconds.
  path: Assets/Art/MINIFANTASY - Crafting and Professions I/Sprites/Rogue/Special_Animations/Throw Bomb/Shadows
  artifactKey: Guid(46e803193aa5d0442937709275d7883e) Importer(2089858483,192608db42251d675da83286b1cce702)
Start importing Assets/Art/MINIFANTASY - Crafting and Professions I/Sprites/Rogue/Special_Animations/Throw Bomb/Shadows using Guid(46e803193aa5d0442937709275d7883e) Importer(2089858483,192608db42251d675da83286b1cce702) (ScriptedImporter) -> (artifact id: '5b721ee5b9fb0e5c54d965e3519da1df') in 0.0112167 seconds
Number of updated asset objects reloaded before import = 0Number of asset objects unloaded after import = 1

========================================================================
Received Import Request.
  Time since last request: 0.000044 seconds.
  path: Assets/Art/MINIFANTASY - Crafting and Professions I/Animations/Humanoids/Halfling/Halfling_AnvilWorking.anim
  artifactKey: Guid(e62bbc8eea055d346aadc105f63b43ad) Importer(2089858483,192608db42251d675da83286b1cce702)
Start importing Assets/Art/MINIFANTASY - Crafting and Professions I/Animations/Humanoids/Halfling/Halfling_AnvilWorking.anim using Guid(e62bbc8eea055d346aadc105f63b43ad) Importer(2089858483,192608db42251d675da83286b1cce702) (ScriptedImporter) -> (artifact id: '5195def428fdb09a95c622f10c8c1185') in 0.0467125 seconds
Number of updated asset objects reloaded before import = 0Number of asset objects unloaded after import = 1

========================================================================
Received Import Request.
  Time since last request: 0.000025 seconds.
  path: Assets/Art/MINIFANTASY - Crafting and Professions I/Sprites/Druid/Special_Animations/Root_Summoning/GIFs/Druid_RootSpell.gif
  artifactKey: Guid(e5fda7d65a58a814cbb26bb5dfc64e38) Importer(2089858483,192608db42251d675da83286b1cce702)
Start importing Assets/Art/MINIFANTASY - Crafting and Professions I/Sprites/Druid/Special_Animations/Root_Summoning/GIFs/Druid_RootSpell.gif using Guid(e5fda7d65a58a814cbb26bb5dfc64e38) Importer(2089858483,192608db42251d675da83286b1cce702) (ScriptedImporter) -> (artifact id: '5e3f8adda3af134bc7cd1f2aabd8853a') in 0.0607688 seconds
Number of updated asset objects reloaded before import = 0Number of asset objects unloaded after import = 3

========================================================================
Received Import Request.
  Time since last request: 0.000029 seconds.
  path: Assets/Art/MINIFANTASY - Crafting and Professions I/Sprites/Barbarian/General_Animations/Shadows
  artifactKey: Guid(51d1d88aec28489489afb4b2afad2f7c) Importer(2089858483,192608db42251d675da83286b1cce702)
Start importing Assets/Art/MINIFANTASY - Crafting and Professions I/Sprites/Barbarian/General_Animations/Shadows using Guid(51d1d88aec28489489afb4b2afad2f7c) Importer(2089858483,192608db42251d675da83286b1cce702) (ScriptedImporter) -> (artifact id: '32c46d560ef46ce265fbd43216ada6b3') in 0.0066029 seconds
Number of updated asset objects reloaded before import = 0Number of asset objects unloaded after import = 1

========================================================================
Received Import Request.
  Time since last request: 0.000035 seconds.
  path: Assets/Art/MINIFANTASY - Crafting and Professions I/Animations/Props/Trees/Willow
  artifactKey: Guid(9bbcd823a38459442a33b4476aa95223) Importer(2089858483,192608db42251d675da83286b1cce702)
Start importing Assets/Art/MINIFANTASY - Crafting and Professions I/Animations/Props/Trees/Willow using Guid(9bbcd823a38459442a33b4476aa95223) Importer(2089858483,192608db42251d675da83286b1cce702) (ScriptedImporter) -> (artifact id: '0780037b830e2e403defea28fd32e5f1') in 0.0116804 seconds
Number of updated asset objects reloaded before import = 0Number of asset objects unloaded after import = 1

========================================================================
Received Import Request.
  Time since last request: 0.000023 seconds.
  path: Assets/Art/MINIFANTASY - Crafting and Professions I/Sprites/Rogue/Special_Animations/Throw Bomb/GIFs/Rogue_ThrowBomb.gif
  artifactKey: Guid(a5605eed6826331499285955da8a6b3a) Importer(2089858483,192608db42251d675da83286b1cce702)
Start importing Assets/Art/MINIFANTASY - Crafting and Professions I/Sprites/Rogue/Special_Animations/Throw Bomb/GIFs/Rogue_ThrowBomb.gif using Guid(a5605eed6826331499285955da8a6b3a) Importer(2089858483,192608db42251d675da83286b1cce702) (ScriptedImporter) -> (artifact id: '8f419b2ed3a6087f0048791c582f0733') in 0.0330224 seconds
Number of updated asset objects reloaded before import = 0Number of asset objects unloaded after import = 3

========================================================================
Received Import Request.
  Time since last request: 0.000026 seconds.
  path: Assets/Art/MINIFANTASY - Crafting and Professions I/Sprites/Crafting Professions/Tailor/Spinning Wheel
  artifactKey: Guid(1602f2ab364b0054f8e2632fd135e0f1) Importer(2089858483,192608db42251d675da83286b1cce702)
Start importing Assets/Art/MINIFANTASY - Crafting and Professions I/Sprites/Crafting Professions/Tailor/Spinning Wheel using Guid(1602f2ab364b0054f8e2632fd135e0f1) Importer(2089858483,192608db42251d675da83286b1cce702) (ScriptedImporter) -> (artifact id: '3fdbfc4deaf32a966377e564934646bd') in 0.0055203 seconds
Number of updated asset objects reloaded before import = 0Number of asset objects unloaded after import = 1

========================================================================
Received Import Request.
  Time since last request: 0.000021 seconds.
  path: Assets/Art/MINIFANTASY - Crafting and Professions I/Sprites/Druid/Special_Animations/Shape_Shifting/Forest_Beast
  artifactKey: Guid(bb5d166fad5f210498178b1299044384) Importer(2089858483,192608db42251d675da83286b1cce702)
Start importing Assets/Art/MINIFANTASY - Crafting and Professions I/Sprites/Druid/Special_Animations/Shape_Shifting/Forest_Beast using Guid(bb5d166fad5f210498178b1299044384) Importer(2089858483,192608db42251d675da83286b1cce702) (ScriptedImporter) -> (artifact id: 'c9049db5688c4f0435fa855285a14341') in 0.0078639 seconds
Number of updated asset objects reloaded before import = 0Number of asset objects unloaded after import = 1

========================================================================
Received Import Request.
  Time since last request: 0.000039 seconds.
  path: Assets/Art/MINIFANTASY - Crafting and Professions I/Sprites/Druid/Special_Animations/Shape_Shifting/Forest_Beast/Shadows/ForestBeast_IdleShadow.png
  artifactKey: Guid(e9bbfa2c1bd89ba4aa29087ba158cd2c) Importer(2089858483,192608db42251d675da83286b1cce702)
Start importing Assets/Art/MINIFANTASY - Crafting and Professions I/Sprites/Druid/Special_Animations/Shape_Shifting/Forest_Beast/Shadows/ForestBeast_IdleShadow.png using Guid(e9bbfa2c1bd89ba4aa29087ba158cd2c) Importer(2089858483,192608db42251d675da83286b1cce702) (ScriptedImporter) -> (artifact id: '6fd60b32e8ea3b43b0ab501168afb347') in 0.157632 seconds
Number of updated asset objects reloaded before import = 0Number of asset objects unloaded after import = 46

========================================================================
Received Import Request.
  Time since last request: 0.000020 seconds.
  path: Assets/Art/MINIFANTASY - Crafting and Professions I/Scripts/Prop Variants/CP1_HerbPickup.cs
  artifactKey: Guid(22a4d2b94dbb3ce46b6cfeef41e9cc6c) Importer(2089858483,192608db42251d675da83286b1cce702)
Start importing Assets/Art/MINIFANTASY - Crafting and Professions I/Scripts/Prop Variants/CP1_HerbPickup.cs using Guid(22a4d2b94dbb3ce46b6cfeef41e9cc6c) Importer(2089858483,192608db42251d675da83286b1cce702) (ScriptedImporter) -> (artifact id: '858f2706e01515c8625329e85bd235d4') in 0.0079586 seconds
Number of updated asset objects reloaded before import = 0Number of asset objects unloaded after import = 0

========================================================================
Received Import Request.
  Time since last request: 0.000027 seconds.
  path: Assets/Art/MINIFANTASY - Crafting and Professions I/Animations/Humanoids/Human
  artifactKey: Guid(9a4763e8ce87e3a489397cc93159c26d) Importer(2089858483,192608db42251d675da83286b1cce702)
Start importing Assets/Art/MINIFANTASY - Crafting and Professions I/Animations/Humanoids/Human using Guid(9a4763e8ce87e3a489397cc93159c26d) Importer(2089858483,192608db42251d675da83286b1cce702) (ScriptedImporter) -> (artifact id: '2756c80ada4395ab23f48bd12bf5e4d4') in 0.008143 seconds
Number of updated asset objects reloaded before import = 0Number of asset objects unloaded after import = 1

========================================================================
Received Import Request.
  Time since last request: 0.000035 seconds.
  path: Assets/Art/MINIFANTASY - Crafting and Professions I/Animations/Props/Trees/Willow/WillowTree_Hit_SW.anim
  artifactKey: Guid(dab85b662fe831b4f9828319391997cb) Importer(2089858483,192608db42251d675da83286b1cce702)
Start importing Assets/Art/MINIFANTASY - Crafting and Professions I/Animations/Props/Trees/Willow/WillowTree_Hit_SW.anim using Guid(dab85b662fe831b4f9828319391997cb) Importer(2089858483,192608db42251d675da83286b1cce702) (ScriptedImporter) -> (artifact id: 'afc3ebbf21ce42f1ae89a683805c3e59') in 0.0148962 seconds
Number of updated asset objects reloaded before import = 0Number of asset objects unloaded after import = 1

========================================================================
Received Import Request.
  Time since last request: 0.000349 seconds.
  path: Assets/Art/MINIFANTASY - Crafting and Professions I/Animations/Props/Trees/Hickory/HickoryTree_Hit_SW.anim
  artifactKey: Guid(5254afff3f3457e489913b492d334979) Importer(2089858483,192608db42251d675da83286b1cce702)
Start importing Assets/Art/MINIFANTASY - Crafting and Professions I/Animations/Props/Trees/Hickory/HickoryTree_Hit_SW.anim using Guid(5254afff3f3457e489913b492d334979) Importer(2089858483,192608db42251d675da83286b1cce702) (ScriptedImporter) -> (artifact id: 'a3f4b20a97e48e13982bb2184ad6f394') in 0.0174121 seconds
Number of updated asset objects reloaded before import = 0Number of asset objects unloaded after import = 1

========================================================================
Received Import Request.
  Time since last request: 0.000023 seconds.
  path: Assets/Art/MINIFANTASY - Crafting and Professions I/Sprites/Barbarian/Special_Animations/Throw_Things/Shadows/Barbarian_ThrowThingsShadow.png
  artifactKey: Guid(0c8b4f21583537a46b6e5467b9379c3a) Importer(2089858483,192608db42251d675da83286b1cce702)
Start importing Assets/Art/MINIFANTASY - Crafting and Professions I/Sprites/Barbarian/Special_Animations/Throw_Things/Shadows/Barbarian_ThrowThingsShadow.png using Guid(0c8b4f21583537a46b6e5467b9379c3a) Importer(2089858483,192608db42251d675da83286b1cce702) (ScriptedImporter) -> (artifact id: '4df004af31054b1f5c729661de57fa94') in 0.2566261 seconds
Number of updated asset objects reloaded before import = 0Number of asset objects unloaded after import = 66

========================================================================
Received Import Request.
  Time since last request: 0.000032 seconds.
  path: Assets/Art/MINIFANTASY - Crafting and Professions I/Sprites/Gathering Professions/Mining/Characters/DwarfShadow_Mining.png
  artifactKey: Guid(50af720a39d029f4e89441b82086f665) Importer(2089858483,192608db42251d675da83286b1cce702)
Start importing Assets/Art/MINIFANTASY - Crafting and Professions I/Sprites/Gathering Professions/Mining/Characters/DwarfShadow_Mining.png using Guid(50af720a39d029f4e89441b82086f665) Importer(2089858483,192608db42251d675da83286b1cce702) (ScriptedImporter) -> (artifact id: '763e8c1a532334b19ed693572d627d50') in 0.0845216 seconds
Number of updated asset objects reloaded before import = 0Number of asset objects unloaded after import = 26

========================================================================
Received Import Request.
  Time since last request: 0.000029 seconds.
  path: Assets/Art/MINIFANTASY - Crafting and Professions I/Animations/Humanoids/Goblin/Goblin_Harvest_SE.anim
  artifactKey: Guid(4f2aab9c5255ac645924dd80b884bb1d) Importer(2089858483,192608db42251d675da83286b1cce702)
Start importing Assets/Art/MINIFANTASY - Crafting and Professions I/Animations/Humanoids/Goblin/Goblin_Harvest_SE.anim using Guid(4f2aab9c5255ac645924dd80b884bb1d) Importer(2089858483,192608db42251d675da83286b1cce702) (ScriptedImporter) -> (artifact id: '527c7107e55e80429b8f8f7544d6b658') in 0.0091169 seconds
Number of updated asset objects reloaded before import = 0Number of asset objects unloaded after import = 1

========================================================================
Received Import Request.
  Time since last request: 0.000016 seconds.
  path: Assets/Art/MINIFANTASY - Crafting and Professions I/Prefabs/Characters/Human.prefab
  artifactKey: Guid(21e694c0f5e50b34e932579bcde86d73) Importer(2089858483,192608db42251d675da83286b1cce702)
Start importing Assets/Art/MINIFANTASY - Crafting and Professions I/Prefabs/Characters/Human.prefab using Guid(21e694c0f5e50b34e932579bcde86d73) Importer(2089858483,192608db42251d675da83286b1cce702) (ScriptedImporter) -> (artifact id: '24f87f2160a385e9cdfe70b1abbe86ef') in 0.0302417 seconds
Number of updated asset objects reloaded before import = 0Number of asset objects unloaded after import = 15

========================================================================
Received Import Request.
  Time since last request: 0.000020 seconds.
  path: Assets/Art/MINIFANTASY - Crafting and Professions I/Animations/Humanoids/Halfling/Halfling_Chopping_NW.anim
  artifactKey: Guid(ff57e4d8870dc7e41bcc66a86e042a75) Importer(2089858483,192608db42251d675da83286b1cce702)
Start importing Assets/Art/MINIFANTASY - Crafting and Professions I/Animations/Humanoids/Halfling/Halfling_Chopping_NW.anim using Guid(ff57e4d8870dc7e41bcc66a86e042a75) Importer(2089858483,192608db42251d675da83286b1cce702) (ScriptedImporter) -> (artifact id: '2986b82179694e1f9aa45d8ada39bc9f') in 0.0100548 seconds
Number of updated asset objects reloaded before import = 0Number of asset objects unloaded after import = 1

========================================================================
Received Import Request.
  Time since last request: 0.000023 seconds.
  path: Assets/Art/MINIFANTASY - Crafting and Professions I/Sprites/Crafting Professions/Blacksmith/Anvil/Characters/Elf_AnvilWorking.png
  artifactKey: Guid(390b35472dd0c96479889f4ac77d47d2) Importer(2089858483,192608db42251d675da83286b1cce702)
Start importing Assets/Art/MINIFANTASY - Crafting and Professions I/Sprites/Crafting Professions/Blacksmith/Anvil/Characters/Elf_AnvilWorking.png using Guid(390b35472dd0c96479889f4ac77d47d2) Importer(2089858483,192608db42251d675da83286b1cce702) (ScriptedImporter) -> (artifact id: '390154d9d804b7791f1799135696f482') in 0.046552 seconds
Number of updated asset objects reloaded before import = 0Number of asset objects unloaded after import = 8

========================================================================
Received Import Request.
  Time since last request: 0.000024 seconds.
  path: Assets/Art/MINIFANTASY - Crafting and Professions I/Sprites/Druid/Special_Animations/Shape_Shifting/Forest_Beast/Druid_ShapeShiftForestBeastToHuman.png
  artifactKey: Guid(0621396216f99f2448777a74fd051657) Importer(2089858483,192608db42251d675da83286b1cce702)
Start importing Assets/Art/MINIFANTASY - Crafting and Professions I/Sprites/Druid/Special_Animations/Shape_Shifting/Forest_Beast/Druid_ShapeShiftForestBeastToHuman.png using Guid(0621396216f99f2448777a74fd051657) Importer(2089858483,192608db42251d675da83286b1cce702) (ScriptedImporter) -> (artifact id: '77d85151f0d260689fdc9553b1ca1c55') in 0.0752759 seconds
Number of updated asset objects reloaded before import = 0Number of asset objects unloaded after import = 17

========================================================================
Received Import Request.
  Time since last request: 0.000037 seconds.
  path: Assets/Art/MINIFANTASY - Crafting and Professions I/Sprites/Rogue/General_Animations/GIFs/Rogue_Die.gif
  artifactKey: Guid(f10a15fe1cfff00408a1ab72abe20b7b) Importer(2089858483,192608db42251d675da83286b1cce702)
Start importing Assets/Art/MINIFANTASY - Crafting and Professions I/Sprites/Rogue/General_Animations/GIFs/Rogue_Die.gif using Guid(f10a15fe1cfff00408a1ab72abe20b7b) Importer(2089858483,192608db42251d675da83286b1cce702) (ScriptedImporter) -> (artifact id: '2bb1f25d71f490d86696c1da74f77796') in 0.0199554 seconds
Number of updated asset objects reloaded before import = 0Number of asset objects unloaded after import = 3

========================================================================
Received Import Request.
  Time since last request: 0.000030 seconds.
  path: Assets/Art/MINIFANTASY - Crafting and Professions I/Animations/Props/Tailor/Loom_AnimatorOverrideController.overrideController
  artifactKey: Guid(d291c83ee1021a746baab027fc66f34f) Importer(2089858483,192608db42251d675da83286b1cce702)
Start importing Assets/Art/MINIFANTASY - Crafting and Professions I/Animations/Props/Tailor/Loom_AnimatorOverrideController.overrideController using Guid(d291c83ee1021a746baab027fc66f34f) Importer(2089858483,192608db42251d675da83286b1cce702) (ScriptedImporter) -> (artifact id: '3f17ac94baf3eef853e5cc4d3861127e') in 0.0124463 seconds
Number of updated asset objects reloaded before import = 0Number of asset objects unloaded after import = 8

========================================================================
Received Import Request.
  Time since last request: 0.000017 seconds.
  path: Assets/Art/MINIFANTASY - Crafting and Professions I/Sprites/Barbarian/Special_Animations/Guard
  artifactKey: Guid(1d484093b5f0e29429311f2610ab9767) Importer(2089858483,192608db42251d675da83286b1cce702)
Start importing Assets/Art/MINIFANTASY - Crafting and Professions I/Sprites/Barbarian/Special_Animations/Guard using Guid(1d484093b5f0e29429311f2610ab9767) Importer(2089858483,192608db42251d675da83286b1cce702) (ScriptedImporter) -> (artifact id: '62ed82c18e0cbb30ec9173fc2ab707c0') in 0.0053705 seconds
Number of updated asset objects reloaded before import = 0Number of asset objects unloaded after import = 1

========================================================================
Received Import Request.
  Time since last request: 0.000023 seconds.
  path: Assets/Scripts/EquipmentSystem/Runtime/EquipmentRenderer.cs
  artifactKey: Guid(eaa6552a27abf1a4e88046d3e6a2d23a) Importer(2089858483,192608db42251d675da83286b1cce702)
Start importing Assets/Scripts/EquipmentSystem/Runtime/EquipmentRenderer.cs using Guid(eaa6552a27abf1a4e88046d3e6a2d23a) Importer(2089858483,192608db42251d675da83286b1cce702) (ScriptedImporter) -> (artifact id: '95d550bb020021a9bbd70254b9bdd857') in 0.0081622 seconds
Number of updated asset objects reloaded before import = 0Number of asset objects unloaded after import = 0

========================================================================
Received Import Request.
  Time since last request: 0.000021 seconds.
  path: Assets/Art/MINIFANTASY - Crafting and Professions I/Sprites/Crafting Professions/Woodwork/WorkBench/WoodworkBench_Working.png
  artifactKey: Guid(ab4ed012190fc524ba6cf4c30d691db6) Importer(2089858483,192608db42251d675da83286b1cce702)
Start importing Assets/Art/MINIFANTASY - Crafting and Professions I/Sprites/Crafting Professions/Woodwork/WorkBench/WoodworkBench_Working.png using Guid(ab4ed012190fc524ba6cf4c30d691db6) Importer(2089858483,192608db42251d675da83286b1cce702) (ScriptedImporter) -> (artifact id: '63dc05b61a7a5ae09af1af83653a5981') in 0.0332713 seconds
Number of updated asset objects reloaded before import = 0Number of asset objects unloaded after import = 8

========================================================================
Received Import Request.
  Time since last request: 0.000035 seconds.
  path: Assets/Art/MINIFANTASY - Crafting and Professions I/Animations/Humanoids/Goblin/Goblin_Chopping_NW.anim
  artifactKey: Guid(0c0caa223142be84ca641f4da475ff28) Importer(2089858483,192608db42251d675da83286b1cce702)
Start importing Assets/Art/MINIFANTASY - Crafting and Professions I/Animations/Humanoids/Goblin/Goblin_Chopping_NW.anim using Guid(0c0caa223142be84ca641f4da475ff28) Importer(2089858483,192608db42251d675da83286b1cce702) (ScriptedImporter) -> (artifact id: '541ca833b2a839093baaa7e29879acce') in 0.0117906 seconds
Number of updated asset objects reloaded before import = 0Number of asset objects unloaded after import = 1

========================================================================
Received Import Request.
  Time since last request: 0.000020 seconds.
  path: Assets/Art/MINIFANTASY - Crafting and Professions I/Sprites/Druid/Special_Animations/Shape_Shifting/Forest_Owl/Shadows
  artifactKey: Guid(96e4eb23b1fcc544f86784362e81923a) Importer(2089858483,192608db42251d675da83286b1cce702)
Start importing Assets/Art/MINIFANTASY - Crafting and Professions I/Sprites/Druid/Special_Animations/Shape_Shifting/Forest_Owl/Shadows using Guid(96e4eb23b1fcc544f86784362e81923a) Importer(2089858483,192608db42251d675da83286b1cce702) (ScriptedImporter) -> (artifact id: 'be74c1ccb9097d61304148822ae8b669') in 0.0053228 seconds
Number of updated asset objects reloaded before import = 0Number of asset objects unloaded after import = 1

========================================================================
Received Import Request.
  Time since last request: 0.000030 seconds.
  path: Assets/Art/MINIFANTASY - Crafting and Professions I/Sprites/Crafting Professions/Jewelry/JewelryWorkshop_Working.png
  artifactKey: Guid(5c957359b39f7594fb024c62593e9ab9) Importer(2089858483,192608db42251d675da83286b1cce702)
Start importing Assets/Art/MINIFANTASY - Crafting and Professions I/Sprites/Crafting Professions/Jewelry/JewelryWorkshop_Working.png using Guid(5c957359b39f7594fb024c62593e9ab9) Importer(2089858483,192608db42251d675da83286b1cce702) (ScriptedImporter) -> (artifact id: '5377592caf3282533b6a616b1d4fc310') in 0.0391708 seconds
Number of updated asset objects reloaded before import = 0Number of asset objects unloaded after import = 13

========================================================================
Received Import Request.
  Time since last request: 0.000018 seconds.
  path: Assets/Art/MINIFANTASY - Crafting and Professions I/Sprites/Druid/Special_Animations/Shape_Shifting/Forest_Hound/Shadows/ForestHound_IdleShadow.png
  artifactKey: Guid(5c982fd1cc35b2148a5cd257928e12ae) Importer(2089858483,192608db42251d675da83286b1cce702)
Start importing Assets/Art/MINIFANTASY - Crafting and Professions I/Sprites/Druid/Special_Animations/Shape_Shifting/Forest_Hound/Shadows/ForestHound_IdleShadow.png using Guid(5c982fd1cc35b2148a5cd257928e12ae) Importer(2089858483,192608db42251d675da83286b1cce702) (ScriptedImporter) -> (artifact id: '1987621434f79d30acd6cc6e5e90644f') in 0.1527272 seconds
Number of updated asset objects reloaded before import = 0Number of asset objects unloaded after import = 50

========================================================================
Received Import Request.
  Time since last request: 0.000027 seconds.
  path: Assets/Art/MINIFANTASY - Crafting and Professions I/Animations/Humanoids/Orc
  artifactKey: Guid(d5834b05c952cdc47bd146ef87c3b039) Importer(2089858483,192608db42251d675da83286b1cce702)
Start importing Assets/Art/MINIFANTASY - Crafting and Professions I/Animations/Humanoids/Orc using Guid(d5834b05c952cdc47bd146ef87c3b039) Importer(2089858483,192608db42251d675da83286b1cce702) (ScriptedImporter) -> (artifact id: 'baea7f2877d37626aef3d95f35689b4d') in 0.0054031 seconds
Number of updated asset objects reloaded before import = 0Number of asset objects unloaded after import = 1

========================================================================
Received Import Request.
  Time since last request: 0.000033 seconds.
  path: Assets/Art/MINIFANTASY - Crafting and Professions I/Sprites/Crafting Professions/Jewelry/Character/Goblin_JewelryWorkshopWorking.png
  artifactKey: Guid(ee0d1e80dc4819f4f94fa0bc48a81bcf) Importer(2089858483,192608db42251d675da83286b1cce702)
Start importing Assets/Art/MINIFANTASY - Crafting and Professions I/Sprites/Crafting Professions/Jewelry/Character/Goblin_JewelryWorkshopWorking.png using Guid(ee0d1e80dc4819f4f94fa0bc48a81bcf) Importer(2089858483,192608db42251d675da83286b1cce702) (ScriptedImporter) -> (artifact id: '3b78db332a18b10ce30368da91924d81') in 0.0580204 seconds
Number of updated asset objects reloaded before import = 0Number of asset objects unloaded after import = 13

========================================================================
Received Import Request.
  Time since last request: 0.000017 seconds.
  path: Assets/Art/MINIFANTASY - Crafting and Professions I/Sprites/Rogue/Special_Animations/Throw Bomb/Rogue_BombProjectileFrame1.png
  artifactKey: Guid(d82895f18ffc48042b38699164a03455) Importer(2089858483,192608db42251d675da83286b1cce702)
Start importing Assets/Art/MINIFANTASY - Crafting and Professions I/Sprites/Rogue/Special_Animations/Throw Bomb/Rogue_BombProjectileFrame1.png using Guid(d82895f18ffc48042b38699164a03455) Importer(2089858483,192608db42251d675da83286b1cce702) (ScriptedImporter) -> (artifact id: '9711472346cfe10e56a1b18351ef1c32') in 0.0428677 seconds
Number of updated asset objects reloaded before import = 0Number of asset objects unloaded after import = 11

========================================================================
Received Import Request.
  Time since last request: 0.000018 seconds.
  path: Assets/Art/MINIFANTASY - Crafting and Professions I/Sprites/Druid/Special_Animations/Shape_Shifting/Forest_Hound/Shadows/ForestHound_JumpShadow.png
  artifactKey: Guid(03d4b0b4bf1909944a91561fb2379f54) Importer(2089858483,192608db42251d675da83286b1cce702)
Start importing Assets/Art/MINIFANTASY - Crafting and Professions I/Sprites/Druid/Special_Animations/Shape_Shifting/Forest_Hound/Shadows/ForestHound_JumpShadow.png using Guid(03d4b0b4bf1909944a91561fb2379f54) Importer(2089858483,192608db42251d675da83286b1cce702) (ScriptedImporter) -> (artifact id: '77883e086b94912f80f0603ef0ced23f') in 0.0504479 seconds
Number of updated asset objects reloaded before import = 0Number of asset objects unloaded after import = 18

========================================================================
Received Import Request.
  Time since last request: 0.000018 seconds.
  path: Assets/Art/MINIFANTASY - Crafting and Professions I/Sprites/Druid/General_Animations/Druid_Idle.png
  artifactKey: Guid(0229f9e15f345834e9f253bac5d25c9b) Importer(2089858483,192608db42251d675da83286b1cce702)
Start importing Assets/Art/MINIFANTASY - Crafting and Professions I/Sprites/Druid/General_Animations/Druid_Idle.png using Guid(0229f9e15f345834e9f253bac5d25c9b) Importer(2089858483,192608db42251d675da83286b1cce702) (ScriptedImporter) -> (artifact id: '0b2439c6b3c332e8c3659679e8e9f483') in 0.1653912 seconds
Number of updated asset objects reloaded before import = 0Number of asset objects unloaded after import = 66

========================================================================
Received Import Request.
  Time since last request: 0.000034 seconds.
  path: Assets/Art/MINIFANTASY - Crafting and Professions I/Prefabs/Characters/Goblin.prefab
  artifactKey: Guid(281e5cd17bd3a4942a5e4279d1b2951e) Importer(2089858483,192608db42251d675da83286b1cce702)
Start importing Assets/Art/MINIFANTASY - Crafting and Professions I/Prefabs/Characters/Goblin.prefab using Guid(281e5cd17bd3a4942a5e4279d1b2951e) Importer(2089858483,192608db42251d675da83286b1cce702) (ScriptedImporter) -> (artifact id: '494d63c009d26ba3ce136da530ce0036') in 0.0106239 seconds
Number of updated asset objects reloaded before import = 0Number of asset objects unloaded after import = 15

========================================================================
Received Import Request.
  Time since last request: 0.000020 seconds.
  path: Assets/Art/MINIFANTASY - Crafting and Professions I/Animations/Humanoids/Orc/Orc_Harvest_SW.anim
  artifactKey: Guid(d588c0447a3b04d4cb044c397299445c) Importer(2089858483,192608db42251d675da83286b1cce702)
Start importing Assets/Art/MINIFANTASY - Crafting and Professions I/Animations/Humanoids/Orc/Orc_Harvest_SW.anim using Guid(d588c0447a3b04d4cb044c397299445c) Importer(2089858483,192608db42251d675da83286b1cce702) (ScriptedImporter) -> (artifact id: 'f9986dd3e1d1b60052ef0a39b1e674a4') in 0.0078754 seconds
Number of updated asset objects reloaded before import = 0Number of asset objects unloaded after import = 1

========================================================================
Received Import Request.
  Time since last request: 0.000050 seconds.
  path: Assets/Art/MINIFANTASY - Crafting and Professions I/Animations/Humanoids/Halfling/Halfling_Harvest_SW.anim
  artifactKey: Guid(ee8ca179be14f3b4c834ca19373eaf5d) Importer(2089858483,192608db42251d675da83286b1cce702)
Start importing Assets/Art/MINIFANTASY - Crafting and Professions I/Animations/Humanoids/Halfling/Halfling_Harvest_SW.anim using Guid(ee8ca179be14f3b4c834ca19373eaf5d) Importer(2089858483,192608db42251d675da83286b1cce702) (ScriptedImporter) -> (artifact id: '9c57d439254202dec1a901c438ba8348') in 0.008417 seconds
Number of updated asset objects reloaded before import = 0Number of asset objects unloaded after import = 1

========================================================================
Received Import Request.
  Time since last request: 0.000016 seconds.
  path: Assets/Art/MINIFANTASY - Crafting and Professions I/Animations/Props/Alchemy/Laboratory_Working.anim
  artifactKey: Guid(e790c7bf805f8174d92dff1a16ac53cf) Importer(2089858483,192608db42251d675da83286b1cce702)
Start importing Assets/Art/MINIFANTASY - Crafting and Professions I/Animations/Props/Alchemy/Laboratory_Working.anim using Guid(e790c7bf805f8174d92dff1a16ac53cf) Importer(2089858483,192608db42251d675da83286b1cce702) (ScriptedImporter) -> (artifact id: 'b5712d46f268c4b118f8662ed2a731f5') in 0.0079574 seconds
Number of updated asset objects reloaded before import = 0Number of asset objects unloaded after import = 1

========================================================================
Received Import Request.
  Time since last request: 0.000021 seconds.
  path: Assets/Art/MINIFANTASY - Crafting and Professions I/Sprites/Gathering Professions/Logging/Characters/Shadow_Chopping.png
  artifactKey: Guid(29b185bd3350c2f45a424346ed46a4a1) Importer(2089858483,192608db42251d675da83286b1cce702)
Start importing Assets/Art/MINIFANTASY - Crafting and Professions I/Sprites/Gathering Professions/Logging/Characters/Shadow_Chopping.png using Guid(29b185bd3350c2f45a424346ed46a4a1) Importer(2089858483,192608db42251d675da83286b1cce702) (ScriptedImporter) -> (artifact id: '1cbc09151af043abbc8f8b9a4c4e0871') in 0.0627156 seconds
Number of updated asset objects reloaded before import = 0Number of asset objects unloaded after import = 26

========================================================================
Received Import Request.
  Time since last request: 0.000028 seconds.
  path: Assets/Art/MINIFANTASY - Crafting and Professions I/Animations/Humanoids/Orc/Orc_Chopping_NE.anim
  artifactKey: Guid(e40e57512bd00ca4bb1c8d25201877f6) Importer(2089858483,192608db42251d675da83286b1cce702)
Start importing Assets/Art/MINIFANTASY - Crafting and Professions I/Animations/Humanoids/Orc/Orc_Chopping_NE.anim using Guid(e40e57512bd00ca4bb1c8d25201877f6) Importer(2089858483,192608db42251d675da83286b1cce702) (ScriptedImporter) -> (artifact id: '3a6ce2178e642bf958e698a04c09bc5f') in 0.0088473 seconds
Number of updated asset objects reloaded before import = 0Number of asset objects unloaded after import = 1

========================================================================
Received Import Request.
  Time since last request: 0.000026 seconds.
  path: Assets/Art/MINIFANTASY - Crafting and Professions I/Sprites/Crafting Professions/Woodwork/WorkBench/Character/Goblin_WoodworkBenchWorking.png
  artifactKey: Guid(760b0be25a6b9f54fbc96677d0e82e82) Importer(2089858483,192608db42251d675da83286b1cce702)
Start importing Assets/Art/MINIFANTASY - Crafting and Professions I/Sprites/Crafting Professions/Woodwork/WorkBench/Character/Goblin_WoodworkBenchWorking.png using Guid(760b0be25a6b9f54fbc96677d0e82e82) Importer(2089858483,192608db42251d675da83286b1cce702) (ScriptedImporter) -> (artifact id: '44090341442873318d65549dff98d7b2') in 0.0309511 seconds
Number of updated asset objects reloaded before import = 0Number of asset objects unloaded after import = 8

========================================================================
Received Import Request.
  Time since last request: 0.000020 seconds.
  path: Assets/Art/MINIFANTASY - Crafting and Professions I/Sprites/Crafting Professions/Woodwork/WorkBench/Character/Halfling_WoodworkBenchWorking.png
  artifactKey: Guid(1fd2b6e682d432a4990f76309115f8c0) Importer(2089858483,192608db42251d675da83286b1cce702)
Start importing Assets/Art/MINIFANTASY - Crafting and Professions I/Sprites/Crafting Professions/Woodwork/WorkBench/Character/Halfling_WoodworkBenchWorking.png using Guid(1fd2b6e682d432a4990f76309115f8c0) Importer(2089858483,192608db42251d675da83286b1cce702) (ScriptedImporter) -> (artifact id: '6ae20e345e2baea56a6e383fba43a3c5') in 0.031543 seconds
Number of updated asset objects reloaded before import = 0Number of asset objects unloaded after import = 8

========================================================================
Received Import Request.
  Time since last request: 0.000017 seconds.
  path: Assets/Art/MINIFANTASY - Crafting and Professions I/Sprites/Gathering Professions/Logging/Trees Hit/Gifs/PineTreeHit.gif
  artifactKey: Guid(5f016e6d8e9790148b391ea4e88fdac7) Importer(2089858483,192608db42251d675da83286b1cce702)
Start importing Assets/Art/MINIFANTASY - Crafting and Professions I/Sprites/Gathering Professions/Logging/Trees Hit/Gifs/PineTreeHit.gif using Guid(5f016e6d8e9790148b391ea4e88fdac7) Importer(2089858483,192608db42251d675da83286b1cce702) (ScriptedImporter) -> (artifact id: 'a1961f838536a6952e95dd861db069f8') in 0.0229044 seconds
Number of updated asset objects reloaded before import = 0Number of asset objects unloaded after import = 3

========================================================================
Received Import Request.
  Time since last request: 0.000024 seconds.
  path: Assets/Art/MINIFANTASY - Crafting and Professions I/Sprites/Gathering Professions/Harvesting/FibresPlants.png
  artifactKey: Guid(4fc357101af23374a8eb9f3da4ac0cb5) Importer(2089858483,192608db42251d675da83286b1cce702)
Start importing Assets/Art/MINIFANTASY - Crafting and Professions I/Sprites/Gathering Professions/Harvesting/FibresPlants.png using Guid(4fc357101af23374a8eb9f3da4ac0cb5) Importer(2089858483,192608db42251d675da83286b1cce702) (ScriptedImporter) -> (artifact id: '9608e71c7f554f890a85747a9d57eed5') in 0.0903104 seconds
Number of updated asset objects reloaded before import = 0Number of asset objects unloaded after import = 32

========================================================================
Received Import Request.
  Time since last request: 0.000040 seconds.
  path: Assets/Art/MINIFANTASY - Crafting and Professions I/Sprites/Druid/Special_Animations/Shape_Shifting/Forest_Owl/Shadows/Druid_ShapeShiftForestowlToHumanShadow.png
  artifactKey: Guid(f3ea95d8350c87d4b848d8b5563af646) Importer(2089858483,192608db42251d675da83286b1cce702)
Start importing Assets/Art/MINIFANTASY - Crafting and Professions I/Sprites/Druid/Special_Animations/Shape_Shifting/Forest_Owl/Shadows/Druid_ShapeShiftForestowlToHumanShadow.png using Guid(f3ea95d8350c87d4b848d8b5563af646) Importer(2089858483,192608db42251d675da83286b1cce702) (ScriptedImporter) -> (artifact id: '4e209b44ac64ee18c7555e36bcb28e6e') in 0.0700182 seconds
Number of updated asset objects reloaded before import = 0Number of asset objects unloaded after import = 17

========================================================================
Received Import Request.
  Time since last request: 0.000029 seconds.
  path: Assets/Art/MINIFANTASY - Crafting and Professions I/Sprites/Gathering Professions/Logging/Trees Hit/Gifs/OakTreeHit.gif
  artifactKey: Guid(f06ec69e1ddb6124a92d28f1b7238506) Importer(2089858483,192608db42251d675da83286b1cce702)
Start importing Assets/Art/MINIFANTASY - Crafting and Professions I/Sprites/Gathering Professions/Logging/Trees Hit/Gifs/OakTreeHit.gif using Guid(f06ec69e1ddb6124a92d28f1b7238506) Importer(2089858483,192608db42251d675da83286b1cce702) (ScriptedImporter) -> (artifact id: '70781d4613b613bab1445077f431183c') in 0.0196554 seconds
Number of updated asset objects reloaded before import = 0Number of asset objects unloaded after import = 3

========================================================================
Received Import Request.
  Time since last request: 0.000023 seconds.
  path: Assets/Art/MINIFANTASY - Crafting and Professions I/Sprites/Crafting Professions/Blacksmith
  artifactKey: Guid(a01d74c7698646843882c3ca155513ba) Importer(2089858483,192608db42251d675da83286b1cce702)
Start importing Assets/Art/MINIFANTASY - Crafting and Professions I/Sprites/Crafting Professions/Blacksmith using Guid(a01d74c7698646843882c3ca155513ba) Importer(2089858483,192608db42251d675da83286b1cce702) (ScriptedImporter) -> (artifact id: '4b7a5371f07e0ee0986f0095bc9d4ac6') in 0.006306 seconds
Number of updated asset objects reloaded before import = 0Number of asset objects unloaded after import = 1

========================================================================
Received Import Request.
  Time since last request: 0.000019 seconds.
  path: Assets/Art/MINIFANTASY - Crafting and Professions I/Sprites/Druid/Special_Animations/Shape_Shifting/Forest_Beast/Shadows/Druid_ShapeShiftHumanToForestBeastShadow.png
  artifactKey: Guid(a4c771c627c5ab64b9937e4ff8970a78) Importer(2089858483,192608db42251d675da83286b1cce702)
Start importing Assets/Art/MINIFANTASY - Crafting and Professions I/Sprites/Druid/Special_Animations/Shape_Shifting/Forest_Beast/Shadows/Druid_ShapeShiftHumanToForestBeastShadow.png using Guid(a4c771c627c5ab64b9937e4ff8970a78) Importer(2089858483,192608db42251d675da83286b1cce702) (ScriptedImporter) -> (artifact id: 'd7d0062cfedc7e687f5d8a3400a83ae7') in 0.1265816 seconds
Number of updated asset objects reloaded before import = 0Number of asset objects unloaded after import = 23

========================================================================
Received Import Request.
  Time since last request: 0.000056 seconds.
  path: Assets/Art/MINIFANTASY - Crafting and Professions I/Sprites/Crafting Professions/Alchemy/Characters/Dwarf_LaboratoryWorking.png
  artifactKey: Guid(e9d9bb8c23e577b44923ffa8a4ca4e01) Importer(2089858483,192608db42251d675da83286b1cce702)
Start importing Assets/Art/MINIFANTASY - Crafting and Professions I/Sprites/Crafting Professions/Alchemy/Characters/Dwarf_LaboratoryWorking.png using Guid(e9d9bb8c23e577b44923ffa8a4ca4e01) Importer(2089858483,192608db42251d675da83286b1cce702) (ScriptedImporter) -> (artifact id: '38ea1f77e7a94190046789705e4822b2') in 0.0588719 seconds
Number of updated asset objects reloaded before import = 0Number of asset objects unloaded after import = 13

========================================================================
Received Import Request.
  Time since last request: 0.000030 seconds.
  path: Assets/Art/MINIFANTASY - Crafting and Professions I/Sprites/Crafting Professions/Tailor/TailorPropsShadows.png
  artifactKey: Guid(b1eb4916c77e58e4aa12d42d8d6a5be0) Importer(2089858483,192608db42251d675da83286b1cce702)
Start importing Assets/Art/MINIFANTASY - Crafting and Professions I/Sprites/Crafting Professions/Tailor/TailorPropsShadows.png using Guid(b1eb4916c77e58e4aa12d42d8d6a5be0) Importer(2089858483,192608db42251d675da83286b1cce702) (ScriptedImporter) -> (artifact id: 'ffccf2e65eecea5055a47873a92df0db') in 0.0272535 seconds
Number of updated asset objects reloaded before import = 0Number of asset objects unloaded after import = 4

========================================================================
Received Import Request.
  Time since last request: 0.000018 seconds.
  path: Assets/Art/MINIFANTASY - Crafting and Professions I/Sprites/Druid/Special_Animations/Shape_Shifting/Forest_Hound/ForestHound_Dmg.png
  artifactKey: Guid(dd5fa883ab8701747838aa4bccf740cf) Importer(2089858483,192608db42251d675da83286b1cce702)
Start importing Assets/Art/MINIFANTASY - Crafting and Professions I/Sprites/Druid/Special_Animations/Shape_Shifting/Forest_Hound/ForestHound_Dmg.png using Guid(dd5fa883ab8701747838aa4bccf740cf) Importer(2089858483,192608db42251d675da83286b1cce702) (ScriptedImporter) -> (artifact id: '77d13ddeb8f54611c589a5cbb9b1ecc8') in 0.0545167 seconds
Number of updated asset objects reloaded before import = 0Number of asset objects unloaded after import = 18

========================================================================
Received Import Request.
  Time since last request: 0.000024 seconds.
  path: Assets/Art/MINIFANTASY - Crafting and Professions I/Sprites/Rogue/Special_Animations/Mobility/Rogue_Dodge.png
  artifactKey: Guid(e252d86b41a9ab1419cdb6b655f1ad6d) Importer(2089858483,192608db42251d675da83286b1cce702)
Start importing Assets/Art/MINIFANTASY - Crafting and Professions I/Sprites/Rogue/Special_Animations/Mobility/Rogue_Dodge.png using Guid(e252d86b41a9ab1419cdb6b655f1ad6d) Importer(2089858483,192608db42251d675da83286b1cce702) (ScriptedImporter) -> (artifact id: 'a0d1c7ecf3a6a4aa04bba90e7d052c7e') in 0.1184016 seconds
Number of updated asset objects reloaded before import = 0Number of asset objects unloaded after import = 34

========================================================================
Received Import Request.
  Time since last request: 0.000023 seconds.
  path: Assets/Art/MINIFANTASY - Crafting and Professions I/Prefabs/Props/Gem_Pickup.prefab
  artifactKey: Guid(a4797cccd1dd8d94a8331b2f6ac833f3) Importer(2089858483,192608db42251d675da83286b1cce702)
Start importing Assets/Art/MINIFANTASY - Crafting and Professions I/Prefabs/Props/Gem_Pickup.prefab using Guid(a4797cccd1dd8d94a8331b2f6ac833f3) Importer(2089858483,192608db42251d675da83286b1cce702) (ScriptedImporter) -> (artifact id: '968f2354dff5aa29912bfa932c7ca294') in 0.0908885 seconds
Number of updated asset objects reloaded before import = 0Number of asset objects unloaded after import = 20

========================================================================
Received Import Request.
  Time since last request: 0.000037 seconds.
  path: Assets/Art/MINIFANTASY - Crafting and Professions I/Animations/Humanoids/Dwarf
  artifactKey: Guid(44c5afb132248094bbdd0415fb5ba760) Importer(2089858483,192608db42251d675da83286b1cce702)
Start importing Assets/Art/MINIFANTASY - Crafting and Professions I/Animations/Humanoids/Dwarf using Guid(44c5afb132248094bbdd0415fb5ba760) Importer(2089858483,192608db42251d675da83286b1cce702) (ScriptedImporter) -> (artifact id: '3a5f54e097cca7c3f9b596d65b3b1c6e') in 0.005129 seconds
Number of updated asset objects reloaded before import = 0Number of asset objects unloaded after import = 1

========================================================================
Received Import Request.
  Time since last request: 0.000019 seconds.
  path: Assets/Art/MINIFANTASY - Crafting and Professions I/Sprites/Barbarian/Special_Animations
  artifactKey: Guid(193b8ae8bc5278a43856b59cfc454fe2) Importer(2089858483,192608db42251d675da83286b1cce702)
Start importing Assets/Art/MINIFANTASY - Crafting and Professions I/Sprites/Barbarian/Special_Animations using Guid(193b8ae8bc5278a43856b59cfc454fe2) Importer(2089858483,192608db42251d675da83286b1cce702) (ScriptedImporter) -> (artifact id: '63122b274106828b30cda5b460931d83') in 0.0060781 seconds
Number of updated asset objects reloaded before import = 0Number of asset objects unloaded after import = 1

========================================================================
Received Import Request.
  Time since last request: 0.000037 seconds.
  path: Assets/Art/MINIFANTASY - Crafting and Professions I/Sprites/Crafting Professions/Alchemy/Characters/Elf_LaboratoryWorking.png
  artifactKey: Guid(84a4f53ec0e0c3b4cb102a5e9c1091d7) Importer(2089858483,192608db42251d675da83286b1cce702)
Start importing Assets/Art/MINIFANTASY - Crafting and Professions I/Sprites/Crafting Professions/Alchemy/Characters/Elf_LaboratoryWorking.png using Guid(84a4f53ec0e0c3b4cb102a5e9c1091d7) Importer(2089858483,192608db42251d675da83286b1cce702) (ScriptedImporter) -> (artifact id: '3625522ff21af6e46d19294d43f78fe8') in 0.0544142 seconds
Number of updated asset objects reloaded before import = 0Number of asset objects unloaded after import = 13

========================================================================
Received Import Request.
  Time since last request: 0.000023 seconds.
  path: Assets/Art/MINIFANTASY - Crafting and Professions I/Sprites/Druid/Special_Animations/Shape_Shifting/Forest_Beast/ForestBeast_Attack.png
  artifactKey: Guid(25b029311e6e4ce469f0a44b23730370) Importer(2089858483,192608db42251d675da83286b1cce702)
Start importing Assets/Art/MINIFANTASY - Crafting and Professions I/Sprites/Druid/Special_Animations/Shape_Shifting/Forest_Beast/ForestBeast_Attack.png using Guid(25b029311e6e4ce469f0a44b23730370) Importer(2089858483,192608db42251d675da83286b1cce702) (ScriptedImporter) -> (artifact id: '7a99c0636ce96f375c593371dbab7cc7') in 0.0764445 seconds
Number of updated asset objects reloaded before import = 0Number of asset objects unloaded after import = 22

========================================================================
Received Import Request.
  Time since last request: 0.000024 seconds.
  path: Assets/Art/MINIFANTASY - Crafting and Professions I/Sprites/Gathering Professions/Logging/Trees Hit/Shadows/BirchTreeShadow_Hit.png
  artifactKey: Guid(6ff0087452dd083439ffc383c6387232) Importer(2089858483,192608db42251d675da83286b1cce702)
Start importing Assets/Art/MINIFANTASY - Crafting and Professions I/Sprites/Gathering Professions/Logging/Trees Hit/Shadows/BirchTreeShadow_Hit.png using Guid(6ff0087452dd083439ffc383c6387232) Importer(2089858483,192608db42251d675da83286b1cce702) (ScriptedImporter) -> (artifact id: '726fdd64094c2a7a24a500844c00837d') in 0.0359875 seconds
Number of updated asset objects reloaded before import = 0Number of asset objects unloaded after import = 8

========================================================================
Received Import Request.
  Time since last request: 0.000031 seconds.
  path: Assets/Art/MINIFANTASY - Crafting and Professions I/Sprites/Crafting Professions/Blacksmith/Furnace/Gif
  artifactKey: Guid(eefa860fa8a9d8b4e9aa2ce8cbb30204) Importer(2089858483,192608db42251d675da83286b1cce702)
Start importing Assets/Art/MINIFANTASY - Crafting and Professions I/Sprites/Crafting Professions/Blacksmith/Furnace/Gif using Guid(eefa860fa8a9d8b4e9aa2ce8cbb30204) Importer(2089858483,192608db42251d675da83286b1cce702) (ScriptedImporter) -> (artifact id: '1fa0a1fbcee1b789d6fb14baef003c2a') in 0.0058281 seconds
Number of updated asset objects reloaded before import = 0Number of asset objects unloaded after import = 1

========================================================================
Received Import Request.
  Time since last request: 0.000017 seconds.
  path: Assets/Art/MINIFANTASY - Crafting and Professions I/Sprites/Druid/General_Animations/Shadows/Druid_DieShadow.png
  artifactKey: Guid(b12ee3db7e0d60a428416f74b9f97a8f) Importer(2089858483,192608db42251d675da83286b1cce702)
Start importing Assets/Art/MINIFANTASY - Crafting and Professions I/Sprites/Druid/General_Animations/Shadows/Druid_DieShadow.png using Guid(b12ee3db7e0d60a428416f74b9f97a8f) Importer(2089858483,192608db42251d675da83286b1cce702) (ScriptedImporter) -> (artifact id: 'fdb617c2cd2f5ce9f846c0d49892564d') in 0.0817907 seconds
Number of updated asset objects reloaded before import = 0Number of asset objects unloaded after import = 33

========================================================================
Received Import Request.
  Time since last request: 0.000022 seconds.
  path: Assets/Art/MINIFANTASY - Crafting and Professions I/Animations/Props/Trees/Birch/Birch_AnimatorOverrideController.overrideController
  artifactKey: Guid(b45ecd126dc9b4e4cb16ece8c26cd8bb) Importer(2089858483,192608db42251d675da83286b1cce702)
Start importing Assets/Art/MINIFANTASY - Crafting and Professions I/Animations/Props/Trees/Birch/Birch_AnimatorOverrideController.overrideController using Guid(b45ecd126dc9b4e4cb16ece8c26cd8bb) Importer(2089858483,192608db42251d675da83286b1cce702) (ScriptedImporter) -> (artifact id: '9c563ea9d1a94e274d98bda6a3ebac06') in 0.0112165 seconds
Number of updated asset objects reloaded before import = 0Number of asset objects unloaded after import = 19

========================================================================
Received Import Request.
  Time since last request: 0.000022 seconds.
  path: Assets/Art/MINIFANTASY - Crafting and Professions I/Sprites/Druid/Special_Animations/Shape_Shifting
  artifactKey: Guid(85b519e5897a29449a2138f4d45f004e) Importer(2089858483,192608db42251d675da83286b1cce702)
Start importing Assets/Art/MINIFANTASY - Crafting and Professions I/Sprites/Druid/Special_Animations/Shape_Shifting using Guid(85b519e5897a29449a2138f4d45f004e) Importer(2089858483,192608db42251d675da83286b1cce702) (ScriptedImporter) -> (artifact id: '27e91ae09a23aab497e418f90cb96057') in 0.0060836 seconds
Number of updated asset objects reloaded before import = 0Number of asset objects unloaded after import = 1

========================================================================
Received Import Request.
  Time since last request: 0.000043 seconds.
  path: Assets/Art/MINIFANTASY - Crafting and Professions I/Sprites/Druid/General_Animations/Shadows/Druid_WalkShadow.png
  artifactKey: Guid(aaa7f92bc22694d4ab25f07142753499) Importer(2089858483,192608db42251d675da83286b1cce702)
Start importing Assets/Art/MINIFANTASY - Crafting and Professions I/Sprites/Druid/General_Animations/Shadows/Druid_WalkShadow.png using Guid(aaa7f92bc22694d4ab25f07142753499) Importer(2089858483,192608db42251d675da83286b1cce702) (ScriptedImporter) -> (artifact id: 'e881e12646c51f432da855c94e83acb2') in 0.0730747 seconds
Number of updated asset objects reloaded before import = 0Number of asset objects unloaded after import = 18

========================================================================
Received Import Request.
  Time since last request: 0.000025 seconds.
  path: Assets/Art/MINIFANTASY - Crafting and Professions I/Sprites/Druid/General_Animations/Shadows/Druid_AttackShadow.png
  artifactKey: Guid(1ea57c4242de68140b819381773d51f0) Importer(2089858483,192608db42251d675da83286b1cce702)
Start importing Assets/Art/MINIFANTASY - Crafting and Professions I/Sprites/Druid/General_Animations/Shadows/Druid_AttackShadow.png using Guid(1ea57c4242de68140b819381773d51f0) Importer(2089858483,192608db42251d675da83286b1cce702) (ScriptedImporter) -> (artifact id: '5359b1df55af18ae588ce12def554752') in 0.0537639 seconds
Number of updated asset objects reloaded before import = 0Number of asset objects unloaded after import = 18

========================================================================
Received Import Request.
  Time since last request: 0.000020 seconds.
  path: Assets/Art/MINIFANTASY - Crafting and Professions I/Sprites/Rogue/General_Animations/Rogue_Attack.png
  artifactKey: Guid(9ff916aead188cb449be3e3c6154efe5) Importer(2089858483,192608db42251d675da83286b1cce702)
Start importing Assets/Art/MINIFANTASY - Crafting and Professions I/Sprites/Rogue/General_Animations/Rogue_Attack.png using Guid(9ff916aead188cb449be3e3c6154efe5) Importer(2089858483,192608db42251d675da83286b1cce702) (ScriptedImporter) -> (artifact id: '409aeae24ffac23d6f5944e1595f9056') in 0.047507 seconds
Number of updated asset objects reloaded before import = 0Number of asset objects unloaded after import = 18

========================================================================
Received Import Request.
  Time since last request: 0.000034 seconds.
  path: Assets/Art/MINIFANTASY - Crafting and Professions I/Animations/Humanoids/Orc/Orc_Chopping_SW.anim
  artifactKey: Guid(15758da231149de4caa357ccfdb11d92) Importer(2089858483,192608db42251d675da83286b1cce702)
Start importing Assets/Art/MINIFANTASY - Crafting and Professions I/Animations/Humanoids/Orc/Orc_Chopping_SW.anim using Guid(15758da231149de4caa357ccfdb11d92) Importer(2089858483,192608db42251d675da83286b1cce702) (ScriptedImporter) -> (artifact id: 'a0ef29ace39bb5d54c5f13b5a19f2444') in 0.0093892 seconds
Number of updated asset objects reloaded before import = 0Number of asset objects unloaded after import = 1

========================================================================
Received Import Request.
  Time since last request: 0.000016 seconds.
  path: Assets/Art/MINIFANTASY - Crafting and Professions I/Sprites/Gathering Professions/Logging/Trees Hit/Shadows/PineTreeShadow_Hit.png
  artifactKey: Guid(960e7b772917377478e6a75ba2c069c0) Importer(2089858483,192608db42251d675da83286b1cce702)
Start importing Assets/Art/MINIFANTASY - Crafting and Professions I/Sprites/Gathering Professions/Logging/Trees Hit/Shadows/PineTreeShadow_Hit.png using Guid(960e7b772917377478e6a75ba2c069c0) Importer(2089858483,192608db42251d675da83286b1cce702) (ScriptedImporter) -> (artifact id: '57eb8e3db06f4a56c08e17574cf51e55') in 0.0334856 seconds
Number of updated asset objects reloaded before import = 0Number of asset objects unloaded after import = 8

========================================================================
Received Import Request.
  Time since last request: 0.000019 seconds.
  path: Assets/Art/MINIFANTASY - Crafting and Professions I/Sprites/Crafting Professions/Jewelry
  artifactKey: Guid(861da255b95ccd04d83ee1a8c5126121) Importer(2089858483,192608db42251d675da83286b1cce702)
Start importing Assets/Art/MINIFANTASY - Crafting and Professions I/Sprites/Crafting Professions/Jewelry using Guid(861da255b95ccd04d83ee1a8c5126121) Importer(2089858483,192608db42251d675da83286b1cce702) (ScriptedImporter) -> (artifact id: '52e385a96d6fbac8f0b5f0e509728f6c') in 0.0041578 seconds
Number of updated asset objects reloaded before import = 0Number of asset objects unloaded after import = 1

========================================================================
Received Import Request.
  Time since last request: 0.000018 seconds.
  path: Assets/Art/MINIFANTASY - Crafting and Professions I/Sprites/Gathering Professions/Logging/Characters/Halfling_Chopping.png
  artifactKey: Guid(d39e51271d8a9e84088c6f063f79097d) Importer(2089858483,192608db42251d675da83286b1cce702)
Start importing Assets/Art/MINIFANTASY - Crafting and Professions I/Sprites/Gathering Professions/Logging/Characters/Halfling_Chopping.png using Guid(d39e51271d8a9e84088c6f063f79097d) Importer(2089858483,192608db42251d675da83286b1cce702) (ScriptedImporter) -> (artifact id: '5c41b4426b74b6cbe97de780c1feff3c') in 0.0592524 seconds
Number of updated asset objects reloaded before import = 0Number of asset objects unloaded after import = 26

========================================================================
Received Import Request.
  Time since last request: 0.000039 seconds.
  path: Assets/Art/MINIFANTASY - Crafting and Professions I/Animations/Humanoids/Dwarf/Dwarf_Mining_SW.anim
  artifactKey: Guid(a2cfeda7c9a543f4991362fc65ddf19a) Importer(2089858483,192608db42251d675da83286b1cce702)
Start importing Assets/Art/MINIFANTASY - Crafting and Professions I/Animations/Humanoids/Dwarf/Dwarf_Mining_SW.anim using Guid(a2cfeda7c9a543f4991362fc65ddf19a) Importer(2089858483,192608db42251d675da83286b1cce702) (ScriptedImporter) -> (artifact id: '6558ef1f857e396227d65bb2492cbe6a') in 0.0082697 seconds
Number of updated asset objects reloaded before import = 0Number of asset objects unloaded after import = 1

========================================================================
Received Import Request.
  Time since last request: 0.000030 seconds.
  path: Assets/Art/MINIFANTASY - Crafting and Professions I/Animations/Humanoids/Orc/Orc_Mining_SW.anim
  artifactKey: Guid(f54105dbe770015469e85cf28ecac4af) Importer(2089858483,192608db42251d675da83286b1cce702)
Start importing Assets/Art/MINIFANTASY - Crafting and Professions I/Animations/Humanoids/Orc/Orc_Mining_SW.anim using Guid(f54105dbe770015469e85cf28ecac4af) Importer(2089858483,192608db42251d675da83286b1cce702) (ScriptedImporter) -> (artifact id: '2e35c7c1f7822073f6aaeb9ca67d3284') in 0.0110745 seconds
Number of updated asset objects reloaded before import = 0Number of asset objects unloaded after import = 1

========================================================================
Received Import Request.
  Time since last request: 0.000013 seconds.
  path: Assets/Art/MINIFANTASY - Crafting and Professions I/Sprites/Crafting Professions/Blacksmith/Furnace/Gif/Furnace.gif
  artifactKey: Guid(7b9950c4a9da09f44bf6d824f7aa8b35) Importer(2089858483,192608db42251d675da83286b1cce702)
Start importing Assets/Art/MINIFANTASY - Crafting and Professions I/Sprites/Crafting Professions/Blacksmith/Furnace/Gif/Furnace.gif using Guid(7b9950c4a9da09f44bf6d824f7aa8b35) Importer(2089858483,192608db42251d675da83286b1cce702) (ScriptedImporter) -> (artifact id: '1ce1930c0823698af64216480e2fb411') in 0.0169419 seconds
Number of updated asset objects reloaded before import = 0Number of asset objects unloaded after import = 3

========================================================================
Received Import Request.
  Time since last request: 0.000017 seconds.
  path: Assets/Art/MINIFANTASY - Crafting and Professions I/Prefabs/Props/Mineral_Node.prefab
  artifactKey: Guid(eddf550bcdb85614398ad355c3dada2a) Importer(2089858483,192608db42251d675da83286b1cce702)
Start importing Assets/Art/MINIFANTASY - Crafting and Professions I/Prefabs/Props/Mineral_Node.prefab using Guid(eddf550bcdb85614398ad355c3dada2a) Importer(2089858483,192608db42251d675da83286b1cce702) (ScriptedImporter) -> (artifact id: '3e3cf8d7ad5622da457326de9041ffc2') in 0.0512691 seconds
Number of updated asset objects reloaded before import = 0Number of asset objects unloaded after import = 55

========================================================================
Received Import Request.
  Time since last request: 0.000018 seconds.
  path: Assets/Art/MINIFANTASY - Crafting and Professions I/Sprites/Rogue/General_Animations/Shadows
  artifactKey: Guid(bd6a666abd0caca4e80b298aca117355) Importer(2089858483,192608db42251d675da83286b1cce702)
Start importing Assets/Art/MINIFANTASY - Crafting and Professions I/Sprites/Rogue/General_Animations/Shadows using Guid(bd6a666abd0caca4e80b298aca117355) Importer(2089858483,192608db42251d675da83286b1cce702) (ScriptedImporter) -> (artifact id: '5ad02c015eec28401b5a0d1c3559c3e2') in 0.007464 seconds
Number of updated asset objects reloaded before import = 0Number of asset objects unloaded after import = 1

========================================================================
Received Import Request.
  Time since last request: 0.000024 seconds.
  path: Assets/Art/MINIFANTASY - Crafting and Professions I/Sprites/Barbarian/General_Animations/Shadows/Barbarian_AttackShadow.png
  artifactKey: Guid(21c3407bb4db4c145b35b3b935492894) Importer(2089858483,192608db42251d675da83286b1cce702)
Start importing Assets/Art/MINIFANTASY - Crafting and Professions I/Sprites/Barbarian/General_Animations/Shadows/Barbarian_AttackShadow.png using Guid(21c3407bb4db4c145b35b3b935492894) Importer(2089858483,192608db42251d675da83286b1cce702) (ScriptedImporter) -> (artifact id: 'ab562ed5764b995cd08b25e9dad5b933') in 0.0799635 seconds
Number of updated asset objects reloaded before import = 0Number of asset objects unloaded after import = 26

========================================================================
Received Import Request.
  Time since last request: 0.000037 seconds.
  path: Assets/Art/MINIFANTASY - Crafting and Professions I/Animations/Props/Tailor/SpinningWheel_Working.anim
  artifactKey: Guid(3f03a03af98fd5e41acdd1acc70fa1bf) Importer(2089858483,192608db42251d675da83286b1cce702)
Start importing Assets/Art/MINIFANTASY - Crafting and Professions I/Animations/Props/Tailor/SpinningWheel_Working.anim using Guid(3f03a03af98fd5e41acdd1acc70fa1bf) Importer(2089858483,192608db42251d675da83286b1cce702) (ScriptedImporter) -> (artifact id: '6e88e4d95ea21e044d69ff7bd44e9f61') in 0.0123663 seconds
Number of updated asset objects reloaded before import = 0Number of asset objects unloaded after import = 1

========================================================================
Received Import Request.
  Time since last request: 0.000017 seconds.
  path: Assets/Art/MINIFANTASY - Crafting and Professions I/Scripts/TH_Projectile.cs
  artifactKey: Guid(928da7e2789877c49bd7380a1fbf41f7) Importer(2089858483,192608db42251d675da83286b1cce702)
Start importing Assets/Art/MINIFANTASY - Crafting and Professions I/Scripts/TH_Projectile.cs using Guid(928da7e2789877c49bd7380a1fbf41f7) Importer(2089858483,192608db42251d675da83286b1cce702) (ScriptedImporter) -> (artifact id: 'ac942dc73af076bc83a557fb02bb0320') in 0.0065197 seconds
Number of updated asset objects reloaded before import = 0Number of asset objects unloaded after import = 0

========================================================================
Received Import Request.
  Time since last request: 0.000027 seconds.
  path: Assets/Art/MINIFANTASY - Crafting and Professions I/Sprites/Gathering Professions/Harvesting/Characters/DwarfShadow_Harvest.png
  artifactKey: Guid(db2519c1ffa40ed499f13abdbe64eeaf) Importer(2089858483,192608db42251d675da83286b1cce702)
Start importing Assets/Art/MINIFANTASY - Crafting and Professions I/Sprites/Gathering Professions/Harvesting/Characters/DwarfShadow_Harvest.png using Guid(db2519c1ffa40ed499f13abdbe64eeaf) Importer(2089858483,192608db42251d675da83286b1cce702) (ScriptedImporter) -> (artifact id: 'b70b2e5b554bf2e67579bbf88c2dd7b1') in 0.0783947 seconds
Number of updated asset objects reloaded before import = 0Number of asset objects unloaded after import = 26

========================================================================
Received Import Request.
  Time since last request: 0.000023 seconds.
  path: Assets/Art/MINIFANTASY - Crafting and Professions I/Sprites/Druid/Special_Animations/Shape_Shifting/Forest_Hound/Shadows/Druid_ShapeShiftHumanToForestHoundShadow.png
  artifactKey: Guid(aa973e1b84c77de49b15d35ff47f3ba4) Importer(2089858483,192608db42251d675da83286b1cce702)
Start importing Assets/Art/MINIFANTASY - Crafting and Professions I/Sprites/Druid/Special_Animations/Shape_Shifting/Forest_Hound/Shadows/Druid_ShapeShiftHumanToForestHoundShadow.png using Guid(aa973e1b84c77de49b15d35ff47f3ba4) Importer(2089858483,192608db42251d675da83286b1cce702) (ScriptedImporter) -> (artifact id: 'b0856df0ac353aa9000bb00b6638dbb0') in 0.0795588 seconds
Number of updated asset objects reloaded before import = 0Number of asset objects unloaded after import = 23

========================================================================
Received Import Request.
  Time since last request: 0.000034 seconds.
  path: Assets/Art/MINIFANTASY - Crafting and Professions I/Sprites/Gathering Professions/Mining/Characters/Halfling_Mining.png
  artifactKey: Guid(a68b8570799e9c54c9104afa7c88890e) Importer(2089858483,192608db42251d675da83286b1cce702)
Start importing Assets/Art/MINIFANTASY - Crafting and Professions I/Sprites/Gathering Professions/Mining/Characters/Halfling_Mining.png using Guid(a68b8570799e9c54c9104afa7c88890e) Importer(2089858483,192608db42251d675da83286b1cce702) (ScriptedImporter) -> (artifact id: 'bfa4b81ebf755c4170cc55926692f137') in 0.0657032 seconds
Number of updated asset objects reloaded before import = 0Number of asset objects unloaded after import = 26

========================================================================
Received Import Request.
  Time since last request: 0.000017 seconds.
  path: Assets/Art/MINIFANTASY - Crafting and Professions I/Sprites/Gathering Professions/Logging/Characters/Elf_Chopping.png
  artifactKey: Guid(67e58e4911dc40c4bbec7ce5653fce14) Importer(2089858483,192608db42251d675da83286b1cce702)
Start importing Assets/Art/MINIFANTASY - Crafting and Professions I/Sprites/Gathering Professions/Logging/Characters/Elf_Chopping.png using Guid(67e58e4911dc40c4bbec7ce5653fce14) Importer(2089858483,192608db42251d675da83286b1cce702) (ScriptedImporter) -> (artifact id: '42f61fc0f331816f891f5f67d01fc9ba') in 0.0648412 seconds
Number of updated asset objects reloaded before import = 0Number of asset objects unloaded after import = 26

========================================================================
Received Import Request.
  Time since last request: 0.000034 seconds.
  path: Assets/Art/MINIFANTASY - Crafting and Professions I/Prefabs/Characters/Rogue.prefab
  artifactKey: Guid(dd035abe53a5ee44787e9df92941cbe2) Importer(2089858483,192608db42251d675da83286b1cce702)
Start importing Assets/Art/MINIFANTASY - Crafting and Professions I/Prefabs/Characters/Rogue.prefab using Guid(dd035abe53a5ee44787e9df92941cbe2) Importer(2089858483,192608db42251d675da83286b1cce702) (ScriptedImporter) -> (artifact id: 'f9066e63f6d4511879316883570186f1') in 0.0108127 seconds
Number of updated asset objects reloaded before import = 0Number of asset objects unloaded after import = 23

========================================================================
Received Import Request.
  Time since last request: 0.000053 seconds.
  path: Assets/Art/MINIFANTASY - Crafting and Professions I/Scenes/Demo - True Heroes Animations.unity
  artifactKey: Guid(dc44b26490cdf254b99870896696a847) Importer(2089858483,192608db42251d675da83286b1cce702)
Start importing Assets/Art/MINIFANTASY - Crafting and Professions I/Scenes/Demo - True Heroes Animations.unity using Guid(dc44b26490cdf254b99870896696a847) Importer(2089858483,192608db42251d675da83286b1cce702) (ScriptedImporter) -> (artifact id: 'fc1ed176953976c116211f268aea8ec6') in 0.0146786 seconds
Number of updated asset objects reloaded before import = 0Number of asset objects unloaded after import = 1

========================================================================
Received Import Request.
  Time since last request: 0.000024 seconds.
  path: Assets/Art/MINIFANTASY - Crafting and Professions I/Sprites/Barbarian/Special_Animations/Thunder_Blade_Attack/GIFs
  artifactKey: Guid(ca293e6ed52e8fb4d8e60ed29bf028d4) Importer(2089858483,192608db42251d675da83286b1cce702)
Start importing Assets/Art/MINIFANTASY - Crafting and Professions I/Sprites/Barbarian/Special_Animations/Thunder_Blade_Attack/GIFs using Guid(ca293e6ed52e8fb4d8e60ed29bf028d4) Importer(2089858483,192608db42251d675da83286b1cce702) (ScriptedImporter) -> (artifact id: '0110105f72130d8349a4b76d8a1c0662') in 0.0053401 seconds
Number of updated asset objects reloaded before import = 0Number of asset objects unloaded after import = 1

========================================================================
Received Import Request.
  Time since last request: 0.000016 seconds.
  path: Assets/Art/MINIFANTASY - Crafting and Professions I/Prefabs/Props/Plant_Node.prefab
  artifactKey: Guid(38fa233084be6f54d97cfb564800e0b5) Importer(2089858483,192608db42251d675da83286b1cce702)
Start importing Assets/Art/MINIFANTASY - Crafting and Professions I/Prefabs/Props/Plant_Node.prefab using Guid(38fa233084be6f54d97cfb564800e0b5) Importer(2089858483,192608db42251d675da83286b1cce702) (ScriptedImporter) -> (artifact id: '57c229c7ba74d52e51e1c398e83116dc') in 0.0293956 seconds
Number of updated asset objects reloaded before import = 0Number of asset objects unloaded after import = 30

========================================================================
Received Import Request.
  Time since last request: 0.000031 seconds.
  path: Assets/Art/MINIFANTASY - Crafting and Professions I/Sprites/Crafting Professions/Blacksmith/Anvil/Characters/AnvilWorking.aseprite
  artifactKey: Guid(59a204b7d32a65c4bbe42a0d0204287d) Importer(2089858483,192608db42251d675da83286b1cce702)
Start importing Assets/Art/MINIFANTASY - Crafting and Professions I/Sprites/Crafting Professions/Blacksmith/Anvil/Characters/AnvilWorking.aseprite using Guid(59a204b7d32a65c4bbe42a0d0204287d) Importer(2089858483,192608db42251d675da83286b1cce702) (ScriptedImporter) -> (artifact id: 'a4da5cbd80374bbf7aaaee2905c13a22') in 0.0738496 seconds
Number of updated asset objects reloaded before import = 0Number of asset objects unloaded after import = 7

========================================================================
Received Import Request.
  Time since last request: 0.000020 seconds.
  path: Assets/Art/MINIFANTASY - Crafting and Professions I/Sprites/Rogue/Special_Animations/Shurikens/Shadows
  artifactKey: Guid(4e2de1c9a7f46f8438c98437be1eca34) Importer(2089858483,192608db42251d675da83286b1cce702)
Start importing Assets/Art/MINIFANTASY - Crafting and Professions I/Sprites/Rogue/Special_Animations/Shurikens/Shadows using Guid(4e2de1c9a7f46f8438c98437be1eca34) Importer(2089858483,192608db42251d675da83286b1cce702) (ScriptedImporter) -> (artifact id: '221cbf67645f5df9f79de20732b11a8e') in 0.0064394 seconds
Number of updated asset objects reloaded before import = 0Number of asset objects unloaded after import = 1

========================================================================
Received Import Request.
  Time since last request: 0.000030 seconds.
  path: Assets/Art/MINIFANTASY - Crafting and Professions I/Sprites/Druid/General_Animations/Shadows/Druid_IdleShadow.png
  artifactKey: Guid(4b1c3c4cbee4d034abac0fd7110b5408) Importer(2089858483,192608db42251d675da83286b1cce702)
Start importing Assets/Art/MINIFANTASY - Crafting and Professions I/Sprites/Druid/General_Animations/Shadows/Druid_IdleShadow.png using Guid(4b1c3c4cbee4d034abac0fd7110b5408) Importer(2089858483,192608db42251d675da83286b1cce702) (ScriptedImporter) -> (artifact id: '7b39507b84ade127b54ccc14a4410474') in 0.2148785 seconds
Number of updated asset objects reloaded before import = 0Number of asset objects unloaded after import = 66

========================================================================
Received Import Request.
  Time since last request: 0.000023 seconds.
  path: Assets/Art/MINIFANTASY - Crafting and Professions I/Sprites/Barbarian/Special_Animations/Throw_Things/GIFs/Barbarian_ThrowThings.gif
  artifactKey: Guid(ad7d672e954e82d40b58c0c9b697f333) Importer(2089858483,192608db42251d675da83286b1cce702)
Start importing Assets/Art/MINIFANTASY - Crafting and Professions I/Sprites/Barbarian/Special_Animations/Throw_Things/GIFs/Barbarian_ThrowThings.gif using Guid(ad7d672e954e82d40b58c0c9b697f333) Importer(2089858483,192608db42251d675da83286b1cce702) (ScriptedImporter) -> (artifact id: '2ca2072678d4f9881228005cb3de2862') in 0.0259614 seconds
Number of updated asset objects reloaded before import = 0Number of asset objects unloaded after import = 3

========================================================================
Received Import Request.
  Time since last request: 0.000046 seconds.
  path: Assets/Art/MINIFANTASY - Crafting and Professions I/Sprites/Druid/General_Animations/Druid_Jump.png
  artifactKey: Guid(73c0a887e1c47f640972fe1f28665a5c) Importer(2089858483,192608db42251d675da83286b1cce702)
Start importing Assets/Art/MINIFANTASY - Crafting and Professions I/Sprites/Druid/General_Animations/Druid_Jump.png using Guid(73c0a887e1c47f640972fe1f28665a5c) Importer(2089858483,192608db42251d675da83286b1cce702) (ScriptedImporter) -> (artifact id: 'accc2d1655fd3cfcdf748fdd926213b8') in 0.0647753 seconds
Number of updated asset objects reloaded before import = 0Number of asset objects unloaded after import = 18

========================================================================
Received Import Request.
  Time since last request: 0.000017 seconds.
  path: Assets/Art/MINIFANTASY - Crafting and Professions I/Sprites/Crafting Professions/Tailor/Loom/Loom_WorkingShadow.png
  artifactKey: Guid(8d2cb0f7a72c0054391e51b124e95d4c) Importer(2089858483,192608db42251d675da83286b1cce702)
Start importing Assets/Art/MINIFANTASY - Crafting and Professions I/Sprites/Crafting Professions/Tailor/Loom/Loom_WorkingShadow.png using Guid(8d2cb0f7a72c0054391e51b124e95d4c) Importer(2089858483,192608db42251d675da83286b1cce702) (ScriptedImporter) -> (artifact id: 'fc716e60b1ee80278f4d7ae030010a8a') in 0.0375328 seconds
Number of updated asset objects reloaded before import = 0Number of asset objects unloaded after import = 8

========================================================================
Received Import Request.
  Time since last request: 0.000021 seconds.
  path: Assets/Art/MINIFANTASY - Crafting and Professions I/Animations/Props/Trees/Tree_AnimatorController.controller
  artifactKey: Guid(967749b2b6aead24081c6e7588273e24) Importer(2089858483,192608db42251d675da83286b1cce702)
Start importing Assets/Art/MINIFANTASY - Crafting and Professions I/Animations/Props/Trees/Tree_AnimatorController.controller using Guid(967749b2b6aead24081c6e7588273e24) Importer(2089858483,192608db42251d675da83286b1cce702) (ScriptedImporter) -> (artifact id: '8a566316c0eee98b4c2ed2a376927a4b') in 0.0096512 seconds
Number of updated asset objects reloaded before import = 0Number of asset objects unloaded after import = 16

========================================================================
Received Import Request.
  Time since last request: 0.000027 seconds.
  path: Assets/Art/MINIFANTASY - Crafting and Professions I/Animations/Humanoids/Halfling/Halfling_WoodworkBenchWorking.anim
  artifactKey: Guid(380fd5525759828458e0c10451abc347) Importer(2089858483,192608db42251d675da83286b1cce702)
Start importing Assets/Art/MINIFANTASY - Crafting and Professions I/Animations/Humanoids/Halfling/Halfling_WoodworkBenchWorking.anim using Guid(380fd5525759828458e0c10451abc347) Importer(2089858483,192608db42251d675da83286b1cce702) (ScriptedImporter) -> (artifact id: '68e0550ac34207503a9ddf32023797b9') in 0.0089547 seconds
Number of updated asset objects reloaded before import = 0Number of asset objects unloaded after import = 1

========================================================================
Received Import Request.
  Time since last request: 0.000033 seconds.
  path: Assets/Art/MINIFANTASY - Crafting and Professions I/Animations/Humanoids/Halfling/Halfling_Chopping_SW.anim
  artifactKey: Guid(fc057165c17cc2a4da0831e1471c5536) Importer(2089858483,192608db42251d675da83286b1cce702)
Start importing Assets/Art/MINIFANTASY - Crafting and Professions I/Animations/Humanoids/Halfling/Halfling_Chopping_SW.anim using Guid(fc057165c17cc2a4da0831e1471c5536) Importer(2089858483,192608db42251d675da83286b1cce702) (ScriptedImporter) -> (artifact id: '8eb4c2fc725761f03d3d730b4dd49b21') in 0.0111584 seconds
Number of updated asset objects reloaded before import = 0Number of asset objects unloaded after import = 1

========================================================================
Received Import Request.
  Time since last request: 0.000017 seconds.
  path: Assets/Art/MINIFANTASY - Crafting and Professions I/Sprites/Druid/Special_Animations/Shape_Shifting/Forest_Beast/GIFs
  artifactKey: Guid(6222c7165b318374bb908a75766ae3ef) Importer(2089858483,192608db42251d675da83286b1cce702)
Start importing Assets/Art/MINIFANTASY - Crafting and Professions I/Sprites/Druid/Special_Animations/Shape_Shifting/Forest_Beast/GIFs using Guid(6222c7165b318374bb908a75766ae3ef) Importer(2089858483,192608db42251d675da83286b1cce702) (ScriptedImporter) -> (artifact id: '198225b2ad7b292ad60d6eb5e660fdf1') in 0.0071673 seconds
Number of updated asset objects reloaded before import = 0Number of asset objects unloaded after import = 1

========================================================================
Received Import Request.
  Time since last request: 0.000034 seconds.
  path: Assets/Art/MINIFANTASY - Crafting and Professions I/Sprites/Crafting Professions/Blacksmith/Furnace/Furnace_Working.png
  artifactKey: Guid(a3bb285ff7e373c4abce2f615d3b094c) Importer(2089858483,192608db42251d675da83286b1cce702)
Start importing Assets/Art/MINIFANTASY - Crafting and Professions I/Sprites/Crafting Professions/Blacksmith/Furnace/Furnace_Working.png using Guid(a3bb285ff7e373c4abce2f615d3b094c) Importer(2089858483,192608db42251d675da83286b1cce702) (ScriptedImporter) -> (artifact id: '93922db8a0fa7c3308bd2898ce746a90') in 0.0459193 seconds
Number of updated asset objects reloaded before import = 0Number of asset objects unloaded after import = 10

========================================================================
Received Import Request.
  Time since last request: 0.000018 seconds.
  path: Assets/Art/MINIFANTASY - Crafting and Professions I/Sprites/Rogue/Special_Animations/Mobility/Shadows
  artifactKey: Guid(aa965014f3bbc5b4ea7529aa387c89ce) Importer(2089858483,192608db42251d675da83286b1cce702)
Start importing Assets/Art/MINIFANTASY - Crafting and Professions I/Sprites/Rogue/Special_Animations/Mobility/Shadows using Guid(aa965014f3bbc5b4ea7529aa387c89ce) Importer(2089858483,192608db42251d675da83286b1cce702) (ScriptedImporter) -> (artifact id: 'add3f766fcffcfdb1912758726089d1c') in 0.0053492 seconds
Number of updated asset objects reloaded before import = 0Number of asset objects unloaded after import = 1

========================================================================
Received Import Request.
  Time since last request: 0.000024 seconds.
  path: Assets/Art/MINIFANTASY - Crafting and Professions I/Animations/Humanoids/Goblin/Goblin_AnimatorOverrideController.overrideController
  artifactKey: Guid(8c614b490caf90841abb064c0900b031) Importer(2089858483,192608db42251d675da83286b1cce702)
Start importing Assets/Art/MINIFANTASY - Crafting and Professions I/Animations/Humanoids/Goblin/Goblin_AnimatorOverrideController.overrideController using Guid(8c614b490caf90841abb064c0900b031) Importer(2089858483,192608db42251d675da83286b1cce702) (ScriptedImporter) -> (artifact id: '2e9f2a987f11e00b547151088ffb97cc') in 0.0335409 seconds
Number of updated asset objects reloaded before import = 0Number of asset objects unloaded after import = 67

========================================================================
Received Import Request.
  Time since last request: 0.000095 seconds.
  path: Assets/Art/MINIFANTASY - Crafting and Professions I/Sprites/Barbarian/Special_Animations/Thunder_Blade_Attack/Barbarian_ThunderBladeProjectilesFrame4.png
  artifactKey: Guid(3dfdf488113ed2c4bb476ad70b334186) Importer(2089858483,192608db42251d675da83286b1cce702)
Start importing Assets/Art/MINIFANTASY - Crafting and Professions I/Sprites/Barbarian/Special_Animations/Thunder_Blade_Attack/Barbarian_ThunderBladeProjectilesFrame4.png using Guid(3dfdf488113ed2c4bb476ad70b334186) Importer(2089858483,192608db42251d675da83286b1cce702) (ScriptedImporter) -> (artifact id: '0141455d1ec7072474b808dad03ac3e9') in 0.049623 seconds
Number of updated asset objects reloaded before import = 0Number of asset objects unloaded after import = 11

========================================================================
Received Import Request.
  Time since last request: 0.000019 seconds.
  path: Assets/Art/MINIFANTASY - Crafting and Professions I/Sprites/Crafting Professions/Blacksmith/Anvil/Gif/Anvil.gif
  artifactKey: Guid(ff74dc74c4899a7489570462930db2f9) Importer(2089858483,192608db42251d675da83286b1cce702)
Start importing Assets/Art/MINIFANTASY - Crafting and Professions I/Sprites/Crafting Professions/Blacksmith/Anvil/Gif/Anvil.gif using Guid(ff74dc74c4899a7489570462930db2f9) Importer(2089858483,192608db42251d675da83286b1cce702) (ScriptedImporter) -> (artifact id: '341f77bfcf97ee848920e14f22258c44') in 0.041132 seconds
Number of updated asset objects reloaded before import = 0Number of asset objects unloaded after import = 3

========================================================================
Received Import Request.
  Time since last request: 0.000015 seconds.
  path: Assets/Art/MINIFANTASY - Crafting and Professions I/Animations/Humanoids/Elf/Elf_Chopping_SE.anim
  artifactKey: Guid(0ef1aefc20199c249b96b976f06022c9) Importer(2089858483,192608db42251d675da83286b1cce702)
Start importing Assets/Art/MINIFANTASY - Crafting and Professions I/Animations/Humanoids/Elf/Elf_Chopping_SE.anim using Guid(0ef1aefc20199c249b96b976f06022c9) Importer(2089858483,192608db42251d675da83286b1cce702) (ScriptedImporter) -> (artifact id: '5bd697786467d3dbf7da6b20d6421064') in 0.0108093 seconds
Number of updated asset objects reloaded before import = 0Number of asset objects unloaded after import = 1

========================================================================
Received Import Request.
  Time since last request: 0.000027 seconds.
  path: Assets/Art/MINIFANTASY - Crafting and Professions I/Animations/Humanoids/Elf/Elf_Mining_NW.anim
  artifactKey: Guid(0c8ca6fc595f52d43985b314f1f9abe2) Importer(2089858483,192608db42251d675da83286b1cce702)
Start importing Assets/Art/MINIFANTASY - Crafting and Professions I/Animations/Humanoids/Elf/Elf_Mining_NW.anim using Guid(0c8ca6fc595f52d43985b314f1f9abe2) Importer(2089858483,192608db42251d675da83286b1cce702) (ScriptedImporter) -> (artifact id: 'b1703347ce168a15a32d12bad39b6a7b') in 0.0085962 seconds
Number of updated asset objects reloaded before import = 0Number of asset objects unloaded after import = 1

========================================================================
Received Import Request.
  Time since last request: 0.000029 seconds.
  path: Assets/Art/MINIFANTASY - Crafting and Professions I/Sprites/Crafting Professions/Blacksmith/Foundry/Gif/Foundry.gif
  artifactKey: Guid(4a1a0d62c0774804498822b17ac93759) Importer(2089858483,192608db42251d675da83286b1cce702)
Start importing Assets/Art/MINIFANTASY - Crafting and Professions I/Sprites/Crafting Professions/Blacksmith/Foundry/Gif/Foundry.gif using Guid(4a1a0d62c0774804498822b17ac93759) Importer(2089858483,192608db42251d675da83286b1cce702) (ScriptedImporter) -> (artifact id: '747a192e6342d0a6f6ee4c3097c4cb90') in 0.0199447 seconds
Number of updated asset objects reloaded before import = 0Number of asset objects unloaded after import = 3

========================================================================
Received Import Request.
  Time since last request: 0.000018 seconds.
  path: Assets/Art/MINIFANTASY - Crafting and Professions I/Sprites/Druid/Special_Animations/Root_Summoning/Shadows
  artifactKey: Guid(af63e681b2ae9894eb42be554701d828) Importer(2089858483,192608db42251d675da83286b1cce702)
Start importing Assets/Art/MINIFANTASY - Crafting and Professions I/Sprites/Druid/Special_Animations/Root_Summoning/Shadows using Guid(af63e681b2ae9894eb42be554701d828) Importer(2089858483,192608db42251d675da83286b1cce702) (ScriptedImporter) -> (artifact id: '1ec82f879a7047af19bad26464819827') in 0.0063062 seconds
Number of updated asset objects reloaded before import = 0Number of asset objects unloaded after import = 1

========================================================================
Received Import Request.
  Time since last request: 0.000016 seconds.
  path: Assets/Art/MINIFANTASY - Crafting and Professions I/Sprites/Crafting Professions/Alchemy/Characters/Goblin_LaboratoryWorking.png
  artifactKey: Guid(60b97f227356fe84188bba8109b461c5) Importer(2089858483,192608db42251d675da83286b1cce702)
Start importing Assets/Art/MINIFANTASY - Crafting and Professions I/Sprites/Crafting Professions/Alchemy/Characters/Goblin_LaboratoryWorking.png using Guid(60b97f227356fe84188bba8109b461c5) Importer(2089858483,192608db42251d675da83286b1cce702) (ScriptedImporter) -> (artifact id: '2635f71eccf556468eee9469c1557611') in 0.044793 seconds
Number of updated asset objects reloaded before import = 0Number of asset objects unloaded after import = 13

========================================================================
Received Import Request.
  Time since last request: 0.000025 seconds.
  path: Assets/Art/MINIFANTASY - Crafting and Professions I/CP1 Documentation.txt
  artifactKey: Guid(41a1599de0a9ed141b1e2a7ff87783e0) Importer(2089858483,192608db42251d675da83286b1cce702)
Start importing Assets/Art/MINIFANTASY - Crafting and Professions I/CP1 Documentation.txt using Guid(41a1599de0a9ed141b1e2a7ff87783e0) Importer(2089858483,192608db42251d675da83286b1cce702) (ScriptedImporter) -> (artifact id: 'f885c34a43acbe90e4861de885a6ee85') in 0.0069998 seconds
Number of updated asset objects reloaded before import = 0Number of asset objects unloaded after import = 1

========================================================================
Received Import Request.
  Time since last request: 0.000026 seconds.
  path: Assets/Art/MINIFANTASY - Crafting and Professions I/Sprites/Barbarian/Special_Animations/Battle_Cry
  artifactKey: Guid(0d8acafd2888ab842832fa6bec76f859) Importer(2089858483,192608db42251d675da83286b1cce702)
Start importing Assets/Art/MINIFANTASY - Crafting and Professions I/Sprites/Barbarian/Special_Animations/Battle_Cry using Guid(0d8acafd2888ab842832fa6bec76f859) Importer(2089858483,192608db42251d675da83286b1cce702) (ScriptedImporter) -> (artifact id: '2cd2bec76965247457ff3c4a101c0be8') in 0.0052847 seconds
Number of updated asset objects reloaded before import = 0Number of asset objects unloaded after import = 1

========================================================================
Received Import Request.
  Time since last request: 0.000037 seconds.
  path: Assets/Art/MINIFANTASY - Crafting and Professions I/Sprites/Crafting Professions/Woodwork/WorkBench/Character/Orc_WoodworkBenchWorking.png
  artifactKey: Guid(4b170e000a648a1408dbf2a31168f28c) Importer(2089858483,192608db42251d675da83286b1cce702)
Start importing Assets/Art/MINIFANTASY - Crafting and Professions I/Sprites/Crafting Professions/Woodwork/WorkBench/Character/Orc_WoodworkBenchWorking.png using Guid(4b170e000a648a1408dbf2a31168f28c) Importer(2089858483,192608db42251d675da83286b1cce702) (ScriptedImporter) -> (artifact id: '669629349eb0d7ae517a8a2267c4daca') in 0.0365791 seconds
Number of updated asset objects reloaded before import = 0Number of asset objects unloaded after import = 8

========================================================================
Received Import Request.
  Time since last request: 0.000018 seconds.
  path: Assets/Art/MINIFANTASY - Crafting and Professions I/Sprites/Druid/Special_Animations/Shape_Shifting/Forest_Hound/Shadows/ForestHound_WalkShadow.png
  artifactKey: Guid(654da83dd40379b4dad7259a1e1cff80) Importer(2089858483,192608db42251d675da83286b1cce702)
Start importing Assets/Art/MINIFANTASY - Crafting and Professions I/Sprites/Druid/Special_Animations/Shape_Shifting/Forest_Hound/Shadows/ForestHound_WalkShadow.png using Guid(654da83dd40379b4dad7259a1e1cff80) Importer(2089858483,192608db42251d675da83286b1cce702) (ScriptedImporter) -> (artifact id: 'fed0ed2c77e716de7df62c3d58507d18') in 0.060684 seconds
Number of updated asset objects reloaded before import = 0Number of asset objects unloaded after import = 18

========================================================================
Received Import Request.
  Time since last request: 0.000020 seconds.
  path: Assets/Art/MINIFANTASY - Crafting and Professions I/Sprites/Crafting Professions/Alchemy/LaboratoryProp.png
  artifactKey: Guid(297ea136bf6ba5e46883a749ae49d662) Importer(2089858483,192608db42251d675da83286b1cce702)
Start importing Assets/Art/MINIFANTASY - Crafting and Professions I/Sprites/Crafting Professions/Alchemy/LaboratoryProp.png using Guid(297ea136bf6ba5e46883a749ae49d662) Importer(2089858483,192608db42251d675da83286b1cce702) (ScriptedImporter) -> (artifact id: 'a4f963c3520ece131d707ea16a578761') in 0.0249069 seconds
Number of updated asset objects reloaded before import = 0Number of asset objects unloaded after import = 3

========================================================================
Received Import Request.
  Time since last request: 0.000062 seconds.
  path: Assets/Art/MINIFANTASY - Crafting and Professions I/Animations/Humanoids/Orc/Orc_AnimatorOverrideController.overrideController
  artifactKey: Guid(6c4b0b1ac989aa848aebda398aad6701) Importer(2089858483,192608db42251d675da83286b1cce702)
Start importing Assets/Art/MINIFANTASY - Crafting and Professions I/Animations/Humanoids/Orc/Orc_AnimatorOverrideController.overrideController using Guid(6c4b0b1ac989aa848aebda398aad6701) Importer(2089858483,192608db42251d675da83286b1cce702) (ScriptedImporter) -> (artifact id: 'bc09b79645f721860c285e20a669ebc7') in 0.0366818 seconds
Number of updated asset objects reloaded before import = 0Number of asset objects unloaded after import = 67

========================================================================
Received Import Request.
  Time since last request: 0.000029 seconds.
  path: Assets/Art/MINIFANTASY - Crafting and Professions I/Scripts
  artifactKey: Guid(134c383260c65e84ca5f49b53d816324) Importer(2089858483,192608db42251d675da83286b1cce702)
Start importing Assets/Art/MINIFANTASY - Crafting and Professions I/Scripts using Guid(134c383260c65e84ca5f49b53d816324) Importer(2089858483,192608db42251d675da83286b1cce702) (ScriptedImporter) -> (artifact id: 'c8663217aa77253c52c7aa55c5cda8c2') in 0.0056022 seconds
Number of updated asset objects reloaded before import = 0Number of asset objects unloaded after import = 1

========================================================================
Received Import Request.
  Time since last request: 0.000018 seconds.
  path: Assets/Art/MINIFANTASY - Crafting and Professions I/Prefabs/Props/Furnace.prefab
  artifactKey: Guid(a32d86d485b98a8409b946e8a07e46d4) Importer(2089858483,192608db42251d675da83286b1cce702)
Start importing Assets/Art/MINIFANTASY - Crafting and Professions I/Prefabs/Props/Furnace.prefab using Guid(a32d86d485b98a8409b946e8a07e46d4) Importer(2089858483,192608db42251d675da83286b1cce702) (ScriptedImporter) -> (artifact id: 'aaf416955d9e67e8346e12e9cd32370d') in 0.0242795 seconds
Number of updated asset objects reloaded before import = 0Number of asset objects unloaded after import = 21

========================================================================
Received Import Request.
  Time since last request: 0.000033 seconds.
  path: Assets/Art/MINIFANTASY - Crafting and Professions I/Sprites/Druid/Special_Animations/Shape_Shifting/Forest_Beast/GIFs/ForestBeastDmg.gif
  artifactKey: Guid(5c62eb9baa82d674caf1ce867a3dc067) Importer(2089858483,192608db42251d675da83286b1cce702)
Start importing Assets/Art/MINIFANTASY - Crafting and Professions I/Sprites/Druid/Special_Animations/Shape_Shifting/Forest_Beast/GIFs/ForestBeastDmg.gif using Guid(5c62eb9baa82d674caf1ce867a3dc067) Importer(2089858483,192608db42251d675da83286b1cce702) (ScriptedImporter) -> (artifact id: 'dc08374cdac10735e98f1d7e6946edda') in 0.0191093 seconds
Number of updated asset objects reloaded before import = 0Number of asset objects unloaded after import = 3

========================================================================
Received Import Request.
  Time since last request: 0.000022 seconds.
  path: Assets/Art/MINIFANTASY - Crafting and Professions I/Prefabs/Characters/Barbarian.prefab
  artifactKey: Guid(c960d5cc9873eda4fbf45a6eadec3f10) Importer(2089858483,192608db42251d675da83286b1cce702)
Start importing Assets/Art/MINIFANTASY - Crafting and Professions I/Prefabs/Characters/Barbarian.prefab using Guid(c960d5cc9873eda4fbf45a6eadec3f10) Importer(2089858483,192608db42251d675da83286b1cce702) (ScriptedImporter) -> (artifact id: 'e95b962ef90b42764973ef5f2aa84c3e') in 0.0089624 seconds
Number of updated asset objects reloaded before import = 0Number of asset objects unloaded after import = 29

========================================================================
Received Import Request.
  Time since last request: 0.000032 seconds.
  path: Assets/Art/MINIFANTASY - Crafting and Professions I/Sprites/Gathering Professions/Logging/Characters/Gif/ChoppingTreeAnimation.gif
  artifactKey: Guid(927b45bf0d1844949ab0dc5fe2d7f0e8) Importer(2089858483,192608db42251d675da83286b1cce702)
Start importing Assets/Art/MINIFANTASY - Crafting and Professions I/Sprites/Gathering Professions/Logging/Characters/Gif/ChoppingTreeAnimation.gif using Guid(927b45bf0d1844949ab0dc5fe2d7f0e8) Importer(2089858483,192608db42251d675da83286b1cce702) (ScriptedImporter) -> (artifact id: '94c4ad00c7a3db0c18fa62c5cbcd5b05') in 0.0196349 seconds
Number of updated asset objects reloaded before import = 0Number of asset objects unloaded after import = 3

========================================================================
Received Import Request.
  Time since last request: 0.000021 seconds.
  path: Assets/Art/MINIFANTASY - Crafting and Professions I/Prefabs/Projectiles
  artifactKey: Guid(cfbe54ecb11c3d441b966c20888f0e47) Importer(2089858483,192608db42251d675da83286b1cce702)
Start importing Assets/Art/MINIFANTASY - Crafting and Professions I/Prefabs/Projectiles using Guid(cfbe54ecb11c3d441b966c20888f0e47) Importer(2089858483,192608db42251d675da83286b1cce702) (ScriptedImporter) -> (artifact id: '85ea213bbe99d693f4982a046182b837') in 0.0062258 seconds
Number of updated asset objects reloaded before import = 0Number of asset objects unloaded after import = 1

========================================================================
Received Import Request.
  Time since last request: 0.000030 seconds.
  path: Assets/Art/MINIFANTASY - Crafting and Professions I/Prefabs/Props/Jewelry_Workshop.prefab
  artifactKey: Guid(c675dcd474310aa41938938f248bb50f) Importer(2089858483,192608db42251d675da83286b1cce702)
Start importing Assets/Art/MINIFANTASY - Crafting and Professions I/Prefabs/Props/Jewelry_Workshop.prefab using Guid(c675dcd474310aa41938938f248bb50f) Importer(2089858483,192608db42251d675da83286b1cce702) (ScriptedImporter) -> (artifact id: 'e987d69795cda2c8b27afbd53f81face') in 0.016814 seconds
Number of updated asset objects reloaded before import = 0Number of asset objects unloaded after import = 21

========================================================================
Received Import Request.
  Time since last request: 0.000017 seconds.
  path: Assets/Art/MINIFANTASY - Crafting and Professions I/Prefabs/Characters/Dwarf.prefab
  artifactKey: Guid(db553b29ab3d9c34480337c895f9af56) Importer(2089858483,192608db42251d675da83286b1cce702)
Start importing Assets/Art/MINIFANTASY - Crafting and Professions I/Prefabs/Characters/Dwarf.prefab using Guid(db553b29ab3d9c34480337c895f9af56) Importer(2089858483,192608db42251d675da83286b1cce702) (ScriptedImporter) -> (artifact id: '59e0fdec97fab637bc185693d2cb0183') in 0.0104462 seconds
Number of updated asset objects reloaded before import = 0Number of asset objects unloaded after import = 15

========================================================================
Received Import Request.
  Time since last request: 0.000018 seconds.
  path: Assets/Art/MINIFANTASY - Crafting and Professions I/Sprites/Druid/Special_Animations/Root_Summoning/GIFs
  artifactKey: Guid(37de4d216a0bed742ab50b96e84f9dd5) Importer(2089858483,192608db42251d675da83286b1cce702)
Start importing Assets/Art/MINIFANTASY - Crafting and Professions I/Sprites/Druid/Special_Animations/Root_Summoning/GIFs using Guid(37de4d216a0bed742ab50b96e84f9dd5) Importer(2089858483,192608db42251d675da83286b1cce702) (ScriptedImporter) -> (artifact id: 'f69951e7fafcdc0c7120d01a4b5c1281') in 0.0051071 seconds
Number of updated asset objects reloaded before import = 0Number of asset objects unloaded after import = 1

========================================================================
Received Import Request.
  Time since last request: 0.000015 seconds.
  path: Assets/Art/MINIFANTASY - Crafting and Professions I/Sprites/Crafting Professions/Blacksmith/Foundry/Gif
  artifactKey: Guid(c769f3f055593b94cb9bc343c93c7a57) Importer(2089858483,192608db42251d675da83286b1cce702)
Start importing Assets/Art/MINIFANTASY - Crafting and Professions I/Sprites/Crafting Professions/Blacksmith/Foundry/Gif using Guid(c769f3f055593b94cb9bc343c93c7a57) Importer(2089858483,192608db42251d675da83286b1cce702) (ScriptedImporter) -> (artifact id: '8739ab58ba506bbf294ddbff333bf53e') in 0.0046322 seconds
Number of updated asset objects reloaded before import = 0Number of asset objects unloaded after import = 1

========================================================================
Received Import Request.
  Time since last request: 0.000024 seconds.
  path: Assets/Art/MINIFANTASY - Crafting and Professions I/Sprites/Crafting Professions/Blacksmith/Foundry/FoundryShadows.png
  artifactKey: Guid(25e9adb7e4ccabf46803b4fe2c10c6e6) Importer(2089858483,192608db42251d675da83286b1cce702)
Start importing Assets/Art/MINIFANTASY - Crafting and Professions I/Sprites/Crafting Professions/Blacksmith/Foundry/FoundryShadows.png using Guid(25e9adb7e4ccabf46803b4fe2c10c6e6) Importer(2089858483,192608db42251d675da83286b1cce702) (ScriptedImporter) -> (artifact id: '938b532538cc285c20034ff4f7445f26') in 0.0347018 seconds
Number of updated asset objects reloaded before import = 0Number of asset objects unloaded after import = 10

========================================================================
Received Import Request.
  Time since last request: 0.000020 seconds.
  path: Assets/Art/MINIFANTASY - Crafting and Professions I/Sprites/Druid/Special_Animations/Shape_Shifting/Forest_Hound/GIFs/Druid_ShapeShiftForestHound.gif
  artifactKey: Guid(317b0756ba8895048986494ddb1ff54f) Importer(2089858483,192608db42251d675da83286b1cce702)
Start importing Assets/Art/MINIFANTASY - Crafting and Professions I/Sprites/Druid/Special_Animations/Shape_Shifting/Forest_Hound/GIFs/Druid_ShapeShiftForestHound.gif using Guid(317b0756ba8895048986494ddb1ff54f) Importer(2089858483,192608db42251d675da83286b1cce702) (ScriptedImporter) -> (artifact id: '43871f530dca97a63aeb22e44def5df1') in 0.0190155 seconds
Number of updated asset objects reloaded before import = 0Number of asset objects unloaded after import = 3

========================================================================
Received Import Request.
  Time since last request: 0.000029 seconds.
  path: Assets/Art/MINIFANTASY - Crafting and Professions I/Sprites/Crafting Professions/Alchemy/Characters/LaboratoryWorking.aseprite
  artifactKey: Guid(6ff30a3a08a7b5f4d943dae38593d6e1) Importer(2089858483,192608db42251d675da83286b1cce702)
Start importing Assets/Art/MINIFANTASY - Crafting and Professions I/Sprites/Crafting Professions/Alchemy/Characters/LaboratoryWorking.aseprite using Guid(6ff30a3a08a7b5f4d943dae38593d6e1) Importer(2089858483,192608db42251d675da83286b1cce702) (ScriptedImporter) -> (artifact id: '9635f0039e1d50b43b91bc702c4b628a') in 0.024714 seconds
Number of updated asset objects reloaded before import = 0Number of asset objects unloaded after import = 7

========================================================================
Received Import Request.
  Time since last request: 0.000019 seconds.
  path: Assets/Art/MINIFANTASY - Crafting and Professions I/Animations/Humanoids/Halfling/Halfling_Chopping_SE.anim
  artifactKey: Guid(522b486e30cc47f4b987fd172db3bf48) Importer(2089858483,192608db42251d675da83286b1cce702)
Start importing Assets/Art/MINIFANTASY - Crafting and Professions I/Animations/Humanoids/Halfling/Halfling_Chopping_SE.anim using Guid(522b486e30cc47f4b987fd172db3bf48) Importer(2089858483,192608db42251d675da83286b1cce702) (ScriptedImporter) -> (artifact id: '97bed46d6341ba44c29d476a058fb707') in 0.0114753 seconds
Number of updated asset objects reloaded before import = 0Number of asset objects unloaded after import = 1

========================================================================
Received Import Request.
  Time since last request: 0.000017 seconds.
  path: Assets/Art/MINIFANTASY - Crafting and Professions I/Sprites/Crafting Professions/Alchemy/LaboratoryWorkingShadow.png
  artifactKey: Guid(d2a1bdde31b245f4f9c0a92046507eeb) Importer(2089858483,192608db42251d675da83286b1cce702)
Start importing Assets/Art/MINIFANTASY - Crafting and Professions I/Sprites/Crafting Professions/Alchemy/LaboratoryWorkingShadow.png using Guid(d2a1bdde31b245f4f9c0a92046507eeb) Importer(2089858483,192608db42251d675da83286b1cce702) (ScriptedImporter) -> (artifact id: '9ab7f8d919d726d4044922e5bee551b2') in 0.0411199 seconds
Number of updated asset objects reloaded before import = 0Number of asset objects unloaded after import = 13

========================================================================
Received Import Request.
  Time since last request: 0.000017 seconds.
  path: Assets/Art/MINIFANTASY - Crafting and Professions I/Sprites/Barbarian/General_Animations/GIFs/Barbarian_Dmg.gif
  artifactKey: Guid(3893af216a4b4d34c82797edc4b9eb20) Importer(2089858483,192608db42251d675da83286b1cce702)
Start importing Assets/Art/MINIFANTASY - Crafting and Professions I/Sprites/Barbarian/General_Animations/GIFs/Barbarian_Dmg.gif using Guid(3893af216a4b4d34c82797edc4b9eb20) Importer(2089858483,192608db42251d675da83286b1cce702) (ScriptedImporter) -> (artifact id: '64bc051fc729fffc42390177efea0827') in 0.0188707 seconds
Number of updated asset objects reloaded before import = 0Number of asset objects unloaded after import = 3

========================================================================
Received Import Request.
  Time since last request: 0.000026 seconds.
  path: Assets/Art/MINIFANTASY - Crafting and Professions I/Sprites/Rogue/Special_Animations/Throw Bomb
  artifactKey: Guid(4880b6b806ee6a64a86ee0b039f8a204) Importer(2089858483,192608db42251d675da83286b1cce702)
Start importing Assets/Art/MINIFANTASY - Crafting and Professions I/Sprites/Rogue/Special_Animations/Throw Bomb using Guid(4880b6b806ee6a64a86ee0b039f8a204) Importer(2089858483,192608db42251d675da83286b1cce702) (ScriptedImporter) -> (artifact id: 'c97ba878893f3002b7a43639d4b16472') in 0.0046279 seconds
Number of updated asset objects reloaded before import = 0Number of asset objects unloaded after import = 1

========================================================================
Received Import Request.
  Time since last request: 0.000028 seconds.
  path: Assets/Art/MINIFANTASY - Crafting and Professions I/Sprites/Barbarian/General_Animations/Barbarian_Walk.png
  artifactKey: Guid(09a0eb2fe3b61654fa074fadeb90577c) Importer(2089858483,192608db42251d675da83286b1cce702)
Start importing Assets/Art/MINIFANTASY - Crafting and Professions I/Sprites/Barbarian/General_Animations/Barbarian_Walk.png using Guid(09a0eb2fe3b61654fa074fadeb90577c) Importer(2089858483,192608db42251d675da83286b1cce702) (ScriptedImporter) -> (artifact id: '402f4c1d20fbd991ec968ff3746de66f') in 0.0438194 seconds
Number of updated asset objects reloaded before import = 0Number of asset objects unloaded after import = 18

========================================================================
Received Import Request.
  Time since last request: 0.000020 seconds.
  path: Assets/Art/MINIFANTASY - Crafting and Professions I/Animations/Humanoids/Halfling/Halfling_Harvest_NE.anim
  artifactKey: Guid(e9ee2363bf95e124585a8a00ef7c706f) Importer(2089858483,192608db42251d675da83286b1cce702)
Start importing Assets/Art/MINIFANTASY - Crafting and Professions I/Animations/Humanoids/Halfling/Halfling_Harvest_NE.anim using Guid(e9ee2363bf95e124585a8a00ef7c706f) Importer(2089858483,192608db42251d675da83286b1cce702) (ScriptedImporter) -> (artifact id: 'c70b7fac20b077bd7664efdb27a4c2fc') in 0.0081911 seconds
Number of updated asset objects reloaded before import = 0Number of asset objects unloaded after import = 1

========================================================================
Received Import Request.
  Time since last request: 0.000015 seconds.
  path: Assets/Art/MINIFANTASY - Crafting and Professions I/Sprites/Crafting Professions/Blacksmith/BlacksmithProps.png
  artifactKey: Guid(501f2bb8a0d6f5642a6f0c37f52377c5) Importer(2089858483,192608db42251d675da83286b1cce702)
Start importing Assets/Art/MINIFANTASY - Crafting and Professions I/Sprites/Crafting Professions/Blacksmith/BlacksmithProps.png using Guid(501f2bb8a0d6f5642a6f0c37f52377c5) Importer(2089858483,192608db42251d675da83286b1cce702) (ScriptedImporter) -> (artifact id: 'bed7889a9c55db00eccf450c3782819b') in 0.023621 seconds
Number of updated asset objects reloaded before import = 0Number of asset objects unloaded after import = 7

========================================================================
Received Import Request.
  Time since last request: 0.000018 seconds.
  path: Assets/Art/MINIFANTASY - Crafting and Professions I/Sprites/Barbarian/Special_Animations/Thunder_Blade_Attack
  artifactKey: Guid(3812d4fe53b7cec4091c8ba9d551328e) Importer(2089858483,192608db42251d675da83286b1cce702)
Start importing Assets/Art/MINIFANTASY - Crafting and Professions I/Sprites/Barbarian/Special_Animations/Thunder_Blade_Attack using Guid(3812d4fe53b7cec4091c8ba9d551328e) Importer(2089858483,192608db42251d675da83286b1cce702) (ScriptedImporter) -> (artifact id: 'c0c3c6f56e1a6def4756e662297ae07c') in 0.0045927 seconds
Number of updated asset objects reloaded before import = 0Number of asset objects unloaded after import = 1

========================================================================
Received Import Request.
  Time since last request: 0.000018 seconds.
  path: Assets/Art/MINIFANTASY - Crafting and Professions I/Sprites/Barbarian/General_Animations/Barbarian_Jump.png
  artifactKey: Guid(81712dd663842fd4f801205b10b1f099) Importer(2089858483,192608db42251d675da83286b1cce702)
Start importing Assets/Art/MINIFANTASY - Crafting and Professions I/Sprites/Barbarian/General_Animations/Barbarian_Jump.png using Guid(81712dd663842fd4f801205b10b1f099) Importer(2089858483,192608db42251d675da83286b1cce702) (ScriptedImporter) -> (artifact id: '349a285049a1097f0e0e16c80790713e') in 0.0482714 seconds
Number of updated asset objects reloaded before import = 0Number of asset objects unloaded after import = 18

========================================================================
Received Import Request.
  Time since last request: 0.000050 seconds.
  path: Assets/Art/MINIFANTASY - Crafting and Professions I/Animations/Humanoids/Dwarf/Dwarf_AnimatorOverrideController.overrideController
  artifactKey: Guid(f7a3bf99b8b97d94abc3f9bbd4e26788) Importer(2089858483,192608db42251d675da83286b1cce702)
Start importing Assets/Art/MINIFANTASY - Crafting and Professions I/Animations/Humanoids/Dwarf/Dwarf_AnimatorOverrideController.overrideController using Guid(f7a3bf99b8b97d94abc3f9bbd4e26788) Importer(2089858483,192608db42251d675da83286b1cce702) (ScriptedImporter) -> (artifact id: 'c9cf0fee2f39f71f13d02fe683300dd8') in 0.0368709 seconds
Number of updated asset objects reloaded before import = 0Number of asset objects unloaded after import = 67

========================================================================
Received Import Request.
  Time since last request: 0.000024 seconds.
  path: Assets/Art/MINIFANTASY - Crafting and Professions I/Sprites/Crafting Professions/Tailor/Loom/Loom_Working.png
  artifactKey: Guid(f15f8aa686fca8a4890ed6048592b32f) Importer(2089858483,192608db42251d675da83286b1cce702)
Start importing Assets/Art/MINIFANTASY - Crafting and Professions I/Sprites/Crafting Professions/Tailor/Loom/Loom_Working.png using Guid(f15f8aa686fca8a4890ed6048592b32f) Importer(2089858483,192608db42251d675da83286b1cce702) (ScriptedImporter) -> (artifact id: '1f7e12843b5666eb345d914e42b09db7') in 0.055677 seconds
Number of updated asset objects reloaded before import = 0Number of asset objects unloaded after import = 8

========================================================================
Received Import Request.
  Time since last request: 0.000117 seconds.
  path: Assets/Art/MINIFANTASY - Crafting and Professions I/Prefabs/Characters/Halfling.prefab
  artifactKey: Guid(5867c9da275c45a40a02357fa6e8f212) Importer(2089858483,192608db42251d675da83286b1cce702)
Start importing Assets/Art/MINIFANTASY - Crafting and Professions I/Prefabs/Characters/Halfling.prefab using Guid(5867c9da275c45a40a02357fa6e8f212) Importer(2089858483,192608db42251d675da83286b1cce702) (ScriptedImporter) -> (artifact id: 'b4a1cf1cc4d4e2df56453aa49f87dc5b') in 0.0106478 seconds
Number of updated asset objects reloaded before import = 0Number of asset objects unloaded after import = 15

========================================================================
Received Import Request.
  Time since last request: 0.000035 seconds.
  path: Assets/Art/MINIFANTASY - Crafting and Professions I/Sprites/Gathering Professions/Harvesting/FibresPlantsShadows.png
  artifactKey: Guid(9cfc060d25225164a8b241436582fafe) Importer(2089858483,192608db42251d675da83286b1cce702)
Start importing Assets/Art/MINIFANTASY - Crafting and Professions I/Sprites/Gathering Professions/Harvesting/FibresPlantsShadows.png using Guid(9cfc060d25225164a8b241436582fafe) Importer(2089858483,192608db42251d675da83286b1cce702) (ScriptedImporter) -> (artifact id: '2369ff3fd5b5c19f0a5efc087923e121') in 0.0425317 seconds
Number of updated asset objects reloaded before import = 0Number of asset objects unloaded after import = 12

========================================================================
Received Import Request.
  Time since last request: 0.000024 seconds.
  path: Assets/Art/MINIFANTASY - Crafting and Professions I/Sprites/Barbarian/Special_Animations/Throw_Things/Barbarian_ThrowThings.png
  artifactKey: Guid(55852ed1c7adb3d42bca9948d0195942) Importer(2089858483,192608db42251d675da83286b1cce702)
Start importing Assets/Art/MINIFANTASY - Crafting and Professions I/Sprites/Barbarian/Special_Animations/Throw_Things/Barbarian_ThrowThings.png using Guid(55852ed1c7adb3d42bca9948d0195942) Importer(2089858483,192608db42251d675da83286b1cce702) (ScriptedImporter) -> (artifact id: '2c826b0f31b31b94fef308a5ae0c0075') in 0.6033154 seconds
Number of updated asset objects reloaded before import = 0Number of asset objects unloaded after import = 66

========================================================================
Received Import Request.
  Time since last request: 0.000022 seconds.
  path: Assets/Art/MINIFANTASY - Crafting and Professions I/Sprites/Druid/Special_Animations/Shape_Shifting/Forest_Owl/GIFs/Druid_OwlFlyIdle.gif
  artifactKey: Guid(f66a2cd93b6189341bcd06d603ed717c) Importer(2089858483,192608db42251d675da83286b1cce702)
Start importing Assets/Art/MINIFANTASY - Crafting and Professions I/Sprites/Druid/Special_Animations/Shape_Shifting/Forest_Owl/GIFs/Druid_OwlFlyIdle.gif using Guid(f66a2cd93b6189341bcd06d603ed717c) Importer(2089858483,192608db42251d675da83286b1cce702) (ScriptedImporter) -> (artifact id: '7f26fca093f2ff6720e2886132bf33f9') in 0.0298264 seconds
Number of updated asset objects reloaded before import = 0Number of asset objects unloaded after import = 3

========================================================================
Received Import Request.
  Time since last request: 0.000031 seconds.
  path: Assets/Art/MINIFANTASY - Crafting and Professions I/Sprites/Druid
  artifactKey: Guid(fab64b564b1c66c46935831cffb3641b) Importer(2089858483,192608db42251d675da83286b1cce702)
Start importing Assets/Art/MINIFANTASY - Crafting and Professions I/Sprites/Druid using Guid(fab64b564b1c66c46935831cffb3641b) Importer(2089858483,192608db42251d675da83286b1cce702) (ScriptedImporter) -> (artifact id: '17ca22616223faf668eb0040105b8880') in 0.0053879 seconds
Number of updated asset objects reloaded before import = 0Number of asset objects unloaded after import = 1

Editor requested this worker to shutdown with reason: Scaling down because of idle timeout
AssetImportWorker is now disconnected from the server
Process exiting
Exiting without the bug reporter. Application will terminate with return code 0