[Licensing::Module] Trying to connect to existing licensing client channel...
Built from '6000.2/staging' branch; Version is '6000.2.9f1 (e0c4e791ab71) revision 14730471'; Using compiler version '194234433'; Build Type 'Release'
[Licensing::IpcConnector] Successfully connected to: "LicenseClient-zhuagenbao" at "2025-12-05T05:59:17.598854Z"
OS: 'Windows 11  (10.0.22631) 64bit CoreCountrySpecific' Language: 'zh' Physical Memory: 23777 MB
BatchMode: 1, IsHumanControllingUs: 0, StartBugReporterOnCrash: 0, Is64bit: 1
Date: 2025-12-05T05:59:17Z

COMMAND LINE ARGUMENTS:
D:\gameObject\develop\Editor\6000.2.9f1\Editor\Unity.exe
-adb2
-batchMode
-noUpm
-name
AssetImportWorker3
-projectPath
C:/Users/zhuagenbao/Desktop/MiniCharacterCreator-main/test
-logFile
Logs/AssetImportWorker3.log
-srvPort
3031
-licensingIpc
LicenseClient-zhuagenbao
-job-worker-count
7
-background-job-worker-count
8
-gc-helper-count
1
-name
AssetImport
Successfully changed project path to: C:/Users/zhuagenbao/Desktop/MiniCharacterCreator-main/test
C:/Users/zhuagenbao/Desktop/MiniCharacterCreator-main/test
[UnityMemory] Configuration Parameters - Can be set up in boot.config
    "memorysetup-allocator-temp-initial-block-size-main=262144"
    "memorysetup-allocator-temp-initial-block-size-worker=262144"
    "memorysetup-bucket-allocator-granularity=16"
    "memorysetup-bucket-allocator-bucket-count=8"
    "memorysetup-bucket-allocator-block-size=33554432"
    "memorysetup-bucket-allocator-block-count=8"
    "memorysetup-main-allocator-block-size=16777216"
    "memorysetup-thread-allocator-block-size=16777216"
    "memorysetup-gfx-main-allocator-block-size=16777216"
    "memorysetup-gfx-thread-allocator-block-size=16777216"
    "memorysetup-cache-allocator-block-size=4194304"
    "memorysetup-typetree-allocator-block-size=2097152"
    "memorysetup-profiler-bucket-allocator-granularity=16"
    "memorysetup-profiler-bucket-allocator-bucket-count=8"
    "memorysetup-profiler-bucket-allocator-block-size=33554432"
    "memorysetup-profiler-bucket-allocator-block-count=8"
    "memorysetup-profiler-allocator-block-size=16777216"
    "memorysetup-profiler-editor-allocator-block-size=1048576"
    "memorysetup-temp-allocator-size-main=16777216"
    "memorysetup-job-temp-allocator-block-size=2097152"
    "memorysetup-job-temp-allocator-block-size-background=1048576"
    "memorysetup-job-temp-allocator-reduction-small-platforms=262144"
    "memorysetup-temp-allocator-size-background-worker=32768"
    "memorysetup-temp-allocator-size-job-worker=262144"
    "memorysetup-temp-allocator-size-preload-manager=33554432"
    "memorysetup-temp-allocator-size-nav-mesh-worker=65536"
    "memorysetup-temp-allocator-size-audio-worker=65536"
    "memorysetup-temp-allocator-size-cloud-worker=32768"
    "memorysetup-temp-allocator-size-gi-baking-worker=262144"
    "memorysetup-temp-allocator-size-gi-baking-worker=262144"
    "memorysetup-temp-allocator-size-gi-baking-worker=262144"
    "memorysetup-temp-allocator-size-gi-baking-worker=262144"
    "memorysetup-temp-allocator-size-gi-baking-worker=262144"
    "memorysetup-temp-allocator-size-gfx=262144"
Player connection [26228]  Target information:

Player connection [26228]  * "[IP] 192.168.2.6 [Port] 0 [Flags] 2 [Guid] 2576370853 [EditorId] 2576370853 [Version] 1048832 [Id] WindowsEditor(7,DESKTOP-KP4589M) [Debug] 1 [PackageName] WindowsEditor [ProjectName] Editor" 

Player connection [26228] Host joined multi-casting on [225.0.0.222:54997]...
Player connection [26228] Host joined alternative multi-casting on [225.0.0.222:34997]...
JobSystem: Creating JobQueue using job-worker-count value 7
Input System module state changed to: Initialized.
[Physics::Module] Initialized fallback backend.
[Physics::Module] Id: 0xdecafbad
[Licensing::Client] Code 10 while verifying Licensing Client signature (process Id: 24584, path: "D:/gameObject/develop/Unity Hub/UnityLicensingClient_V1/Unity.Licensing.Client.exe")
[Licensing::Module] LicensingClient has failed validation; ignoring
[Licensing::Client] Handshaking with LicensingClient:
  Version:                 1.17.3+a4e98f1
  Session Id:              0d9cd8c9a0ae4482abec19577764544e
  Correlation Id:          d05e2489ee7e42873aad530ed6a416f2
  External correlation Id: 7402960057040362377
  Machine Id:              K60tJ5c+ydKCg23vUYm+4PjQmTY=
[Licensing::Module] Successfully connected to LicensingClient on channel: "LicenseClient-zhuagenbao" (connect: 0.00s, validation: 0.00s, handshake: 0.05s)
[Licensing::IpcConnector] Successfully connected to: "LicenseClient-zhuagenbao-notifications" at "2025-12-05T05:59:17.6501033Z"
[Licensing::Module] Licensing Background thread has ended after 0.05s
Library Redirect Path: Library/
[Physics::Module] Selected backend.
[Physics::Module] Name: PhysX
[Physics::Module] Id: 0xf2b8ea05
[Physics::Module] SDK Version: 4.1.2
[Physics::Module] Integration Version: 1.0.0
[Physics::Module] Threading Mode: Multi-Threaded
Refreshing native plugins compatible for Editor in 2.11 ms, found 4 plugins.
Preloading 0 native plugins for Editor in 0.00 ms.
Initialize engine version: 6000.2.9f1 (e0c4e791ab71)
[Subsystems] Discovering subsystems at path D:/gameObject/develop/Editor/6000.2.9f1/Editor/Data/Resources/UnitySubsystems
[Subsystems] Discovering subsystems at path C:/Users/zhuagenbao/Desktop/MiniCharacterCreator-main/test/Assets
GfxDevice: creating device client; kGfxThreadingModeNonThreaded
Direct3D:
    Version:  Direct3D 11.0 [level 11.1]
    Renderer: NVIDIA GeForce RTX 4060 Laptop GPU (ID=0x28a0)
    Vendor:   NVIDIA
    VRAM:     7957 MB
    Driver:   32.0.15.7283
Initialize mono
Mono path[0] = 'D:/gameObject/develop/Editor/6000.2.9f1/Editor/Data/Managed'
Mono path[1] = 'D:/gameObject/develop/Editor/6000.2.9f1/Editor/Data/MonoBleedingEdge/lib/mono/unityjit-win32'
Mono config path = 'D:/gameObject/develop/Editor/6000.2.9f1/Editor/Data/MonoBleedingEdge/etc'
Using monoOptions --debugger-agent=transport=dt_socket,embedding=1,server=y,suspend=n,address=127.0.0.1:56616
Begin MonoManager ReloadAssembly
Registering precompiled unity dll's ...
Register platform support module: D:/gameObject/develop/Editor/6000.2.9f1/Editor/Data/PlaybackEngines/WindowsStandaloneSupport/UnityEditor.WindowsStandalone.Extensions.dll
Registered in 0.001353 seconds.
- Loaded All Assemblies, in  0.324 seconds
Native extension for WindowsStandalone target not found
Mono: successfully reloaded assembly
- Finished resetting the current domain, in  0.292 seconds
Domain Reload Profiling: 615ms
	BeginReloadAssembly (112ms)
		ExecutionOrderSort (0ms)
		DisableScriptedObjects (0ms)
		BackupInstance (0ms)
		ReleaseScriptingObjects (0ms)
		CreateAndSetChildDomain (1ms)
	RebuildCommonClasses (30ms)
	RebuildNativeTypeToScriptingClass (13ms)
	initialDomainReloadingComplete (41ms)
	LoadAllAssembliesAndSetupDomain (127ms)
		LoadAssemblies (110ms)
		RebuildTransferFunctionScriptingTraits (0ms)
		AnalyzeDomain (124ms)
			TypeCache.Refresh (123ms)
				TypeCache.ScanAssembly (113ms)
			BuildScriptInfoCaches (0ms)
			ResolveRequiredComponents (0ms)
	FinalizeReload (292ms)
		ReleaseScriptCaches (0ms)
		RebuildScriptCaches (0ms)
		SetupLoadedEditorAssemblies (247ms)
			LogAssemblyErrors (0ms)
			InitializePlatformSupportModulesInManaged (41ms)
			SetLoadedEditorAssemblies (4ms)
			BeforeProcessingInitializeOnLoad (56ms)
			ProcessInitializeOnLoadAttributes (107ms)
			ProcessInitializeOnLoadMethodAttributes (40ms)
			AfterProcessingInitializeOnLoad (0ms)
			EditorAssembliesLoaded (0ms)
		ExecutionOrderSort2 (0ms)
		AwakeInstancesAfterBackupRestoration (0ms)
========================================================================
Worker process is ready to serve import requests
Import Worker Mode flag is 0x00
Begin MonoManager ReloadAssembly
[Licensing::Client] Successfully resolved entitlement details
[Licensing::Module] License group:
  Id: F4-NMTP-SXWG-HN24-U9HH-XXXX
  Product: Unity Personal
  Type: ULF
  Expiration: 2025-12-15T04:09:52Z
[Licensing::Module] License group:
  Id: ewogICJzdWJzR3JvdXAiIDogInVuaXR5IGVkaXRvciIsCiAgIm5hbWVzcGFjZSIgOiAidW5pdHlfZWRpdG9yIiwKICAidHlwZSIgOiAiRURJVE9SIiwKICAidGFnIiA6ICJVbml0eVBlcnNvbmFsXXXX
  Product: Unity Personal Version
  Type: Assigned
  Expiration: Unlimited
- Loaded All Assemblies, in  1.306 seconds
Refreshing native plugins compatible for Editor in 0.81 ms, found 4 plugins.
Native extension for WindowsStandalone target not found
Package Manager log level set to [2]
[Package Manager] Failed to launch server process. Reason: Unity was launched with the -noUpm command-line argument
[Package Manager] Unable to send message (not connected to server process).
[Package Manager] Cannot connect to Unity Package Manager local server
Mono: successfully reloaded assembly
- Finished resetting the current domain, in  2.089 seconds
Domain Reload Profiling: 3392ms
	BeginReloadAssembly (151ms)
		ExecutionOrderSort (0ms)
		DisableScriptedObjects (4ms)
		BackupInstance (0ms)
		ReleaseScriptingObjects (0ms)
		CreateAndSetChildDomain (34ms)
	RebuildCommonClasses (26ms)
	RebuildNativeTypeToScriptingClass (9ms)
	initialDomainReloadingComplete (64ms)
	LoadAllAssembliesAndSetupDomain (1051ms)
		LoadAssemblies (786ms)
		RebuildTransferFunctionScriptingTraits (0ms)
		AnalyzeDomain (345ms)
			TypeCache.Refresh (275ms)
				TypeCache.ScanAssembly (258ms)
			BuildScriptInfoCaches (58ms)
			ResolveRequiredComponents (8ms)
	FinalizeReload (2090ms)
		ReleaseScriptCaches (0ms)
		RebuildScriptCaches (0ms)
		SetupLoadedEditorAssemblies (1981ms)
			LogAssemblyErrors (0ms)
			InitializePlatformSupportModulesInManaged (1ms)
			SetLoadedEditorAssemblies (7ms)
			BeforeProcessingInitializeOnLoad (187ms)
			ProcessInitializeOnLoadAttributes (1684ms)
			ProcessInitializeOnLoadMethodAttributes (98ms)
			AfterProcessingInitializeOnLoad (4ms)
			EditorAssembliesLoaded (0ms)
		ExecutionOrderSort2 (0ms)
		AwakeInstancesAfterBackupRestoration (6ms)
Launched and connected shader compiler UnityShaderCompiler.exe after 0.02 seconds
Refreshing native plugins compatible for Editor in 2.02 ms, found 4 plugins.
Preloading 0 native plugins for Editor in 0.00 ms.
Unloading 13 Unused Serialized files (Serialized files now loaded: 0)
Unloading 7764 unused Assets / (5.1 MB). Loaded Objects now: 8403.
Memory consumption went from 160.4 MB to 155.3 MB.
Total: 20.185600 ms (FindLiveObjects: 3.379900 ms CreateObjectMapping: 1.637500 ms MarkObjects: 10.359500 ms  DeleteObjects: 4.806600 ms)

========================================================================
Received Import Request.
  Time since last request: 12611.955310 seconds.
  path: Assets/Art/MINIFANTASY Creatures - Super Low Res 2D Pixel Art by Krishna Palacio/Scripts/CTR_ShadowSwitch.cs
  artifactKey: Guid(ad359971f8177b54fbbae75c9ee1634a) Importer(2089858483,192608db42251d675da83286b1cce702)
Start importing Assets/Art/MINIFANTASY Creatures - Super Low Res 2D Pixel Art by Krishna Palacio/Scripts/CTR_ShadowSwitch.cs using Guid(ad359971f8177b54fbbae75c9ee1634a) Importer(2089858483,192608db42251d675da83286b1cce702) (ScriptedImporter)
=================================================================
	Native Crash Reporting
=================================================================
Got a UNKNOWN while executing native code. This usually indicates
a fatal error in the mono runtime or one of the native libraries 
used by your application.
=================================================================

=================================================================
	Managed Stacktrace:
=================================================================
	  at <unknown> <0xffffffff>
	  at System.Reflection.RuntimePropertyInfo:get_property_info <0x000d4>
	  at System.Reflection.RuntimePropertyInfo:CachePropertyInfo <0x000ba>
	  at System.Reflection.RuntimePropertyInfo:get_PropertyType <0x0007a>
	  at UnityEditor.Rendering.Universal.MaterialReferenceBuilder:HasMaterialProperty <0x0008b>
	  at System.Linq.Enumerable:Any <0x002eb>
	  at <>c:<GetMaterialReferenceLookup>b__2_0 <0x0010a>
	  at WhereEnumerableIterator`1:MoveNext <0x00218>
	  at UnityEditor.Rendering.Universal.MaterialReferenceBuilder:GetMaterialReferenceLookup <0x008fe>
	  at UnityEditor.Rendering.Universal.MaterialReferenceBuilder:.cctor <0x0009a>
	  at System.Object:runtime_invoke_void <0x00184>
	  at <unknown> <0xffffffff>
	  at System.Object:__icall_wrapper_mono_generic_class_init <0x000c2>
	  at UnityEditor.Rendering.Universal.ConversionIndexers:ConversionIndexer <0x0012a>
	  at <Module>:invoke_void_CustomObjectIndexerTarget_ObjectIndexer <0x0038c>
	  at UnityEditor.Search.ObjectIndexer:CallCustomIndexers <0x00c19>
	  at UnityEditor.Search.ObjectIndexer:IndexCustomProperties <0x00232>
	  at UnityEditor.Search.AssetIndexer:IndexProperties <0x00d7a>
	  at UnityEditor.Search.AssetIndexer:IndexDocument <0x024f2>
	  at UnityEditor.Search.SearchIndexEntryImporter:OnImportAsset <0x002a9>
	  at UnityEditor.AssetImporters.ScriptedImporter:GenerateAssetData <0x00084>
	  at <Module>:runtime_invoke_void__this___object <0x0018d>
=================================================================
 -> (artifact id: '59ca34a298e43e5f5b77b9cf1ed7b1a1') in 0.2150517 seconds
Number of updated asset objects reloaded before import = 0Number of asset objects unloaded after import = 0

========================================================================
Received Import Request.
  Time since last request: 0.000021 seconds.
  path: Assets/Minifantasy_NPCs_Assets/Generic_NPCs/Die/Minifantasy_NPCsDie.aseprite
  artifactKey: Guid(35e7ee9bdfab89f4c9e4184746475972) Importer(2089858483,192608db42251d675da83286b1cce702)
Start importing Assets/Minifantasy_NPCs_Assets/Generic_NPCs/Die/Minifantasy_NPCsDie.aseprite using Guid(35e7ee9bdfab89f4c9e4184746475972) Importer(2089858483,192608db42251d675da83286b1cce702) (ScriptedImporter) -> (artifact id: '6e2189a4ecf40c690e893abded53e4d3') in 0.1357144 seconds
Number of updated asset objects reloaded before import = 0Number of asset objects unloaded after import = 7

========================================================================
Received Import Request.
  Time since last request: 0.000030 seconds.
  path: Assets/Art/MINIFANTASY - Crafting and Professions I/Prefabs/Characters/Elf.prefab
  artifactKey: Guid(471118d387915844caf47a935ed52bc5) Importer(2089858483,192608db42251d675da83286b1cce702)
Start importing Assets/Art/MINIFANTASY - Crafting and Professions I/Prefabs/Characters/Elf.prefab using Guid(471118d387915844caf47a935ed52bc5) Importer(2089858483,192608db42251d675da83286b1cce702) (ScriptedImporter) -> (artifact id: 'c19083d20af8861071cea4e272f08022') in 0.0108861 seconds
Number of updated asset objects reloaded before import = 0Number of asset objects unloaded after import = 15

========================================================================
Received Import Request.
  Time since last request: 0.000029 seconds.
  path: Assets/Art/MINIFANTASY - Crafting and Professions I/Prefabs/Props/Jewelry_Workshop.prefab
  artifactKey: Guid(c675dcd474310aa41938938f248bb50f) Importer(2089858483,192608db42251d675da83286b1cce702)
Start importing Assets/Art/MINIFANTASY - Crafting and Professions I/Prefabs/Props/Jewelry_Workshop.prefab using Guid(c675dcd474310aa41938938f248bb50f) Importer(2089858483,192608db42251d675da83286b1cce702) (ScriptedImporter) -> (artifact id: 'ddbebebafbb49d3d49c016a8d7bc179d') in 0.0231536 seconds
Number of updated asset objects reloaded before import = 0Number of asset objects unloaded after import = 21

========================================================================
Received Import Request.
  Time since last request: 0.000021 seconds.
  path: Assets/Editor/com.IvanMurzak/AI Game Dev Installer/com.IvanMurzak.Unity.MCP.Installer.asmdef
  artifactKey: Guid(ba51295843cc38b4ab50bce94c164333) Importer(2089858483,192608db42251d675da83286b1cce702)
Start importing Assets/Editor/com.IvanMurzak/AI Game Dev Installer/com.IvanMurzak.Unity.MCP.Installer.asmdef using Guid(ba51295843cc38b4ab50bce94c164333) Importer(2089858483,192608db42251d675da83286b1cce702) (ScriptedImporter) -> (artifact id: '194a7ab3fa569bebbed442b96a9862ce') in 0.0064845 seconds
Number of updated asset objects reloaded before import = 0Number of asset objects unloaded after import = 1

========================================================================
Received Import Request.
  Time since last request: 0.000042 seconds.
  path: Assets/Art/MINIFANTASY - Crafting and Professions I/Prefabs/Props/WoodworkBench.prefab
  artifactKey: Guid(36a4280eb31eec1438b42825c1fc2924) Importer(2089858483,192608db42251d675da83286b1cce702)
Start importing Assets/Art/MINIFANTASY - Crafting and Professions I/Prefabs/Props/WoodworkBench.prefab using Guid(36a4280eb31eec1438b42825c1fc2924) Importer(2089858483,192608db42251d675da83286b1cce702) (ScriptedImporter) -> (artifact id: 'e452bf7c76e6fe4e86a6f2f9db696c08') in 0.0304385 seconds
Number of updated asset objects reloaded before import = 0Number of asset objects unloaded after import = 21

========================================================================
Received Import Request.
  Time since last request: 0.000095 seconds.
  path: Assets/Minifantasy_NPCs_Assets/Premade_NPCs/Blacksmith/Minifantasy_NPCsBlacksmithDie.png
  artifactKey: Guid(48b33f46dddd67948b2a59ece6f7c183) Importer(2089858483,192608db42251d675da83286b1cce702)
Start importing Assets/Minifantasy_NPCs_Assets/Premade_NPCs/Blacksmith/Minifantasy_NPCsBlacksmithDie.png using Guid(48b33f46dddd67948b2a59ece6f7c183) Importer(2089858483,192608db42251d675da83286b1cce702) (ScriptedImporter) -> (artifact id: '81dfad6f9aefd0b4ba461aaf6fca2f09') in 0.0664203 seconds
Number of updated asset objects reloaded before import = 0Number of asset objects unloaded after import = 11

========================================================================
Received Import Request.
  Time since last request: 0.000037 seconds.
  path: Assets/Art/MINIFANTASY - Crafting and Professions I/Prefabs/Props/Plant_Pickup.prefab
  artifactKey: Guid(1c635e341f2e9384aa1a0b29d569ae0a) Importer(2089858483,192608db42251d675da83286b1cce702)
Start importing Assets/Art/MINIFANTASY - Crafting and Professions I/Prefabs/Props/Plant_Pickup.prefab using Guid(1c635e341f2e9384aa1a0b29d569ae0a) Importer(2089858483,192608db42251d675da83286b1cce702) (ScriptedImporter) -> (artifact id: '101046e469aac37158d731caf40bdfe8') in 0.0344793 seconds
Number of updated asset objects reloaded before import = 0Number of asset objects unloaded after import = 20

========================================================================
Received Import Request.
  Time since last request: 0.000016 seconds.
  path: Assets/Minifantasy_NPCs_Assets/Premade_NPCs/Furrier/Minifantasy_NPCsFurrierWalk.png
  artifactKey: Guid(19a84015bea49c145808b5108352cbce) Importer(2089858483,192608db42251d675da83286b1cce702)
Start importing Assets/Minifantasy_NPCs_Assets/Premade_NPCs/Furrier/Minifantasy_NPCsFurrierWalk.png using Guid(19a84015bea49c145808b5108352cbce) Importer(2089858483,192608db42251d675da83286b1cce702) (ScriptedImporter) -> (artifact id: '4cad2d9ad06be6f663d60c9965a63810') in 0.0485897 seconds
Number of updated asset objects reloaded before import = 0Number of asset objects unloaded after import = 18

========================================================================
Received Import Request.
  Time since last request: 0.000016 seconds.
  path: Assets/Art/MINIFANTASY - Crafting and Professions I/Scripts/Prop Variants/CP1_HerbNode.cs
  artifactKey: Guid(44713ac0a3c6284488aa9da6717c525a) Importer(2089858483,192608db42251d675da83286b1cce702)
Start importing Assets/Art/MINIFANTASY - Crafting and Professions I/Scripts/Prop Variants/CP1_HerbNode.cs using Guid(44713ac0a3c6284488aa9da6717c525a) Importer(2089858483,192608db42251d675da83286b1cce702) (ScriptedImporter) -> (artifact id: '7424b8487f7eada7f23512e973c63e0d') in 0.0063591 seconds
Number of updated asset objects reloaded before import = 0Number of asset objects unloaded after import = 0

========================================================================
Received Import Request.
  Time since last request: 0.000015 seconds.
  path: Assets/Art/MINIFANTASY - Crafting and Professions I/Prefabs/Props/Anvil.prefab
  artifactKey: Guid(484856178dcb7f64ea4d5c02e3b8bbfa) Importer(2089858483,192608db42251d675da83286b1cce702)
Start importing Assets/Art/MINIFANTASY - Crafting and Professions I/Prefabs/Props/Anvil.prefab using Guid(484856178dcb7f64ea4d5c02e3b8bbfa) Importer(2089858483,192608db42251d675da83286b1cce702) (ScriptedImporter) -> (artifact id: 'd8e94ac4218d96290229859dd1da8ce3') in 0.0159468 seconds
Number of updated asset objects reloaded before import = 0Number of asset objects unloaded after import = 21

========================================================================
Received Import Request.
  Time since last request: 0.000020 seconds.
  path: Assets/Editor/com.IvanMurzak/AI Game Dev Installer/SimpleJSON.cs
  artifactKey: Guid(9fbdd5383371516498e4fd0ba51f3845) Importer(2089858483,192608db42251d675da83286b1cce702)
Start importing Assets/Editor/com.IvanMurzak/AI Game Dev Installer/SimpleJSON.cs using Guid(9fbdd5383371516498e4fd0ba51f3845) Importer(2089858483,192608db42251d675da83286b1cce702) (ScriptedImporter) -> (artifact id: '3ccb3649e40c031f655b6c1a3243427d') in 0.0057286 seconds
Number of updated asset objects reloaded before import = 0Number of asset objects unloaded after import = 0

========================================================================
Received Import Request.
  Time since last request: 0.000033 seconds.
  path: Assets/Art/MINIFANTASY - Crafting and Professions I/Prefabs/Props/Laboratory.prefab
  artifactKey: Guid(dec44850d8b23394b99b3fd9e796a9d6) Importer(2089858483,192608db42251d675da83286b1cce702)
Start importing Assets/Art/MINIFANTASY - Crafting and Professions I/Prefabs/Props/Laboratory.prefab using Guid(dec44850d8b23394b99b3fd9e796a9d6) Importer(2089858483,192608db42251d675da83286b1cce702) (ScriptedImporter) -> (artifact id: '2dca9ef854f9eb8df612bef13212037d') in 0.0253188 seconds
Number of updated asset objects reloaded before import = 0Number of asset objects unloaded after import = 19

========================================================================
Received Import Request.
  Time since last request: 0.000018 seconds.
  path: Assets/Editor/com.IvanMurzak/AI Game Dev Installer/Installer.Manifest.cs
  artifactKey: Guid(888edfe7699cca7478a863e50be3566d) Importer(2089858483,192608db42251d675da83286b1cce702)
Start importing Assets/Editor/com.IvanMurzak/AI Game Dev Installer/Installer.Manifest.cs using Guid(888edfe7699cca7478a863e50be3566d) Importer(2089858483,192608db42251d675da83286b1cce702) (ScriptedImporter) -> (artifact id: 'b26dee45692e2aa9cbcf88af7240767f') in 0.005707 seconds
Number of updated asset objects reloaded before import = 0Number of asset objects unloaded after import = 0

========================================================================
Received Import Request.
  Time since last request: 0.000016 seconds.
  path: Assets/Minifantasy_NPCs_Assets/Premade_NPCs/Blacksmith/Minifantasy_NPCsBlacksmithWalk.png
  artifactKey: Guid(a628be3a50922484985b0c5ed5a5c8dc) Importer(2089858483,192608db42251d675da83286b1cce702)
Start importing Assets/Minifantasy_NPCs_Assets/Premade_NPCs/Blacksmith/Minifantasy_NPCsBlacksmithWalk.png using Guid(a628be3a50922484985b0c5ed5a5c8dc) Importer(2089858483,192608db42251d675da83286b1cce702) (ScriptedImporter) -> (artifact id: 'c22c37df61542f9304114ffdbc4f694b') in 0.043857 seconds
Number of updated asset objects reloaded before import = 0Number of asset objects unloaded after import = 18

========================================================================
Received Import Request.
  Time since last request: 0.000015 seconds.
  path: Assets/Minifantasy_NPCs_Assets/Premade_NPCs/Blacksmith/Minifantasy_NPCsBlacksmithWorking.png
  artifactKey: Guid(aa32e2288115d82468335bf7edb18d0d) Importer(2089858483,192608db42251d675da83286b1cce702)
Start importing Assets/Minifantasy_NPCs_Assets/Premade_NPCs/Blacksmith/Minifantasy_NPCsBlacksmithWorking.png using Guid(aa32e2288115d82468335bf7edb18d0d) Importer(2089858483,192608db42251d675da83286b1cce702) (ScriptedImporter) -> (artifact id: '1aad5681ed7c1738aeaa8e71eec95b87') in 0.0467924 seconds
Number of updated asset objects reloaded before import = 0Number of asset objects unloaded after import = 8

========================================================================
Received Import Request.
  Time since last request: 0.000019 seconds.
  path: Assets/Minifantasy_NPCs_Assets/Premade_NPCs/Furrier/Minifantasy_NPCsFurrierDmg.png
  artifactKey: Guid(acbeb76e894f0d54c8ff17b4bb87ce0e) Importer(2089858483,192608db42251d675da83286b1cce702)
Start importing Assets/Minifantasy_NPCs_Assets/Premade_NPCs/Furrier/Minifantasy_NPCsFurrierDmg.png using Guid(acbeb76e894f0d54c8ff17b4bb87ce0e) Importer(2089858483,192608db42251d675da83286b1cce702) (ScriptedImporter) -> (artifact id: 'cbcc31ff6a0b3a9e4fd740acadf8dac1') in 0.0387275 seconds
Number of updated asset objects reloaded before import = 0Number of asset objects unloaded after import = 18

========================================================================
Received Import Request.
  Time since last request: 0.000033 seconds.
  path: Assets/Minifantasy_NPCs_Assets/Premade_NPCs/Tailor/Minifantasy_NPCsTailorDie.png
  artifactKey: Guid(5d5b43e09158bf4498fc3f13c24e88c3) Importer(2089858483,192608db42251d675da83286b1cce702)
Start importing Assets/Minifantasy_NPCs_Assets/Premade_NPCs/Tailor/Minifantasy_NPCsTailorDie.png using Guid(5d5b43e09158bf4498fc3f13c24e88c3) Importer(2089858483,192608db42251d675da83286b1cce702) (ScriptedImporter) -> (artifact id: 'cce47135a7da697018743960130f25b1') in 0.0549162 seconds
Number of updated asset objects reloaded before import = 0Number of asset objects unloaded after import = 12

========================================================================
Received Import Request.
  Time since last request: 0.000016 seconds.
  path: Assets/Editor/com.IvanMurzak/AI Game Dev Installer/PackageExporter.cs
  artifactKey: Guid(b1b6d684272a1e24097921598fd2cd0e) Importer(2089858483,192608db42251d675da83286b1cce702)
Start importing Assets/Editor/com.IvanMurzak/AI Game Dev Installer/PackageExporter.cs using Guid(b1b6d684272a1e24097921598fd2cd0e) Importer(2089858483,192608db42251d675da83286b1cce702) (ScriptedImporter) -> (artifact id: '05c4b7faf88ab3547e1c7ba9a357fe52') in 0.0060584 seconds
Number of updated asset objects reloaded before import = 0Number of asset objects unloaded after import = 0

========================================================================
Received Import Request.
  Time since last request: 0.000018 seconds.
  path: Assets/Scripts/EquipmentSystem/Runtime/AnimationController.cs
  artifactKey: Guid(8dd33f42c60aaa64a85bf7d063c4965e) Importer(2089858483,192608db42251d675da83286b1cce702)
Start importing Assets/Scripts/EquipmentSystem/Runtime/AnimationController.cs using Guid(8dd33f42c60aaa64a85bf7d063c4965e) Importer(2089858483,192608db42251d675da83286b1cce702) (ScriptedImporter) -> (artifact id: '3cce4baadff5671b62ef40e6810c72a8') in 0.0066021 seconds
Number of updated asset objects reloaded before import = 0Number of asset objects unloaded after import = 0

========================================================================
Received Import Request.
  Time since last request: 0.000020 seconds.
  path: Assets/Minifantasy_NPCs_Assets/Premade_NPCs/Jeweller/Minifantasy_NPCsJewellerDmg.png
  artifactKey: Guid(2fd662f674b7a8b40852f6a1de12b6f4) Importer(2089858483,192608db42251d675da83286b1cce702)
Start importing Assets/Minifantasy_NPCs_Assets/Premade_NPCs/Jeweller/Minifantasy_NPCsJewellerDmg.png using Guid(2fd662f674b7a8b40852f6a1de12b6f4) Importer(2089858483,192608db42251d675da83286b1cce702) (ScriptedImporter) -> (artifact id: '6d83b8cda7402535611c29a72bb52c24') in 0.0528877 seconds
Number of updated asset objects reloaded before import = 0Number of asset objects unloaded after import = 18

========================================================================
Received Import Request.
  Time since last request: 0.000018 seconds.
  path: Assets/Minifantasy_NPCs_Assets/Premade_NPCs/Alchemist/Minifantasy_NPCsAlchemistWorking.png
  artifactKey: Guid(0edc2c6bf282f294abd18d74d3d46907) Importer(2089858483,192608db42251d675da83286b1cce702)
Start importing Assets/Minifantasy_NPCs_Assets/Premade_NPCs/Alchemist/Minifantasy_NPCsAlchemistWorking.png using Guid(0edc2c6bf282f294abd18d74d3d46907) Importer(2089858483,192608db42251d675da83286b1cce702) (ScriptedImporter) -> (artifact id: 'ecceaef9d5ca5bf074c4a03487117341') in 0.0378001 seconds
Number of updated asset objects reloaded before import = 0Number of asset objects unloaded after import = 13

========================================================================
Received Import Request.
  Time since last request: 0.000023 seconds.
  path: Assets/Art/MINIFANTASY - Crafting and Professions I/Prefabs/Props/Tree_Node.prefab
  artifactKey: Guid(c7bf2fa67ed9cc247add5da8935dc5c1) Importer(2089858483,192608db42251d675da83286b1cce702)
Start importing Assets/Art/MINIFANTASY - Crafting and Professions I/Prefabs/Props/Tree_Node.prefab using Guid(c7bf2fa67ed9cc247add5da8935dc5c1) Importer(2089858483,192608db42251d675da83286b1cce702) (ScriptedImporter) -> (artifact id: 'e82e95d323c51faaa125e6f6e8838898') in 0.054377 seconds
Number of updated asset objects reloaded before import = 0Number of asset objects unloaded after import = 63

========================================================================
Received Import Request.
  Time since last request: 0.000023 seconds.
  path: Assets/Art/MINIFANTASY - Crafting and Professions I/Prefabs/Props/Tree_Pickup.prefab
  artifactKey: Guid(619f39e69022c6845833f90ea8fa1cff) Importer(2089858483,192608db42251d675da83286b1cce702)
Start importing Assets/Art/MINIFANTASY - Crafting and Professions I/Prefabs/Props/Tree_Pickup.prefab using Guid(619f39e69022c6845833f90ea8fa1cff) Importer(2089858483,192608db42251d675da83286b1cce702) (ScriptedImporter) -> (artifact id: '3c5e91dee85cb7d37ab28eb83fad66be') in 0.0200007 seconds
Number of updated asset objects reloaded before import = 0Number of asset objects unloaded after import = 15

========================================================================
Received Import Request.
  Time since last request: 0.000018 seconds.
  path: Assets/Art/MINIFANTASY - Crafting and Professions I/Prefabs/Projectiles/Root.prefab
  artifactKey: Guid(88bcd6bdef4aa3b488adfa41fc178b88) Importer(2089858483,192608db42251d675da83286b1cce702)
Start importing Assets/Art/MINIFANTASY - Crafting and Professions I/Prefabs/Projectiles/Root.prefab using Guid(88bcd6bdef4aa3b488adfa41fc178b88) Importer(2089858483,192608db42251d675da83286b1cce702) (ScriptedImporter) -> (artifact id: 'a2a1e260d45b057445583c235c341397') in 0.0339794 seconds
Number of updated asset objects reloaded before import = 0Number of asset objects unloaded after import = 10

========================================================================
Received Import Request.
  Time since last request: 0.000022 seconds.
  path: Assets/Minifantasy_NPCs_Assets/Premade_NPCs/Butcher/Minifantasy_NPCsButcherDie.png
  artifactKey: Guid(f143d7c3105219146b77f726a69fb739) Importer(2089858483,192608db42251d675da83286b1cce702)
Start importing Assets/Minifantasy_NPCs_Assets/Premade_NPCs/Butcher/Minifantasy_NPCsButcherDie.png using Guid(f143d7c3105219146b77f726a69fb739) Importer(2089858483,192608db42251d675da83286b1cce702) (ScriptedImporter) -> (artifact id: '0f0e5c8dc5fa0611e91c3b3f7fbf1fde') in 0.0336159 seconds
Number of updated asset objects reloaded before import = 0Number of asset objects unloaded after import = 11

========================================================================
Received Import Request.
  Time since last request: 0.000029 seconds.
  path: Assets/Art/MINIFANTASY - Crafting and Professions I/Prefabs/Characters/Halfling.prefab
  artifactKey: Guid(5867c9da275c45a40a02357fa6e8f212) Importer(2089858483,192608db42251d675da83286b1cce702)
Start importing Assets/Art/MINIFANTASY - Crafting and Professions I/Prefabs/Characters/Halfling.prefab using Guid(5867c9da275c45a40a02357fa6e8f212) Importer(2089858483,192608db42251d675da83286b1cce702) (ScriptedImporter) -> (artifact id: 'a1fc6bebde717dc9e0a8edd44c287117') in 0.0095268 seconds
Number of updated asset objects reloaded before import = 0Number of asset objects unloaded after import = 15

========================================================================
Received Import Request.
  Time since last request: 0.000017 seconds.
  path: Assets/Minifantasy_NPCs_Assets/Premade_NPCs/Jeweller/Minifantasy_NPCsJewellerDie.png
  artifactKey: Guid(2f54ef5b3658e1e4982a45d36be266b8) Importer(2089858483,192608db42251d675da83286b1cce702)
Start importing Assets/Minifantasy_NPCs_Assets/Premade_NPCs/Jeweller/Minifantasy_NPCsJewellerDie.png using Guid(2f54ef5b3658e1e4982a45d36be266b8) Importer(2089858483,192608db42251d675da83286b1cce702) (ScriptedImporter) -> (artifact id: 'ce2691db461cb27f4076266cd77f114b') in 0.0393089 seconds
Number of updated asset objects reloaded before import = 0Number of asset objects unloaded after import = 12

========================================================================
Received Import Request.
  Time since last request: 0.936004 seconds.
  path: Assets/Art/MINIFANTASY - Crafting and Professions I/Scripts/Prop Variants/CP1_PlantNode.cs
  artifactKey: Guid(c3da4ea18ba64244e89b05089656c89c) Importer(2089858483,192608db42251d675da83286b1cce702)
Start importing Assets/Art/MINIFANTASY - Crafting and Professions I/Scripts/Prop Variants/CP1_PlantNode.cs using Guid(c3da4ea18ba64244e89b05089656c89c) Importer(2089858483,192608db42251d675da83286b1cce702) (ScriptedImporter) -> (artifact id: '7cec71c628ab523a0c35392ad983181c') in 0.0060408 seconds
Number of updated asset objects reloaded before import = 0Number of asset objects unloaded after import = 0

========================================================================
Received Import Request.
  Time since last request: 0.000013 seconds.
  path: Assets/Editor/com.IvanMurzak/AI Game Dev Installer/Tests/com.IvanMurzak.Unity.MCP.Installer.Tests.asmdef
  artifactKey: Guid(62688e1a637d08f4583b4de5fdce7fc4) Importer(2089858483,192608db42251d675da83286b1cce702)
Start importing Assets/Editor/com.IvanMurzak/AI Game Dev Installer/Tests/com.IvanMurzak.Unity.MCP.Installer.Tests.asmdef using Guid(62688e1a637d08f4583b4de5fdce7fc4) Importer(2089858483,192608db42251d675da83286b1cce702) (ScriptedImporter) -> (artifact id: 'ab284a73102d8fd130ad674d8756a0c8') in 0.007797 seconds
Number of updated asset objects reloaded before import = 0Number of asset objects unloaded after import = 1

========================================================================
Received Import Request.
  Time since last request: 0.000017 seconds.
  path: Assets/Art/MINIFANTASY - Crafting and Professions I/Sprites/Miscellany/BusinessSignsShadows.png
  artifactKey: Guid(f028b645cdbe1c847831187ffec6bb55) Importer(2089858483,192608db42251d675da83286b1cce702)
Start importing Assets/Art/MINIFANTASY - Crafting and Professions I/Sprites/Miscellany/BusinessSignsShadows.png using Guid(f028b645cdbe1c847831187ffec6bb55) Importer(2089858483,192608db42251d675da83286b1cce702) (ScriptedImporter) -> (artifact id: '3af17a2ad9fba68670d4af3d2e1ce0ba') in 0.0184589 seconds
Number of updated asset objects reloaded before import = 0Number of asset objects unloaded after import = 5

========================================================================
Received Import Request.
  Time since last request: 0.000018 seconds.
  path: Assets/Scripts/EquipmentSystem/Editor/Utilities/AnimationTypeAutoRegister.cs
  artifactKey: Guid(fdc2ad42ed338a046bfc4d994b7ddc77) Importer(2089858483,192608db42251d675da83286b1cce702)
Start importing Assets/Scripts/EquipmentSystem/Editor/Utilities/AnimationTypeAutoRegister.cs using Guid(fdc2ad42ed338a046bfc4d994b7ddc77) Importer(2089858483,192608db42251d675da83286b1cce702) (ScriptedImporter) -> (artifact id: '171d52389e0df74216725da0bbef47bb') in 0.0051671 seconds
Number of updated asset objects reloaded before import = 0Number of asset objects unloaded after import = 0

========================================================================
Received Import Request.
  Time since last request: 0.000028 seconds.
  path: Assets/Minifantasy_NPCs_Assets/Premade_NPCs/Butcher/GIFs/Minifantasy_NPCsButcherDie.gif
  artifactKey: Guid(bb9b8b5326089e745b61770a675e104d) Importer(2089858483,192608db42251d675da83286b1cce702)
Start importing Assets/Minifantasy_NPCs_Assets/Premade_NPCs/Butcher/GIFs/Minifantasy_NPCsButcherDie.gif using Guid(bb9b8b5326089e745b61770a675e104d) Importer(2089858483,192608db42251d675da83286b1cce702) (ScriptedImporter) -> (artifact id: '0b3e8c4ed7b239dba74618c5424f006e') in 0.018769 seconds
Number of updated asset objects reloaded before import = 0Number of asset objects unloaded after import = 3

========================================================================
Received Import Request.
  Time since last request: 0.000031 seconds.
  path: Assets/Art/MINIFANTASY - Crafting and Professions I/Animations/Humanoids/Elf/Elf_JewelryWorkshopWorking.anim
  artifactKey: Guid(4b1591000a580f645b1c3a6f76bd9e07) Importer(2089858483,192608db42251d675da83286b1cce702)
Start importing Assets/Art/MINIFANTASY - Crafting and Professions I/Animations/Humanoids/Elf/Elf_JewelryWorkshopWorking.anim using Guid(4b1591000a580f645b1c3a6f76bd9e07) Importer(2089858483,192608db42251d675da83286b1cce702) (ScriptedImporter) -> (artifact id: 'b1e3b616b7bc17426dd0e2ffd33ddb26') in 0.0126097 seconds
Number of updated asset objects reloaded before import = 0Number of asset objects unloaded after import = 1

========================================================================
Received Import Request.
  Time since last request: 0.000016 seconds.
  path: Assets/Art/MINIFANTASY - Crafting and Professions I/Animations/Humanoids/Dwarf/Dwarf_Harvest_SE.anim
  artifactKey: Guid(32781f96c95af4447bdaf1bb5f30ff57) Importer(2089858483,192608db42251d675da83286b1cce702)
Start importing Assets/Art/MINIFANTASY - Crafting and Professions I/Animations/Humanoids/Dwarf/Dwarf_Harvest_SE.anim using Guid(32781f96c95af4447bdaf1bb5f30ff57) Importer(2089858483,192608db42251d675da83286b1cce702) (ScriptedImporter) -> (artifact id: '24da3060f9606381aa9882e61d01d09a') in 0.0091612 seconds
Number of updated asset objects reloaded before import = 0Number of asset objects unloaded after import = 1

========================================================================
Received Import Request.
  Time since last request: 0.000021 seconds.
  path: Assets/Minifantasy_NPCs_Assets/Premade_NPCs/Blacksmith/GIFs/Minifantasy_NPCsBlacksmithIdle.gif
  artifactKey: Guid(6409622dc9652f6419c3b84a851da6aa) Importer(2089858483,192608db42251d675da83286b1cce702)
Start importing Assets/Minifantasy_NPCs_Assets/Premade_NPCs/Blacksmith/GIFs/Minifantasy_NPCsBlacksmithIdle.gif using Guid(6409622dc9652f6419c3b84a851da6aa) Importer(2089858483,192608db42251d675da83286b1cce702) (ScriptedImporter) -> (artifact id: 'ac29f7448f528bdf4a25e153dd1ae78e') in 0.0251215 seconds
Number of updated asset objects reloaded before import = 0Number of asset objects unloaded after import = 6

========================================================================
Received Import Request.
  Time since last request: 0.000012 seconds.
  path: Assets/Minifantasy_NPCs_Assets/Premade_NPCs/Blacksmith/GIFs/Minifantasy_NPCsBlacksmithDie.gif
  artifactKey: Guid(c97407140260f9d46874b7cd20cd5cde) Importer(2089858483,192608db42251d675da83286b1cce702)
Start importing Assets/Minifantasy_NPCs_Assets/Premade_NPCs/Blacksmith/GIFs/Minifantasy_NPCsBlacksmithDie.gif using Guid(c97407140260f9d46874b7cd20cd5cde) Importer(2089858483,192608db42251d675da83286b1cce702) (ScriptedImporter) -> (artifact id: '5946dcdc884980681c87f3053e937eb9') in 0.0166151 seconds
Number of updated asset objects reloaded before import = 0Number of asset objects unloaded after import = 3

========================================================================
Received Import Request.
  Time since last request: 0.000021 seconds.
  path: Assets/Art/MINIFANTASY - Crafting and Professions I/Animations/Humanoids/Elf/Elf_Mining_SE.anim
  artifactKey: Guid(92808b95623934a40b6e53fb8085c78b) Importer(2089858483,192608db42251d675da83286b1cce702)
Start importing Assets/Art/MINIFANTASY - Crafting and Professions I/Animations/Humanoids/Elf/Elf_Mining_SE.anim using Guid(92808b95623934a40b6e53fb8085c78b) Importer(2089858483,192608db42251d675da83286b1cce702) (ScriptedImporter) -> (artifact id: '181f78f43bb9313c488b9c8eac9572f4') in 0.0073018 seconds
Number of updated asset objects reloaded before import = 0Number of asset objects unloaded after import = 1

========================================================================
Received Import Request.
  Time since last request: 0.000050 seconds.
  path: Assets/Minifantasy_NPCs_Assets/Premade_NPCs/Cooker/GIFs/Minifantasy_NPCsCookerDmg.gif
  artifactKey: Guid(1f2478b85d6fb944890292f71595528d) Importer(2089858483,192608db42251d675da83286b1cce702)
Start importing Assets/Minifantasy_NPCs_Assets/Premade_NPCs/Cooker/GIFs/Minifantasy_NPCsCookerDmg.gif using Guid(1f2478b85d6fb944890292f71595528d) Importer(2089858483,192608db42251d675da83286b1cce702) (ScriptedImporter) -> (artifact id: 'a05f3a9c0b9eb2b84909ec3e191ea2ff') in 0.0224923 seconds
Number of updated asset objects reloaded before import = 0Number of asset objects unloaded after import = 6

========================================================================
Received Import Request.
  Time since last request: 0.000014 seconds.
  path: Assets/Minifantasy_NPCs_Assets/Premade_NPCs/Dyer/GIFs/Minifantasy_NPCsDyerWalk.gif
  artifactKey: Guid(9a78afe981521b748b8b3938e7ae7db8) Importer(2089858483,192608db42251d675da83286b1cce702)
Start importing Assets/Minifantasy_NPCs_Assets/Premade_NPCs/Dyer/GIFs/Minifantasy_NPCsDyerWalk.gif using Guid(9a78afe981521b748b8b3938e7ae7db8) Importer(2089858483,192608db42251d675da83286b1cce702) (ScriptedImporter) -> (artifact id: 'cecf59d603637db04b4f12dc6a20d7e1') in 0.0244229 seconds
Number of updated asset objects reloaded before import = 0Number of asset objects unloaded after import = 6

========================================================================
Received Import Request.
  Time since last request: 0.000016 seconds.
  path: Assets/Scripts/EquipmentSystem/Editor/Utilities/TextureReadableScope.cs
  artifactKey: Guid(72c7528bf76a6c74d874115e07e72f36) Importer(2089858483,192608db42251d675da83286b1cce702)
Start importing Assets/Scripts/EquipmentSystem/Editor/Utilities/TextureReadableScope.cs using Guid(72c7528bf76a6c74d874115e07e72f36) Importer(2089858483,192608db42251d675da83286b1cce702) (ScriptedImporter) -> (artifact id: '1ae2cf1e29f4fac9e004e07e1b3d791b') in 0.0049944 seconds
Number of updated asset objects reloaded before import = 0Number of asset objects unloaded after import = 0

========================================================================
Received Import Request.
  Time since last request: 0.000015 seconds.
  path: Assets/Art/MINIFANTASY - Crafting and Professions I/Sprites/Craftable Items Icons/Potion_Icons.png
  artifactKey: Guid(0edc4f9c186451e4892f187010470ee6) Importer(2089858483,192608db42251d675da83286b1cce702)
Start importing Assets/Art/MINIFANTASY - Crafting and Professions I/Sprites/Craftable Items Icons/Potion_Icons.png using Guid(0edc4f9c186451e4892f187010470ee6) Importer(2089858483,192608db42251d675da83286b1cce702) (ScriptedImporter) -> (artifact id: '07024aae5499ceee76a70897686b16d0') in 0.1255541 seconds
Number of updated asset objects reloaded before import = 0Number of asset objects unloaded after import = 56

========================================================================
Received Import Request.
  Time since last request: 0.000021 seconds.
  path: Assets/Art/MINIFANTASY - Crafting and Professions I/Animations/Humanoids/Dwarf/Dwarf_Mining_SW.anim
  artifactKey: Guid(a2cfeda7c9a543f4991362fc65ddf19a) Importer(2089858483,192608db42251d675da83286b1cce702)
Start importing Assets/Art/MINIFANTASY - Crafting and Professions I/Animations/Humanoids/Dwarf/Dwarf_Mining_SW.anim using Guid(a2cfeda7c9a543f4991362fc65ddf19a) Importer(2089858483,192608db42251d675da83286b1cce702) (ScriptedImporter) -> (artifact id: '3ffd5eb0018502080bcb9ff4246ed110') in 0.0071632 seconds
Number of updated asset objects reloaded before import = 0Number of asset objects unloaded after import = 1

========================================================================
Received Import Request.
  Time since last request: 0.000025 seconds.
  path: Assets/Art/MINIFANTASY Creatures - Super Low Res 2D Pixel Art by Krishna Palacio/Prefabs/Monsters/Evil Snowman.prefab
  artifactKey: Guid(3418b26c860edee40b68b26fcb4dd125) Importer(2089858483,192608db42251d675da83286b1cce702)
Start importing Assets/Art/MINIFANTASY Creatures - Super Low Res 2D Pixel Art by Krishna Palacio/Prefabs/Monsters/Evil Snowman.prefab using Guid(3418b26c860edee40b68b26fcb4dd125) Importer(2089858483,192608db42251d675da83286b1cce702) (ScriptedImporter) -> (artifact id: 'de6e77a84c6a9971feffc3218b706991') in 0.0093818 seconds
Number of updated asset objects reloaded before import = 0Number of asset objects unloaded after import = 15

========================================================================
Received Import Request.
  Time since last request: 0.000016 seconds.
  path: Assets/Editor/com.IvanMurzak/AI Game Dev Installer/Tests/ManifestInstallerTests.cs
  artifactKey: Guid(4f0df7dc33708f34ca0ab943a7176b3d) Importer(2089858483,192608db42251d675da83286b1cce702)
Start importing Assets/Editor/com.IvanMurzak/AI Game Dev Installer/Tests/ManifestInstallerTests.cs using Guid(4f0df7dc33708f34ca0ab943a7176b3d) Importer(2089858483,192608db42251d675da83286b1cce702) (ScriptedImporter) -> (artifact id: 'e75312ff9ad189556e6ddca24bf7b6a2') in 0.0051057 seconds
Number of updated asset objects reloaded before import = 0Number of asset objects unloaded after import = 0

========================================================================
Received Import Request.
  Time since last request: 0.000017 seconds.
  path: Assets/Minifantasy_NPCs_Assets/Premade_NPCs/Dyer/GIFs/Minifantasy_NPCsDyerIdle.gif
  artifactKey: Guid(254a8257e1e5f414aba6c232326574c7) Importer(2089858483,192608db42251d675da83286b1cce702)
Start importing Assets/Minifantasy_NPCs_Assets/Premade_NPCs/Dyer/GIFs/Minifantasy_NPCsDyerIdle.gif using Guid(254a8257e1e5f414aba6c232326574c7) Importer(2089858483,192608db42251d675da83286b1cce702) (ScriptedImporter) -> (artifact id: '8b82bf81c38890c4d007e251271c19c2') in 0.0257258 seconds
Number of updated asset objects reloaded before import = 0Number of asset objects unloaded after import = 6

========================================================================
Received Import Request.
  Time since last request: 0.000017 seconds.
  path: Assets/Art/MINIFANTASY - Crafting and Professions I/Animations/Humanoids/Elf/Elf_Harvest_SE.anim
  artifactKey: Guid(d1d63b89a953dae4ca7810b00c54cbc6) Importer(2089858483,192608db42251d675da83286b1cce702)
Start importing Assets/Art/MINIFANTASY - Crafting and Professions I/Animations/Humanoids/Elf/Elf_Harvest_SE.anim using Guid(d1d63b89a953dae4ca7810b00c54cbc6) Importer(2089858483,192608db42251d675da83286b1cce702) (ScriptedImporter) -> (artifact id: 'dd3a18fa3f0f4a32d7a6f170c9e4a62a') in 0.0092729 seconds
Number of updated asset objects reloaded before import = 0Number of asset objects unloaded after import = 1

========================================================================
Received Import Request.
  Time since last request: 0.000023 seconds.
  path: Assets/Art/MINIFANTASY - Crafting and Professions I/Animations/Humanoids/Goblin/Goblin_Harvest_SE.anim
  artifactKey: Guid(4f2aab9c5255ac645924dd80b884bb1d) Importer(2089858483,192608db42251d675da83286b1cce702)
Start importing Assets/Art/MINIFANTASY - Crafting and Professions I/Animations/Humanoids/Goblin/Goblin_Harvest_SE.anim using Guid(4f2aab9c5255ac645924dd80b884bb1d) Importer(2089858483,192608db42251d675da83286b1cce702) (ScriptedImporter) -> (artifact id: 'a93336f45a668f2951e34b7d706f05c3') in 0.0079633 seconds
Number of updated asset objects reloaded before import = 0Number of asset objects unloaded after import = 1

========================================================================
Received Import Request.
  Time since last request: 0.000017 seconds.
  path: Assets/Art/MINIFANTASY - Crafting and Professions I/Animations/Humanoids/Elf/Elf_Harvest_SW.anim
  artifactKey: Guid(933454b30d2b7d140b582a8eedbf6aee) Importer(2089858483,192608db42251d675da83286b1cce702)
Start importing Assets/Art/MINIFANTASY - Crafting and Professions I/Animations/Humanoids/Elf/Elf_Harvest_SW.anim using Guid(933454b30d2b7d140b582a8eedbf6aee) Importer(2089858483,192608db42251d675da83286b1cce702) (ScriptedImporter) -> (artifact id: 'ba16b7eb1543a25ff41d4494218aa5f3') in 0.0091701 seconds
Number of updated asset objects reloaded before import = 0Number of asset objects unloaded after import = 1

========================================================================
Received Import Request.
  Time since last request: 0.000029 seconds.
  path: Assets/Art/MINIFANTASY - Crafting and Professions I/Animations/Humanoids/Elf/Elf_Mining_NW.anim
  artifactKey: Guid(0c8ca6fc595f52d43985b314f1f9abe2) Importer(2089858483,192608db42251d675da83286b1cce702)
Start importing Assets/Art/MINIFANTASY - Crafting and Professions I/Animations/Humanoids/Elf/Elf_Mining_NW.anim using Guid(0c8ca6fc595f52d43985b314f1f9abe2) Importer(2089858483,192608db42251d675da83286b1cce702) (ScriptedImporter) -> (artifact id: 'be2ff4ff702a69778f74c41340d24e1c') in 0.007426 seconds
Number of updated asset objects reloaded before import = 0Number of asset objects unloaded after import = 1

========================================================================
Received Import Request.
  Time since last request: 0.000015 seconds.
  path: Assets/Minifantasy_NPCs_Assets/Premade_NPCs/Jeweller/GIFs/Minifantasy_NPCsJewellerWalk.gif
  artifactKey: Guid(4d990ea8373e8634ebc2dd5161ccdc7a) Importer(2089858483,192608db42251d675da83286b1cce702)
Start importing Assets/Minifantasy_NPCs_Assets/Premade_NPCs/Jeweller/GIFs/Minifantasy_NPCsJewellerWalk.gif using Guid(4d990ea8373e8634ebc2dd5161ccdc7a) Importer(2089858483,192608db42251d675da83286b1cce702) (ScriptedImporter) -> (artifact id: 'b8980ebae90b2dbfcdc2bac5d33358e9') in 0.0219745 seconds
Number of updated asset objects reloaded before import = 0Number of asset objects unloaded after import = 6

========================================================================
Received Import Request.
  Time since last request: 0.000026 seconds.
  path: Assets/Minifantasy_NPCs_Assets/Premade_NPCs/Furrier/GIFs/Minifantasy_NPCsFurrierIdle.gif
  artifactKey: Guid(eb0831a9c3d01b749a573508faff7f0e) Importer(2089858483,192608db42251d675da83286b1cce702)
Start importing Assets/Minifantasy_NPCs_Assets/Premade_NPCs/Furrier/GIFs/Minifantasy_NPCsFurrierIdle.gif using Guid(eb0831a9c3d01b749a573508faff7f0e) Importer(2089858483,192608db42251d675da83286b1cce702) (ScriptedImporter) -> (artifact id: '96a8a1286f977df7105bebfdf44eaf8c') in 0.03186 seconds
Number of updated asset objects reloaded before import = 0Number of asset objects unloaded after import = 6

========================================================================
Received Import Request.
  Time since last request: 0.000021 seconds.
  path: Assets/Art/MINIFANTASY - Crafting and Professions I/Scripts/Prop Variants/CP1_TreeNode.cs
  artifactKey: Guid(9c47ce13f512bfa4ab80bf3f0a14b688) Importer(2089858483,192608db42251d675da83286b1cce702)
Start importing Assets/Art/MINIFANTASY - Crafting and Professions I/Scripts/Prop Variants/CP1_TreeNode.cs using Guid(9c47ce13f512bfa4ab80bf3f0a14b688) Importer(2089858483,192608db42251d675da83286b1cce702) (ScriptedImporter) -> (artifact id: '1ac4e08179a2d09cc5b07ca02f692149') in 0.0115839 seconds
Number of updated asset objects reloaded before import = 0Number of asset objects unloaded after import = 0

========================================================================
Received Import Request.
  Time since last request: 0.000027 seconds.
  path: Assets/Minifantasy_NPCs_Assets/Premade_NPCs/Butcher/GIFs/Minifantasy_NPCsButcherDmg.gif
  artifactKey: Guid(5bac9254a81f79a4a9ac341f521d50ea) Importer(2089858483,192608db42251d675da83286b1cce702)
Start importing Assets/Minifantasy_NPCs_Assets/Premade_NPCs/Butcher/GIFs/Minifantasy_NPCsButcherDmg.gif using Guid(5bac9254a81f79a4a9ac341f521d50ea) Importer(2089858483,192608db42251d675da83286b1cce702) (ScriptedImporter) -> (artifact id: '0205583c509e86ed9a398647ae58a932') in 0.0253546 seconds
Number of updated asset objects reloaded before import = 0Number of asset objects unloaded after import = 6

========================================================================
Received Import Request.
  Time since last request: 0.000029 seconds.
  path: Assets/Art/MINIFANTASY Creatures - Super Low Res 2D Pixel Art by Krishna Palacio/Prefabs/Big_Guys/Troll.prefab
  artifactKey: Guid(b3e02f8d8d602ae45a1295a567c734b0) Importer(2089858483,192608db42251d675da83286b1cce702)
Start importing Assets/Art/MINIFANTASY Creatures - Super Low Res 2D Pixel Art by Krishna Palacio/Prefabs/Big_Guys/Troll.prefab using Guid(b3e02f8d8d602ae45a1295a567c734b0) Importer(2089858483,192608db42251d675da83286b1cce702) (ScriptedImporter) -> (artifact id: '9ff685a0d6f6fc24997c21b9fd3942cd') in 0.0085477 seconds
Number of updated asset objects reloaded before import = 0Number of asset objects unloaded after import = 15

========================================================================
Received Import Request.
  Time since last request: 0.000041 seconds.
  path: Assets/Art/MINIFANTASY Creatures - Super Low Res 2D Pixel Art by Krishna Palacio/Prefabs/Humanoids/Trasgo.prefab
  artifactKey: Guid(7670b76ca5004294abd57ba27c20b92e) Importer(2089858483,192608db42251d675da83286b1cce702)
Start importing Assets/Art/MINIFANTASY Creatures - Super Low Res 2D Pixel Art by Krishna Palacio/Prefabs/Humanoids/Trasgo.prefab using Guid(7670b76ca5004294abd57ba27c20b92e) Importer(2089858483,192608db42251d675da83286b1cce702) (ScriptedImporter) -> (artifact id: 'd5d9fb3cff38e5da91cfc7d14a71af44') in 0.0115569 seconds
Number of updated asset objects reloaded before import = 0Number of asset objects unloaded after import = 15

========================================================================
Received Import Request.
  Time since last request: 0.000018 seconds.
  path: Assets/Art/MINIFANTASY - Crafting and Professions I/Animations/Humanoids/Elf/Elf_Mining_SW.anim
  artifactKey: Guid(9a7d728dd8e13974b84286cb948a70ab) Importer(2089858483,192608db42251d675da83286b1cce702)
Start importing Assets/Art/MINIFANTASY - Crafting and Professions I/Animations/Humanoids/Elf/Elf_Mining_SW.anim using Guid(9a7d728dd8e13974b84286cb948a70ab) Importer(2089858483,192608db42251d675da83286b1cce702) (ScriptedImporter) -> (artifact id: 'e567e45ef1009d5b7b9368738e5ea1fc') in 0.0101214 seconds
Number of updated asset objects reloaded before import = 0Number of asset objects unloaded after import = 1

========================================================================
Received Import Request.
  Time since last request: 0.000013 seconds.
  path: Assets/Art/MINIFANTASY Creatures - Super Low Res 2D Pixel Art by Krishna Palacio/Prefabs/Monsters/Wildfire.prefab
  artifactKey: Guid(e3aceb0d879e7c041ab51ff1d861678e) Importer(2089858483,192608db42251d675da83286b1cce702)
Start importing Assets/Art/MINIFANTASY Creatures - Super Low Res 2D Pixel Art by Krishna Palacio/Prefabs/Monsters/Wildfire.prefab using Guid(e3aceb0d879e7c041ab51ff1d861678e) Importer(2089858483,192608db42251d675da83286b1cce702) (ScriptedImporter) -> (artifact id: '68cf57726261cdd087c32b20b635f6a1') in 0.0080997 seconds
Number of updated asset objects reloaded before import = 0Number of asset objects unloaded after import = 15

========================================================================
Received Import Request.
  Time since last request: 0.000023 seconds.
  path: Assets/Art/MINIFANTASY - Crafting and Professions I/Sprites/Miscellany/BusinessSigns.png
  artifactKey: Guid(f3d8cab5ca52b2b4393d29b4ebbf12d4) Importer(2089858483,192608db42251d675da83286b1cce702)
Start importing Assets/Art/MINIFANTASY - Crafting and Professions I/Sprites/Miscellany/BusinessSigns.png using Guid(f3d8cab5ca52b2b4393d29b4ebbf12d4) Importer(2089858483,192608db42251d675da83286b1cce702) (ScriptedImporter) -> (artifact id: '089235ce0920b5e1f3c679d97bd3dc8d') in 0.3831339 seconds
Number of updated asset objects reloaded before import = 0Number of asset objects unloaded after import = 182

========================================================================
Received Import Request.
  Time since last request: 0.000024 seconds.
  path: Assets/Art/MINIFANTASY - Crafting and Professions I/Animations/Humanoids/Goblin/Goblin_Harvest_SW.anim
  artifactKey: Guid(31f92108035fc934b8965bea5b424649) Importer(2089858483,192608db42251d675da83286b1cce702)
Start importing Assets/Art/MINIFANTASY - Crafting and Professions I/Animations/Humanoids/Goblin/Goblin_Harvest_SW.anim using Guid(31f92108035fc934b8965bea5b424649) Importer(2089858483,192608db42251d675da83286b1cce702) (ScriptedImporter) -> (artifact id: '10ecc8833881de5f3b2c4e39a4517da0') in 0.0083995 seconds
Number of updated asset objects reloaded before import = 0Number of asset objects unloaded after import = 1

========================================================================
Received Import Request.
  Time since last request: 0.000027 seconds.
  path: Assets/Scripts/EquipmentSystem/Editor/FrameDataEditor/FrameDataContext.cs
  artifactKey: Guid(4c0a1546ed232dd42ab8d337b4c9584f) Importer(2089858483,192608db42251d675da83286b1cce702)
Start importing Assets/Scripts/EquipmentSystem/Editor/FrameDataEditor/FrameDataContext.cs using Guid(4c0a1546ed232dd42ab8d337b4c9584f) Importer(2089858483,192608db42251d675da83286b1cce702) (ScriptedImporter) -> (artifact id: '884b972cb3ee7f423ef192dc56b92f28') in 0.0050824 seconds
Number of updated asset objects reloaded before import = 0Number of asset objects unloaded after import = 0

========================================================================
Received Import Request.
  Time since last request: 0.000016 seconds.
  path: Assets/Minifantasy_NPCs_Assets/Premade_NPCs/Jeweller/GIFs/Minifantasy_NPCsJewellerDie.gif
  artifactKey: Guid(c53fec154597e6c46b2b34f9f195f23c) Importer(2089858483,192608db42251d675da83286b1cce702)
Start importing Assets/Minifantasy_NPCs_Assets/Premade_NPCs/Jeweller/GIFs/Minifantasy_NPCsJewellerDie.gif using Guid(c53fec154597e6c46b2b34f9f195f23c) Importer(2089858483,192608db42251d675da83286b1cce702) (ScriptedImporter) -> (artifact id: '4287e010aee40692e9a881c746c2f432') in 0.0185047 seconds
Number of updated asset objects reloaded before import = 0Number of asset objects unloaded after import = 3

========================================================================
Received Import Request.
  Time since last request: 0.000017 seconds.
  path: Assets/Scripts/EquipmentSystem/Editor/Inspectors/EquipAnimSequenceEditor.cs
  artifactKey: Guid(d29535566d12af04286e87fb226d0f38) Importer(2089858483,192608db42251d675da83286b1cce702)
Start importing Assets/Scripts/EquipmentSystem/Editor/Inspectors/EquipAnimSequenceEditor.cs using Guid(d29535566d12af04286e87fb226d0f38) Importer(2089858483,192608db42251d675da83286b1cce702) (ScriptedImporter) -> (artifact id: '7c095753934a0cd2e878d61cd888f186') in 0.0051572 seconds
Number of updated asset objects reloaded before import = 0Number of asset objects unloaded after import = 0

========================================================================
Received Import Request.
  Time since last request: 0.000017 seconds.
  path: Assets/Art/MINIFANTASY - Crafting and Professions I/Animations/Humanoids/Dwarf/Dwarf_LaboratoryWorking.anim
  artifactKey: Guid(042dcfd861b010c4f935c6005db6a9cf) Importer(2089858483,192608db42251d675da83286b1cce702)
Start importing Assets/Art/MINIFANTASY - Crafting and Professions I/Animations/Humanoids/Dwarf/Dwarf_LaboratoryWorking.anim using Guid(042dcfd861b010c4f935c6005db6a9cf) Importer(2089858483,192608db42251d675da83286b1cce702) (ScriptedImporter) -> (artifact id: '183f7a8f74d26588ea763d667bb6aab5') in 0.0080562 seconds
Number of updated asset objects reloaded before import = 0Number of asset objects unloaded after import = 1

========================================================================
Received Import Request.
  Time since last request: 0.000014 seconds.
  path: Assets/Art/MINIFANTASY - Crafting and Professions I/Animations/Humanoids/Elf/Elf_WoodworkBenchWorking.anim
  artifactKey: Guid(e18ded5d4f36ac64d8e09ec6e16a8cec) Importer(2089858483,192608db42251d675da83286b1cce702)
Start importing Assets/Art/MINIFANTASY - Crafting and Professions I/Animations/Humanoids/Elf/Elf_WoodworkBenchWorking.anim using Guid(e18ded5d4f36ac64d8e09ec6e16a8cec) Importer(2089858483,192608db42251d675da83286b1cce702) (ScriptedImporter) -> (artifact id: '9e521afbcb405453047df8982e5dc783') in 0.0081217 seconds
Number of updated asset objects reloaded before import = 0Number of asset objects unloaded after import = 1

========================================================================
Received Import Request.
  Time since last request: 0.000021 seconds.
  path: Assets/Art/MINIFANTASY - Crafting and Professions I/Animations/Humanoids/Goblin/Goblin_Chopping_SE.anim
  artifactKey: Guid(f28dfcb50f3e3d447847fdba84dff6c6) Importer(2089858483,192608db42251d675da83286b1cce702)
Start importing Assets/Art/MINIFANTASY - Crafting and Professions I/Animations/Humanoids/Goblin/Goblin_Chopping_SE.anim using Guid(f28dfcb50f3e3d447847fdba84dff6c6) Importer(2089858483,192608db42251d675da83286b1cce702) (ScriptedImporter) -> (artifact id: '97e3c12732d2e347e04e4d22d41dc472') in 0.0073838 seconds
Number of updated asset objects reloaded before import = 0Number of asset objects unloaded after import = 1

========================================================================
Received Import Request.
  Time since last request: 0.000028 seconds.
  path: Assets/Art/MINIFANTASY - Crafting and Professions I/Animations/Humanoids/Goblin/Goblin_Chopping_NW.anim
  artifactKey: Guid(0c0caa223142be84ca641f4da475ff28) Importer(2089858483,192608db42251d675da83286b1cce702)
Start importing Assets/Art/MINIFANTASY - Crafting and Professions I/Animations/Humanoids/Goblin/Goblin_Chopping_NW.anim using Guid(0c0caa223142be84ca641f4da475ff28) Importer(2089858483,192608db42251d675da83286b1cce702) (ScriptedImporter) -> (artifact id: 'bfd98afe6e35e413ae843206b17f8a5e') in 0.0076412 seconds
Number of updated asset objects reloaded before import = 0Number of asset objects unloaded after import = 1

========================================================================
Received Import Request.
  Time since last request: 0.000017 seconds.
  path: Assets/Art/MINIFANTASY - Crafting and Professions I/Animations/Humanoids/Dwarf/Dwarf_Harvest_SW.anim
  artifactKey: Guid(2ee3db9c78b115540be12c1fae98904e) Importer(2089858483,192608db42251d675da83286b1cce702)
Start importing Assets/Art/MINIFANTASY - Crafting and Professions I/Animations/Humanoids/Dwarf/Dwarf_Harvest_SW.anim using Guid(2ee3db9c78b115540be12c1fae98904e) Importer(2089858483,192608db42251d675da83286b1cce702) (ScriptedImporter) -> (artifact id: '628a7a1023a116b47cc758f06dc388a0') in 0.0075123 seconds
Number of updated asset objects reloaded before import = 0Number of asset objects unloaded after import = 1

========================================================================
Received Import Request.
  Time since last request: 0.000018 seconds.
  path: Assets/Scripts/EquipmentSystem/Editor/FrameDataEditor/FrameDataEditorRefactored.cs
  artifactKey: Guid(c48dbefc5999bce4aaa73005b0e135d1) Importer(2089858483,192608db42251d675da83286b1cce702)
Start importing Assets/Scripts/EquipmentSystem/Editor/FrameDataEditor/FrameDataEditorRefactored.cs using Guid(c48dbefc5999bce4aaa73005b0e135d1) Importer(2089858483,192608db42251d675da83286b1cce702) (ScriptedImporter) -> (artifact id: '929d5f88c37ef0375eca2dba5ebdaf1f') in 0.0047474 seconds
Number of updated asset objects reloaded before import = 0Number of asset objects unloaded after import = 0

========================================================================
Received Import Request.
  Time since last request: 0.000030 seconds.
  path: Assets/Art/MINIFANTASY - Crafting and Professions I/Animations/Humanoids/Goblin/Goblin_AnvilWorking.anim
  artifactKey: Guid(5ab1f580a9d1ce14e87364c8ea099bdc) Importer(2089858483,192608db42251d675da83286b1cce702)
Start importing Assets/Art/MINIFANTASY - Crafting and Professions I/Animations/Humanoids/Goblin/Goblin_AnvilWorking.anim using Guid(5ab1f580a9d1ce14e87364c8ea099bdc) Importer(2089858483,192608db42251d675da83286b1cce702) (ScriptedImporter) -> (artifact id: '0b3c1b6f268ebe25002db1f393a1337e') in 0.0075249 seconds
Number of updated asset objects reloaded before import = 0Number of asset objects unloaded after import = 1

========================================================================
Received Import Request.
  Time since last request: 0.000015 seconds.
  path: Assets/Minifantasy_NPCs_Assets/Premade_NPCs/Dyer/GIFs/Minifantasy_NPCsDyerWorking.gif
  artifactKey: Guid(dbd31a2afec63dd4b9a85315dd407285) Importer(2089858483,192608db42251d675da83286b1cce702)
Start importing Assets/Minifantasy_NPCs_Assets/Premade_NPCs/Dyer/GIFs/Minifantasy_NPCsDyerWorking.gif using Guid(dbd31a2afec63dd4b9a85315dd407285) Importer(2089858483,192608db42251d675da83286b1cce702) (ScriptedImporter) -> (artifact id: '08b55468b635a2cac0a323ed1dc0b640') in 0.0198114 seconds
Number of updated asset objects reloaded before import = 0Number of asset objects unloaded after import = 4

========================================================================
Received Import Request.
  Time since last request: 0.000017 seconds.
  path: Assets/Minifantasy_NPCs_Assets/Premade_NPCs/Tailor/GIFs/Minifantasy_NPCsTailorWalk.gif
  artifactKey: Guid(e3289936764284247b200150de4b2687) Importer(2089858483,192608db42251d675da83286b1cce702)
Start importing Assets/Minifantasy_NPCs_Assets/Premade_NPCs/Tailor/GIFs/Minifantasy_NPCsTailorWalk.gif using Guid(e3289936764284247b200150de4b2687) Importer(2089858483,192608db42251d675da83286b1cce702) (ScriptedImporter) -> (artifact id: '61040fc3735b754e6316ebeb521a57e2') in 0.0192111 seconds
Number of updated asset objects reloaded before import = 0Number of asset objects unloaded after import = 6

========================================================================
Received Import Request.
  Time since last request: 0.000017 seconds.
  path: Assets/Minifantasy_NPCs_Assets/Premade_NPCs/Cooker/GIFs/Minifantasy_NPCsCookerWalk.gif
  artifactKey: Guid(7b153290bf868504fa87c8f494d00634) Importer(2089858483,192608db42251d675da83286b1cce702)
Start importing Assets/Minifantasy_NPCs_Assets/Premade_NPCs/Cooker/GIFs/Minifantasy_NPCsCookerWalk.gif using Guid(7b153290bf868504fa87c8f494d00634) Importer(2089858483,192608db42251d675da83286b1cce702) (ScriptedImporter) -> (artifact id: '008ceb046ea39d1d634f1b6bf0573568') in 0.0209827 seconds
Number of updated asset objects reloaded before import = 0Number of asset objects unloaded after import = 6

========================================================================
Received Import Request.
  Time since last request: 0.000033 seconds.
  path: Assets/Scripts/EquipmentSystem/Data/Appearance/EquipmentData.cs
  artifactKey: Guid(a74340105d53c6d4e96c80db64c93b00) Importer(2089858483,192608db42251d675da83286b1cce702)
Start importing Assets/Scripts/EquipmentSystem/Data/Appearance/EquipmentData.cs using Guid(a74340105d53c6d4e96c80db64c93b00) Importer(2089858483,192608db42251d675da83286b1cce702) (ScriptedImporter) -> (artifact id: '105ec28a98177058e1fd415d14cda767') in 0.0055546 seconds
Number of updated asset objects reloaded before import = 0Number of asset objects unloaded after import = 0

========================================================================
Received Import Request.
  Time since last request: 0.275487 seconds.
  path: Assets/Art/MINIFANTASY - Crafting and Professions I/Animations/Humanoids/Goblin/Goblin_Mining_SW.anim
  artifactKey: Guid(dc9718f52491b4d41a996e64ab1ad593) Importer(2089858483,192608db42251d675da83286b1cce702)
Start importing Assets/Art/MINIFANTASY - Crafting and Professions I/Animations/Humanoids/Goblin/Goblin_Mining_SW.anim using Guid(dc9718f52491b4d41a996e64ab1ad593) Importer(2089858483,192608db42251d675da83286b1cce702) (ScriptedImporter) -> (artifact id: '935c1414930c9b7389c2d55f4e185066') in 0.0082964 seconds
Number of updated asset objects reloaded before import = 0Number of asset objects unloaded after import = 1

========================================================================
Received Import Request.
  Time since last request: 0.000034 seconds.
  path: Assets/Art/MINIFANTASY - Crafting and Professions I/Animations/Humanoids/Orc/Orc_Chopping_NW.anim
  artifactKey: Guid(9cc003f7007ea8847a9a34ad4a59feb4) Importer(2089858483,192608db42251d675da83286b1cce702)
Start importing Assets/Art/MINIFANTASY - Crafting and Professions I/Animations/Humanoids/Orc/Orc_Chopping_NW.anim using Guid(9cc003f7007ea8847a9a34ad4a59feb4) Importer(2089858483,192608db42251d675da83286b1cce702) (ScriptedImporter) -> (artifact id: 'e457b98464f818d57253073efafe4f7b') in 0.0068829 seconds
Number of updated asset objects reloaded before import = 0Number of asset objects unloaded after import = 1

========================================================================
Received Import Request.
  Time since last request: 0.000016 seconds.
  path: Assets/Art/MINIFANTASY - Crafting and Professions I/Animations/Props/Alchemy/Laboratory_Working.anim
  artifactKey: Guid(e790c7bf805f8174d92dff1a16ac53cf) Importer(2089858483,192608db42251d675da83286b1cce702)
Start importing Assets/Art/MINIFANTASY - Crafting and Professions I/Animations/Props/Alchemy/Laboratory_Working.anim using Guid(e790c7bf805f8174d92dff1a16ac53cf) Importer(2089858483,192608db42251d675da83286b1cce702) (ScriptedImporter) -> (artifact id: '6d5d5fc927522351178157b30c7331af') in 0.0062078 seconds
Number of updated asset objects reloaded before import = 0Number of asset objects unloaded after import = 1

========================================================================
Received Import Request.
  Time since last request: 0.000020 seconds.
  path: Assets/Art/MINIFANTASY - Crafting and Professions I/Animations/Props/Blacksmith/Anvil_AnimatorOverrideController.overrideController
  artifactKey: Guid(0546d05e8ab9e544f9203d61c48c45b4) Importer(2089858483,192608db42251d675da83286b1cce702)
Start importing Assets/Art/MINIFANTASY - Crafting and Professions I/Animations/Props/Blacksmith/Anvil_AnimatorOverrideController.overrideController using Guid(0546d05e8ab9e544f9203d61c48c45b4) Importer(2089858483,192608db42251d675da83286b1cce702) (ScriptedImporter) -> (artifact id: '49e556b58a9c527233240a05e3f3430e') in 0.0071065 seconds
Number of updated asset objects reloaded before import = 0Number of asset objects unloaded after import = 8

========================================================================
Received Import Request.
  Time since last request: 0.000027 seconds.
  path: Assets/Art/MINIFANTASY - Crafting and Professions I/Animations/Humanoids/Halfling/Halfling_Chopping_NE.anim
  artifactKey: Guid(046b8b6038a850643a74d9d386b4915e) Importer(2089858483,192608db42251d675da83286b1cce702)
Start importing Assets/Art/MINIFANTASY - Crafting and Professions I/Animations/Humanoids/Halfling/Halfling_Chopping_NE.anim using Guid(046b8b6038a850643a74d9d386b4915e) Importer(2089858483,192608db42251d675da83286b1cce702) (ScriptedImporter) -> (artifact id: '10b20f43a1f650b13d6015005ac0f808') in 0.0102501 seconds
Number of updated asset objects reloaded before import = 0Number of asset objects unloaded after import = 1

========================================================================
Received Import Request.
  Time since last request: 0.000019 seconds.
  path: Assets/Art/MINIFANTASY - Crafting and Professions I/Sprites/Barbarian/General_Animations/Barbarian_Dmg.png
  artifactKey: Guid(49d00d58ac34e924bb4e3df76f640240) Importer(2089858483,192608db42251d675da83286b1cce702)
Start importing Assets/Art/MINIFANTASY - Crafting and Professions I/Sprites/Barbarian/General_Animations/Barbarian_Dmg.png using Guid(49d00d58ac34e924bb4e3df76f640240) Importer(2089858483,192608db42251d675da83286b1cce702) (ScriptedImporter) -> (artifact id: '0d10788b2e19e802b264a7ae82df0a14') in 0.0420857 seconds
Number of updated asset objects reloaded before import = 0Number of asset objects unloaded after import = 18

========================================================================
Received Import Request.
  Time since last request: 0.000014 seconds.
  path: Assets/Art/MINIFANTASY - Crafting and Professions I/Animations/Humanoids/Halfling/Halfling_Mining_SW.anim
  artifactKey: Guid(1226f6afcd81d55439e9c5583bc48ff0) Importer(2089858483,192608db42251d675da83286b1cce702)
Start importing Assets/Art/MINIFANTASY - Crafting and Professions I/Animations/Humanoids/Halfling/Halfling_Mining_SW.anim using Guid(1226f6afcd81d55439e9c5583bc48ff0) Importer(2089858483,192608db42251d675da83286b1cce702) (ScriptedImporter) -> (artifact id: 'a89002d13e0fd86960258401ac7e3d42') in 0.0075626 seconds
Number of updated asset objects reloaded before import = 0Number of asset objects unloaded after import = 1

========================================================================
Received Import Request.
  Time since last request: 0.000016 seconds.
  path: Assets/Art/MINIFANTASY Creatures - Super Low Res 2D Pixel Art by Krishna Palacio/Animations/Beasts/Bat/Bat_Attack_NW.anim
  artifactKey: Guid(1eb564b37b38eef45b8f961cd0052d33) Importer(2089858483,192608db42251d675da83286b1cce702)
Start importing Assets/Art/MINIFANTASY Creatures - Super Low Res 2D Pixel Art by Krishna Palacio/Animations/Beasts/Bat/Bat_Attack_NW.anim using Guid(1eb564b37b38eef45b8f961cd0052d33) Importer(2089858483,192608db42251d675da83286b1cce702) (ScriptedImporter) -> (artifact id: '1c42a5a519e53ec3912bd761f09857c0') in 0.0084022 seconds
Number of updated asset objects reloaded before import = 0Number of asset objects unloaded after import = 1

========================================================================
Received Import Request.
  Time since last request: 0.000020 seconds.
  path: Assets/Art/MINIFANTASY - Crafting and Professions I/Animations/Humanoids/Orc/Orc_Harvest_NW.anim
  artifactKey: Guid(f4e814b368d937f41a425d4075641bf9) Importer(2089858483,192608db42251d675da83286b1cce702)
Start importing Assets/Art/MINIFANTASY - Crafting and Professions I/Animations/Humanoids/Orc/Orc_Harvest_NW.anim using Guid(f4e814b368d937f41a425d4075641bf9) Importer(2089858483,192608db42251d675da83286b1cce702) (ScriptedImporter) -> (artifact id: '29fcaf310ceecd433b1c50910ca8e1df') in 0.0069697 seconds
Number of updated asset objects reloaded before import = 0Number of asset objects unloaded after import = 1

========================================================================
Received Import Request.
  Time since last request: 0.000021 seconds.
  path: Assets/Art/MINIFANTASY - Crafting and Professions I/Animations/Humanoids/Orc/Orc_Harvest_SW.anim
  artifactKey: Guid(d588c0447a3b04d4cb044c397299445c) Importer(2089858483,192608db42251d675da83286b1cce702)
Start importing Assets/Art/MINIFANTASY - Crafting and Professions I/Animations/Humanoids/Orc/Orc_Harvest_SW.anim using Guid(d588c0447a3b04d4cb044c397299445c) Importer(2089858483,192608db42251d675da83286b1cce702) (ScriptedImporter) -> (artifact id: '4c69bf44586da6bc896d5ffce1e701cf') in 0.0064861 seconds
Number of updated asset objects reloaded before import = 0Number of asset objects unloaded after import = 1

========================================================================
Received Import Request.
  Time since last request: 0.000122 seconds.
  path: Assets/Art/MINIFANTASY Creatures - Super Low Res 2D Pixel Art by Krishna Palacio/Animations/Beasts/Wolf/Wolf_Attack_NW.anim
  artifactKey: Guid(53f303f3f5737f9439d7b197c2efe94b) Importer(2089858483,192608db42251d675da83286b1cce702)
Start importing Assets/Art/MINIFANTASY Creatures - Super Low Res 2D Pixel Art by Krishna Palacio/Animations/Beasts/Wolf/Wolf_Attack_NW.anim using Guid(53f303f3f5737f9439d7b197c2efe94b) Importer(2089858483,192608db42251d675da83286b1cce702) (ScriptedImporter) -> (artifact id: 'd1a1b5db1e0f2e210f07659479751ad4') in 0.0074673 seconds
Number of updated asset objects reloaded before import = 0Number of asset objects unloaded after import = 1

========================================================================
Received Import Request.
  Time since last request: 0.000017 seconds.
  path: Assets/Art/MINIFANTASY Creatures - Super Low Res 2D Pixel Art by Krishna Palacio/Animations/Beasts/Bat/Bat_Sleep_SleepToFly.anim
  artifactKey: Guid(f243c6ebfffdf154aa42f4d5c3b34ff1) Importer(2089858483,192608db42251d675da83286b1cce702)
Start importing Assets/Art/MINIFANTASY Creatures - Super Low Res 2D Pixel Art by Krishna Palacio/Animations/Beasts/Bat/Bat_Sleep_SleepToFly.anim using Guid(f243c6ebfffdf154aa42f4d5c3b34ff1) Importer(2089858483,192608db42251d675da83286b1cce702) (ScriptedImporter) -> (artifact id: '3a62f650b14d32fd5a8a6755acc6d49e') in 0.0080833 seconds
Number of updated asset objects reloaded before import = 0Number of asset objects unloaded after import = 1

========================================================================
Received Import Request.
  Time since last request: 0.000015 seconds.
  path: Assets/Art/MINIFANTASY - Crafting and Professions I/Animations/Humanoids/Human/Humanoid_AnimatorController.controller
  artifactKey: Guid(72c58f318475a524d9e0c919cdaf1e3b) Importer(2089858483,192608db42251d675da83286b1cce702)
Start importing Assets/Art/MINIFANTASY - Crafting and Professions I/Animations/Humanoids/Human/Humanoid_AnimatorController.controller using Guid(72c58f318475a524d9e0c919cdaf1e3b) Importer(2089858483,192608db42251d675da83286b1cce702) (ScriptedImporter) -> (artifact id: 'da41b3384d0d770d933464b3051837a9') in 0.0187006 seconds
Number of updated asset objects reloaded before import = 0Number of asset objects unloaded after import = 44

========================================================================
Received Import Request.
  Time since last request: 0.000017 seconds.
  path: Assets/Art/MINIFANTASY Creatures - Super Low Res 2D Pixel Art by Krishna Palacio/Animations/Beasts/Bat/Bat_FlyIdle_SW.anim
  artifactKey: Guid(4e4d92cb91a4b354fb3820702dfa0089) Importer(2089858483,192608db42251d675da83286b1cce702)
Start importing Assets/Art/MINIFANTASY Creatures - Super Low Res 2D Pixel Art by Krishna Palacio/Animations/Beasts/Bat/Bat_FlyIdle_SW.anim using Guid(4e4d92cb91a4b354fb3820702dfa0089) Importer(2089858483,192608db42251d675da83286b1cce702) (ScriptedImporter) -> (artifact id: 'aa3f5d463e2ad6195d995c1dca30865e') in 0.0106681 seconds
Number of updated asset objects reloaded before import = 0Number of asset objects unloaded after import = 1

========================================================================
Received Import Request.
  Time since last request: 0.000020 seconds.
  path: Assets/Art/MINIFANTASY - Crafting and Professions I/Animations/Humanoids/Halfling/Halfling_WoodworkBenchWorking.anim
  artifactKey: Guid(380fd5525759828458e0c10451abc347) Importer(2089858483,192608db42251d675da83286b1cce702)
Start importing Assets/Art/MINIFANTASY - Crafting and Professions I/Animations/Humanoids/Halfling/Halfling_WoodworkBenchWorking.anim using Guid(380fd5525759828458e0c10451abc347) Importer(2089858483,192608db42251d675da83286b1cce702) (ScriptedImporter) -> (artifact id: '25c95e607218618574d353bf86bf29c0') in 0.008117 seconds
Number of updated asset objects reloaded before import = 0Number of asset objects unloaded after import = 1

========================================================================
Received Import Request.
  Time since last request: 0.000023 seconds.
  path: Assets/Art/MINIFANTASY - Crafting and Professions I/Sprites/Rogue/General_Animations/Rogue_Attack.png
  artifactKey: Guid(9ff916aead188cb449be3e3c6154efe5) Importer(2089858483,192608db42251d675da83286b1cce702)
Start importing Assets/Art/MINIFANTASY - Crafting and Professions I/Sprites/Rogue/General_Animations/Rogue_Attack.png using Guid(9ff916aead188cb449be3e3c6154efe5) Importer(2089858483,192608db42251d675da83286b1cce702) (ScriptedImporter) -> (artifact id: '240e24e3768031306ddc4a1af4c96031') in 0.0522533 seconds
Number of updated asset objects reloaded before import = 0Number of asset objects unloaded after import = 18

========================================================================
Received Import Request.
  Time since last request: 0.000014 seconds.
  path: Assets/Art/MINIFANTASY - Crafting and Professions I/Animations/Humanoids/Orc/Orc_JewelryWorkshopWorking.anim
  artifactKey: Guid(a05cafc603369974bbbe30c7f000e5fb) Importer(2089858483,192608db42251d675da83286b1cce702)
Start importing Assets/Art/MINIFANTASY - Crafting and Professions I/Animations/Humanoids/Orc/Orc_JewelryWorkshopWorking.anim using Guid(a05cafc603369974bbbe30c7f000e5fb) Importer(2089858483,192608db42251d675da83286b1cce702) (ScriptedImporter) -> (artifact id: '4fe53f167d68bb93ac85fb3822d9b594') in 0.0070381 seconds
Number of updated asset objects reloaded before import = 0Number of asset objects unloaded after import = 1

========================================================================
Received Import Request.
  Time since last request: 0.000013 seconds.
  path: Assets/Art/MINIFANTASY - Crafting and Professions I/Animations/Humanoids/Halfling/Halfling_Harvest_SE.anim
  artifactKey: Guid(ca17b840e78c6d84b818b2c489720741) Importer(2089858483,192608db42251d675da83286b1cce702)
Start importing Assets/Art/MINIFANTASY - Crafting and Professions I/Animations/Humanoids/Halfling/Halfling_Harvest_SE.anim using Guid(ca17b840e78c6d84b818b2c489720741) Importer(2089858483,192608db42251d675da83286b1cce702) (ScriptedImporter) -> (artifact id: '1596735f17d8825e28833038d0550167') in 0.010307 seconds
Number of updated asset objects reloaded before import = 0Number of asset objects unloaded after import = 1

========================================================================
Received Import Request.
  Time since last request: 0.000031 seconds.
  path: Assets/Art/MINIFANTASY - Crafting and Professions I/Animations/Humanoids/Halfling/Halfling_LaboratoryWorking.anim
  artifactKey: Guid(9d7bdee2092086b4b99f022b29e895e7) Importer(2089858483,192608db42251d675da83286b1cce702)
Start importing Assets/Art/MINIFANTASY - Crafting and Professions I/Animations/Humanoids/Halfling/Halfling_LaboratoryWorking.anim using Guid(9d7bdee2092086b4b99f022b29e895e7) Importer(2089858483,192608db42251d675da83286b1cce702) (ScriptedImporter) -> (artifact id: 'f1748aa7bf19f569b025610a99153843') in 0.0105918 seconds
Number of updated asset objects reloaded before import = 0Number of asset objects unloaded after import = 1

========================================================================
Received Import Request.
  Time since last request: 0.000014 seconds.
  path: Assets/Art/MINIFANTASY - Crafting and Professions I/Sprites/Druid/General_Animations/Druid_Dmg.png
  artifactKey: Guid(58b542cd93cf388469ba530b43a41409) Importer(2089858483,192608db42251d675da83286b1cce702)
Start importing Assets/Art/MINIFANTASY - Crafting and Professions I/Sprites/Druid/General_Animations/Druid_Dmg.png using Guid(58b542cd93cf388469ba530b43a41409) Importer(2089858483,192608db42251d675da83286b1cce702) (ScriptedImporter) -> (artifact id: '364bc868fd7c32707b068f71f7242a21') in 0.0371416 seconds
Number of updated asset objects reloaded before import = 0Number of asset objects unloaded after import = 18

========================================================================
Received Import Request.
  Time since last request: 0.000014 seconds.
  path: Assets/Art/MINIFANTASY - Crafting and Professions I/Animations/Humanoids/Halfling/Halfling_Chopping_NW.anim
  artifactKey: Guid(ff57e4d8870dc7e41bcc66a86e042a75) Importer(2089858483,192608db42251d675da83286b1cce702)
Start importing Assets/Art/MINIFANTASY - Crafting and Professions I/Animations/Humanoids/Halfling/Halfling_Chopping_NW.anim using Guid(ff57e4d8870dc7e41bcc66a86e042a75) Importer(2089858483,192608db42251d675da83286b1cce702) (ScriptedImporter) -> (artifact id: '5d52e4974a6a5ebc3ebd0788449e102a') in 0.0076546 seconds
Number of updated asset objects reloaded before import = 0Number of asset objects unloaded after import = 1

========================================================================
Received Import Request.
  Time since last request: 0.000032 seconds.
  path: Assets/Art/MINIFANTASY - Crafting and Professions I/Animations/Props/Tailor/Loom_AnimatorOverrideController.overrideController
  artifactKey: Guid(d291c83ee1021a746baab027fc66f34f) Importer(2089858483,192608db42251d675da83286b1cce702)
Start importing Assets/Art/MINIFANTASY - Crafting and Professions I/Animations/Props/Tailor/Loom_AnimatorOverrideController.overrideController using Guid(d291c83ee1021a746baab027fc66f34f) Importer(2089858483,192608db42251d675da83286b1cce702) (ScriptedImporter) -> (artifact id: '6818096f2daec9724225accb223f8696') in 0.0067091 seconds
Number of updated asset objects reloaded before import = 0Number of asset objects unloaded after import = 8

========================================================================
Received Import Request.
  Time since last request: 0.000019 seconds.
  path: Assets/Art/MINIFANTASY - Crafting and Professions I/Animations/Humanoids/Human/Human_JewelryWorkshopWorking.anim
  artifactKey: Guid(81e00b08bbdf74e4db0eb6a106cb1d22) Importer(2089858483,192608db42251d675da83286b1cce702)
Start importing Assets/Art/MINIFANTASY - Crafting and Professions I/Animations/Humanoids/Human/Human_JewelryWorkshopWorking.anim using Guid(81e00b08bbdf74e4db0eb6a106cb1d22) Importer(2089858483,192608db42251d675da83286b1cce702) (ScriptedImporter) -> (artifact id: '610b72e75a2fd5cefe5cf0ce2f75ff6d') in 0.0069414 seconds
Number of updated asset objects reloaded before import = 0Number of asset objects unloaded after import = 1

========================================================================
Received Import Request.
  Time since last request: 0.000016 seconds.
  path: Assets/Art/MINIFANTASY - Crafting and Professions I/Sprites/Rogue/General_Animations/Rogue_Idle.png
  artifactKey: Guid(931999edf61c9bb498b0ac5a5cdce39c) Importer(2089858483,192608db42251d675da83286b1cce702)
Start importing Assets/Art/MINIFANTASY - Crafting and Professions I/Sprites/Rogue/General_Animations/Rogue_Idle.png using Guid(931999edf61c9bb498b0ac5a5cdce39c) Importer(2089858483,192608db42251d675da83286b1cce702) (ScriptedImporter) -> (artifact id: 'd5c9573a355e40e357d34f23a2f8f5e0') in 0.1282846 seconds
Number of updated asset objects reloaded before import = 0Number of asset objects unloaded after import = 66

========================================================================
Received Import Request.
  Time since last request: 0.000024 seconds.
  path: Assets/Art/MINIFANTASY Creatures - Super Low Res 2D Pixel Art by Krishna Palacio/Animations/Beasts/Wolf/Wolf_Attack_SW.anim
  artifactKey: Guid(889a3ded59378ff4e883eb62b50c45f9) Importer(2089858483,192608db42251d675da83286b1cce702)
Start importing Assets/Art/MINIFANTASY Creatures - Super Low Res 2D Pixel Art by Krishna Palacio/Animations/Beasts/Wolf/Wolf_Attack_SW.anim using Guid(889a3ded59378ff4e883eb62b50c45f9) Importer(2089858483,192608db42251d675da83286b1cce702) (ScriptedImporter) -> (artifact id: '46f62cce13deddd95877f3dced057766') in 0.0089388 seconds
Number of updated asset objects reloaded before import = 0Number of asset objects unloaded after import = 1

========================================================================
Received Import Request.
  Time since last request: 0.000023 seconds.
  path: Assets/Art/MINIFANTASY - Crafting and Professions I/Animations/Humanoids/Halfling/Halfling_AnimatorOverrideController.overrideController
  artifactKey: Guid(c973fc93df60790418f3075ab6fb27ea) Importer(2089858483,192608db42251d675da83286b1cce702)
Start importing Assets/Art/MINIFANTASY - Crafting and Professions I/Animations/Humanoids/Halfling/Halfling_AnimatorOverrideController.overrideController using Guid(c973fc93df60790418f3075ab6fb27ea) Importer(2089858483,192608db42251d675da83286b1cce702) (ScriptedImporter) -> (artifact id: '92db86e2ef1beb52ec8d17c82e0bd054') in 0.0287698 seconds
Number of updated asset objects reloaded before import = 0Number of asset objects unloaded after import = 67

========================================================================
Received Import Request.
  Time since last request: 0.000026 seconds.
  path: Assets/Art/MINIFANTASY - Crafting and Professions I/Animations/Humanoids/Orc/Orc_Mining_SE.anim
  artifactKey: Guid(9d5a0ed2e0a31c94baaf3b687da891bb) Importer(2089858483,192608db42251d675da83286b1cce702)
Start importing Assets/Art/MINIFANTASY - Crafting and Professions I/Animations/Humanoids/Orc/Orc_Mining_SE.anim using Guid(9d5a0ed2e0a31c94baaf3b687da891bb) Importer(2089858483,192608db42251d675da83286b1cce702) (ScriptedImporter) -> (artifact id: '80a39968d060d5bf5c18595eb79f0d30') in 0.0073271 seconds
Number of updated asset objects reloaded before import = 0Number of asset objects unloaded after import = 1

========================================================================
Received Import Request.
  Time since last request: 0.000015 seconds.
  path: Assets/Art/MINIFANTASY - Crafting and Professions I/Animations/Humanoids/Orc/Orc_Chopping_SW.anim
  artifactKey: Guid(15758da231149de4caa357ccfdb11d92) Importer(2089858483,192608db42251d675da83286b1cce702)
Start importing Assets/Art/MINIFANTASY - Crafting and Professions I/Animations/Humanoids/Orc/Orc_Chopping_SW.anim using Guid(15758da231149de4caa357ccfdb11d92) Importer(2089858483,192608db42251d675da83286b1cce702) (ScriptedImporter) -> (artifact id: '063278433308eb6893ff656cdfe54394') in 0.007562 seconds
Number of updated asset objects reloaded before import = 0Number of asset objects unloaded after import = 1

========================================================================
Received Import Request.
  Time since last request: 0.000014 seconds.
  path: Assets/Art/MINIFANTASY - Crafting and Professions I/Animations/Props/Trees/Tree_Hit_SW.anim
  artifactKey: Guid(139e0d0518887de47a29aada56f408c8) Importer(2089858483,192608db42251d675da83286b1cce702)
Start importing Assets/Art/MINIFANTASY - Crafting and Professions I/Animations/Props/Trees/Tree_Hit_SW.anim using Guid(139e0d0518887de47a29aada56f408c8) Importer(2089858483,192608db42251d675da83286b1cce702) (ScriptedImporter) -> (artifact id: 'ba92a27f0a4c5ef8cd3efeb8e7240350') in 0.0068514 seconds
Number of updated asset objects reloaded before import = 0Number of asset objects unloaded after import = 1

========================================================================
Received Import Request.
  Time since last request: 0.000017 seconds.
  path: Assets/Art/MINIFANTASY Creatures - Super Low Res 2D Pixel Art by Krishna Palacio/Animations/Beasts/Bat/Bat_Dmg_NE.anim
  artifactKey: Guid(a671304d88b033a43951a5725398b073) Importer(2089858483,192608db42251d675da83286b1cce702)
Start importing Assets/Art/MINIFANTASY Creatures - Super Low Res 2D Pixel Art by Krishna Palacio/Animations/Beasts/Bat/Bat_Dmg_NE.anim using Guid(a671304d88b033a43951a5725398b073) Importer(2089858483,192608db42251d675da83286b1cce702) (ScriptedImporter) -> (artifact id: 'bd9fd8b27fe03261dc5361d0d8bdb91e') in 0.0085059 seconds
Number of updated asset objects reloaded before import = 0Number of asset objects unloaded after import = 1

========================================================================
Received Import Request.
  Time since last request: 0.000018 seconds.
  path: Assets/Art/MINIFANTASY - Crafting and Professions I/Sprites/Rogue/General_Animations/Rogue_Dmg.png
  artifactKey: Guid(fa9b9a2b2ee0b6143a03bb2dbf27c932) Importer(2089858483,192608db42251d675da83286b1cce702)
Start importing Assets/Art/MINIFANTASY - Crafting and Professions I/Sprites/Rogue/General_Animations/Rogue_Dmg.png using Guid(fa9b9a2b2ee0b6143a03bb2dbf27c932) Importer(2089858483,192608db42251d675da83286b1cce702) (ScriptedImporter) -> (artifact id: 'd81f98e105eaa18a9f4e534fd2fdfc85') in 0.0747352 seconds
Number of updated asset objects reloaded before import = 0Number of asset objects unloaded after import = 18

========================================================================
Received Import Request.
  Time since last request: 0.000027 seconds.
  path: Assets/Art/MINIFANTASY - Crafting and Professions I/Animations/Props/Jewelry/Jewelry_AnimatorOverrideController.overrideController
  artifactKey: Guid(91d8b8a264cb0b647a712b1182a94ff9) Importer(2089858483,192608db42251d675da83286b1cce702)
Start importing Assets/Art/MINIFANTASY - Crafting and Professions I/Animations/Props/Jewelry/Jewelry_AnimatorOverrideController.overrideController using Guid(91d8b8a264cb0b647a712b1182a94ff9) Importer(2089858483,192608db42251d675da83286b1cce702) (ScriptedImporter) -> (artifact id: 'c8ee2354c71a27f55ad1699ffd67245a') in 0.0085652 seconds
Number of updated asset objects reloaded before import = 0Number of asset objects unloaded after import = 8

========================================================================
Received Import Request.
  Time since last request: 0.000014 seconds.
  path: Assets/Art/MINIFANTASY Creatures - Super Low Res 2D Pixel Art by Krishna Palacio/Animations/Beasts/Bat/Bat_Attack_NE.anim
  artifactKey: Guid(f5ccc0f48f3e0fd42ac02619b175de00) Importer(2089858483,192608db42251d675da83286b1cce702)
Start importing Assets/Art/MINIFANTASY Creatures - Super Low Res 2D Pixel Art by Krishna Palacio/Animations/Beasts/Bat/Bat_Attack_NE.anim using Guid(f5ccc0f48f3e0fd42ac02619b175de00) Importer(2089858483,192608db42251d675da83286b1cce702) (ScriptedImporter) -> (artifact id: 'cec87253562a943925ca664264052b6d') in 0.0076153 seconds
Number of updated asset objects reloaded before import = 0Number of asset objects unloaded after import = 1

========================================================================
Received Import Request.
  Time since last request: 0.000018 seconds.
  path: Assets/Art/MINIFANTASY - Crafting and Professions I/Sprites/Rogue/General_Animations/Rogue_Die.png
  artifactKey: Guid(b1ec6147a71c18c4c8acbc257f3f1525) Importer(2089858483,192608db42251d675da83286b1cce702)
Start importing Assets/Art/MINIFANTASY - Crafting and Professions I/Sprites/Rogue/General_Animations/Rogue_Die.png using Guid(b1ec6147a71c18c4c8acbc257f3f1525) Importer(2089858483,192608db42251d675da83286b1cce702) (ScriptedImporter) -> (artifact id: '085ac049b9142487e85705d4e3e6c511') in 0.0647577 seconds
Number of updated asset objects reloaded before import = 0Number of asset objects unloaded after import = 28

========================================================================
Received Import Request.
  Time since last request: 0.000017 seconds.
  path: Assets/Art/MINIFANTASY - Crafting and Professions I/Sprites/Gathering Professions/Logging/Logging.png
  artifactKey: Guid(2d45fe0ae29ef3a47995e74c45a713c2) Importer(2089858483,192608db42251d675da83286b1cce702)
Start importing Assets/Art/MINIFANTASY - Crafting and Professions I/Sprites/Gathering Professions/Logging/Logging.png using Guid(2d45fe0ae29ef3a47995e74c45a713c2) Importer(2089858483,192608db42251d675da83286b1cce702) (ScriptedImporter) -> (artifact id: '195af77d7819574711a7215f8c470f58') in 0.079005 seconds
Number of updated asset objects reloaded before import = 0Number of asset objects unloaded after import = 27

========================================================================
Received Import Request.
  Time since last request: 0.000017 seconds.
  path: Assets/Art/MINIFANTASY Creatures - Super Low Res 2D Pixel Art by Krishna Palacio/Animations/Beasts/Wolf/Wolf_AnimatorOverrideController.overrideController
  artifactKey: Guid(fa46b004cdcf155448866427ae4023b1) Importer(2089858483,192608db42251d675da83286b1cce702)
Start importing Assets/Art/MINIFANTASY Creatures - Super Low Res 2D Pixel Art by Krishna Palacio/Animations/Beasts/Wolf/Wolf_AnimatorOverrideController.overrideController using Guid(fa46b004cdcf155448866427ae4023b1) Importer(2089858483,192608db42251d675da83286b1cce702) (ScriptedImporter) -> (artifact id: '9ab901a7d449263b76006885ad4373f1') in 0.0280893 seconds
Number of updated asset objects reloaded before import = 0Number of asset objects unloaded after import = 63

========================================================================
Received Import Request.
  Time since last request: 0.000031 seconds.
  path: Assets/Art/MINIFANTASY Creatures - Super Low Res 2D Pixel Art by Krishna Palacio/Animations/Beasts/Bat/Bat_FlyIdle_NE.anim
  artifactKey: Guid(d072a77d42933f248bf32a0ef8dde66e) Importer(2089858483,192608db42251d675da83286b1cce702)
Start importing Assets/Art/MINIFANTASY Creatures - Super Low Res 2D Pixel Art by Krishna Palacio/Animations/Beasts/Bat/Bat_FlyIdle_NE.anim using Guid(d072a77d42933f248bf32a0ef8dde66e) Importer(2089858483,192608db42251d675da83286b1cce702) (ScriptedImporter) -> (artifact id: 'f24b529f382f92f96164e534d094cb17') in 0.00672 seconds
Number of updated asset objects reloaded before import = 0Number of asset objects unloaded after import = 1

========================================================================
Received Import Request.
  Time since last request: 0.000026 seconds.
  path: Assets/Art/MINIFANTASY - Crafting and Professions I/Sprites/Gathering Professions/Mining/MiningShadows.png
  artifactKey: Guid(5355084e1c7920942b0f20a6001ebc55) Importer(2089858483,192608db42251d675da83286b1cce702)
Start importing Assets/Art/MINIFANTASY - Crafting and Professions I/Sprites/Gathering Professions/Mining/MiningShadows.png using Guid(5355084e1c7920942b0f20a6001ebc55) Importer(2089858483,192608db42251d675da83286b1cce702) (ScriptedImporter) -> (artifact id: '6ccc579cc21d340a27f4b12d32b0778f') in 0.0340121 seconds
Number of updated asset objects reloaded before import = 0Number of asset objects unloaded after import = 9

========================================================================
Received Import Request.
  Time since last request: 0.000014 seconds.
  path: Assets/Art/MINIFANTASY - Crafting and Professions I/Sprites/Crafting Professions/Alchemy/Laboratory_Working.png
  artifactKey: Guid(1e243bde27fe5f44bae84bf2bf23187b) Importer(2089858483,192608db42251d675da83286b1cce702)
Start importing Assets/Art/MINIFANTASY - Crafting and Professions I/Sprites/Crafting Professions/Alchemy/Laboratory_Working.png using Guid(1e243bde27fe5f44bae84bf2bf23187b) Importer(2089858483,192608db42251d675da83286b1cce702) (ScriptedImporter) -> (artifact id: '16da297e8a8aa754785d5aa088f973f7') in 0.0497372 seconds
Number of updated asset objects reloaded before import = 0Number of asset objects unloaded after import = 13

========================================================================
Received Import Request.
  Time since last request: 0.000018 seconds.
  path: Assets/Art/MINIFANTASY - Crafting and Professions I/Animations/Humanoids/Human/Human_WoodworkBenchWorking.anim
  artifactKey: Guid(014c9f6bb39e89a4aa760f939fe23750) Importer(2089858483,192608db42251d675da83286b1cce702)
Start importing Assets/Art/MINIFANTASY - Crafting and Professions I/Animations/Humanoids/Human/Human_WoodworkBenchWorking.anim using Guid(014c9f6bb39e89a4aa760f939fe23750) Importer(2089858483,192608db42251d675da83286b1cce702) (ScriptedImporter) -> (artifact id: 'b19cc78e5b60bd00e9f6b0267e56faa2') in 0.0076976 seconds
Number of updated asset objects reloaded before import = 0Number of asset objects unloaded after import = 1

========================================================================
Received Import Request.
  Time since last request: 0.000029 seconds.
  path: Assets/Art/MINIFANTASY - Crafting and Professions I/Animations/Props/Tailor/Loom_Working.anim
  artifactKey: Guid(e026fe03da1ace24c9ae970a2183cfe3) Importer(2089858483,192608db42251d675da83286b1cce702)
Start importing Assets/Art/MINIFANTASY - Crafting and Professions I/Animations/Props/Tailor/Loom_Working.anim using Guid(e026fe03da1ace24c9ae970a2183cfe3) Importer(2089858483,192608db42251d675da83286b1cce702) (ScriptedImporter) -> (artifact id: '1600bf270bd31d3cf48de07a340eb1a9') in 0.0067684 seconds
Number of updated asset objects reloaded before import = 0Number of asset objects unloaded after import = 1

========================================================================
Received Import Request.
  Time since last request: 0.500495 seconds.
  path: Assets/Art/MINIFANTASY Creatures - Super Low Res 2D Pixel Art by Krishna Palacio/Animations/Beasts/Wolf/Wolf_Idle_SW.anim
  artifactKey: Guid(10964f36cfc901b4bb9141baeadd5074) Importer(2089858483,192608db42251d675da83286b1cce702)
Start importing Assets/Art/MINIFANTASY Creatures - Super Low Res 2D Pixel Art by Krishna Palacio/Animations/Beasts/Wolf/Wolf_Idle_SW.anim using Guid(10964f36cfc901b4bb9141baeadd5074) Importer(2089858483,192608db42251d675da83286b1cce702) (ScriptedImporter) -> (artifact id: 'bb26c46e2e7986113e45f26f17c3c7e0') in 0.007837 seconds
Number of updated asset objects reloaded before import = 0Number of asset objects unloaded after import = 1

========================================================================
Received Import Request.
  Time since last request: 0.000016 seconds.
  path: Assets/Art/MINIFANTASY Creatures - Super Low Res 2D Pixel Art by Krishna Palacio/Animations/Humanoids/Elf/ElfDmg_SE.anim
  artifactKey: Guid(1112fae7f25637d4eaa983634b048bf5) Importer(2089858483,192608db42251d675da83286b1cce702)
Start importing Assets/Art/MINIFANTASY Creatures - Super Low Res 2D Pixel Art by Krishna Palacio/Animations/Humanoids/Elf/ElfDmg_SE.anim using Guid(1112fae7f25637d4eaa983634b048bf5) Importer(2089858483,192608db42251d675da83286b1cce702) (ScriptedImporter) -> (artifact id: 'e97f020d79127c6ec6adaaf7d6636f6c') in 0.0084226 seconds
Number of updated asset objects reloaded before import = 0Number of asset objects unloaded after import = 1

========================================================================
Received Import Request.
  Time since last request: 0.000017 seconds.
  path: Assets/Art/MINIFANTASY Creatures - Super Low Res 2D Pixel Art by Krishna Palacio/Animations/Big_Guys/Cyclop/CyclopAttack_NW.anim
  artifactKey: Guid(9c3347e040dfc1f47a2251054a0f72c6) Importer(2089858483,192608db42251d675da83286b1cce702)
Start importing Assets/Art/MINIFANTASY Creatures - Super Low Res 2D Pixel Art by Krishna Palacio/Animations/Big_Guys/Cyclop/CyclopAttack_NW.anim using Guid(9c3347e040dfc1f47a2251054a0f72c6) Importer(2089858483,192608db42251d675da83286b1cce702) (ScriptedImporter) -> (artifact id: '649dc990e0efb6b948ce9bd243db86d9') in 0.0070926 seconds
Number of updated asset objects reloaded before import = 0Number of asset objects unloaded after import = 1

========================================================================
Received Import Request.
  Time since last request: 0.000017 seconds.
  path: Assets/Art/MINIFANTASY Creatures - Super Low Res 2D Pixel Art by Krishna Palacio/Animations/Big_Guys/Troll/TrollWalk_NW.anim
  artifactKey: Guid(0f269c321195b6f489a15f723eb374fa) Importer(2089858483,192608db42251d675da83286b1cce702)
Start importing Assets/Art/MINIFANTASY Creatures - Super Low Res 2D Pixel Art by Krishna Palacio/Animations/Big_Guys/Troll/TrollWalk_NW.anim using Guid(0f269c321195b6f489a15f723eb374fa) Importer(2089858483,192608db42251d675da83286b1cce702) (ScriptedImporter) -> (artifact id: '94ed11a262a18a7019c5de532df06b27') in 0.0080459 seconds
Number of updated asset objects reloaded before import = 0Number of asset objects unloaded after import = 1

========================================================================
Received Import Request.
  Time since last request: 0.000024 seconds.
  path: Assets/Art/MINIFANTASY Creatures - Super Low Res 2D Pixel Art by Krishna Palacio/Animations/Humanoids/Elf/ElfSpinDie.anim
  artifactKey: Guid(80d8fb47449838c4c84be6210095976b) Importer(2089858483,192608db42251d675da83286b1cce702)
Start importing Assets/Art/MINIFANTASY Creatures - Super Low Res 2D Pixel Art by Krishna Palacio/Animations/Humanoids/Elf/ElfSpinDie.anim using Guid(80d8fb47449838c4c84be6210095976b) Importer(2089858483,192608db42251d675da83286b1cce702) (ScriptedImporter) -> (artifact id: 'd1e748331777235edbb857b13c4b3e4e') in 0.0145119 seconds
Number of updated asset objects reloaded before import = 0Number of asset objects unloaded after import = 1

========================================================================
Received Import Request.
  Time since last request: 0.000054 seconds.
  path: Assets/Art/MINIFANTASY Creatures - Super Low Res 2D Pixel Art by Krishna Palacio/Animations/Humanoids/Goblin/GoblinJump_SW.anim
  artifactKey: Guid(1f224c9cbffba7a429cdb779e8c65a1c) Importer(2089858483,192608db42251d675da83286b1cce702)
Start importing Assets/Art/MINIFANTASY Creatures - Super Low Res 2D Pixel Art by Krishna Palacio/Animations/Humanoids/Goblin/GoblinJump_SW.anim using Guid(1f224c9cbffba7a429cdb779e8c65a1c) Importer(2089858483,192608db42251d675da83286b1cce702) (ScriptedImporter) -> (artifact id: '2b2d64d939e8780fae2b0e6cff3f3ac0') in 0.0071952 seconds
Number of updated asset objects reloaded before import = 0Number of asset objects unloaded after import = 1

========================================================================
Received Import Request.
  Time since last request: 0.000016 seconds.
  path: Assets/Art/MINIFANTASY Creatures - Super Low Res 2D Pixel Art by Krishna Palacio/Animations/Humanoids/Trasgo/Trasgo_Jump_SE.anim
  artifactKey: Guid(4076da6b7a02b93418d29fc8d09a14f7) Importer(2089858483,192608db42251d675da83286b1cce702)
Start importing Assets/Art/MINIFANTASY Creatures - Super Low Res 2D Pixel Art by Krishna Palacio/Animations/Humanoids/Trasgo/Trasgo_Jump_SE.anim using Guid(4076da6b7a02b93418d29fc8d09a14f7) Importer(2089858483,192608db42251d675da83286b1cce702) (ScriptedImporter) -> (artifact id: '9bb583a714bafb67acdf7e6503808046') in 0.0072882 seconds
Number of updated asset objects reloaded before import = 0Number of asset objects unloaded after import = 1

========================================================================
Received Import Request.
  Time since last request: 0.000014 seconds.
  path: Assets/Art/MINIFANTASY Creatures - Super Low Res 2D Pixel Art by Krishna Palacio/Animations/Humanoids/Elf/ElfDmg_NE.anim
  artifactKey: Guid(8ff6e0e8b608c814e9b48913bb1b64d0) Importer(2089858483,192608db42251d675da83286b1cce702)
Start importing Assets/Art/MINIFANTASY Creatures - Super Low Res 2D Pixel Art by Krishna Palacio/Animations/Humanoids/Elf/ElfDmg_NE.anim using Guid(8ff6e0e8b608c814e9b48913bb1b64d0) Importer(2089858483,192608db42251d675da83286b1cce702) (ScriptedImporter) -> (artifact id: 'dcb7fc6f2d0c71255d43f3fdcbf0f414') in 0.0071203 seconds
Number of updated asset objects reloaded before import = 0Number of asset objects unloaded after import = 1

========================================================================
Received Import Request.
  Time since last request: 0.000017 seconds.
  path: Assets/Art/MINIFANTASY Creatures - Super Low Res 2D Pixel Art by Krishna Palacio/Animations/Monsters/Centaur/Centaur_AnimatorOverrideController.overrideController
  artifactKey: Guid(b7a110bac93c9474dab73ef035fe7f88) Importer(2089858483,192608db42251d675da83286b1cce702)
Start importing Assets/Art/MINIFANTASY Creatures - Super Low Res 2D Pixel Art by Krishna Palacio/Animations/Monsters/Centaur/Centaur_AnimatorOverrideController.overrideController using Guid(b7a110bac93c9474dab73ef035fe7f88) Importer(2089858483,192608db42251d675da83286b1cce702) (ScriptedImporter) -> (artifact id: '8506317df6ddef9000dc19c80b4e660a') in 0.0264729 seconds
Number of updated asset objects reloaded before import = 0Number of asset objects unloaded after import = 63

========================================================================
Received Import Request.
  Time since last request: 0.000020 seconds.
  path: Assets/Art/MINIFANTASY Creatures - Super Low Res 2D Pixel Art by Krishna Palacio/Animations/Beasts/Wolf/Wolf_Walk_SE.anim
  artifactKey: Guid(9f075bb0c14221c47b0e95b2687801cf) Importer(2089858483,192608db42251d675da83286b1cce702)
Start importing Assets/Art/MINIFANTASY Creatures - Super Low Res 2D Pixel Art by Krishna Palacio/Animations/Beasts/Wolf/Wolf_Walk_SE.anim using Guid(9f075bb0c14221c47b0e95b2687801cf) Importer(2089858483,192608db42251d675da83286b1cce702) (ScriptedImporter) -> (artifact id: '9bf83c1481f5a511cb20d616150af673') in 0.006548 seconds
Number of updated asset objects reloaded before import = 0Number of asset objects unloaded after import = 1

========================================================================
Received Import Request.
  Time since last request: 0.000025 seconds.
  path: Assets/Art/MINIFANTASY Creatures - Super Low Res 2D Pixel Art by Krishna Palacio/Animations/Big_Guys/Yeti/YetiIdle_NE.anim
  artifactKey: Guid(658ace7fac83e0e46bbbe093e9f1bb96) Importer(2089858483,192608db42251d675da83286b1cce702)
Start importing Assets/Art/MINIFANTASY Creatures - Super Low Res 2D Pixel Art by Krishna Palacio/Animations/Big_Guys/Yeti/YetiIdle_NE.anim using Guid(658ace7fac83e0e46bbbe093e9f1bb96) Importer(2089858483,192608db42251d675da83286b1cce702) (ScriptedImporter) -> (artifact id: '12e1d6faff4c74d2f99130a250af9842') in 0.0076179 seconds
Number of updated asset objects reloaded before import = 0Number of asset objects unloaded after import = 1

========================================================================
Received Import Request.
  Time since last request: 0.000013 seconds.
  path: Assets/Art/MINIFANTASY Creatures - Super Low Res 2D Pixel Art by Krishna Palacio/Animations/Big_Guys/Yeti/YetiAttack_NW.anim
  artifactKey: Guid(4ab8d12a6e40a3f4f85fd72b115cb748) Importer(2089858483,192608db42251d675da83286b1cce702)
Start importing Assets/Art/MINIFANTASY Creatures - Super Low Res 2D Pixel Art by Krishna Palacio/Animations/Big_Guys/Yeti/YetiAttack_NW.anim using Guid(4ab8d12a6e40a3f4f85fd72b115cb748) Importer(2089858483,192608db42251d675da83286b1cce702) (ScriptedImporter) -> (artifact id: 'cdd3fbeac9095ffb6d205dffb42e4e9b') in 0.0077898 seconds
Number of updated asset objects reloaded before import = 0Number of asset objects unloaded after import = 1

========================================================================
Received Import Request.
  Time since last request: 0.000015 seconds.
  path: Assets/Art/MINIFANTASY Creatures - Super Low Res 2D Pixel Art by Krishna Palacio/Animations/Beasts/Wolf/Wolf_Walk_NW.anim
  artifactKey: Guid(52f48b76e05bb5f48a8b9be55b698a34) Importer(2089858483,192608db42251d675da83286b1cce702)
Start importing Assets/Art/MINIFANTASY Creatures - Super Low Res 2D Pixel Art by Krishna Palacio/Animations/Beasts/Wolf/Wolf_Walk_NW.anim using Guid(52f48b76e05bb5f48a8b9be55b698a34) Importer(2089858483,192608db42251d675da83286b1cce702) (ScriptedImporter) -> (artifact id: 'dfa28e9ce8684ebec40bd54654334314') in 0.0077066 seconds
Number of updated asset objects reloaded before import = 0Number of asset objects unloaded after import = 1

========================================================================
Received Import Request.
  Time since last request: 0.000015 seconds.
  path: Assets/Art/MINIFANTASY Creatures - Super Low Res 2D Pixel Art by Krishna Palacio/Animations/Big_Guys/Minotaur/MinotaurIdle_NE.anim
  artifactKey: Guid(3ebabe2a5defb5a42b03425f61eb7f01) Importer(2089858483,192608db42251d675da83286b1cce702)
Start importing Assets/Art/MINIFANTASY Creatures - Super Low Res 2D Pixel Art by Krishna Palacio/Animations/Big_Guys/Minotaur/MinotaurIdle_NE.anim using Guid(3ebabe2a5defb5a42b03425f61eb7f01) Importer(2089858483,192608db42251d675da83286b1cce702) (ScriptedImporter) -> (artifact id: '4213bbc6d1c7db5c3f309d2b3ea72205') in 0.0080784 seconds
Number of updated asset objects reloaded before import = 0Number of asset objects unloaded after import = 1

========================================================================
Received Import Request.
  Time since last request: 0.000015 seconds.
  path: Assets/Art/MINIFANTASY Creatures - Super Low Res 2D Pixel Art by Krishna Palacio/Animations/Big_Guys/Yeti/YetiIdle_SE.anim
  artifactKey: Guid(3a6516b5a4e345f41b091f43baa84837) Importer(2089858483,192608db42251d675da83286b1cce702)
Start importing Assets/Art/MINIFANTASY Creatures - Super Low Res 2D Pixel Art by Krishna Palacio/Animations/Big_Guys/Yeti/YetiIdle_SE.anim using Guid(3a6516b5a4e345f41b091f43baa84837) Importer(2089858483,192608db42251d675da83286b1cce702) (ScriptedImporter) -> (artifact id: '5f1f92c18ebe1a336adc0997d9ac2da3') in 0.0078411 seconds
Number of updated asset objects reloaded before import = 0Number of asset objects unloaded after import = 1

========================================================================
Received Import Request.
  Time since last request: 0.000021 seconds.
  path: Assets/Art/MINIFANTASY Creatures - Super Low Res 2D Pixel Art by Krishna Palacio/Animations/Big_Guys/Minotaur/MinotaurAttack_NE.anim
  artifactKey: Guid(e0134dda850114a4399584f6fb644f19) Importer(2089858483,192608db42251d675da83286b1cce702)
Start importing Assets/Art/MINIFANTASY Creatures - Super Low Res 2D Pixel Art by Krishna Palacio/Animations/Big_Guys/Minotaur/MinotaurAttack_NE.anim using Guid(e0134dda850114a4399584f6fb644f19) Importer(2089858483,192608db42251d675da83286b1cce702) (ScriptedImporter) -> (artifact id: 'a7d88ce4a0ccb1d9f50437870ddcfad4') in 0.0082533 seconds
Number of updated asset objects reloaded before import = 0Number of asset objects unloaded after import = 1

========================================================================
Received Import Request.
  Time since last request: 0.000027 seconds.
  path: Assets/Art/MINIFANTASY Creatures - Super Low Res 2D Pixel Art by Krishna Palacio/Animations/Humanoids/Elf/ElfIdle_SW.anim
  artifactKey: Guid(a923b3148be4b1a4ab0b75c605a18bdc) Importer(2089858483,192608db42251d675da83286b1cce702)
Start importing Assets/Art/MINIFANTASY Creatures - Super Low Res 2D Pixel Art by Krishna Palacio/Animations/Humanoids/Elf/ElfIdle_SW.anim using Guid(a923b3148be4b1a4ab0b75c605a18bdc) Importer(2089858483,192608db42251d675da83286b1cce702) (ScriptedImporter) -> (artifact id: '7dd7289cf876a71c3a9989dcdf97a43a') in 0.0077792 seconds
Number of updated asset objects reloaded before import = 0Number of asset objects unloaded after import = 1

========================================================================
Received Import Request.
  Time since last request: 0.000016 seconds.
  path: Assets/Art/MINIFANTASY Creatures - Super Low Res 2D Pixel Art by Krishna Palacio/Animations/Big_Guys/Wargo/WargoJump_SW.anim
  artifactKey: Guid(06a39e1772a7a9c48a86d24fbeaf31bc) Importer(2089858483,192608db42251d675da83286b1cce702)
Start importing Assets/Art/MINIFANTASY Creatures - Super Low Res 2D Pixel Art by Krishna Palacio/Animations/Big_Guys/Wargo/WargoJump_SW.anim using Guid(06a39e1772a7a9c48a86d24fbeaf31bc) Importer(2089858483,192608db42251d675da83286b1cce702) (ScriptedImporter) -> (artifact id: '939a972c0aceb7ba9c813612a6fa5a45') in 0.0079786 seconds
Number of updated asset objects reloaded before import = 0Number of asset objects unloaded after import = 1

========================================================================
Received Import Request.
  Time since last request: 0.000013 seconds.
  path: Assets/Art/MINIFANTASY Creatures - Super Low Res 2D Pixel Art by Krishna Palacio/Animations/Big_Guys/Troll/TrollDmg_NW.anim
  artifactKey: Guid(d42124c104b17764197f19ce3a75a07b) Importer(2089858483,192608db42251d675da83286b1cce702)
Start importing Assets/Art/MINIFANTASY Creatures - Super Low Res 2D Pixel Art by Krishna Palacio/Animations/Big_Guys/Troll/TrollDmg_NW.anim using Guid(d42124c104b17764197f19ce3a75a07b) Importer(2089858483,192608db42251d675da83286b1cce702) (ScriptedImporter) -> (artifact id: 'c8f622da49ee67c5b359f622dc19fa5a') in 0.0079152 seconds
Number of updated asset objects reloaded before import = 0Number of asset objects unloaded after import = 1

========================================================================
Received Import Request.
  Time since last request: 0.000016 seconds.
  path: Assets/Art/MINIFANTASY Creatures - Super Low Res 2D Pixel Art by Krishna Palacio/Animations/Humanoids/Elf/ElfAttack_SE.anim
  artifactKey: Guid(0fa178fdee9a1184db3211543f924c9e) Importer(2089858483,192608db42251d675da83286b1cce702)
Start importing Assets/Art/MINIFANTASY Creatures - Super Low Res 2D Pixel Art by Krishna Palacio/Animations/Humanoids/Elf/ElfAttack_SE.anim using Guid(0fa178fdee9a1184db3211543f924c9e) Importer(2089858483,192608db42251d675da83286b1cce702) (ScriptedImporter) -> (artifact id: 'b279965952ed2717d4a44f9585107a2c') in 0.0061131 seconds
Number of updated asset objects reloaded before import = 0Number of asset objects unloaded after import = 1

========================================================================
Received Import Request.
  Time since last request: 0.000014 seconds.
  path: Assets/Art/MINIFANTASY Creatures - Super Low Res 2D Pixel Art by Krishna Palacio/Animations/Humanoids/Trasgo/Trasgo_Walk_NE.anim
  artifactKey: Guid(6a14e506d4a4f0240af9bb7e931c45b9) Importer(2089858483,192608db42251d675da83286b1cce702)
Start importing Assets/Art/MINIFANTASY Creatures - Super Low Res 2D Pixel Art by Krishna Palacio/Animations/Humanoids/Trasgo/Trasgo_Walk_NE.anim using Guid(6a14e506d4a4f0240af9bb7e931c45b9) Importer(2089858483,192608db42251d675da83286b1cce702) (ScriptedImporter) -> (artifact id: '565ae4416dd3deb39504ddc4cf49b313') in 0.0102644 seconds
Number of updated asset objects reloaded before import = 0Number of asset objects unloaded after import = 1

========================================================================
Received Import Request.
  Time since last request: 0.000039 seconds.
  path: Assets/Art/MINIFANTASY Creatures - Super Low Res 2D Pixel Art by Krishna Palacio/Animations/Big_Guys/Cyclop/CyclopAttack_NE.anim
  artifactKey: Guid(963a897141bff6143bb56d9bb798da50) Importer(2089858483,192608db42251d675da83286b1cce702)
Start importing Assets/Art/MINIFANTASY Creatures - Super Low Res 2D Pixel Art by Krishna Palacio/Animations/Big_Guys/Cyclop/CyclopAttack_NE.anim using Guid(963a897141bff6143bb56d9bb798da50) Importer(2089858483,192608db42251d675da83286b1cce702) (ScriptedImporter) -> (artifact id: 'd4dcd3cd864679c84bc5f596cb953fad') in 0.0069942 seconds
Number of updated asset objects reloaded before import = 0Number of asset objects unloaded after import = 1

========================================================================
Received Import Request.
  Time since last request: 0.000023 seconds.
  path: Assets/Art/MINIFANTASY Creatures - Super Low Res 2D Pixel Art by Krishna Palacio/Animations/Humanoids/Halfling/HalflingJump_NE.anim
  artifactKey: Guid(527502100c6513b4f9b9681b02840caf) Importer(2089858483,192608db42251d675da83286b1cce702)
Start importing Assets/Art/MINIFANTASY Creatures - Super Low Res 2D Pixel Art by Krishna Palacio/Animations/Humanoids/Halfling/HalflingJump_NE.anim using Guid(527502100c6513b4f9b9681b02840caf) Importer(2089858483,192608db42251d675da83286b1cce702) (ScriptedImporter) -> (artifact id: 'b60d5b9377ecb5324bf511704262232c') in 0.0119689 seconds
Number of updated asset objects reloaded before import = 0Number of asset objects unloaded after import = 1

========================================================================
Received Import Request.
  Time since last request: 0.000016 seconds.
  path: Assets/Art/MINIFANTASY Creatures - Super Low Res 2D Pixel Art by Krishna Palacio/Animations/Humanoids/Trasgo/Trasgo_Jump_NW.anim
  artifactKey: Guid(1edb2ee77ef696247975e0a85a4d4929) Importer(2089858483,192608db42251d675da83286b1cce702)
Start importing Assets/Art/MINIFANTASY Creatures - Super Low Res 2D Pixel Art by Krishna Palacio/Animations/Humanoids/Trasgo/Trasgo_Jump_NW.anim using Guid(1edb2ee77ef696247975e0a85a4d4929) Importer(2089858483,192608db42251d675da83286b1cce702) (ScriptedImporter) -> (artifact id: 'acbc59ad8729a9a0afb50320abcb2100') in 0.0074235 seconds
Number of updated asset objects reloaded before import = 0Number of asset objects unloaded after import = 1

========================================================================
Received Import Request.
  Time since last request: 0.000017 seconds.
  path: Assets/Art/MINIFANTASY Creatures - Super Low Res 2D Pixel Art by Krishna Palacio/Animations/Big_Guys/Troll/TrollDie_SE.anim
  artifactKey: Guid(5abe19c7cdcb8314ca201346e5373dd5) Importer(2089858483,192608db42251d675da83286b1cce702)
Start importing Assets/Art/MINIFANTASY Creatures - Super Low Res 2D Pixel Art by Krishna Palacio/Animations/Big_Guys/Troll/TrollDie_SE.anim using Guid(5abe19c7cdcb8314ca201346e5373dd5) Importer(2089858483,192608db42251d675da83286b1cce702) (ScriptedImporter) -> (artifact id: '5c06324a948f3ca486387c9a2936f215') in 0.0130287 seconds
Number of updated asset objects reloaded before import = 0Number of asset objects unloaded after import = 1

========================================================================
Received Import Request.
  Time since last request: 0.000015 seconds.
  path: Assets/Art/MINIFANTASY Creatures - Super Low Res 2D Pixel Art by Krishna Palacio/Animations/Monsters/Centaur/Centaur_Attack_SW.anim
  artifactKey: Guid(43756b47a68398340aaab0feee58231b) Importer(2089858483,192608db42251d675da83286b1cce702)
Start importing Assets/Art/MINIFANTASY Creatures - Super Low Res 2D Pixel Art by Krishna Palacio/Animations/Monsters/Centaur/Centaur_Attack_SW.anim using Guid(43756b47a68398340aaab0feee58231b) Importer(2089858483,192608db42251d675da83286b1cce702) (ScriptedImporter) -> (artifact id: '62fbf332ee3bed34a0a820286348f999') in 0.0070624 seconds
Number of updated asset objects reloaded before import = 0Number of asset objects unloaded after import = 1

========================================================================
Received Import Request.
  Time since last request: 0.000012 seconds.
  path: Assets/Art/MINIFANTASY Creatures - Super Low Res 2D Pixel Art by Krishna Palacio/Animations/Humanoids/Goblin/GoblinDmg_NW.anim
  artifactKey: Guid(c91781e820f8f4943b2b741a1c36740e) Importer(2089858483,192608db42251d675da83286b1cce702)
Start importing Assets/Art/MINIFANTASY Creatures - Super Low Res 2D Pixel Art by Krishna Palacio/Animations/Humanoids/Goblin/GoblinDmg_NW.anim using Guid(c91781e820f8f4943b2b741a1c36740e) Importer(2089858483,192608db42251d675da83286b1cce702) (ScriptedImporter) -> (artifact id: '02989421d21d80ee6f9eac51a5fa54fc') in 0.0086343 seconds
Number of updated asset objects reloaded before import = 0Number of asset objects unloaded after import = 1

========================================================================
Received Import Request.
  Time since last request: 0.000019 seconds.
  path: Assets/Art/MINIFANTASY Creatures - Super Low Res 2D Pixel Art by Krishna Palacio/Animations/Humanoids/Trasgo/Trasgo_SpinDie_SE.anim
  artifactKey: Guid(d3814e3302142ef4c8e455706667823d) Importer(2089858483,192608db42251d675da83286b1cce702)
Start importing Assets/Art/MINIFANTASY Creatures - Super Low Res 2D Pixel Art by Krishna Palacio/Animations/Humanoids/Trasgo/Trasgo_SpinDie_SE.anim using Guid(d3814e3302142ef4c8e455706667823d) Importer(2089858483,192608db42251d675da83286b1cce702) (ScriptedImporter) -> (artifact id: '1e428c8145b37a5fd01ac287ecab07f3') in 0.0076864 seconds
Number of updated asset objects reloaded before import = 0Number of asset objects unloaded after import = 1

========================================================================
Received Import Request.
  Time since last request: 0.000029 seconds.
  path: Assets/Art/MINIFANTASY Creatures - Super Low Res 2D Pixel Art by Krishna Palacio/Animations/Big_Guys/Cyclop/CyclopWalk_SW.anim
  artifactKey: Guid(59fab2ebc34f99c45b5be895de4c392b) Importer(2089858483,192608db42251d675da83286b1cce702)
Start importing Assets/Art/MINIFANTASY Creatures - Super Low Res 2D Pixel Art by Krishna Palacio/Animations/Big_Guys/Cyclop/CyclopWalk_SW.anim using Guid(59fab2ebc34f99c45b5be895de4c392b) Importer(2089858483,192608db42251d675da83286b1cce702) (ScriptedImporter) -> (artifact id: '9a48059df1a26e5538bcf53c7b10a218') in 0.0071314 seconds
Number of updated asset objects reloaded before import = 0Number of asset objects unloaded after import = 1

========================================================================
Received Import Request.
  Time since last request: 0.000012 seconds.
  path: Assets/Art/MINIFANTASY Creatures - Super Low Res 2D Pixel Art by Krishna Palacio/Animations/Humanoids/Trasgo/Trasgo_Idle_NE.anim
  artifactKey: Guid(5f1e1a523354a6147aa02a8f237d9f9c) Importer(2089858483,192608db42251d675da83286b1cce702)
Start importing Assets/Art/MINIFANTASY Creatures - Super Low Res 2D Pixel Art by Krishna Palacio/Animations/Humanoids/Trasgo/Trasgo_Idle_NE.anim using Guid(5f1e1a523354a6147aa02a8f237d9f9c) Importer(2089858483,192608db42251d675da83286b1cce702) (ScriptedImporter) -> (artifact id: '0986959f129c5ae48cf834f9e072035e') in 0.0077814 seconds
Number of updated asset objects reloaded before import = 0Number of asset objects unloaded after import = 1

========================================================================
Received Import Request.
  Time since last request: 0.000012 seconds.
  path: Assets/Art/MINIFANTASY Creatures - Super Low Res 2D Pixel Art by Krishna Palacio/Animations/Humanoids/Trasgo/Trasgo_Jump_NE.anim
  artifactKey: Guid(65c115e9cc0df66459185049e94c1a74) Importer(2089858483,192608db42251d675da83286b1cce702)
Start importing Assets/Art/MINIFANTASY Creatures - Super Low Res 2D Pixel Art by Krishna Palacio/Animations/Humanoids/Trasgo/Trasgo_Jump_NE.anim using Guid(65c115e9cc0df66459185049e94c1a74) Importer(2089858483,192608db42251d675da83286b1cce702) (ScriptedImporter) -> (artifact id: 'e506b274d1aae30170182656dc83ecd3') in 0.0075161 seconds
Number of updated asset objects reloaded before import = 0Number of asset objects unloaded after import = 1

========================================================================
Received Import Request.
  Time since last request: 0.000012 seconds.
  path: Assets/Art/MINIFANTASY Creatures - Super Low Res 2D Pixel Art by Krishna Palacio/Animations/Humanoids/Halfling/HalflingIdle_SE.anim
  artifactKey: Guid(54e8260b5974d104e92374dbf6157260) Importer(2089858483,192608db42251d675da83286b1cce702)
Start importing Assets/Art/MINIFANTASY Creatures - Super Low Res 2D Pixel Art by Krishna Palacio/Animations/Humanoids/Halfling/HalflingIdle_SE.anim using Guid(54e8260b5974d104e92374dbf6157260) Importer(2089858483,192608db42251d675da83286b1cce702) (ScriptedImporter) -> (artifact id: '58045564f76ce5cf835ca3e13f998e98') in 0.0070972 seconds
Number of updated asset objects reloaded before import = 0Number of asset objects unloaded after import = 1

========================================================================
Received Import Request.
  Time since last request: 0.000014 seconds.
  path: Assets/Art/MINIFANTASY Creatures - Super Low Res 2D Pixel Art by Krishna Palacio/Animations/Humanoids/Elf/ElfWalk_SE.anim
  artifactKey: Guid(3962dc8135adf8c488a45f18d6a52dad) Importer(2089858483,192608db42251d675da83286b1cce702)
Start importing Assets/Art/MINIFANTASY Creatures - Super Low Res 2D Pixel Art by Krishna Palacio/Animations/Humanoids/Elf/ElfWalk_SE.anim using Guid(3962dc8135adf8c488a45f18d6a52dad) Importer(2089858483,192608db42251d675da83286b1cce702) (ScriptedImporter) -> (artifact id: '1be549851d198605e4bbf69a514acabe') in 0.0066944 seconds
Number of updated asset objects reloaded before import = 0Number of asset objects unloaded after import = 1

========================================================================
Received Import Request.
  Time since last request: 0.000014 seconds.
  path: Assets/Art/MINIFANTASY Creatures - Super Low Res 2D Pixel Art by Krishna Palacio/Animations/Big_Guys/Troll/TrollJump_SE.anim
  artifactKey: Guid(28d17f70dc10f70409bbb248eed00a61) Importer(2089858483,192608db42251d675da83286b1cce702)
Start importing Assets/Art/MINIFANTASY Creatures - Super Low Res 2D Pixel Art by Krishna Palacio/Animations/Big_Guys/Troll/TrollJump_SE.anim using Guid(28d17f70dc10f70409bbb248eed00a61) Importer(2089858483,192608db42251d675da83286b1cce702) (ScriptedImporter) -> (artifact id: '38686efb48a6a8a43f09d064a5ee4058') in 0.007244 seconds
Number of updated asset objects reloaded before import = 0Number of asset objects unloaded after import = 1

========================================================================
Received Import Request.
  Time since last request: 0.000016 seconds.
  path: Assets/Art/MINIFANTASY Creatures - Super Low Res 2D Pixel Art by Krishna Palacio/Animations/Big_Guys/Troll/TrollDmg_SW.anim
  artifactKey: Guid(bd480a3da69d2514bbf99fdd8f65fa3a) Importer(2089858483,192608db42251d675da83286b1cce702)
Start importing Assets/Art/MINIFANTASY Creatures - Super Low Res 2D Pixel Art by Krishna Palacio/Animations/Big_Guys/Troll/TrollDmg_SW.anim using Guid(bd480a3da69d2514bbf99fdd8f65fa3a) Importer(2089858483,192608db42251d675da83286b1cce702) (ScriptedImporter) -> (artifact id: '98dbde65d3df0650fad14ae1e7cdd17d') in 0.0078803 seconds
Number of updated asset objects reloaded before import = 0Number of asset objects unloaded after import = 1

========================================================================
Received Import Request.
  Time since last request: 0.000022 seconds.
  path: Assets/Art/MINIFANTASY Creatures - Super Low Res 2D Pixel Art by Krishna Palacio/Animations/Humanoids/Goblin/GoblinWalk_NE.anim
  artifactKey: Guid(cef0b286d28d6ad4ca8ba97c0f8bc6a4) Importer(2089858483,192608db42251d675da83286b1cce702)
Start importing Assets/Art/MINIFANTASY Creatures - Super Low Res 2D Pixel Art by Krishna Palacio/Animations/Humanoids/Goblin/GoblinWalk_NE.anim using Guid(cef0b286d28d6ad4ca8ba97c0f8bc6a4) Importer(2089858483,192608db42251d675da83286b1cce702) (ScriptedImporter) -> (artifact id: '76d0a242b232219d35bd0f4426702343') in 0.0071608 seconds
Number of updated asset objects reloaded before import = 0Number of asset objects unloaded after import = 1

========================================================================
Received Import Request.
  Time since last request: 0.000016 seconds.
  path: Assets/Art/MINIFANTASY Creatures - Super Low Res 2D Pixel Art by Krishna Palacio/Animations/Big_Guys/Yeti/YetiJump_NW.anim
  artifactKey: Guid(df2bb426c9b3d4c49a0184b0fd485ff6) Importer(2089858483,192608db42251d675da83286b1cce702)
Start importing Assets/Art/MINIFANTASY Creatures - Super Low Res 2D Pixel Art by Krishna Palacio/Animations/Big_Guys/Yeti/YetiJump_NW.anim using Guid(df2bb426c9b3d4c49a0184b0fd485ff6) Importer(2089858483,192608db42251d675da83286b1cce702) (ScriptedImporter) -> (artifact id: '7deb9c1a8aba2c2ac94bca7d37a704e8') in 0.0087418 seconds
Number of updated asset objects reloaded before import = 0Number of asset objects unloaded after import = 1

========================================================================
Received Import Request.
  Time since last request: 0.000028 seconds.
  path: Assets/Art/MINIFANTASY Creatures - Super Low Res 2D Pixel Art by Krishna Palacio/Animations/Big_Guys/Yeti/YetiWalk_SW.anim
  artifactKey: Guid(f991a79af246cac4c8037f7b104e4a7e) Importer(2089858483,192608db42251d675da83286b1cce702)
Start importing Assets/Art/MINIFANTASY Creatures - Super Low Res 2D Pixel Art by Krishna Palacio/Animations/Big_Guys/Yeti/YetiWalk_SW.anim using Guid(f991a79af246cac4c8037f7b104e4a7e) Importer(2089858483,192608db42251d675da83286b1cce702) (ScriptedImporter) -> (artifact id: 'b1951907ee31d620cb3d322e1348addb') in 0.0067181 seconds
Number of updated asset objects reloaded before import = 0Number of asset objects unloaded after import = 1

========================================================================
Received Import Request.
  Time since last request: 0.000018 seconds.
  path: Assets/Art/MINIFANTASY Creatures - Super Low Res 2D Pixel Art by Krishna Palacio/Animations/Humanoids/Trasgo/Trasgo_Dmg_SE.anim
  artifactKey: Guid(fcb450fb800ce96439ccb4e374394b8c) Importer(2089858483,192608db42251d675da83286b1cce702)
Start importing Assets/Art/MINIFANTASY Creatures - Super Low Res 2D Pixel Art by Krishna Palacio/Animations/Humanoids/Trasgo/Trasgo_Dmg_SE.anim using Guid(fcb450fb800ce96439ccb4e374394b8c) Importer(2089858483,192608db42251d675da83286b1cce702) (ScriptedImporter) -> (artifact id: 'd6208fff23b4ab7d7cf56a00fe16b000') in 0.0061465 seconds
Number of updated asset objects reloaded before import = 0Number of asset objects unloaded after import = 1

========================================================================
Received Import Request.
  Time since last request: 0.000018 seconds.
  path: Assets/Art/MINIFANTASY Creatures - Super Low Res 2D Pixel Art by Krishna Palacio/Animations/Humanoids/Goblin/GoblinIdle_SE.anim
  artifactKey: Guid(b24d5e95d9bb3024db1497e12f386b1e) Importer(2089858483,192608db42251d675da83286b1cce702)
Start importing Assets/Art/MINIFANTASY Creatures - Super Low Res 2D Pixel Art by Krishna Palacio/Animations/Humanoids/Goblin/GoblinIdle_SE.anim using Guid(b24d5e95d9bb3024db1497e12f386b1e) Importer(2089858483,192608db42251d675da83286b1cce702) (ScriptedImporter) -> (artifact id: '2cf992b1f6e037ed5d08faa782417cf8') in 0.0069617 seconds
Number of updated asset objects reloaded before import = 0Number of asset objects unloaded after import = 1

========================================================================
Received Import Request.
  Time since last request: 0.000017 seconds.
  path: Assets/Art/MINIFANTASY Creatures - Super Low Res 2D Pixel Art by Krishna Palacio/Animations/Big_Guys/Minotaur/MinotaurWalk_SE.anim
  artifactKey: Guid(95b9f5067a420ad489381cd05ef9c359) Importer(2089858483,192608db42251d675da83286b1cce702)
Start importing Assets/Art/MINIFANTASY Creatures - Super Low Res 2D Pixel Art by Krishna Palacio/Animations/Big_Guys/Minotaur/MinotaurWalk_SE.anim using Guid(95b9f5067a420ad489381cd05ef9c359) Importer(2089858483,192608db42251d675da83286b1cce702) (ScriptedImporter) -> (artifact id: 'ebf86bd05128b492850163e4de480b28') in 0.0101986 seconds
Number of updated asset objects reloaded before import = 0Number of asset objects unloaded after import = 1

========================================================================
Received Import Request.
  Time since last request: 0.000024 seconds.
  path: Assets/Art/MINIFANTASY Creatures - Super Low Res 2D Pixel Art by Krishna Palacio/Animations/Big_Guys/Minotaur/MinotaurIdle_NW.anim
  artifactKey: Guid(c9580c9db85e2de49b667d0cffa45084) Importer(2089858483,192608db42251d675da83286b1cce702)
Start importing Assets/Art/MINIFANTASY Creatures - Super Low Res 2D Pixel Art by Krishna Palacio/Animations/Big_Guys/Minotaur/MinotaurIdle_NW.anim using Guid(c9580c9db85e2de49b667d0cffa45084) Importer(2089858483,192608db42251d675da83286b1cce702) (ScriptedImporter) -> (artifact id: '082390c4b8ab221ddb0cd5355c5c7a71') in 0.0069973 seconds
Number of updated asset objects reloaded before import = 0Number of asset objects unloaded after import = 1

========================================================================
Received Import Request.
  Time since last request: 0.000015 seconds.
  path: Assets/Art/MINIFANTASY Creatures - Super Low Res 2D Pixel Art by Krishna Palacio/Animations/Big_Guys/Wargo/WargoAttack_NW.anim
  artifactKey: Guid(4d08d3bf87d53e54fb4ca36a18342b72) Importer(2089858483,192608db42251d675da83286b1cce702)
Start importing Assets/Art/MINIFANTASY Creatures - Super Low Res 2D Pixel Art by Krishna Palacio/Animations/Big_Guys/Wargo/WargoAttack_NW.anim using Guid(4d08d3bf87d53e54fb4ca36a18342b72) Importer(2089858483,192608db42251d675da83286b1cce702) (ScriptedImporter) -> (artifact id: '634c622e9831e4aa3f88b54376d22c3a') in 0.0066243 seconds
Number of updated asset objects reloaded before import = 0Number of asset objects unloaded after import = 1

========================================================================
Received Import Request.
  Time since last request: 0.000018 seconds.
  path: Assets/Art/MINIFANTASY Creatures - Super Low Res 2D Pixel Art by Krishna Palacio/Animations/Big_Guys/Yeti/YetiDmg_NW.anim
  artifactKey: Guid(726b1560d570ae54bb6bc577d43566bf) Importer(2089858483,192608db42251d675da83286b1cce702)
Start importing Assets/Art/MINIFANTASY Creatures - Super Low Res 2D Pixel Art by Krishna Palacio/Animations/Big_Guys/Yeti/YetiDmg_NW.anim using Guid(726b1560d570ae54bb6bc577d43566bf) Importer(2089858483,192608db42251d675da83286b1cce702) (ScriptedImporter) -> (artifact id: 'c7f9b6db05852330cbd22a241603ecd3') in 0.0070133 seconds
Number of updated asset objects reloaded before import = 0Number of asset objects unloaded after import = 1

========================================================================
Received Import Request.
  Time since last request: 0.000017 seconds.
  path: Assets/Art/MINIFANTASY Creatures - Super Low Res 2D Pixel Art by Krishna Palacio/Animations/Big_Guys/Yeti/YetiAttack_SW.anim
  artifactKey: Guid(43a458286b513364bb8bc2ff725b30df) Importer(2089858483,192608db42251d675da83286b1cce702)
Start importing Assets/Art/MINIFANTASY Creatures - Super Low Res 2D Pixel Art by Krishna Palacio/Animations/Big_Guys/Yeti/YetiAttack_SW.anim using Guid(43a458286b513364bb8bc2ff725b30df) Importer(2089858483,192608db42251d675da83286b1cce702) (ScriptedImporter) -> (artifact id: '83a697fbd0789182b71e83bc19f04e43') in 0.0080057 seconds
Number of updated asset objects reloaded before import = 0Number of asset objects unloaded after import = 1

========================================================================
Received Import Request.
  Time since last request: 0.000021 seconds.
  path: Assets/Art/MINIFANTASY Creatures - Super Low Res 2D Pixel Art by Krishna Palacio/Animations/Big_Guys/Troll/TrollJump_NW.anim
  artifactKey: Guid(18185a53a67738e43b58c57dada2a80f) Importer(2089858483,192608db42251d675da83286b1cce702)
Start importing Assets/Art/MINIFANTASY Creatures - Super Low Res 2D Pixel Art by Krishna Palacio/Animations/Big_Guys/Troll/TrollJump_NW.anim using Guid(18185a53a67738e43b58c57dada2a80f) Importer(2089858483,192608db42251d675da83286b1cce702) (ScriptedImporter) -> (artifact id: 'b3db375fee4d708ba49b16bb20ce5474') in 0.0082197 seconds
Number of updated asset objects reloaded before import = 0Number of asset objects unloaded after import = 1

========================================================================
Received Import Request.
  Time since last request: 0.000018 seconds.
  path: Assets/Art/MINIFANTASY Creatures - Super Low Res 2D Pixel Art by Krishna Palacio/Animations/Humanoids/Halfling/HalflingWalk_SW.anim
  artifactKey: Guid(0dca78f2cb4d3b2409c66b2441af0c51) Importer(2089858483,192608db42251d675da83286b1cce702)
Start importing Assets/Art/MINIFANTASY Creatures - Super Low Res 2D Pixel Art by Krishna Palacio/Animations/Humanoids/Halfling/HalflingWalk_SW.anim using Guid(0dca78f2cb4d3b2409c66b2441af0c51) Importer(2089858483,192608db42251d675da83286b1cce702) (ScriptedImporter) -> (artifact id: '2a217b77d3eeb4fb694da0b21142315b') in 0.0068725 seconds
Number of updated asset objects reloaded before import = 0Number of asset objects unloaded after import = 1

========================================================================
Received Import Request.
  Time since last request: 0.000038 seconds.
  path: Assets/Art/MINIFANTASY Creatures - Super Low Res 2D Pixel Art by Krishna Palacio/Animations/Humanoids/Halfling/HalflingJump_SE.anim
  artifactKey: Guid(dd2574a4c7ead774a81e4141431ef701) Importer(2089858483,192608db42251d675da83286b1cce702)
Start importing Assets/Art/MINIFANTASY Creatures - Super Low Res 2D Pixel Art by Krishna Palacio/Animations/Humanoids/Halfling/HalflingJump_SE.anim using Guid(dd2574a4c7ead774a81e4141431ef701) Importer(2089858483,192608db42251d675da83286b1cce702) (ScriptedImporter) -> (artifact id: 'ea8f38500f3aa189902b0c4c6d2abeb3') in 0.0080941 seconds
Number of updated asset objects reloaded before import = 0Number of asset objects unloaded after import = 1

========================================================================
Received Import Request.
  Time since last request: 0.000015 seconds.
  path: Assets/Art/MINIFANTASY Creatures - Super Low Res 2D Pixel Art by Krishna Palacio/Animations/Big_Guys/Minotaur/MinotaurJump_NE.anim
  artifactKey: Guid(b99a0345fcb18984c84d470f755fadfa) Importer(2089858483,192608db42251d675da83286b1cce702)
Start importing Assets/Art/MINIFANTASY Creatures - Super Low Res 2D Pixel Art by Krishna Palacio/Animations/Big_Guys/Minotaur/MinotaurJump_NE.anim using Guid(b99a0345fcb18984c84d470f755fadfa) Importer(2089858483,192608db42251d675da83286b1cce702) (ScriptedImporter) -> (artifact id: 'e725cbf9d063504137642674337b96a8') in 0.007239 seconds
Number of updated asset objects reloaded before import = 0Number of asset objects unloaded after import = 1

========================================================================
Received Import Request.
  Time since last request: 0.000014 seconds.
  path: Assets/Art/MINIFANTASY Creatures - Super Low Res 2D Pixel Art by Krishna Palacio/Animations/Humanoids/Halfling/HalflingJump_NW.anim
  artifactKey: Guid(c0a10680bc80e9740b8ab91bd3b06d3e) Importer(2089858483,192608db42251d675da83286b1cce702)
Start importing Assets/Art/MINIFANTASY Creatures - Super Low Res 2D Pixel Art by Krishna Palacio/Animations/Humanoids/Halfling/HalflingJump_NW.anim using Guid(c0a10680bc80e9740b8ab91bd3b06d3e) Importer(2089858483,192608db42251d675da83286b1cce702) (ScriptedImporter) -> (artifact id: '63190a3837f580c2150570df17c5eae6') in 0.0068103 seconds
Number of updated asset objects reloaded before import = 0Number of asset objects unloaded after import = 1

========================================================================
Received Import Request.
  Time since last request: 0.000016 seconds.
  path: Assets/Art/MINIFANTASY Creatures - Super Low Res 2D Pixel Art by Krishna Palacio/Animations/Humanoids/Goblin/GoblinIdle_NW.anim
  artifactKey: Guid(3a6d99fa1afba5e488a4c4973978fd21) Importer(2089858483,192608db42251d675da83286b1cce702)
Start importing Assets/Art/MINIFANTASY Creatures - Super Low Res 2D Pixel Art by Krishna Palacio/Animations/Humanoids/Goblin/GoblinIdle_NW.anim using Guid(3a6d99fa1afba5e488a4c4973978fd21) Importer(2089858483,192608db42251d675da83286b1cce702) (ScriptedImporter) -> (artifact id: '247497c572440b6b51c8252ba632f25e') in 0.0087046 seconds
Number of updated asset objects reloaded before import = 0Number of asset objects unloaded after import = 1

========================================================================
Received Import Request.
  Time since last request: 0.000017 seconds.
  path: Assets/Art/MINIFANTASY Creatures - Super Low Res 2D Pixel Art by Krishna Palacio/Animations/Big_Guys/Minotaur/MinotaurWalk_NW.anim
  artifactKey: Guid(172ba07101a5e5d4b9569b6dc414d303) Importer(2089858483,192608db42251d675da83286b1cce702)
Start importing Assets/Art/MINIFANTASY Creatures - Super Low Res 2D Pixel Art by Krishna Palacio/Animations/Big_Guys/Minotaur/MinotaurWalk_NW.anim using Guid(172ba07101a5e5d4b9569b6dc414d303) Importer(2089858483,192608db42251d675da83286b1cce702) (ScriptedImporter) -> (artifact id: '23928529d70fa4831972d6e370c4536a') in 0.0087633 seconds
Number of updated asset objects reloaded before import = 0Number of asset objects unloaded after import = 1

========================================================================
Received Import Request.
  Time since last request: 0.000021 seconds.
  path: Assets/Art/MINIFANTASY Creatures - Super Low Res 2D Pixel Art by Krishna Palacio/Animations/Big_Guys/Troll/TrollIdle_NW.anim
  artifactKey: Guid(edec68d0753492143a96c547d00e813f) Importer(2089858483,192608db42251d675da83286b1cce702)
Start importing Assets/Art/MINIFANTASY Creatures - Super Low Res 2D Pixel Art by Krishna Palacio/Animations/Big_Guys/Troll/TrollIdle_NW.anim using Guid(edec68d0753492143a96c547d00e813f) Importer(2089858483,192608db42251d675da83286b1cce702) (ScriptedImporter) -> (artifact id: 'ed0f7e4e369e26f5f88512466c2a8871') in 0.0082466 seconds
Number of updated asset objects reloaded before import = 0Number of asset objects unloaded after import = 1

========================================================================
Received Import Request.
  Time since last request: 0.000028 seconds.
  path: Assets/Art/MINIFANTASY Creatures - Super Low Res 2D Pixel Art by Krishna Palacio/Animations/Big_Guys/Troll/TrollIdle_SW.anim
  artifactKey: Guid(c50c4790b866f4f4897d4da4e3ca23f3) Importer(2089858483,192608db42251d675da83286b1cce702)
Start importing Assets/Art/MINIFANTASY Creatures - Super Low Res 2D Pixel Art by Krishna Palacio/Animations/Big_Guys/Troll/TrollIdle_SW.anim using Guid(c50c4790b866f4f4897d4da4e3ca23f3) Importer(2089858483,192608db42251d675da83286b1cce702) (ScriptedImporter) -> (artifact id: '82349a033a639750c046fe305e0eaba4') in 0.0074381 seconds
Number of updated asset objects reloaded before import = 0Number of asset objects unloaded after import = 1

========================================================================
Received Import Request.
  Time since last request: 0.000016 seconds.
  path: Assets/Art/MINIFANTASY Creatures - Super Low Res 2D Pixel Art by Krishna Palacio/Animations/Big_Guys/Cyclop/CyclopDmg_NE.anim
  artifactKey: Guid(3de4aeaa15d40c1469e2490cbc789b48) Importer(2089858483,192608db42251d675da83286b1cce702)
Start importing Assets/Art/MINIFANTASY Creatures - Super Low Res 2D Pixel Art by Krishna Palacio/Animations/Big_Guys/Cyclop/CyclopDmg_NE.anim using Guid(3de4aeaa15d40c1469e2490cbc789b48) Importer(2089858483,192608db42251d675da83286b1cce702) (ScriptedImporter) -> (artifact id: '9a39ffcb6cc5e103cbda6459cb1837ba') in 0.0106637 seconds
Number of updated asset objects reloaded before import = 0Number of asset objects unloaded after import = 1

========================================================================
Received Import Request.
  Time since last request: 0.315808 seconds.
  path: Assets/Art/MINIFANTASY Creatures - Super Low Res 2D Pixel Art by Krishna Palacio/Animations/Monsters/Centaur/Centaur_Jump_NW.anim
  artifactKey: Guid(3ca090cc5fdc4b741a63a8f08f528c0d) Importer(2089858483,192608db42251d675da83286b1cce702)
Start importing Assets/Art/MINIFANTASY Creatures - Super Low Res 2D Pixel Art by Krishna Palacio/Animations/Monsters/Centaur/Centaur_Jump_NW.anim using Guid(3ca090cc5fdc4b741a63a8f08f528c0d) Importer(2089858483,192608db42251d675da83286b1cce702) (ScriptedImporter) -> (artifact id: 'e3a84305424fc0efa09ae8a94df7832e') in 0.0066826 seconds
Number of updated asset objects reloaded before import = 0Number of asset objects unloaded after import = 1

========================================================================
Received Import Request.
  Time since last request: 0.000016 seconds.
  path: Assets/Art/MINIFANTASY Creatures - Super Low Res 2D Pixel Art by Krishna Palacio/Sprites/Big_Guys/Cyclop/Minifantasy_CreaturesCyclopWalk.png
  artifactKey: Guid(5bad8b722064a8b468208dde5c5a2c4d) Importer(2089858483,192608db42251d675da83286b1cce702)
Start importing Assets/Art/MINIFANTASY Creatures - Super Low Res 2D Pixel Art by Krishna Palacio/Sprites/Big_Guys/Cyclop/Minifantasy_CreaturesCyclopWalk.png using Guid(5bad8b722064a8b468208dde5c5a2c4d) Importer(2089858483,192608db42251d675da83286b1cce702) (ScriptedImporter) -> (artifact id: 'e20b658aa60b2dfe2a358e655ea9e806') in 0.0737203 seconds
Number of updated asset objects reloaded before import = 0Number of asset objects unloaded after import = 26

========================================================================
Received Import Request.
  Time since last request: 0.000029 seconds.
  path: Assets/Art/MINIFANTASY Creatures - Super Low Res 2D Pixel Art by Krishna Palacio/Sprites/Monsters/Skeleton/Skeleton_Die.png
  artifactKey: Guid(00193a8b5d4763041825af507e5d2157) Importer(2089858483,192608db42251d675da83286b1cce702)
Start importing Assets/Art/MINIFANTASY Creatures - Super Low Res 2D Pixel Art by Krishna Palacio/Sprites/Monsters/Skeleton/Skeleton_Die.png using Guid(00193a8b5d4763041825af507e5d2157) Importer(2089858483,192608db42251d675da83286b1cce702) (ScriptedImporter) -> (artifact id: 'a074b2d02ad62f5d9805d0840a8a6b67') in 0.0339687 seconds
Number of updated asset objects reloaded before import = 0Number of asset objects unloaded after import = 11

========================================================================
Received Import Request.
  Time since last request: 0.000022 seconds.
  path: Assets/Art/MINIFANTASY Creatures - Super Low Res 2D Pixel Art by Krishna Palacio/Sprites/Monsters/Skeleton/Skeleton_Idle.png
  artifactKey: Guid(21c9326f7ac2c184e8e717447bb6152f) Importer(2089858483,192608db42251d675da83286b1cce702)
Start importing Assets/Art/MINIFANTASY Creatures - Super Low Res 2D Pixel Art by Krishna Palacio/Sprites/Monsters/Skeleton/Skeleton_Idle.png using Guid(21c9326f7ac2c184e8e717447bb6152f) Importer(2089858483,192608db42251d675da83286b1cce702) (ScriptedImporter) -> (artifact id: '897daf66924c88bea6c23b29a8685c98') in 0.0771306 seconds
Number of updated asset objects reloaded before import = 0Number of asset objects unloaded after import = 18

========================================================================
Received Import Request.
  Time since last request: 0.000023 seconds.
  path: Assets/Art/MINIFANTASY Creatures - Super Low Res 2D Pixel Art by Krishna Palacio/Animations/Monsters/Zombie/Zombie_Die_SE.anim
  artifactKey: Guid(cd5fcab3ed38f514ca4f678379571284) Importer(2089858483,192608db42251d675da83286b1cce702)
Start importing Assets/Art/MINIFANTASY Creatures - Super Low Res 2D Pixel Art by Krishna Palacio/Animations/Monsters/Zombie/Zombie_Die_SE.anim using Guid(cd5fcab3ed38f514ca4f678379571284) Importer(2089858483,192608db42251d675da83286b1cce702) (ScriptedImporter) -> (artifact id: '2cb2dc26e8b1cb3d06a4a852c54af092') in 0.0077303 seconds
Number of updated asset objects reloaded before import = 0Number of asset objects unloaded after import = 1

========================================================================
Received Import Request.
  Time since last request: 0.000020 seconds.
  path: Assets/Art/MINIFANTASY Creatures - Super Low Res 2D Pixel Art by Krishna Palacio/Animations/Monsters/Evil Snowman/EvilSnowman_Attack_SW.anim
  artifactKey: Guid(f1071cce2e689604482b790f0c2294ba) Importer(2089858483,192608db42251d675da83286b1cce702)
Start importing Assets/Art/MINIFANTASY Creatures - Super Low Res 2D Pixel Art by Krishna Palacio/Animations/Monsters/Evil Snowman/EvilSnowman_Attack_SW.anim using Guid(f1071cce2e689604482b790f0c2294ba) Importer(2089858483,192608db42251d675da83286b1cce702) (ScriptedImporter) -> (artifact id: 'a615c23960d5a283d4ae7c14a088ab72') in 0.0085554 seconds
Number of updated asset objects reloaded before import = 0Number of asset objects unloaded after import = 1

========================================================================
Received Import Request.
  Time since last request: 0.000032 seconds.
  path: Assets/Art/MINIFANTASY Creatures - Super Low Res 2D Pixel Art by Krishna Palacio/Sprites/Humanoids/Elf/Minifantasy_CreaturesElfJump.png
  artifactKey: Guid(20b063aeb5f3dfa42a9a5cbe41541778) Importer(2089858483,192608db42251d675da83286b1cce702)
Start importing Assets/Art/MINIFANTASY Creatures - Super Low Res 2D Pixel Art by Krishna Palacio/Sprites/Humanoids/Elf/Minifantasy_CreaturesElfJump.png using Guid(20b063aeb5f3dfa42a9a5cbe41541778) Importer(2089858483,192608db42251d675da83286b1cce702) (ScriptedImporter) -> (artifact id: 'e16be450ff05dc0fca352b4d009ea93f') in 0.0763667 seconds
Number of updated asset objects reloaded before import = 0Number of asset objects unloaded after import = 18

========================================================================
Received Import Request.
  Time since last request: 0.000047 seconds.
  path: Assets/Art/MINIFANTASY Creatures - Super Low Res 2D Pixel Art by Krishna Palacio/Sprites/Big_Guys/Yeti/Minifantasy_CreaturesYetiAttack.png
  artifactKey: Guid(bed06a0be867ee74ea6fe67503e6736a) Importer(2089858483,192608db42251d675da83286b1cce702)
Start importing Assets/Art/MINIFANTASY Creatures - Super Low Res 2D Pixel Art by Krishna Palacio/Sprites/Big_Guys/Yeti/Minifantasy_CreaturesYetiAttack.png using Guid(bed06a0be867ee74ea6fe67503e6736a) Importer(2089858483,192608db42251d675da83286b1cce702) (ScriptedImporter) -> (artifact id: 'c09156db45713d3ef4dbc754cb2eed65') in 0.0513722 seconds
Number of updated asset objects reloaded before import = 0Number of asset objects unloaded after import = 18

========================================================================
Received Import Request.
  Time since last request: 0.000017 seconds.
  path: Assets/Art/MINIFANTASY Creatures - Super Low Res 2D Pixel Art by Krishna Palacio/Animations/Monsters/Zombie/Zombie_Idle_SE.anim
  artifactKey: Guid(7799b993e366ccb4292e5b91f01e865f) Importer(2089858483,192608db42251d675da83286b1cce702)
Start importing Assets/Art/MINIFANTASY Creatures - Super Low Res 2D Pixel Art by Krishna Palacio/Animations/Monsters/Zombie/Zombie_Idle_SE.anim using Guid(7799b993e366ccb4292e5b91f01e865f) Importer(2089858483,192608db42251d675da83286b1cce702) (ScriptedImporter) -> (artifact id: '31b5159d555a929f8fa1c6f0b234130c') in 0.0069526 seconds
Number of updated asset objects reloaded before import = 0Number of asset objects unloaded after import = 1

========================================================================
Received Import Request.
  Time since last request: 0.000030 seconds.
  path: Assets/Editor/com.IvanMurzak/AI Game Dev Installer/Tests/Files/scopedregistries_gone.json
  artifactKey: Guid(0dc4a1c3c2fa1b141b5f60b9f16fd725) Importer(2089858483,192608db42251d675da83286b1cce702)
Start importing Assets/Editor/com.IvanMurzak/AI Game Dev Installer/Tests/Files/scopedregistries_gone.json using Guid(0dc4a1c3c2fa1b141b5f60b9f16fd725) Importer(2089858483,192608db42251d675da83286b1cce702) (ScriptedImporter) -> (artifact id: 'fc4d60d2ac6cf7b5e21eafcd7c2fd55d') in 0.0065385 seconds
Number of updated asset objects reloaded before import = 0Number of asset objects unloaded after import = 1

========================================================================
Received Import Request.
  Time since last request: 0.000018 seconds.
  path: Assets/Art/MINIFANTASY Creatures - Super Low Res 2D Pixel Art by Krishna Palacio/Animations/Monsters/Skeleton/Skeleton_IdleActivation_FromIdle.anim
  artifactKey: Guid(2cff5e98be9e8a4489ce0a6ad66c71e6) Importer(2089858483,192608db42251d675da83286b1cce702)
Start importing Assets/Art/MINIFANTASY Creatures - Super Low Res 2D Pixel Art by Krishna Palacio/Animations/Monsters/Skeleton/Skeleton_IdleActivation_FromIdle.anim using Guid(2cff5e98be9e8a4489ce0a6ad66c71e6) Importer(2089858483,192608db42251d675da83286b1cce702) (ScriptedImporter) -> (artifact id: 'c7f475ac4b64c18bcc62156b276701dc') in 0.0114311 seconds
Number of updated asset objects reloaded before import = 0Number of asset objects unloaded after import = 1

========================================================================
Received Import Request.
  Time since last request: 0.000016 seconds.
  path: Assets/Art/MINIFANTASY Creatures - Super Low Res 2D Pixel Art by Krishna Palacio/Sprites/Monsters/Wildfire/Minifantasy_CreaturesWildfireAnimations.png
  artifactKey: Guid(a975180f06245fd40b424fc64496c3ea) Importer(2089858483,192608db42251d675da83286b1cce702)
Start importing Assets/Art/MINIFANTASY Creatures - Super Low Res 2D Pixel Art by Krishna Palacio/Sprites/Monsters/Wildfire/Minifantasy_CreaturesWildfireAnimations.png using Guid(a975180f06245fd40b424fc64496c3ea) Importer(2089858483,192608db42251d675da83286b1cce702) (ScriptedImporter) -> (artifact id: '1fdd9566a1ab18fc6ebf071a1b2c1a39') in 0.0156756 seconds
Number of updated asset objects reloaded before import = 0Number of asset objects unloaded after import = 3

========================================================================
Received Import Request.
  Time since last request: 0.000017 seconds.
  path: Assets/Art/MINIFANTASY Creatures - Super Low Res 2D Pixel Art by Krishna Palacio/Sprites/Beasts/Bat/Bat_Attack.png
  artifactKey: Guid(6697b0baec597a04dbc552534fecefe1) Importer(2089858483,192608db42251d675da83286b1cce702)
Start importing Assets/Art/MINIFANTASY Creatures - Super Low Res 2D Pixel Art by Krishna Palacio/Sprites/Beasts/Bat/Bat_Attack.png using Guid(6697b0baec597a04dbc552534fecefe1) Importer(2089858483,192608db42251d675da83286b1cce702) (ScriptedImporter) -> (artifact id: '60672672bbfdd99ab05d406aec877d93') in 0.0418287 seconds
Number of updated asset objects reloaded before import = 0Number of asset objects unloaded after import = 18

========================================================================
Received Import Request.
  Time since last request: 0.000018 seconds.
  path: Assets/Art/MINIFANTASY Creatures - Super Low Res 2D Pixel Art by Krishna Palacio/Sprites/Big_Guys/Wargo/Minifantasy_CreaturesWargoJump.png
  artifactKey: Guid(af3b9ebf3e45a1e49b0ec0301f237523) Importer(2089858483,192608db42251d675da83286b1cce702)
Start importing Assets/Art/MINIFANTASY Creatures - Super Low Res 2D Pixel Art by Krishna Palacio/Sprites/Big_Guys/Wargo/Minifantasy_CreaturesWargoJump.png using Guid(af3b9ebf3e45a1e49b0ec0301f237523) Importer(2089858483,192608db42251d675da83286b1cce702) (ScriptedImporter) -> (artifact id: '1ab434e1245a30e2497737776c7c6262') in 0.0472398 seconds
Number of updated asset objects reloaded before import = 0Number of asset objects unloaded after import = 18

========================================================================
Received Import Request.
  Time since last request: 0.000022 seconds.
  path: Assets/Art/MINIFANTASY Creatures - Super Low Res 2D Pixel Art by Krishna Palacio/Sprites/Beasts/Bat/Bat_FlyIdle.png
  artifactKey: Guid(aaebaf8186ac14545ae502d361b5f831) Importer(2089858483,192608db42251d675da83286b1cce702)
Start importing Assets/Art/MINIFANTASY Creatures - Super Low Res 2D Pixel Art by Krishna Palacio/Sprites/Beasts/Bat/Bat_FlyIdle.png using Guid(aaebaf8186ac14545ae502d361b5f831) Importer(2089858483,192608db42251d675da83286b1cce702) (ScriptedImporter) -> (artifact id: '341d54621047f16feb05ab4ea9f6e6d8') in 0.0311994 seconds
Number of updated asset objects reloaded before import = 0Number of asset objects unloaded after import = 11

========================================================================
Received Import Request.
  Time since last request: 0.000029 seconds.
  path: Assets/Art/MINIFANTASY Creatures - Super Low Res 2D Pixel Art by Krishna Palacio/Animations/Monsters/Skeleton/Skeleton_Attack_SW.anim
  artifactKey: Guid(748d3c2a61fbdec4fadb7e266fc635af) Importer(2089858483,192608db42251d675da83286b1cce702)
Start importing Assets/Art/MINIFANTASY Creatures - Super Low Res 2D Pixel Art by Krishna Palacio/Animations/Monsters/Skeleton/Skeleton_Attack_SW.anim using Guid(748d3c2a61fbdec4fadb7e266fc635af) Importer(2089858483,192608db42251d675da83286b1cce702) (ScriptedImporter) -> (artifact id: 'f89a0deb80bd784ce8616638bfcf6b3f') in 0.0068064 seconds
Number of updated asset objects reloaded before import = 0Number of asset objects unloaded after import = 1

========================================================================
Received Import Request.
  Time since last request: 0.000019 seconds.
  path: Assets/Art/MINIFANTASY Creatures - Super Low Res 2D Pixel Art by Krishna Palacio/Animations/Monsters/Skeleton/Skeleton_Dmg_SE.anim
  artifactKey: Guid(71559facff4c5dc4eaf1c32219357b63) Importer(2089858483,192608db42251d675da83286b1cce702)
Start importing Assets/Art/MINIFANTASY Creatures - Super Low Res 2D Pixel Art by Krishna Palacio/Animations/Monsters/Skeleton/Skeleton_Dmg_SE.anim using Guid(71559facff4c5dc4eaf1c32219357b63) Importer(2089858483,192608db42251d675da83286b1cce702) (ScriptedImporter) -> (artifact id: 'f24329700d036815b4d84a2b41b3c9d3') in 0.007221 seconds
Number of updated asset objects reloaded before import = 0Number of asset objects unloaded after import = 1

========================================================================
Received Import Request.
  Time since last request: 0.000016 seconds.
  path: Assets/Art/MINIFANTASY Creatures - Super Low Res 2D Pixel Art by Krishna Palacio/Sprites/Humanoids/Goblin/Minifantasy_CreaturesGoblinWalk.png
  artifactKey: Guid(9927284a6829a5b43ab73c5f568d6125) Importer(2089858483,192608db42251d675da83286b1cce702)
Start importing Assets/Art/MINIFANTASY Creatures - Super Low Res 2D Pixel Art by Krishna Palacio/Sprites/Humanoids/Goblin/Minifantasy_CreaturesGoblinWalk.png using Guid(9927284a6829a5b43ab73c5f568d6125) Importer(2089858483,192608db42251d675da83286b1cce702) (ScriptedImporter) -> (artifact id: '645412b5042615525afcd517182f9a87') in 0.0549283 seconds
Number of updated asset objects reloaded before import = 0Number of asset objects unloaded after import = 18

========================================================================
Received Import Request.
  Time since last request: 0.000019 seconds.
  path: Assets/Minifantasy_NPCs_Assets/Generic_NPCs/Die/Body/Blouses/Minifantasy_NPCsDie_Blouse_brownleather.png
  artifactKey: Guid(de30168447bba3642b78b635a7972e73) Importer(2089858483,192608db42251d675da83286b1cce702)
Start importing Assets/Minifantasy_NPCs_Assets/Generic_NPCs/Die/Body/Blouses/Minifantasy_NPCsDie_Blouse_brownleather.png using Guid(de30168447bba3642b78b635a7972e73) Importer(2089858483,192608db42251d675da83286b1cce702) (ScriptedImporter) -> (artifact id: '99fae42153147e977ecb863a68d15c5e') in 0.0178131 seconds
Number of updated asset objects reloaded before import = 0Number of asset objects unloaded after import = 3

========================================================================
Received Import Request.
  Time since last request: 0.000021 seconds.
  path: Assets/Art/MINIFANTASY Creatures - Super Low Res 2D Pixel Art by Krishna Palacio/Animations/Monsters/Pumpkin_Horror/PumpkinHorror_BaseWalk_NE.anim
  artifactKey: Guid(146f725349b1d7b47b3d8e47b936fb4e) Importer(2089858483,192608db42251d675da83286b1cce702)
Start importing Assets/Art/MINIFANTASY Creatures - Super Low Res 2D Pixel Art by Krishna Palacio/Animations/Monsters/Pumpkin_Horror/PumpkinHorror_BaseWalk_NE.anim using Guid(146f725349b1d7b47b3d8e47b936fb4e) Importer(2089858483,192608db42251d675da83286b1cce702) (ScriptedImporter) -> (artifact id: '2bf27184ab4c1a88593449b1905219dd') in 0.0072459 seconds
Number of updated asset objects reloaded before import = 0Number of asset objects unloaded after import = 1

========================================================================
Received Import Request.
  Time since last request: 0.000026 seconds.
  path: Assets/Art/MINIFANTASY Creatures - Super Low Res 2D Pixel Art by Krishna Palacio/Sprites/Big_Guys/Minotaur/Minifantasy_CreaturesMinotaurAttack.png
  artifactKey: Guid(07a61d8a8b457aa47813c51a333516b8) Importer(2089858483,192608db42251d675da83286b1cce702)
Start importing Assets/Art/MINIFANTASY Creatures - Super Low Res 2D Pixel Art by Krishna Palacio/Sprites/Big_Guys/Minotaur/Minifantasy_CreaturesMinotaurAttack.png using Guid(07a61d8a8b457aa47813c51a333516b8) Importer(2089858483,192608db42251d675da83286b1cce702) (ScriptedImporter) -> (artifact id: '10098f4a5092b677107bf8cc01838f94') in 0.0822219 seconds
Number of updated asset objects reloaded before import = 0Number of asset objects unloaded after import = 34

========================================================================
Received Import Request.
  Time since last request: 0.000018 seconds.
  path: Assets/Art/MINIFANTASY Creatures - Super Low Res 2D Pixel Art by Krishna Palacio/Sprites/Beasts/Wolf/Wolf_Jump.png
  artifactKey: Guid(cf0e83d4b4d945442999665db3ab0d8e) Importer(2089858483,192608db42251d675da83286b1cce702)
Start importing Assets/Art/MINIFANTASY Creatures - Super Low Res 2D Pixel Art by Krishna Palacio/Sprites/Beasts/Wolf/Wolf_Jump.png using Guid(cf0e83d4b4d945442999665db3ab0d8e) Importer(2089858483,192608db42251d675da83286b1cce702) (ScriptedImporter) -> (artifact id: 'fa29a91ab025a338342a718cf1d7bf60') in 0.0607459 seconds
Number of updated asset objects reloaded before import = 0Number of asset objects unloaded after import = 18

========================================================================
Received Import Request.
  Time since last request: 0.000021 seconds.
  path: Assets/Minifantasy_NPCs_Assets/Generic_NPCs/Die/Body/Blouses/Minifantasy_NPCsDie_Blouse_green.png
  artifactKey: Guid(f435d943abf3cbf4fb08561122030023) Importer(2089858483,192608db42251d675da83286b1cce702)
Start importing Assets/Minifantasy_NPCs_Assets/Generic_NPCs/Die/Body/Blouses/Minifantasy_NPCsDie_Blouse_green.png using Guid(f435d943abf3cbf4fb08561122030023) Importer(2089858483,192608db42251d675da83286b1cce702) (ScriptedImporter) -> (artifact id: '414fed209122763fb2d6dda23a16f80b') in 0.0160963 seconds
Number of updated asset objects reloaded before import = 0Number of asset objects unloaded after import = 3

========================================================================
Received Import Request.
  Time since last request: 0.000028 seconds.
  path: Assets/Art/MINIFANTASY Creatures - Super Low Res 2D Pixel Art by Krishna Palacio/Sprites/Monsters/Pumpkin_Horror/PumpkinHorror_BaseAttack.png
  artifactKey: Guid(0589492e84e99f146bf489a3cd4cca9f) Importer(2089858483,192608db42251d675da83286b1cce702)
Start importing Assets/Art/MINIFANTASY Creatures - Super Low Res 2D Pixel Art by Krishna Palacio/Sprites/Monsters/Pumpkin_Horror/PumpkinHorror_BaseAttack.png using Guid(0589492e84e99f146bf489a3cd4cca9f) Importer(2089858483,192608db42251d675da83286b1cce702) (ScriptedImporter) -> (artifact id: 'b1d787747fc9294cdd5886cf900990be') in 0.0526881 seconds
Number of updated asset objects reloaded before import = 0Number of asset objects unloaded after import = 22

========================================================================
Received Import Request.
  Time since last request: 0.000017 seconds.
  path: Assets/Art/MINIFANTASY Creatures - Super Low Res 2D Pixel Art by Krishna Palacio/Sprites/Big_Guys/Yeti/Minifantasy_CreaturesYetiIdle.png
  artifactKey: Guid(269e5e919309291468de6e9ff2d08642) Importer(2089858483,192608db42251d675da83286b1cce702)
Start importing Assets/Art/MINIFANTASY Creatures - Super Low Res 2D Pixel Art by Krishna Palacio/Sprites/Big_Guys/Yeti/Minifantasy_CreaturesYetiIdle.png using Guid(269e5e919309291468de6e9ff2d08642) Importer(2089858483,192608db42251d675da83286b1cce702) (ScriptedImporter) -> (artifact id: '445572f6eaa88962118c5ece677f70a8') in 0.1686603 seconds
Number of updated asset objects reloaded before import = 0Number of asset objects unloaded after import = 67

========================================================================
Received Import Request.
  Time since last request: 0.000025 seconds.
  path: Assets/Art/MINIFANTASY Creatures - Super Low Res 2D Pixel Art by Krishna Palacio/Sprites/Beasts/Bat/Bat_Dmg.png
  artifactKey: Guid(62d7ed8b9c2a2c24eaee4ad49ff5e725) Importer(2089858483,192608db42251d675da83286b1cce702)
Start importing Assets/Art/MINIFANTASY Creatures - Super Low Res 2D Pixel Art by Krishna Palacio/Sprites/Beasts/Bat/Bat_Dmg.png using Guid(62d7ed8b9c2a2c24eaee4ad49ff5e725) Importer(2089858483,192608db42251d675da83286b1cce702) (ScriptedImporter) -> (artifact id: 'e48a94ba166ac3c9f1eaa7a18632535b') in 0.0766687 seconds
Number of updated asset objects reloaded before import = 0Number of asset objects unloaded after import = 18

========================================================================
Received Import Request.
  Time since last request: 0.000029 seconds.
  path: Assets/Art/MINIFANTASY Creatures - Super Low Res 2D Pixel Art by Krishna Palacio/Animations/Monsters/Skeleton/Skeleton_Attack_SE.anim
  artifactKey: Guid(3e151cbffbaa8aa40902859b4eb9bd00) Importer(2089858483,192608db42251d675da83286b1cce702)
Start importing Assets/Art/MINIFANTASY Creatures - Super Low Res 2D Pixel Art by Krishna Palacio/Animations/Monsters/Skeleton/Skeleton_Attack_SE.anim using Guid(3e151cbffbaa8aa40902859b4eb9bd00) Importer(2089858483,192608db42251d675da83286b1cce702) (ScriptedImporter) -> (artifact id: 'f1bbe0fb2e246b5c65a99e99b880d97b') in 0.0094472 seconds
Number of updated asset objects reloaded before import = 0Number of asset objects unloaded after import = 1

========================================================================
Received Import Request.
  Time since last request: 0.000020 seconds.
  path: Assets/Minifantasy_NPCs_Assets/Generic_NPCs/Die/Body/Blouses/Minifantasy_NPCsDie_Blouse_white.png
  artifactKey: Guid(f344db8e3da8371488aed3b7299dba4b) Importer(2089858483,192608db42251d675da83286b1cce702)
Start importing Assets/Minifantasy_NPCs_Assets/Generic_NPCs/Die/Body/Blouses/Minifantasy_NPCsDie_Blouse_white.png using Guid(f344db8e3da8371488aed3b7299dba4b) Importer(2089858483,192608db42251d675da83286b1cce702) (ScriptedImporter) -> (artifact id: 'd26116b2608cb24751559280c06bcdf1') in 0.0168931 seconds
Number of updated asset objects reloaded before import = 0Number of asset objects unloaded after import = 3

========================================================================
Received Import Request.
  Time since last request: 0.000019 seconds.
  path: Assets/Art/MINIFANTASY Creatures - Super Low Res 2D Pixel Art by Krishna Palacio/Sprites/Monsters/Skeleton/Skeleton_Walk.png
  artifactKey: Guid(7f82f9a8c71d41847960c5e2eba6d020) Importer(2089858483,192608db42251d675da83286b1cce702)
Start importing Assets/Art/MINIFANTASY Creatures - Super Low Res 2D Pixel Art by Krishna Palacio/Sprites/Monsters/Skeleton/Skeleton_Walk.png using Guid(7f82f9a8c71d41847960c5e2eba6d020) Importer(2089858483,192608db42251d675da83286b1cce702) (ScriptedImporter) -> (artifact id: '09c0d26db620bc3100bf6402cd5771cb') in 0.0368422 seconds
Number of updated asset objects reloaded before import = 0Number of asset objects unloaded after import = 10

========================================================================
Received Import Request.
  Time since last request: 0.000021 seconds.
  path: Assets/Art/MINIFANTASY Creatures - Super Low Res 2D Pixel Art by Krishna Palacio/Sprites/Monsters/Evil Snowman/EvilSnowman_Attack.png
  artifactKey: Guid(684b76da35e496149b2dace73ac0a8b6) Importer(2089858483,192608db42251d675da83286b1cce702)
Start importing Assets/Art/MINIFANTASY Creatures - Super Low Res 2D Pixel Art by Krishna Palacio/Sprites/Monsters/Evil Snowman/EvilSnowman_Attack.png using Guid(684b76da35e496149b2dace73ac0a8b6) Importer(2089858483,192608db42251d675da83286b1cce702) (ScriptedImporter) -> (artifact id: '77780e2ca768e4093b8f8cf58a41065e') in 0.1786636 seconds
Number of updated asset objects reloaded before import = 0Number of asset objects unloaded after import = 50

========================================================================
Received Import Request.
  Time since last request: 0.000031 seconds.
  path: Assets/Art/MINIFANTASY Creatures - Super Low Res 2D Pixel Art by Krishna Palacio/Animations/Monsters/Wildfire/Wildfire_AnimatorController.controller
  artifactKey: Guid(d57ea37566438384986a64451f85ac08) Importer(2089858483,192608db42251d675da83286b1cce702)
Start importing Assets/Art/MINIFANTASY Creatures - Super Low Res 2D Pixel Art by Krishna Palacio/Animations/Monsters/Wildfire/Wildfire_AnimatorController.controller using Guid(d57ea37566438384986a64451f85ac08) Importer(2089858483,192608db42251d675da83286b1cce702) (ScriptedImporter) -> (artifact id: 'bb0189af4605249e4567f304ef077480') in 0.0151242 seconds
Number of updated asset objects reloaded before import = 0Number of asset objects unloaded after import = 19

========================================================================
Received Import Request.
  Time since last request: 0.000027 seconds.
  path: Assets/Minifantasy_NPCs_Assets/Generic_NPCs/Dmg/Body/Shirt/Minifantasy_NPCsDmg_Shirt_whiteleather.png
  artifactKey: Guid(63467d9b8762ddf468b029678b1145af) Importer(2089858483,192608db42251d675da83286b1cce702)
Start importing Assets/Minifantasy_NPCs_Assets/Generic_NPCs/Dmg/Body/Shirt/Minifantasy_NPCsDmg_Shirt_whiteleather.png using Guid(63467d9b8762ddf468b029678b1145af) Importer(2089858483,192608db42251d675da83286b1cce702) (ScriptedImporter) -> (artifact id: '2aeac79ca24c3e2cd9808c17a3e420a2') in 0.0174888 seconds
Number of updated asset objects reloaded before import = 0Number of asset objects unloaded after import = 3

========================================================================
Received Import Request.
  Time since last request: 0.000017 seconds.
  path: Assets/Minifantasy_NPCs_Assets/Generic_NPCs/Dmg/Body/Shirt/Minifantasy_NPCsDmg_Shirt_grey.png
  artifactKey: Guid(73c122a2308d522418cf40a7e6e6300b) Importer(2089858483,192608db42251d675da83286b1cce702)
Start importing Assets/Minifantasy_NPCs_Assets/Generic_NPCs/Dmg/Body/Shirt/Minifantasy_NPCsDmg_Shirt_grey.png using Guid(73c122a2308d522418cf40a7e6e6300b) Importer(2089858483,192608db42251d675da83286b1cce702) (ScriptedImporter) -> (artifact id: '0432b3c1a10b9c68d3ac857186012aa8') in 0.0265799 seconds
Number of updated asset objects reloaded before import = 0Number of asset objects unloaded after import = 3

========================================================================
Received Import Request.
  Time since last request: 0.000036 seconds.
  path: Assets/Minifantasy_NPCs_Assets/Generic_NPCs/Die/Body/Shoes/Minifantasy_NPCsDie_Shoes_purple.png
  artifactKey: Guid(e9307ac9ab47683409f73a144d19c9a9) Importer(2089858483,192608db42251d675da83286b1cce702)
Start importing Assets/Minifantasy_NPCs_Assets/Generic_NPCs/Die/Body/Shoes/Minifantasy_NPCsDie_Shoes_purple.png using Guid(e9307ac9ab47683409f73a144d19c9a9) Importer(2089858483,192608db42251d675da83286b1cce702) (ScriptedImporter) -> (artifact id: 'f92c3e078121835870f2cf83793924dc') in 0.0181357 seconds
Number of updated asset objects reloaded before import = 0Number of asset objects unloaded after import = 3

========================================================================
Received Import Request.
  Time since last request: 0.000017 seconds.
  path: Assets/Minifantasy_NPCs_Assets/Generic_NPCs/Dmg/Body/Doublets/Minifantasy_NPCsDmg_Doublet_yellow.png
  artifactKey: Guid(05cde008209f84e40bd0972b9a10698c) Importer(2089858483,192608db42251d675da83286b1cce702)
Start importing Assets/Minifantasy_NPCs_Assets/Generic_NPCs/Dmg/Body/Doublets/Minifantasy_NPCsDmg_Doublet_yellow.png using Guid(05cde008209f84e40bd0972b9a10698c) Importer(2089858483,192608db42251d675da83286b1cce702) (ScriptedImporter) -> (artifact id: 'd1eb1119206a618a8f6ce0ceda96217c') in 0.0197076 seconds
Number of updated asset objects reloaded before import = 0Number of asset objects unloaded after import = 3

========================================================================
Received Import Request.
  Time since last request: 0.000016 seconds.
  path: Assets/Minifantasy_NPCs_Assets/Generic_NPCs/Die/Body/Togas/Minifantasy_NPCsDie_Toga_red.png
  artifactKey: Guid(1e5211224561eba498c5e81ee30b842c) Importer(2089858483,192608db42251d675da83286b1cce702)
Start importing Assets/Minifantasy_NPCs_Assets/Generic_NPCs/Die/Body/Togas/Minifantasy_NPCsDie_Toga_red.png using Guid(1e5211224561eba498c5e81ee30b842c) Importer(2089858483,192608db42251d675da83286b1cce702) (ScriptedImporter) -> (artifact id: '59c156c665fd80974639cf0240285b3b') in 0.0171203 seconds
Number of updated asset objects reloaded before import = 0Number of asset objects unloaded after import = 3

========================================================================
Received Import Request.
  Time since last request: 0.000031 seconds.
  path: Assets/Minifantasy_NPCs_Assets/Generic_NPCs/Die/Body/Jacket/Minifantasy_NPCsDie_Jacket_magenta.png
  artifactKey: Guid(cc91c702151486f43880a2892e57119f) Importer(2089858483,192608db42251d675da83286b1cce702)
Start importing Assets/Minifantasy_NPCs_Assets/Generic_NPCs/Die/Body/Jacket/Minifantasy_NPCsDie_Jacket_magenta.png using Guid(cc91c702151486f43880a2892e57119f) Importer(2089858483,192608db42251d675da83286b1cce702) (ScriptedImporter) -> (artifact id: '891bc3eaa1b89117da6b7d28a6bc9533') in 0.0219436 seconds
Number of updated asset objects reloaded before import = 0Number of asset objects unloaded after import = 3

========================================================================
Received Import Request.
  Time since last request: 0.000025 seconds.
  path: Assets/Minifantasy_NPCs_Assets/Generic_NPCs/Dmg/Body/Togas/Minifantasy_NPCsDmg_Toga_red.png
  artifactKey: Guid(76ac7ddcff852a740bdf9cfa54d040da) Importer(2089858483,192608db42251d675da83286b1cce702)
Start importing Assets/Minifantasy_NPCs_Assets/Generic_NPCs/Dmg/Body/Togas/Minifantasy_NPCsDmg_Toga_red.png using Guid(76ac7ddcff852a740bdf9cfa54d040da) Importer(2089858483,192608db42251d675da83286b1cce702) (ScriptedImporter) -> (artifact id: '91a11356ad96bbca1cddd1d341b21313') in 0.0201231 seconds
Number of updated asset objects reloaded before import = 0Number of asset objects unloaded after import = 3

========================================================================
Received Import Request.
  Time since last request: 0.000021 seconds.
  path: Assets/Minifantasy_NPCs_Assets/Generic_NPCs/Dmg/Body/Doublets/Minifantasy_NPCsDmg_Doublet_purple.png
  artifactKey: Guid(2796b5be51c3582418cd3c7afb98e1db) Importer(2089858483,192608db42251d675da83286b1cce702)
Start importing Assets/Minifantasy_NPCs_Assets/Generic_NPCs/Dmg/Body/Doublets/Minifantasy_NPCsDmg_Doublet_purple.png using Guid(2796b5be51c3582418cd3c7afb98e1db) Importer(2089858483,192608db42251d675da83286b1cce702) (ScriptedImporter) -> (artifact id: '2bc0ba25aec0ad1687eada43de7e408f') in 0.0159642 seconds
Number of updated asset objects reloaded before import = 0Number of asset objects unloaded after import = 3

========================================================================
Received Import Request.
  Time since last request: 0.000018 seconds.
  path: Assets/Minifantasy_NPCs_Assets/Generic_NPCs/Dmg/Body/Trousers/Minifantasy_NPCsDmg_Trousers_blackleather.png
  artifactKey: Guid(7854afc3ab6437a459b52b00beeeed69) Importer(2089858483,192608db42251d675da83286b1cce702)
Start importing Assets/Minifantasy_NPCs_Assets/Generic_NPCs/Dmg/Body/Trousers/Minifantasy_NPCsDmg_Trousers_blackleather.png using Guid(7854afc3ab6437a459b52b00beeeed69) Importer(2089858483,192608db42251d675da83286b1cce702) (ScriptedImporter) -> (artifact id: 'fcafffc1911fd2f42cf9a1abf3af6b92') in 0.0192814 seconds
Number of updated asset objects reloaded before import = 0Number of asset objects unloaded after import = 3

========================================================================
Received Import Request.
  Time since last request: 0.000024 seconds.
  path: Assets/Minifantasy_NPCs_Assets/Generic_NPCs/Die/Body/Jacket/Minifantasy_NPCsDie_Jacket_red.png
  artifactKey: Guid(792f357d3ef93b645ba2c7745fba8d45) Importer(2089858483,192608db42251d675da83286b1cce702)
Start importing Assets/Minifantasy_NPCs_Assets/Generic_NPCs/Die/Body/Jacket/Minifantasy_NPCsDie_Jacket_red.png using Guid(792f357d3ef93b645ba2c7745fba8d45) Importer(2089858483,192608db42251d675da83286b1cce702) (ScriptedImporter) -> (artifact id: '83e6a0295532ae26320e203f29f127fe') in 0.0235711 seconds
Number of updated asset objects reloaded before import = 0Number of asset objects unloaded after import = 3

========================================================================
Received Import Request.
  Time since last request: 0.000027 seconds.
  path: Assets/Minifantasy_NPCs_Assets/Generic_NPCs/Die/Body/Jacket/Minifantasy_NPCsDie_Jacket_black.png
  artifactKey: Guid(8160c1d928c918b468f24dedcd43900f) Importer(2089858483,192608db42251d675da83286b1cce702)
Start importing Assets/Minifantasy_NPCs_Assets/Generic_NPCs/Die/Body/Jacket/Minifantasy_NPCsDie_Jacket_black.png using Guid(8160c1d928c918b468f24dedcd43900f) Importer(2089858483,192608db42251d675da83286b1cce702) (ScriptedImporter) -> (artifact id: '2fd3f97a4c3cb4deaa86e79d734fb21c') in 0.0201416 seconds
Number of updated asset objects reloaded before import = 0Number of asset objects unloaded after import = 3

========================================================================
Received Import Request.
  Time since last request: 0.000018 seconds.
  path: Assets/Minifantasy_NPCs_Assets/Generic_NPCs/Dmg/Body/Shoes/Minifantasy_NPCsDmg_Shoes_whiteleather.png
  artifactKey: Guid(b94451c23de53b5468e4cf57268890ca) Importer(2089858483,192608db42251d675da83286b1cce702)
Start importing Assets/Minifantasy_NPCs_Assets/Generic_NPCs/Dmg/Body/Shoes/Minifantasy_NPCsDmg_Shoes_whiteleather.png using Guid(b94451c23de53b5468e4cf57268890ca) Importer(2089858483,192608db42251d675da83286b1cce702) (ScriptedImporter) -> (artifact id: '6fe2ebc70a6c8dbaec68ee0c0d45dd2d') in 0.0177877 seconds
Number of updated asset objects reloaded before import = 0Number of asset objects unloaded after import = 3

========================================================================
Received Import Request.
  Time since last request: 0.000026 seconds.
  path: Assets/Minifantasy_NPCs_Assets/Generic_NPCs/Dmg/Body/Shoes/Minifantasy_NPCsDmg_Shoes_blue.png
  artifactKey: Guid(e2c2e810c7ee5bc45be4e936df76f435) Importer(2089858483,192608db42251d675da83286b1cce702)
Start importing Assets/Minifantasy_NPCs_Assets/Generic_NPCs/Dmg/Body/Shoes/Minifantasy_NPCsDmg_Shoes_blue.png using Guid(e2c2e810c7ee5bc45be4e936df76f435) Importer(2089858483,192608db42251d675da83286b1cce702) (ScriptedImporter) -> (artifact id: '2a0479821058b6ce1273883405257d1d') in 0.0194134 seconds
Number of updated asset objects reloaded before import = 0Number of asset objects unloaded after import = 3

========================================================================
Received Import Request.
  Time since last request: 0.000018 seconds.
  path: Assets/Minifantasy_NPCs_Assets/Generic_NPCs/Die/Body/Jacket/Minifantasy_NPCsDie_Jacket_grey.png
  artifactKey: Guid(6d879d28dc77e4742abd0c17b0f71d78) Importer(2089858483,192608db42251d675da83286b1cce702)
Start importing Assets/Minifantasy_NPCs_Assets/Generic_NPCs/Die/Body/Jacket/Minifantasy_NPCsDie_Jacket_grey.png using Guid(6d879d28dc77e4742abd0c17b0f71d78) Importer(2089858483,192608db42251d675da83286b1cce702) (ScriptedImporter) -> (artifact id: '1842a1807ed38fbd8d29227ee1d9196e') in 0.0208902 seconds
Number of updated asset objects reloaded before import = 0Number of asset objects unloaded after import = 3

========================================================================
Received Import Request.
  Time since last request: 0.000023 seconds.
  path: Assets/Minifantasy_NPCs_Assets/Generic_NPCs/Die/Body/Trousers/Minifantasy_NPCsDie_Trousers_orange.png
  artifactKey: Guid(6b2b1445e86a8d849b33012737de2d23) Importer(2089858483,192608db42251d675da83286b1cce702)
Start importing Assets/Minifantasy_NPCs_Assets/Generic_NPCs/Die/Body/Trousers/Minifantasy_NPCsDie_Trousers_orange.png using Guid(6b2b1445e86a8d849b33012737de2d23) Importer(2089858483,192608db42251d675da83286b1cce702) (ScriptedImporter) -> (artifact id: '8503bd8b30c1e2aaf431e330d55f880a') in 0.0207196 seconds
Number of updated asset objects reloaded before import = 0Number of asset objects unloaded after import = 3

========================================================================
Received Import Request.
  Time since last request: 0.000034 seconds.
  path: Assets/Minifantasy_NPCs_Assets/Generic_NPCs/Dmg/Body/ShoulderPads/Minifantasy_NPCsDmg_ShoulderPads_purple.png
  artifactKey: Guid(c909289c4f203d64ab60cd92768044d3) Importer(2089858483,192608db42251d675da83286b1cce702)
Start importing Assets/Minifantasy_NPCs_Assets/Generic_NPCs/Dmg/Body/ShoulderPads/Minifantasy_NPCsDmg_ShoulderPads_purple.png using Guid(c909289c4f203d64ab60cd92768044d3) Importer(2089858483,192608db42251d675da83286b1cce702) (ScriptedImporter) -> (artifact id: '7c91e4260bc769d9da8e11abdfea86a5') in 0.0440702 seconds
Number of updated asset objects reloaded before import = 0Number of asset objects unloaded after import = 3

========================================================================
Received Import Request.
  Time since last request: 0.000019 seconds.
  path: Assets/Minifantasy_NPCs_Assets/Generic_NPCs/Die/_Characters/Orc/Minifantasy_NPCsDie_Orc_darkgreenskin.png
  artifactKey: Guid(22f4ae52aa148a74f81309606530d054) Importer(2089858483,192608db42251d675da83286b1cce702)
Start importing Assets/Minifantasy_NPCs_Assets/Generic_NPCs/Die/_Characters/Orc/Minifantasy_NPCsDie_Orc_darkgreenskin.png using Guid(22f4ae52aa148a74f81309606530d054) Importer(2089858483,192608db42251d675da83286b1cce702) (ScriptedImporter) -> (artifact id: '20971fdabf6c46611450d224a567047d') in 0.0654306 seconds
Number of updated asset objects reloaded before import = 0Number of asset objects unloaded after import = 11

========================================================================
Received Import Request.
  Time since last request: 0.000020 seconds.
  path: Assets/Minifantasy_NPCs_Assets/Generic_NPCs/Die/Body/Shoes/Minifantasy_NPCsDie_Shoes_orange.png
  artifactKey: Guid(0a7660ad8d8763148aea3b5ac69e0da5) Importer(2089858483,192608db42251d675da83286b1cce702)
Start importing Assets/Minifantasy_NPCs_Assets/Generic_NPCs/Die/Body/Shoes/Minifantasy_NPCsDie_Shoes_orange.png using Guid(0a7660ad8d8763148aea3b5ac69e0da5) Importer(2089858483,192608db42251d675da83286b1cce702) (ScriptedImporter) -> (artifact id: '61e436c7070027510fe6fd8d9aa8f3ab') in 0.018148 seconds
Number of updated asset objects reloaded before import = 0Number of asset objects unloaded after import = 3

========================================================================
Received Import Request.
  Time since last request: 0.000019 seconds.
  path: Assets/Minifantasy_NPCs_Assets/Generic_NPCs/Die/Body/Jacket/Minifantasy_NPCsDie_Jacket_lime.png
  artifactKey: Guid(439958a58517d4344aa06e12c183cdcd) Importer(2089858483,192608db42251d675da83286b1cce702)
Start importing Assets/Minifantasy_NPCs_Assets/Generic_NPCs/Die/Body/Jacket/Minifantasy_NPCsDie_Jacket_lime.png using Guid(439958a58517d4344aa06e12c183cdcd) Importer(2089858483,192608db42251d675da83286b1cce702) (ScriptedImporter) -> (artifact id: 'ab1dde8c6b6909f834c08f16bd3fd568') in 0.0189119 seconds
Number of updated asset objects reloaded before import = 0Number of asset objects unloaded after import = 3

========================================================================
Received Import Request.
  Time since last request: 0.000030 seconds.
  path: Assets/Minifantasy_NPCs_Assets/Generic_NPCs/Dmg/Body/Togas/Minifantasy_NPCsDmg_Toga_magenta.png
  artifactKey: Guid(40f8814f3cc527f4db8e7eda057cb99e) Importer(2089858483,192608db42251d675da83286b1cce702)
Start importing Assets/Minifantasy_NPCs_Assets/Generic_NPCs/Dmg/Body/Togas/Minifantasy_NPCsDmg_Toga_magenta.png using Guid(40f8814f3cc527f4db8e7eda057cb99e) Importer(2089858483,192608db42251d675da83286b1cce702) (ScriptedImporter) -> (artifact id: 'dc45cb5e283fd0a0e5ecccf79c37bfce') in 0.0157174 seconds
Number of updated asset objects reloaded before import = 0Number of asset objects unloaded after import = 3

========================================================================
Received Import Request.
  Time since last request: 0.000020 seconds.
  path: Assets/Minifantasy_NPCs_Assets/Generic_NPCs/Dmg/Body/Gloves/Minifantasy_NPCsDmg_Gloves_black.png
  artifactKey: Guid(bab4ac13e021125479927d75951d524e) Importer(2089858483,192608db42251d675da83286b1cce702)
Start importing Assets/Minifantasy_NPCs_Assets/Generic_NPCs/Dmg/Body/Gloves/Minifantasy_NPCsDmg_Gloves_black.png using Guid(bab4ac13e021125479927d75951d524e) Importer(2089858483,192608db42251d675da83286b1cce702) (ScriptedImporter) -> (artifact id: 'bd9d1a53209126cdf47f0386d4332089') in 0.0229364 seconds
Number of updated asset objects reloaded before import = 0Number of asset objects unloaded after import = 3

========================================================================
Received Import Request.
  Time since last request: 0.000022 seconds.
  path: Assets/Minifantasy_NPCs_Assets/Generic_NPCs/Die/Body/Shoes/Minifantasy_NPCsDie_Shoes_magenta.png
  artifactKey: Guid(ef3fe3fbfad35774496b40e9ce5c1bce) Importer(2089858483,192608db42251d675da83286b1cce702)
Start importing Assets/Minifantasy_NPCs_Assets/Generic_NPCs/Die/Body/Shoes/Minifantasy_NPCsDie_Shoes_magenta.png using Guid(ef3fe3fbfad35774496b40e9ce5c1bce) Importer(2089858483,192608db42251d675da83286b1cce702) (ScriptedImporter) -> (artifact id: '1711f7fccf2fad3ca795fe823b65827e') in 0.0260134 seconds
Number of updated asset objects reloaded before import = 0Number of asset objects unloaded after import = 3

========================================================================
Received Import Request.
  Time since last request: 0.000020 seconds.
  path: Assets/Minifantasy_NPCs_Assets/Generic_NPCs/Dmg/Body/Blouses/Minifantasy_NPCsDmg_Blouse_purple.png
  artifactKey: Guid(bd342f2e6ea6d704199c7c1807be2f2e) Importer(2089858483,192608db42251d675da83286b1cce702)
Start importing Assets/Minifantasy_NPCs_Assets/Generic_NPCs/Dmg/Body/Blouses/Minifantasy_NPCsDmg_Blouse_purple.png using Guid(bd342f2e6ea6d704199c7c1807be2f2e) Importer(2089858483,192608db42251d675da83286b1cce702) (ScriptedImporter) -> (artifact id: 'c920d95921f5e8c88904a1e4e0c4d26f') in 0.0190953 seconds
Number of updated asset objects reloaded before import = 0Number of asset objects unloaded after import = 3

========================================================================
Received Import Request.
  Time since last request: 0.000020 seconds.
  path: Assets/Minifantasy_NPCs_Assets/Generic_NPCs/Dmg/Body/Gloves/Minifantasy_NPCsDmg_Gloves_purple.png
  artifactKey: Guid(d0f2c0321060b1d48aaf6c25c63d20be) Importer(2089858483,192608db42251d675da83286b1cce702)
Start importing Assets/Minifantasy_NPCs_Assets/Generic_NPCs/Dmg/Body/Gloves/Minifantasy_NPCsDmg_Gloves_purple.png using Guid(d0f2c0321060b1d48aaf6c25c63d20be) Importer(2089858483,192608db42251d675da83286b1cce702) (ScriptedImporter) -> (artifact id: '6d213cb675b286ec8708bcb70482d932') in 0.0435325 seconds
Number of updated asset objects reloaded before import = 0Number of asset objects unloaded after import = 3

========================================================================
Received Import Request.
  Time since last request: 0.000027 seconds.
  path: Assets/Minifantasy_NPCs_Assets/Generic_NPCs/Die/Body/Gloves/Minifantasy_NPCsDie_Gloves_blue.png
  artifactKey: Guid(7c7f0a30062571a418025bd6c0e06341) Importer(2089858483,192608db42251d675da83286b1cce702)
Start importing Assets/Minifantasy_NPCs_Assets/Generic_NPCs/Die/Body/Gloves/Minifantasy_NPCsDie_Gloves_blue.png using Guid(7c7f0a30062571a418025bd6c0e06341) Importer(2089858483,192608db42251d675da83286b1cce702) (ScriptedImporter) -> (artifact id: '519939f506cb5682891c30024ec1e711') in 0.0246204 seconds
Number of updated asset objects reloaded before import = 0Number of asset objects unloaded after import = 3

========================================================================
Received Import Request.
  Time since last request: 0.000014 seconds.
  path: Assets/Minifantasy_NPCs_Assets/Generic_NPCs/Die/Body/Togas/Minifantasy_NPCsDie_Toga_blackleather.png
  artifactKey: Guid(772aa6cd6dd30b74f9f5dbf5779d68ab) Importer(2089858483,192608db42251d675da83286b1cce702)
Start importing Assets/Minifantasy_NPCs_Assets/Generic_NPCs/Die/Body/Togas/Minifantasy_NPCsDie_Toga_blackleather.png using Guid(772aa6cd6dd30b74f9f5dbf5779d68ab) Importer(2089858483,192608db42251d675da83286b1cce702) (ScriptedImporter) -> (artifact id: '7ddd378a036f0bd8d934fa3b1bf7fab2') in 0.0189329 seconds
Number of updated asset objects reloaded before import = 0Number of asset objects unloaded after import = 3

========================================================================
Received Import Request.
  Time since last request: 0.000018 seconds.
  path: Assets/Minifantasy_NPCs_Assets/Generic_NPCs/Die/Body/ShoulderPads/Minifantasy_NPCsDie_ShoulderPads_green.png
  artifactKey: Guid(7be78584e878fe04f92bc47f311b2c75) Importer(2089858483,192608db42251d675da83286b1cce702)
Start importing Assets/Minifantasy_NPCs_Assets/Generic_NPCs/Die/Body/ShoulderPads/Minifantasy_NPCsDie_ShoulderPads_green.png using Guid(7be78584e878fe04f92bc47f311b2c75) Importer(2089858483,192608db42251d675da83286b1cce702) (ScriptedImporter) -> (artifact id: '8cfdde569cc515155dcd64860c34fea2') in 0.0252767 seconds
Number of updated asset objects reloaded before import = 0Number of asset objects unloaded after import = 3

========================================================================
Received Import Request.
  Time since last request: 0.000019 seconds.
  path: Assets/Minifantasy_NPCs_Assets/Generic_NPCs/Die/Body/Doublets/Minifantasy_NPCsDie_Doublet_yellow.png
  artifactKey: Guid(d7603694f84466f47809ff07ba56d4d5) Importer(2089858483,192608db42251d675da83286b1cce702)
Start importing Assets/Minifantasy_NPCs_Assets/Generic_NPCs/Die/Body/Doublets/Minifantasy_NPCsDie_Doublet_yellow.png using Guid(d7603694f84466f47809ff07ba56d4d5) Importer(2089858483,192608db42251d675da83286b1cce702) (ScriptedImporter) -> (artifact id: '60ca39305ce08044a0332af34d181cf6') in 0.0210112 seconds
Number of updated asset objects reloaded before import = 0Number of asset objects unloaded after import = 3

========================================================================
Received Import Request.
  Time since last request: 0.000035 seconds.
  path: Assets/Minifantasy_NPCs_Assets/Generic_NPCs/Die/Body/Jacket/Minifantasy_NPCsDie_Jacket_orange.png
  artifactKey: Guid(eb7aefcc53eb4484abbcddad9e740225) Importer(2089858483,192608db42251d675da83286b1cce702)
Start importing Assets/Minifantasy_NPCs_Assets/Generic_NPCs/Die/Body/Jacket/Minifantasy_NPCsDie_Jacket_orange.png using Guid(eb7aefcc53eb4484abbcddad9e740225) Importer(2089858483,192608db42251d675da83286b1cce702) (ScriptedImporter) -> (artifact id: '7a9240f13cf7e6b809bb6e98c4505159') in 0.0208773 seconds
Number of updated asset objects reloaded before import = 0Number of asset objects unloaded after import = 3

========================================================================
Received Import Request.
  Time since last request: 0.000025 seconds.
  path: Assets/Minifantasy_NPCs_Assets/Generic_NPCs/Die/Body/Jacket/Minifantasy_NPCsDie_Jacket_brownleather.png
  artifactKey: Guid(8228cd8ff90bb624185560e1fb8fa803) Importer(2089858483,192608db42251d675da83286b1cce702)
Start importing Assets/Minifantasy_NPCs_Assets/Generic_NPCs/Die/Body/Jacket/Minifantasy_NPCsDie_Jacket_brownleather.png using Guid(8228cd8ff90bb624185560e1fb8fa803) Importer(2089858483,192608db42251d675da83286b1cce702) (ScriptedImporter) -> (artifact id: '0f1be0e2bfd19fd884dce9e7b97bc127') in 0.0170186 seconds
Number of updated asset objects reloaded before import = 0Number of asset objects unloaded after import = 3

========================================================================
Received Import Request.
  Time since last request: 0.000017 seconds.
  path: Assets/Minifantasy_NPCs_Assets/Generic_NPCs/Die/_Characters/Orc/Minifantasy_NPCsDie_Orc_greenskin.png
  artifactKey: Guid(f41c37cf61c40364c96cff9475313a6e) Importer(2089858483,192608db42251d675da83286b1cce702)
Start importing Assets/Minifantasy_NPCs_Assets/Generic_NPCs/Die/_Characters/Orc/Minifantasy_NPCsDie_Orc_greenskin.png using Guid(f41c37cf61c40364c96cff9475313a6e) Importer(2089858483,192608db42251d675da83286b1cce702) (ScriptedImporter) -> (artifact id: 'b8e172353906c54abf5ede8f075b2349') in 0.0351038 seconds
Number of updated asset objects reloaded before import = 0Number of asset objects unloaded after import = 11

========================================================================
Received Import Request.
  Time since last request: 0.000022 seconds.
  path: Assets/Minifantasy_NPCs_Assets/Generic_NPCs/Dmg/Body/Doublets/Minifantasy_NPCsDmg_Doublet_blackleather.png
  artifactKey: Guid(6e7f15a4bb340ee469416bff88cb113f) Importer(2089858483,192608db42251d675da83286b1cce702)
Start importing Assets/Minifantasy_NPCs_Assets/Generic_NPCs/Dmg/Body/Doublets/Minifantasy_NPCsDmg_Doublet_blackleather.png using Guid(6e7f15a4bb340ee469416bff88cb113f) Importer(2089858483,192608db42251d675da83286b1cce702) (ScriptedImporter) -> (artifact id: 'a141016fcb59bea740dcf4a2d1cba1e2') in 0.0155065 seconds
Number of updated asset objects reloaded before import = 0Number of asset objects unloaded after import = 3

========================================================================
Received Import Request.
  Time since last request: 0.000019 seconds.
  path: Assets/Minifantasy_NPCs_Assets/Generic_NPCs/Die/Body/ShoulderPads/Minifantasy_NPCsDie_ShoulderPads_turquoise.png
  artifactKey: Guid(f418de4e999087c4d9190396709f0ac5) Importer(2089858483,192608db42251d675da83286b1cce702)
Start importing Assets/Minifantasy_NPCs_Assets/Generic_NPCs/Die/Body/ShoulderPads/Minifantasy_NPCsDie_ShoulderPads_turquoise.png using Guid(f418de4e999087c4d9190396709f0ac5) Importer(2089858483,192608db42251d675da83286b1cce702) (ScriptedImporter) -> (artifact id: '8194009cbd07303205948531dd9e7b7b') in 0.0193538 seconds
Number of updated asset objects reloaded before import = 0Number of asset objects unloaded after import = 3

========================================================================
Received Import Request.
  Time since last request: 0.000025 seconds.
  path: Assets/Minifantasy_NPCs_Assets/Generic_NPCs/Dmg/Body/Jacket/Minifantasy_NPCsDmg_Jacket_magenta.png
  artifactKey: Guid(7d89367e5aff8dd41a7572a5116eda07) Importer(2089858483,192608db42251d675da83286b1cce702)
Start importing Assets/Minifantasy_NPCs_Assets/Generic_NPCs/Dmg/Body/Jacket/Minifantasy_NPCsDmg_Jacket_magenta.png using Guid(7d89367e5aff8dd41a7572a5116eda07) Importer(2089858483,192608db42251d675da83286b1cce702) (ScriptedImporter) -> (artifact id: '8c7a89f3399722a7cb3972c47dddfede') in 0.0178078 seconds
Number of updated asset objects reloaded before import = 0Number of asset objects unloaded after import = 3

========================================================================
Received Import Request.
  Time since last request: 0.000034 seconds.
  path: Assets/Minifantasy_NPCs_Assets/Generic_NPCs/Die/Body/Trousers/Minifantasy_NPCsDie_Trousers_purple.png
  artifactKey: Guid(9e8a0552609945a44bd632fb56edbc40) Importer(2089858483,192608db42251d675da83286b1cce702)
Start importing Assets/Minifantasy_NPCs_Assets/Generic_NPCs/Die/Body/Trousers/Minifantasy_NPCsDie_Trousers_purple.png using Guid(9e8a0552609945a44bd632fb56edbc40) Importer(2089858483,192608db42251d675da83286b1cce702) (ScriptedImporter) -> (artifact id: 'b1078bbf19a1ef7eff1b7387bfaabb63') in 0.0160859 seconds
Number of updated asset objects reloaded before import = 0Number of asset objects unloaded after import = 3

========================================================================
Received Import Request.
  Time since last request: 0.000020 seconds.
  path: Assets/Minifantasy_NPCs_Assets/Generic_NPCs/Die/Body/ShoulderPads/Minifantasy_NPCsDie_ShoulderPads_red.png
  artifactKey: Guid(116e03cc6672cb14aa0bfa71b5d9d771) Importer(2089858483,192608db42251d675da83286b1cce702)
Start importing Assets/Minifantasy_NPCs_Assets/Generic_NPCs/Die/Body/ShoulderPads/Minifantasy_NPCsDie_ShoulderPads_red.png using Guid(116e03cc6672cb14aa0bfa71b5d9d771) Importer(2089858483,192608db42251d675da83286b1cce702) (ScriptedImporter) -> (artifact id: '2939c670b4f55daeeae036fcce72b000') in 0.0176335 seconds
Number of updated asset objects reloaded before import = 0Number of asset objects unloaded after import = 3

========================================================================
Received Import Request.
  Time since last request: 0.000017 seconds.
  path: Assets/Minifantasy_NPCs_Assets/Generic_NPCs/Die/Body/ShoulderPads/Minifantasy_NPCsDie_ShoulderPads_grey.png
  artifactKey: Guid(e39e7c6e738d19e44bd903b7f6bd7f2a) Importer(2089858483,192608db42251d675da83286b1cce702)
Start importing Assets/Minifantasy_NPCs_Assets/Generic_NPCs/Die/Body/ShoulderPads/Minifantasy_NPCsDie_ShoulderPads_grey.png using Guid(e39e7c6e738d19e44bd903b7f6bd7f2a) Importer(2089858483,192608db42251d675da83286b1cce702) (ScriptedImporter) -> (artifact id: 'c5088f957530717f5c66834d72f0f4a7') in 0.0243689 seconds
Number of updated asset objects reloaded before import = 0Number of asset objects unloaded after import = 3

========================================================================
Received Import Request.
  Time since last request: 0.000021 seconds.
  path: Assets/Minifantasy_NPCs_Assets/Generic_NPCs/Idle/Body/Jacket/Minifantasy_NPCsIdle_Jacket_yellow.png
  artifactKey: Guid(b8744cc8ef11ae941af618d90ddd81fe) Importer(2089858483,192608db42251d675da83286b1cce702)
Start importing Assets/Minifantasy_NPCs_Assets/Generic_NPCs/Idle/Body/Jacket/Minifantasy_NPCsIdle_Jacket_yellow.png using Guid(b8744cc8ef11ae941af618d90ddd81fe) Importer(2089858483,192608db42251d675da83286b1cce702) (ScriptedImporter) -> (artifact id: '199e9f19bd742c6dc0052c9b3a6aa1fb') in 0.0187722 seconds
Number of updated asset objects reloaded before import = 0Number of asset objects unloaded after import = 3

========================================================================
Received Import Request.
  Time since last request: 0.000022 seconds.
  path: Assets/Minifantasy_NPCs_Assets/Generic_NPCs/Dmg/_Characters/Human/Minifantasy_NPCsDmg_Human_paleskin.png
  artifactKey: Guid(ffd1df76556ff184a907bafc6dd84293) Importer(2089858483,192608db42251d675da83286b1cce702)
Start importing Assets/Minifantasy_NPCs_Assets/Generic_NPCs/Dmg/_Characters/Human/Minifantasy_NPCsDmg_Human_paleskin.png using Guid(ffd1df76556ff184a907bafc6dd84293) Importer(2089858483,192608db42251d675da83286b1cce702) (ScriptedImporter) -> (artifact id: '0f53be27eba4cb290094d14ab9c44078') in 0.0615052 seconds
Number of updated asset objects reloaded before import = 0Number of asset objects unloaded after import = 18

========================================================================
Received Import Request.
  Time since last request: 0.000070 seconds.
  path: Assets/Minifantasy_NPCs_Assets/Generic_NPCs/Idle/Body/Blouses/Minifantasy_NPCsIdle_Blouse_turquoise.png
  artifactKey: Guid(a27d0dddaecf8c54a94f63a2fdaf0d24) Importer(2089858483,192608db42251d675da83286b1cce702)
Start importing Assets/Minifantasy_NPCs_Assets/Generic_NPCs/Idle/Body/Blouses/Minifantasy_NPCsIdle_Blouse_turquoise.png using Guid(a27d0dddaecf8c54a94f63a2fdaf0d24) Importer(2089858483,192608db42251d675da83286b1cce702) (ScriptedImporter) -> (artifact id: '34666b5049ddaae42e97dec48ef96b16') in 0.0248599 seconds
Number of updated asset objects reloaded before import = 0Number of asset objects unloaded after import = 3

========================================================================
Received Import Request.
  Time since last request: 0.000020 seconds.
  path: Assets/Minifantasy_NPCs_Assets/Generic_NPCs/Idle/Body/Blouses/Minifantasy_NPCsIdle_Blouse_purple.png
  artifactKey: Guid(cb43bca664fc1e04f812551edf9b9891) Importer(2089858483,192608db42251d675da83286b1cce702)
Start importing Assets/Minifantasy_NPCs_Assets/Generic_NPCs/Idle/Body/Blouses/Minifantasy_NPCsIdle_Blouse_purple.png using Guid(cb43bca664fc1e04f812551edf9b9891) Importer(2089858483,192608db42251d675da83286b1cce702) (ScriptedImporter) -> (artifact id: '9d0be672a5606caa8b633b5667d32a6c') in 0.0234044 seconds
Number of updated asset objects reloaded before import = 0Number of asset objects unloaded after import = 3

========================================================================
Received Import Request.
  Time since last request: 0.000018 seconds.
  path: Assets/Minifantasy_NPCs_Assets/Generic_NPCs/Dmg/_Characters/Human/Minifantasy_NPCsDmg_Human_blackskin.png
  artifactKey: Guid(383607f7d73f6114782a5cbd85878f03) Importer(2089858483,192608db42251d675da83286b1cce702)
Start importing Assets/Minifantasy_NPCs_Assets/Generic_NPCs/Dmg/_Characters/Human/Minifantasy_NPCsDmg_Human_blackskin.png using Guid(383607f7d73f6114782a5cbd85878f03) Importer(2089858483,192608db42251d675da83286b1cce702) (ScriptedImporter) -> (artifact id: 'f8edce7b58a48d63358716fbe7eff5aa') in 0.0561515 seconds
Number of updated asset objects reloaded before import = 0Number of asset objects unloaded after import = 18

========================================================================
Received Import Request.
  Time since last request: 0.000018 seconds.
  path: Assets/Minifantasy_NPCs_Assets/Generic_NPCs/Idle/Body/Doublets/Minifantasy_NPCsIdle_Doublet_turquoise.png
  artifactKey: Guid(b1efe50d95e7bf947816d72d801b1447) Importer(2089858483,192608db42251d675da83286b1cce702)
Start importing Assets/Minifantasy_NPCs_Assets/Generic_NPCs/Idle/Body/Doublets/Minifantasy_NPCsIdle_Doublet_turquoise.png using Guid(b1efe50d95e7bf947816d72d801b1447) Importer(2089858483,192608db42251d675da83286b1cce702) (ScriptedImporter) -> (artifact id: '87862541a82605c9eba9c783baf91457') in 0.0169955 seconds
Number of updated asset objects reloaded before import = 0Number of asset objects unloaded after import = 3

========================================================================
Received Import Request.
  Time since last request: 0.000035 seconds.
  path: Assets/Minifantasy_NPCs_Assets/Generic_NPCs/Idle/Body/Gloves/Minifantasy_NPCsIdle_Gloves_brownleather.png
  artifactKey: Guid(fecd2cc4846fb6543a93a44c4d7c9536) Importer(2089858483,192608db42251d675da83286b1cce702)
Start importing Assets/Minifantasy_NPCs_Assets/Generic_NPCs/Idle/Body/Gloves/Minifantasy_NPCsIdle_Gloves_brownleather.png using Guid(fecd2cc4846fb6543a93a44c4d7c9536) Importer(2089858483,192608db42251d675da83286b1cce702) (ScriptedImporter) -> (artifact id: '98349487292e1dae1232099080359185') in 0.0220938 seconds
Number of updated asset objects reloaded before import = 0Number of asset objects unloaded after import = 3

========================================================================
Received Import Request.
  Time since last request: 0.000017 seconds.
  path: Assets/Minifantasy_NPCs_Assets/Generic_NPCs/Dmg/Body/Trousers/Minifantasy_NPCsDmg_Trousers_orange.png
  artifactKey: Guid(0bc21c89c1fc36b45a7e653bad75a8ef) Importer(2089858483,192608db42251d675da83286b1cce702)
Start importing Assets/Minifantasy_NPCs_Assets/Generic_NPCs/Dmg/Body/Trousers/Minifantasy_NPCsDmg_Trousers_orange.png using Guid(0bc21c89c1fc36b45a7e653bad75a8ef) Importer(2089858483,192608db42251d675da83286b1cce702) (ScriptedImporter) -> (artifact id: '648164b94ef39901a40e6cfb68ad4561') in 0.0158272 seconds
Number of updated asset objects reloaded before import = 0Number of asset objects unloaded after import = 3

========================================================================
Received Import Request.
  Time since last request: 0.000016 seconds.
  path: Assets/Minifantasy_NPCs_Assets/Generic_NPCs/Idle/Body/Togas/Minifantasy_NPCsIdle_Toga_green.png
  artifactKey: Guid(7d3bb393ee65fc44a8311830669e8545) Importer(2089858483,192608db42251d675da83286b1cce702)
Start importing Assets/Minifantasy_NPCs_Assets/Generic_NPCs/Idle/Body/Togas/Minifantasy_NPCsIdle_Toga_green.png using Guid(7d3bb393ee65fc44a8311830669e8545) Importer(2089858483,192608db42251d675da83286b1cce702) (ScriptedImporter) -> (artifact id: '58b3d76e17427e2c170d1dd97dfeef03') in 0.0155358 seconds
Number of updated asset objects reloaded before import = 0Number of asset objects unloaded after import = 3

========================================================================
Received Import Request.
  Time since last request: 0.000015 seconds.
  path: Assets/Minifantasy_NPCs_Assets/Generic_NPCs/Idle/Body/Shoes/Minifantasy_NPCsIdle_Shoes_white.png
  artifactKey: Guid(7e37f5a997628f24c8a02e859fd05ad6) Importer(2089858483,192608db42251d675da83286b1cce702)
Start importing Assets/Minifantasy_NPCs_Assets/Generic_NPCs/Idle/Body/Shoes/Minifantasy_NPCsIdle_Shoes_white.png using Guid(7e37f5a997628f24c8a02e859fd05ad6) Importer(2089858483,192608db42251d675da83286b1cce702) (ScriptedImporter) -> (artifact id: 'd8c13ddcbeb806e18cfdd91b4f7588b4') in 0.0236828 seconds
Number of updated asset objects reloaded before import = 0Number of asset objects unloaded after import = 3

========================================================================
Received Import Request.
  Time since last request: 0.000018 seconds.
  path: Assets/Minifantasy_NPCs_Assets/Generic_NPCs/Die/Body/Togas/Minifantasy_NPCsDie_Toga_magenta.png
  artifactKey: Guid(125fe9d233f31e14aba90d74bf6c269f) Importer(2089858483,192608db42251d675da83286b1cce702)
Start importing Assets/Minifantasy_NPCs_Assets/Generic_NPCs/Die/Body/Togas/Minifantasy_NPCsDie_Toga_magenta.png using Guid(125fe9d233f31e14aba90d74bf6c269f) Importer(2089858483,192608db42251d675da83286b1cce702) (ScriptedImporter) -> (artifact id: '13fc5aaddc96788018c11ed1956c4f49') in 0.0160088 seconds
Number of updated asset objects reloaded before import = 0Number of asset objects unloaded after import = 3

========================================================================
Received Import Request.
  Time since last request: 0.000029 seconds.
  path: Assets/Minifantasy_NPCs_Assets/Generic_NPCs/Idle/Body/Blouses/Minifantasy_NPCsIdle_Blouse_grey.png
  artifactKey: Guid(403d715baaf40214e9708f676d7b2dd0) Importer(2089858483,192608db42251d675da83286b1cce702)
Start importing Assets/Minifantasy_NPCs_Assets/Generic_NPCs/Idle/Body/Blouses/Minifantasy_NPCsIdle_Blouse_grey.png using Guid(403d715baaf40214e9708f676d7b2dd0) Importer(2089858483,192608db42251d675da83286b1cce702) (ScriptedImporter) -> (artifact id: '4dc7659670d3ce373c6d90793bab155b') in 0.0161032 seconds
Number of updated asset objects reloaded before import = 0Number of asset objects unloaded after import = 3

========================================================================
Received Import Request.
  Time since last request: 0.000018 seconds.
  path: Assets/Minifantasy_NPCs_Assets/Generic_NPCs/Idle/Body/Gloves/Minifantasy_NPCsIdle_Gloves_purple.png
  artifactKey: Guid(90d64700d5f344a4d9e8a7ded8eec465) Importer(2089858483,192608db42251d675da83286b1cce702)
Start importing Assets/Minifantasy_NPCs_Assets/Generic_NPCs/Idle/Body/Gloves/Minifantasy_NPCsIdle_Gloves_purple.png using Guid(90d64700d5f344a4d9e8a7ded8eec465) Importer(2089858483,192608db42251d675da83286b1cce702) (ScriptedImporter) -> (artifact id: '8d20576af203525c33a6581a9f01be46') in 0.0226844 seconds
Number of updated asset objects reloaded before import = 0Number of asset objects unloaded after import = 3

========================================================================
Received Import Request.
  Time since last request: 0.000018 seconds.
  path: Assets/Art/MINIFANTASY Creatures - Super Low Res 2D Pixel Art by Krishna Palacio/Sprites/Monsters/Pumpkin_Horror/PumpkinHorror_BaseWalk.png
  artifactKey: Guid(00b710e254edb6840b5cab10af77cca4) Importer(2089858483,192608db42251d675da83286b1cce702)
Start importing Assets/Art/MINIFANTASY Creatures - Super Low Res 2D Pixel Art by Krishna Palacio/Sprites/Monsters/Pumpkin_Horror/PumpkinHorror_BaseWalk.png using Guid(00b710e254edb6840b5cab10af77cca4) Importer(2089858483,192608db42251d675da83286b1cce702) (ScriptedImporter) -> (artifact id: '2efda8fddb30bd920d4699eda978be34') in 0.0331778 seconds
Number of updated asset objects reloaded before import = 0Number of asset objects unloaded after import = 10

========================================================================
Received Import Request.
  Time since last request: 0.000017 seconds.
  path: Assets/Art/MINIFANTASY Creatures - Super Low Res 2D Pixel Art by Krishna Palacio/Sprites/Humanoids/Goblin/Minifantasy_CreaturesGoblinJump.png
  artifactKey: Guid(8154bd0dd0a769d42813c1a355d1842b) Importer(2089858483,192608db42251d675da83286b1cce702)
Start importing Assets/Art/MINIFANTASY Creatures - Super Low Res 2D Pixel Art by Krishna Palacio/Sprites/Humanoids/Goblin/Minifantasy_CreaturesGoblinJump.png using Guid(8154bd0dd0a769d42813c1a355d1842b) Importer(2089858483,192608db42251d675da83286b1cce702) (ScriptedImporter) -> (artifact id: '64cecb6352278ae2a314a2091d2833d4') in 0.052756 seconds
Number of updated asset objects reloaded before import = 0Number of asset objects unloaded after import = 18

========================================================================
Received Import Request.
  Time since last request: 0.000023 seconds.
  path: Assets/Minifantasy_NPCs_Assets/Generic_NPCs/Idle/Body/Doublets/Minifantasy_NPCsIdle_Doublet_orange.png
  artifactKey: Guid(6dbd89f2735afe54dbb267e84b359a92) Importer(2089858483,192608db42251d675da83286b1cce702)
Start importing Assets/Minifantasy_NPCs_Assets/Generic_NPCs/Idle/Body/Doublets/Minifantasy_NPCsIdle_Doublet_orange.png using Guid(6dbd89f2735afe54dbb267e84b359a92) Importer(2089858483,192608db42251d675da83286b1cce702) (ScriptedImporter) -> (artifact id: 'ed75099788d87bda567c04aef54a2edd') in 0.0183425 seconds
Number of updated asset objects reloaded before import = 0Number of asset objects unloaded after import = 3

========================================================================
Received Import Request.
  Time since last request: 0.000030 seconds.
  path: Assets/Minifantasy_NPCs_Assets/Generic_NPCs/Die/Body/Togas/Minifantasy_NPCsDie_Toga_black.png
  artifactKey: Guid(2dc1e19bbde5d0c4fad9e76ae4047800) Importer(2089858483,192608db42251d675da83286b1cce702)
Start importing Assets/Minifantasy_NPCs_Assets/Generic_NPCs/Die/Body/Togas/Minifantasy_NPCsDie_Toga_black.png using Guid(2dc1e19bbde5d0c4fad9e76ae4047800) Importer(2089858483,192608db42251d675da83286b1cce702) (ScriptedImporter) -> (artifact id: 'ba68e63720d5add543945aa3b5db6110') in 0.0156673 seconds
Number of updated asset objects reloaded before import = 0Number of asset objects unloaded after import = 3

========================================================================
Received Import Request.
  Time since last request: 0.000019 seconds.
  path: Assets/Minifantasy_NPCs_Assets/Generic_NPCs/Dmg/_Characters/Orc/Minifantasy_NPCsDmg_Orc_oliveskin.png
  artifactKey: Guid(37d6972bdfb09794e857e17992b663d4) Importer(2089858483,192608db42251d675da83286b1cce702)
Start importing Assets/Minifantasy_NPCs_Assets/Generic_NPCs/Dmg/_Characters/Orc/Minifantasy_NPCsDmg_Orc_oliveskin.png using Guid(37d6972bdfb09794e857e17992b663d4) Importer(2089858483,192608db42251d675da83286b1cce702) (ScriptedImporter) -> (artifact id: '436c38eea49715e393ab4e6047da015d') in 0.0459893 seconds
Number of updated asset objects reloaded before import = 0Number of asset objects unloaded after import = 18

========================================================================
Received Import Request.
  Time since last request: 0.000016 seconds.
  path: Assets/Art/MINIFANTASY Creatures - Super Low Res 2D Pixel Art by Krishna Palacio/Animations/Monsters/Evil Snowman/EvilSnowman_Activation_SE.anim
  artifactKey: Guid(8fcadd2267900a841a8297c78835c5eb) Importer(2089858483,192608db42251d675da83286b1cce702)
Start importing Assets/Art/MINIFANTASY Creatures - Super Low Res 2D Pixel Art by Krishna Palacio/Animations/Monsters/Evil Snowman/EvilSnowman_Activation_SE.anim using Guid(8fcadd2267900a841a8297c78835c5eb) Importer(2089858483,192608db42251d675da83286b1cce702) (ScriptedImporter) -> (artifact id: 'ae8add4c109dff8256d0fdbad9328538') in 0.0082289 seconds
Number of updated asset objects reloaded before import = 0Number of asset objects unloaded after import = 1

========================================================================
Received Import Request.
  Time since last request: 0.000013 seconds.
  path: Assets/Minifantasy_NPCs_Assets/Generic_NPCs/Idle/Body/Shirt/Minifantasy_NPCsIdle_Shirt_blue.png
  artifactKey: Guid(7b994ebcc035213478ba51f35c7bc1e4) Importer(2089858483,192608db42251d675da83286b1cce702)
Start importing Assets/Minifantasy_NPCs_Assets/Generic_NPCs/Idle/Body/Shirt/Minifantasy_NPCsIdle_Shirt_blue.png using Guid(7b994ebcc035213478ba51f35c7bc1e4) Importer(2089858483,192608db42251d675da83286b1cce702) (ScriptedImporter) -> (artifact id: 'aec9a44fdf17aa2350dcf077f50afeb6') in 0.0194902 seconds
Number of updated asset objects reloaded before import = 0Number of asset objects unloaded after import = 3

========================================================================
Received Import Request.
  Time since last request: 0.000035 seconds.
  path: Assets/Minifantasy_NPCs_Assets/Generic_NPCs/Die/Body/Shirt/Minifantasy_NPCsDie_Shirt_turquoise.png
  artifactKey: Guid(1acf410eae7350a458596a23af037996) Importer(2089858483,192608db42251d675da83286b1cce702)
Start importing Assets/Minifantasy_NPCs_Assets/Generic_NPCs/Die/Body/Shirt/Minifantasy_NPCsDie_Shirt_turquoise.png using Guid(1acf410eae7350a458596a23af037996) Importer(2089858483,192608db42251d675da83286b1cce702) (ScriptedImporter) -> (artifact id: '2075534f377f2cccd4a8c08089a0356b') in 0.0154252 seconds
Number of updated asset objects reloaded before import = 0Number of asset objects unloaded after import = 3

========================================================================
Received Import Request.
  Time since last request: 0.000053 seconds.
  path: Assets/Art/MINIFANTASY Creatures - Super Low Res 2D Pixel Art by Krishna Palacio/Sprites/Big_Guys/Cyclop/Minifantasy_CreaturesCyclopAttack.png
  artifactKey: Guid(8eb8c1120d639e8478bfdec85abb73f5) Importer(2089858483,192608db42251d675da83286b1cce702)
Start importing Assets/Art/MINIFANTASY Creatures - Super Low Res 2D Pixel Art by Krishna Palacio/Sprites/Big_Guys/Cyclop/Minifantasy_CreaturesCyclopAttack.png using Guid(8eb8c1120d639e8478bfdec85abb73f5) Importer(2089858483,192608db42251d675da83286b1cce702) (ScriptedImporter) -> (artifact id: '28a6aca856c0bb9b088a61cae7cbda21') in 0.0662628 seconds
Number of updated asset objects reloaded before import = 0Number of asset objects unloaded after import = 18

========================================================================
Received Import Request.
  Time since last request: 0.000019 seconds.
  path: Assets/Art/MINIFANTASY Creatures - Super Low Res 2D Pixel Art by Krishna Palacio/Sprites/Humanoids/Goblin/Minifantasy_CreaturesGoblinAttack.png
  artifactKey: Guid(f8a8d7514dc6d964da8fb1b112c91f28) Importer(2089858483,192608db42251d675da83286b1cce702)
Start importing Assets/Art/MINIFANTASY Creatures - Super Low Res 2D Pixel Art by Krishna Palacio/Sprites/Humanoids/Goblin/Minifantasy_CreaturesGoblinAttack.png using Guid(f8a8d7514dc6d964da8fb1b112c91f28) Importer(2089858483,192608db42251d675da83286b1cce702) (ScriptedImporter) -> (artifact id: 'c5556cfdd7f40d93a0ed1963fd416c5b') in 0.0511015 seconds
Number of updated asset objects reloaded before import = 0Number of asset objects unloaded after import = 18

========================================================================
Received Import Request.
  Time since last request: 0.000018 seconds.
  path: Assets/Minifantasy_NPCs_Assets/Generic_NPCs/Idle/Body/Shoes/Minifantasy_NPCsIdle_Shoes_brownleather.png
  artifactKey: Guid(90b688b26adc3ef4ea855fec8305b862) Importer(2089858483,192608db42251d675da83286b1cce702)
Start importing Assets/Minifantasy_NPCs_Assets/Generic_NPCs/Idle/Body/Shoes/Minifantasy_NPCsIdle_Shoes_brownleather.png using Guid(90b688b26adc3ef4ea855fec8305b862) Importer(2089858483,192608db42251d675da83286b1cce702) (ScriptedImporter) -> (artifact id: '80626626b8003e9e7f860b707fada6c4') in 0.0208645 seconds
Number of updated asset objects reloaded before import = 0Number of asset objects unloaded after import = 3

========================================================================
Received Import Request.
  Time since last request: 0.000025 seconds.
  path: Assets/Art/MINIFANTASY Creatures - Super Low Res 2D Pixel Art by Krishna Palacio/Sprites/Humanoids/Halfling/Minifantasy_CreaturesHalflingDmg.png
  artifactKey: Guid(b8c48157d2c3f7d4c9c3f3bfe69c7f89) Importer(2089858483,192608db42251d675da83286b1cce702)
Start importing Assets/Art/MINIFANTASY Creatures - Super Low Res 2D Pixel Art by Krishna Palacio/Sprites/Humanoids/Halfling/Minifantasy_CreaturesHalflingDmg.png using Guid(b8c48157d2c3f7d4c9c3f3bfe69c7f89) Importer(2089858483,192608db42251d675da83286b1cce702) (ScriptedImporter) -> (artifact id: 'b72ca08e3022e8260f37406b8e551e0f') in 0.0496227 seconds
Number of updated asset objects reloaded before import = 0Number of asset objects unloaded after import = 18

========================================================================
Received Import Request.
  Time since last request: 0.000038 seconds.
  path: Assets/Minifantasy_NPCs_Assets/Generic_NPCs/Dmg/Body/ShoulderPads/Minifantasy_NPCsDmg_ShoulderPads_grey.png
  artifactKey: Guid(475f0332267fc7d4b8a6ff23cd24ad2e) Importer(2089858483,192608db42251d675da83286b1cce702)
Start importing Assets/Minifantasy_NPCs_Assets/Generic_NPCs/Dmg/Body/ShoulderPads/Minifantasy_NPCsDmg_ShoulderPads_grey.png using Guid(475f0332267fc7d4b8a6ff23cd24ad2e) Importer(2089858483,192608db42251d675da83286b1cce702) (ScriptedImporter) -> (artifact id: '78581635cadcec6cc45625a68c6fe39c') in 0.0224645 seconds
Number of updated asset objects reloaded before import = 0Number of asset objects unloaded after import = 3

========================================================================
Received Import Request.
  Time since last request: 0.000020 seconds.
  path: Assets/Editor/com.IvanMurzak/AI Game Dev Installer/Tests/Files/scopedregistries_empty_1.json
  artifactKey: Guid(16c14e4a40eafcb418d9966639fefded) Importer(2089858483,192608db42251d675da83286b1cce702)
Start importing Assets/Editor/com.IvanMurzak/AI Game Dev Installer/Tests/Files/scopedregistries_empty_1.json using Guid(16c14e4a40eafcb418d9966639fefded) Importer(2089858483,192608db42251d675da83286b1cce702) (ScriptedImporter) -> (artifact id: 'b095be24404b8590f827a592bede8fa9') in 0.0143802 seconds
Number of updated asset objects reloaded before import = 0Number of asset objects unloaded after import = 1

========================================================================
Received Import Request.
  Time since last request: 0.000026 seconds.
  path: Assets/Minifantasy_NPCs_Assets/Generic_NPCs/Idle/Body/Gloves/Minifantasy_NPCsIdle_Gloves_white.png
  artifactKey: Guid(4272342f9a9fcf14abc6e2c8e07a974e) Importer(2089858483,192608db42251d675da83286b1cce702)
Start importing Assets/Minifantasy_NPCs_Assets/Generic_NPCs/Idle/Body/Gloves/Minifantasy_NPCsIdle_Gloves_white.png using Guid(4272342f9a9fcf14abc6e2c8e07a974e) Importer(2089858483,192608db42251d675da83286b1cce702) (ScriptedImporter) -> (artifact id: '14bcaed369ae4fadef3a6259d16598d8') in 0.0237499 seconds
Number of updated asset objects reloaded before import = 0Number of asset objects unloaded after import = 3

========================================================================
Received Import Request.
  Time since last request: 0.000021 seconds.
  path: Assets/Minifantasy_NPCs_Assets/Generic_NPCs/Die/Body/Gloves/Minifantasy_NPCsDie_Gloves_blackleather.png
  artifactKey: Guid(191c5216b0fa2b041983fbd8b8c34833) Importer(2089858483,192608db42251d675da83286b1cce702)
Start importing Assets/Minifantasy_NPCs_Assets/Generic_NPCs/Die/Body/Gloves/Minifantasy_NPCsDie_Gloves_blackleather.png using Guid(191c5216b0fa2b041983fbd8b8c34833) Importer(2089858483,192608db42251d675da83286b1cce702) (ScriptedImporter) -> (artifact id: 'ff5a0fd40ef609a88accea26e173418a') in 0.0246728 seconds
Number of updated asset objects reloaded before import = 0Number of asset objects unloaded after import = 3

========================================================================
Received Import Request.
  Time since last request: 0.000022 seconds.
  path: Assets/Minifantasy_NPCs_Assets/Generic_NPCs/Idle/Body/Gloves/Minifantasy_NPCsIdle_Gloves_whiteleather.png
  artifactKey: Guid(2d451a0dff41ee34694fff1877499f38) Importer(2089858483,192608db42251d675da83286b1cce702)
Start importing Assets/Minifantasy_NPCs_Assets/Generic_NPCs/Idle/Body/Gloves/Minifantasy_NPCsIdle_Gloves_whiteleather.png using Guid(2d451a0dff41ee34694fff1877499f38) Importer(2089858483,192608db42251d675da83286b1cce702) (ScriptedImporter) -> (artifact id: '6c34ab46badbdc63b87d292d64afe85e') in 0.0206401 seconds
Number of updated asset objects reloaded before import = 0Number of asset objects unloaded after import = 3

========================================================================
Received Import Request.
  Time since last request: 0.000018 seconds.
  path: Assets/Minifantasy_NPCs_Assets/Generic_NPCs/Die/Body/Gloves/Minifantasy_NPCsDie_Gloves_brownleather.png
  artifactKey: Guid(a7a26b66197074341b01c6bcca4c8990) Importer(2089858483,192608db42251d675da83286b1cce702)
Start importing Assets/Minifantasy_NPCs_Assets/Generic_NPCs/Die/Body/Gloves/Minifantasy_NPCsDie_Gloves_brownleather.png using Guid(a7a26b66197074341b01c6bcca4c8990) Importer(2089858483,192608db42251d675da83286b1cce702) (ScriptedImporter) -> (artifact id: '52ca54e8c93d3dcd9088b1eda54880de') in 0.0214544 seconds
Number of updated asset objects reloaded before import = 0Number of asset objects unloaded after import = 3

========================================================================
Received Import Request.
  Time since last request: 0.000020 seconds.
  path: Assets/Art/MINIFANTASY Creatures - Super Low Res 2D Pixel Art by Krishna Palacio/Animations/Monsters/Pumpkin_Horror/PumpkinHorror_BaseWalk_SW.anim
  artifactKey: Guid(ca14c561aca4e1c47acdf08f31a24435) Importer(2089858483,192608db42251d675da83286b1cce702)
Start importing Assets/Art/MINIFANTASY Creatures - Super Low Res 2D Pixel Art by Krishna Palacio/Animations/Monsters/Pumpkin_Horror/PumpkinHorror_BaseWalk_SW.anim using Guid(ca14c561aca4e1c47acdf08f31a24435) Importer(2089858483,192608db42251d675da83286b1cce702) (ScriptedImporter) -> (artifact id: '36221b9c662ab9c2866184643413b430') in 0.012353 seconds
Number of updated asset objects reloaded before import = 0Number of asset objects unloaded after import = 1

========================================================================
Received Import Request.
  Time since last request: 0.000022 seconds.
  path: Assets/Minifantasy_NPCs_Assets/Generic_NPCs/Walk/Body/Gloves/Minifantasy_NPCsWalk_Gloves_black.png
  artifactKey: Guid(7bed13aae26ab9941a82b21ab37985d3) Importer(2089858483,192608db42251d675da83286b1cce702)
Start importing Assets/Minifantasy_NPCs_Assets/Generic_NPCs/Walk/Body/Gloves/Minifantasy_NPCsWalk_Gloves_black.png using Guid(7bed13aae26ab9941a82b21ab37985d3) Importer(2089858483,192608db42251d675da83286b1cce702) (ScriptedImporter) -> (artifact id: '8b76ec39852fda7cdb10ee3415f95b94') in 0.030393 seconds
Number of updated asset objects reloaded before import = 0Number of asset objects unloaded after import = 3

========================================================================
Received Import Request.
  Time since last request: 0.000023 seconds.
  path: Assets/Minifantasy_NPCs_Assets/Generic_NPCs/Walk/Body/Gloves/Minifantasy_NPCsWalk_Gloves_grey.png
  artifactKey: Guid(eb37948b66fa8734589d85b68ed6dd12) Importer(2089858483,192608db42251d675da83286b1cce702)
Start importing Assets/Minifantasy_NPCs_Assets/Generic_NPCs/Walk/Body/Gloves/Minifantasy_NPCsWalk_Gloves_grey.png using Guid(eb37948b66fa8734589d85b68ed6dd12) Importer(2089858483,192608db42251d675da83286b1cce702) (ScriptedImporter) -> (artifact id: 'ed274fb8893d56a515000beb9eab8e9f') in 0.0209908 seconds
Number of updated asset objects reloaded before import = 0Number of asset objects unloaded after import = 3

========================================================================
Received Import Request.
  Time since last request: 0.000028 seconds.
  path: Assets/Minifantasy_NPCs_Assets/Generic_NPCs/Walk/Body/Jacket/Minifantasy_NPCsWalk_Jacket_magenta.png
  artifactKey: Guid(85c6e69ab7b8f6a41ac4d904042ffa20) Importer(2089858483,192608db42251d675da83286b1cce702)
Start importing Assets/Minifantasy_NPCs_Assets/Generic_NPCs/Walk/Body/Jacket/Minifantasy_NPCsWalk_Jacket_magenta.png using Guid(85c6e69ab7b8f6a41ac4d904042ffa20) Importer(2089858483,192608db42251d675da83286b1cce702) (ScriptedImporter) -> (artifact id: '4a09103f98e410a56f19ff88e6c70fc0') in 0.0208492 seconds
Number of updated asset objects reloaded before import = 0Number of asset objects unloaded after import = 3

========================================================================
Received Import Request.
  Time since last request: 0.000026 seconds.
  path: Assets/Minifantasy_NPCs_Assets/Generic_NPCs/Idle/_Characters/Human/Minifantasy_NPCsIdle_Human_brownskin.png
  artifactKey: Guid(46337b58c0c1ba84db01277968d11709) Importer(2089858483,192608db42251d675da83286b1cce702)
Start importing Assets/Minifantasy_NPCs_Assets/Generic_NPCs/Idle/_Characters/Human/Minifantasy_NPCsIdle_Human_brownskin.png using Guid(46337b58c0c1ba84db01277968d11709) Importer(2089858483,192608db42251d675da83286b1cce702) (ScriptedImporter) -> (artifact id: 'c6e5cf283b68fff493c29744af9bb7b0') in 0.1753096 seconds
Number of updated asset objects reloaded before import = 0Number of asset objects unloaded after import = 66

========================================================================
Received Import Request.
  Time since last request: 0.000021 seconds.
  path: Assets/Minifantasy_NPCs_Assets/Generic_NPCs/Walk/Body/Gloves/Minifantasy_NPCsWalk_Gloves_magenta.png
  artifactKey: Guid(8b7906d30cd39b34cb34ffc49cd6bb03) Importer(2089858483,192608db42251d675da83286b1cce702)
Start importing Assets/Minifantasy_NPCs_Assets/Generic_NPCs/Walk/Body/Gloves/Minifantasy_NPCsWalk_Gloves_magenta.png using Guid(8b7906d30cd39b34cb34ffc49cd6bb03) Importer(2089858483,192608db42251d675da83286b1cce702) (ScriptedImporter) -> (artifact id: '538e384fbace662128c09e28ab1c2708') in 0.0260589 seconds
Number of updated asset objects reloaded before import = 0Number of asset objects unloaded after import = 3

========================================================================
Received Import Request.
  Time since last request: 0.000034 seconds.
  path: Assets/Minifantasy_NPCs_Assets/Generic_NPCs/Walk/Body/Shoes/Minifantasy_NPCsWalk_Shoes_brownleather.png
  artifactKey: Guid(dbad0273f85363f4fa611dca9f9df150) Importer(2089858483,192608db42251d675da83286b1cce702)
Start importing Assets/Minifantasy_NPCs_Assets/Generic_NPCs/Walk/Body/Shoes/Minifantasy_NPCsWalk_Shoes_brownleather.png using Guid(dbad0273f85363f4fa611dca9f9df150) Importer(2089858483,192608db42251d675da83286b1cce702) (ScriptedImporter) -> (artifact id: 'ba8e1c4e64f56c89dc46ca107cfada02') in 0.0256962 seconds
Number of updated asset objects reloaded before import = 0Number of asset objects unloaded after import = 3

========================================================================
Received Import Request.
  Time since last request: 0.000029 seconds.
  path: Assets/Minifantasy_NPCs_Assets/Generic_NPCs/Walk/Body/Doublets/Minifantasy_NPCsWalk_Doublet_orange.png
  artifactKey: Guid(5e8970fb609761348a272b47dcfa1ae9) Importer(2089858483,192608db42251d675da83286b1cce702)
Start importing Assets/Minifantasy_NPCs_Assets/Generic_NPCs/Walk/Body/Doublets/Minifantasy_NPCsWalk_Doublet_orange.png using Guid(5e8970fb609761348a272b47dcfa1ae9) Importer(2089858483,192608db42251d675da83286b1cce702) (ScriptedImporter) -> (artifact id: 'ce9f4dbee4ca6dc221db13b1047bbcb1') in 0.0231837 seconds
Number of updated asset objects reloaded before import = 0Number of asset objects unloaded after import = 3

========================================================================
Received Import Request.
  Time since last request: 0.000022 seconds.
  path: Assets/Minifantasy_NPCs_Assets/Generic_NPCs/Walk/Body/Gloves/Minifantasy_NPCsWalk_Gloves_purple.png
  artifactKey: Guid(bf07281a1e7789d4f898a4f92a9dd500) Importer(2089858483,192608db42251d675da83286b1cce702)
Start importing Assets/Minifantasy_NPCs_Assets/Generic_NPCs/Walk/Body/Gloves/Minifantasy_NPCsWalk_Gloves_purple.png using Guid(bf07281a1e7789d4f898a4f92a9dd500) Importer(2089858483,192608db42251d675da83286b1cce702) (ScriptedImporter) -> (artifact id: '332c046d25d55d3fbed566aaaf05000c') in 0.0213881 seconds
Number of updated asset objects reloaded before import = 0Number of asset objects unloaded after import = 3

========================================================================
Received Import Request.
  Time since last request: 0.000023 seconds.
  path: Assets/Minifantasy_NPCs_Assets/Generic_NPCs/Walk/Body/Jacket/Minifantasy_NPCsWalk_Jacket_blue.png
  artifactKey: Guid(7b558019e6f7e4a44a323185eec90ad0) Importer(2089858483,192608db42251d675da83286b1cce702)
Start importing Assets/Minifantasy_NPCs_Assets/Generic_NPCs/Walk/Body/Jacket/Minifantasy_NPCsWalk_Jacket_blue.png using Guid(7b558019e6f7e4a44a323185eec90ad0) Importer(2089858483,192608db42251d675da83286b1cce702) (ScriptedImporter) -> (artifact id: '87902831de1a515d5326f0a252b87a1c') in 0.0188131 seconds
Number of updated asset objects reloaded before import = 0Number of asset objects unloaded after import = 3

========================================================================
Received Import Request.
  Time since last request: 0.000036 seconds.
  path: Assets/Minifantasy_NPCs_Assets/Generic_NPCs/Walk/Body/Shoes/Minifantasy_NPCsWalk_Shoes_blue.png
  artifactKey: Guid(8c334a5b13d0ff242a3874cb7d09ec34) Importer(2089858483,192608db42251d675da83286b1cce702)
Start importing Assets/Minifantasy_NPCs_Assets/Generic_NPCs/Walk/Body/Shoes/Minifantasy_NPCsWalk_Shoes_blue.png using Guid(8c334a5b13d0ff242a3874cb7d09ec34) Importer(2089858483,192608db42251d675da83286b1cce702) (ScriptedImporter) -> (artifact id: '37f9f51c1e1dbd26bcc61de03e1cc9b4') in 0.0165808 seconds
Number of updated asset objects reloaded before import = 0Number of asset objects unloaded after import = 3

========================================================================
Received Import Request.
  Time since last request: 0.000035 seconds.
  path: Assets/Minifantasy_NPCs_Assets/Generic_NPCs/Walk/Body/Shirt/Minifantasy_NPCsWalk_Shirt_brownleather.png
  artifactKey: Guid(d8529d9ffe3b3d246808b050a2844ec0) Importer(2089858483,192608db42251d675da83286b1cce702)
Start importing Assets/Minifantasy_NPCs_Assets/Generic_NPCs/Walk/Body/Shirt/Minifantasy_NPCsWalk_Shirt_brownleather.png using Guid(d8529d9ffe3b3d246808b050a2844ec0) Importer(2089858483,192608db42251d675da83286b1cce702) (ScriptedImporter) -> (artifact id: '6d12bb87164ed26cfa8d99214c9caacc') in 0.0203648 seconds
Number of updated asset objects reloaded before import = 0Number of asset objects unloaded after import = 3

========================================================================
Received Import Request.
  Time since last request: 0.000018 seconds.
  path: Assets/Minifantasy_NPCs_Assets/Generic_NPCs/Walk/Body/Shirt/Minifantasy_NPCsWalk_Shirt_magenta.png
  artifactKey: Guid(44e2929737571e14c9cff0f7891ff59b) Importer(2089858483,192608db42251d675da83286b1cce702)
Start importing Assets/Minifantasy_NPCs_Assets/Generic_NPCs/Walk/Body/Shirt/Minifantasy_NPCsWalk_Shirt_magenta.png using Guid(44e2929737571e14c9cff0f7891ff59b) Importer(2089858483,192608db42251d675da83286b1cce702) (ScriptedImporter) -> (artifact id: '6529756f781daf79b4e05ddd679cebc0') in 0.017057 seconds
Number of updated asset objects reloaded before import = 0Number of asset objects unloaded after import = 3

========================================================================
Received Import Request.
  Time since last request: 0.000020 seconds.
  path: Assets/Minifantasy_NPCs_Assets/Generic_NPCs/Walk/Body/Jacket/Minifantasy_NPCsWalk_Jacket_green.png
  artifactKey: Guid(f424cc57864fdb940ad91f8d40449e41) Importer(2089858483,192608db42251d675da83286b1cce702)
Start importing Assets/Minifantasy_NPCs_Assets/Generic_NPCs/Walk/Body/Jacket/Minifantasy_NPCsWalk_Jacket_green.png using Guid(f424cc57864fdb940ad91f8d40449e41) Importer(2089858483,192608db42251d675da83286b1cce702) (ScriptedImporter) -> (artifact id: '6d43799eafbced125c645dfd2cce4b28') in 0.0181957 seconds
Number of updated asset objects reloaded before import = 0Number of asset objects unloaded after import = 3

========================================================================
Received Import Request.
  Time since last request: 0.000051 seconds.
  path: Assets/Minifantasy_NPCs_Assets/Generic_NPCs/Walk/Body/Gloves/Minifantasy_NPCsWalk_Gloves_white.png
  artifactKey: Guid(69ab310dd1b16c048a35cc9021a18058) Importer(2089858483,192608db42251d675da83286b1cce702)
Start importing Assets/Minifantasy_NPCs_Assets/Generic_NPCs/Walk/Body/Gloves/Minifantasy_NPCsWalk_Gloves_white.png using Guid(69ab310dd1b16c048a35cc9021a18058) Importer(2089858483,192608db42251d675da83286b1cce702) (ScriptedImporter) -> (artifact id: 'bdc2f0f21a60cea2da49d57898baee2e') in 0.016825 seconds
Number of updated asset objects reloaded before import = 0Number of asset objects unloaded after import = 3

========================================================================
Received Import Request.
  Time since last request: 0.000031 seconds.
  path: Assets/Minifantasy_NPCs_Assets/Generic_NPCs/Dmg/Body/Gloves/Minifantasy_NPCsDmg_Gloves_blackleather.png
  artifactKey: Guid(38efe33087b6ae743b6e5647a0bde31e) Importer(2089858483,192608db42251d675da83286b1cce702)
Start importing Assets/Minifantasy_NPCs_Assets/Generic_NPCs/Dmg/Body/Gloves/Minifantasy_NPCsDmg_Gloves_blackleather.png using Guid(38efe33087b6ae743b6e5647a0bde31e) Importer(2089858483,192608db42251d675da83286b1cce702) (ScriptedImporter) -> (artifact id: 'debf43a7d228a86f87e57aa37a788014') in 0.0160548 seconds
Number of updated asset objects reloaded before import = 0Number of asset objects unloaded after import = 3

========================================================================
Received Import Request.
  Time since last request: 0.000014 seconds.
  path: Assets/Minifantasy_NPCs_Assets/Generic_NPCs/Walk/Body/Jacket/Minifantasy_NPCsWalk_Jacket_orange.png
  artifactKey: Guid(29fe86de105faf7428db01b2bf054472) Importer(2089858483,192608db42251d675da83286b1cce702)
Start importing Assets/Minifantasy_NPCs_Assets/Generic_NPCs/Walk/Body/Jacket/Minifantasy_NPCsWalk_Jacket_orange.png using Guid(29fe86de105faf7428db01b2bf054472) Importer(2089858483,192608db42251d675da83286b1cce702) (ScriptedImporter) -> (artifact id: 'd22873f6821eca1ee8acaf2be09fb5d5') in 0.015544 seconds
Number of updated asset objects reloaded before import = 0Number of asset objects unloaded after import = 3

========================================================================
Received Import Request.
  Time since last request: 0.000017 seconds.
  path: Assets/Minifantasy_NPCs_Assets/Generic_NPCs/Idle/Body/Gloves/Minifantasy_NPCsIdle_Gloves_red.png
  artifactKey: Guid(7274f0b86b0bd524f99d9a5d3508c551) Importer(2089858483,192608db42251d675da83286b1cce702)
Start importing Assets/Minifantasy_NPCs_Assets/Generic_NPCs/Idle/Body/Gloves/Minifantasy_NPCsIdle_Gloves_red.png using Guid(7274f0b86b0bd524f99d9a5d3508c551) Importer(2089858483,192608db42251d675da83286b1cce702) (ScriptedImporter) -> (artifact id: '7ad60047e874be6b52efcb0d85aeddee') in 0.0194354 seconds
Number of updated asset objects reloaded before import = 0Number of asset objects unloaded after import = 3

========================================================================
Received Import Request.
  Time since last request: 0.000015 seconds.
  path: Assets/Art/MINIFANTASY Creatures - Super Low Res 2D Pixel Art by Krishna Palacio/Sprites/Monsters/Evil Snowman/SnowBall.png
  artifactKey: Guid(fc2cbf5f407dc674dbe8a5762edab2c0) Importer(2089858483,192608db42251d675da83286b1cce702)
Start importing Assets/Art/MINIFANTASY Creatures - Super Low Res 2D Pixel Art by Krishna Palacio/Sprites/Monsters/Evil Snowman/SnowBall.png using Guid(fc2cbf5f407dc674dbe8a5762edab2c0) Importer(2089858483,192608db42251d675da83286b1cce702) (ScriptedImporter) -> (artifact id: 'bd3c85ded4b01ec8af3461a8d5fdcf13') in 0.0155455 seconds
Number of updated asset objects reloaded before import = 0Number of asset objects unloaded after import = 3

========================================================================
Received Import Request.
  Time since last request: 0.000021 seconds.
  path: Assets/Art/MINIFANTASY Creatures - Super Low Res 2D Pixel Art by Krishna Palacio/Sprites/Humanoids/Goblin/Minifantasy_CreaturesGoblinIdle.png
  artifactKey: Guid(4c16e5972ac5d744894dc6faa29929ef) Importer(2089858483,192608db42251d675da83286b1cce702)
Start importing Assets/Art/MINIFANTASY Creatures - Super Low Res 2D Pixel Art by Krishna Palacio/Sprites/Humanoids/Goblin/Minifantasy_CreaturesGoblinIdle.png using Guid(4c16e5972ac5d744894dc6faa29929ef) Importer(2089858483,192608db42251d675da83286b1cce702) (ScriptedImporter) -> (artifact id: 'c5a24790ecba2ce64f8dd9e07cebca46') in 0.1554837 seconds
Number of updated asset objects reloaded before import = 0Number of asset objects unloaded after import = 67

========================================================================
Received Import Request.
  Time since last request: 0.000031 seconds.
  path: Assets/Minifantasy_NPCs_Assets/Generic_NPCs/Idle/Body/Shirt/Minifantasy_NPCsIdle_Shirt_white.png
  artifactKey: Guid(be5502febb4ea2c458f075edbcfd5fb0) Importer(2089858483,192608db42251d675da83286b1cce702)
Start importing Assets/Minifantasy_NPCs_Assets/Generic_NPCs/Idle/Body/Shirt/Minifantasy_NPCsIdle_Shirt_white.png using Guid(be5502febb4ea2c458f075edbcfd5fb0) Importer(2089858483,192608db42251d675da83286b1cce702) (ScriptedImporter) -> (artifact id: '8c650c5100bf775dc594206d081c4ea8') in 0.0194432 seconds
Number of updated asset objects reloaded before import = 0Number of asset objects unloaded after import = 3

========================================================================
Received Import Request.
  Time since last request: 0.000022 seconds.
  path: Assets/Art/MINIFANTASY Creatures - Super Low Res 2D Pixel Art by Krishna Palacio/Animations/Monsters/Evil Snowman/EvilSnowman_AnimatorController.controller
  artifactKey: Guid(a0c1c47c66bdca745a38a2abb86d4109) Importer(2089858483,192608db42251d675da83286b1cce702)
Start importing Assets/Art/MINIFANTASY Creatures - Super Low Res 2D Pixel Art by Krishna Palacio/Animations/Monsters/Evil Snowman/EvilSnowman_AnimatorController.controller using Guid(a0c1c47c66bdca745a38a2abb86d4109) Importer(2089858483,192608db42251d675da83286b1cce702) (ScriptedImporter) -> (artifact id: 'bc61ed4d1661da4654a23885c292a901') in 0.010479 seconds
Number of updated asset objects reloaded before import = 0Number of asset objects unloaded after import = 13

========================================================================
Received Import Request.
  Time since last request: 0.000032 seconds.
  path: Assets/Art/MINIFANTASY Creatures - Super Low Res 2D Pixel Art by Krishna Palacio/Sprites/Big_Guys/Wargo/Minifantasy_CreaturesWargoBaseWalk.png
  artifactKey: Guid(834f0891bfc94da42869e0d010b93d9c) Importer(2089858483,192608db42251d675da83286b1cce702)
Start importing Assets/Art/MINIFANTASY Creatures - Super Low Res 2D Pixel Art by Krishna Palacio/Sprites/Big_Guys/Wargo/Minifantasy_CreaturesWargoBaseWalk.png using Guid(834f0891bfc94da42869e0d010b93d9c) Importer(2089858483,192608db42251d675da83286b1cce702) (ScriptedImporter) -> (artifact id: 'f57fa5fc157cb1dce54f696959c2d6ff') in 0.0568939 seconds
Number of updated asset objects reloaded before import = 0Number of asset objects unloaded after import = 18

========================================================================
Received Import Request.
  Time since last request: 0.000026 seconds.
  path: Assets/Minifantasy_NPCs_Assets/Generic_NPCs/Die/Body/Doublets/Minifantasy_NPCsDie_Doublet_grey.png
  artifactKey: Guid(279a3a4fa3cda7748b788fd404d81793) Importer(2089858483,192608db42251d675da83286b1cce702)
Start importing Assets/Minifantasy_NPCs_Assets/Generic_NPCs/Die/Body/Doublets/Minifantasy_NPCsDie_Doublet_grey.png using Guid(279a3a4fa3cda7748b788fd404d81793) Importer(2089858483,192608db42251d675da83286b1cce702) (ScriptedImporter) -> (artifact id: '1a5d5519a8b9dd208232cf0690eae257') in 0.0231381 seconds
Number of updated asset objects reloaded before import = 0Number of asset objects unloaded after import = 3

========================================================================
Received Import Request.
  Time since last request: 0.000031 seconds.
  path: Assets/Minifantasy_NPCs_Assets/Generic_NPCs/Idle/Body/Togas/Minifantasy_NPCsIdle_Toga_turquoise.png
  artifactKey: Guid(5cc4ff137a28b6f41b4750bebdf1f707) Importer(2089858483,192608db42251d675da83286b1cce702)
Start importing Assets/Minifantasy_NPCs_Assets/Generic_NPCs/Idle/Body/Togas/Minifantasy_NPCsIdle_Toga_turquoise.png using Guid(5cc4ff137a28b6f41b4750bebdf1f707) Importer(2089858483,192608db42251d675da83286b1cce702) (ScriptedImporter) -> (artifact id: '6c6b1ca742cfac99e12758c73017a409') in 0.0184264 seconds
Number of updated asset objects reloaded before import = 0Number of asset objects unloaded after import = 3

========================================================================
Received Import Request.
  Time since last request: 0.000016 seconds.
  path: Assets/Minifantasy_NPCs_Assets/Generic_NPCs/Walk/Body/Blouses/Minifantasy_NPCsWalk_Blouse_black.png
  artifactKey: Guid(0a936b833a69572499d1b93b3e51dbb4) Importer(2089858483,192608db42251d675da83286b1cce702)
Start importing Assets/Minifantasy_NPCs_Assets/Generic_NPCs/Walk/Body/Blouses/Minifantasy_NPCsWalk_Blouse_black.png using Guid(0a936b833a69572499d1b93b3e51dbb4) Importer(2089858483,192608db42251d675da83286b1cce702) (ScriptedImporter) -> (artifact id: 'a3a709db4dfad8efa9690d4c540c6bcf') in 0.0170153 seconds
Number of updated asset objects reloaded before import = 0Number of asset objects unloaded after import = 3

========================================================================
Received Import Request.
  Time since last request: 0.000016 seconds.
  path: Assets/Minifantasy_NPCs_Assets/Generic_NPCs/Idle/Body/Shirt/Minifantasy_NPCsIdle_Shirt_red.png
  artifactKey: Guid(3ade5201b3fb53d4596f381ae9ffbc2b) Importer(2089858483,192608db42251d675da83286b1cce702)
Start importing Assets/Minifantasy_NPCs_Assets/Generic_NPCs/Idle/Body/Shirt/Minifantasy_NPCsIdle_Shirt_red.png using Guid(3ade5201b3fb53d4596f381ae9ffbc2b) Importer(2089858483,192608db42251d675da83286b1cce702) (ScriptedImporter) -> (artifact id: '19812daf4264bcca4871f74eb2e4a9ed') in 0.0191401 seconds
Number of updated asset objects reloaded before import = 0Number of asset objects unloaded after import = 3

========================================================================
Received Import Request.
  Time since last request: 0.000016 seconds.
  path: Assets/Minifantasy_NPCs_Assets/Generic_NPCs/Idle/Body/Blouses/Minifantasy_NPCsIdle_Blouse_yellow.png
  artifactKey: Guid(7f2448b018365874b8d372108f40b7a8) Importer(2089858483,192608db42251d675da83286b1cce702)
Start importing Assets/Minifantasy_NPCs_Assets/Generic_NPCs/Idle/Body/Blouses/Minifantasy_NPCsIdle_Blouse_yellow.png using Guid(7f2448b018365874b8d372108f40b7a8) Importer(2089858483,192608db42251d675da83286b1cce702) (ScriptedImporter) -> (artifact id: '6ed25b948db2f51e67b65c1254e4b2b7') in 0.0164147 seconds
Number of updated asset objects reloaded before import = 0Number of asset objects unloaded after import = 3

========================================================================
Received Import Request.
  Time since last request: 0.000020 seconds.
  path: Assets/Minifantasy_NPCs_Assets/Generic_NPCs/Dmg/Body/Trousers/Minifantasy_NPCsDmg_Trousers_grey.png
  artifactKey: Guid(d2f85c6707086394eb93285b184405da) Importer(2089858483,192608db42251d675da83286b1cce702)
Start importing Assets/Minifantasy_NPCs_Assets/Generic_NPCs/Dmg/Body/Trousers/Minifantasy_NPCsDmg_Trousers_grey.png using Guid(d2f85c6707086394eb93285b184405da) Importer(2089858483,192608db42251d675da83286b1cce702) (ScriptedImporter) -> (artifact id: 'c7b64f00ede0df8adffe7bf31203f2a1') in 0.0181996 seconds
Number of updated asset objects reloaded before import = 0Number of asset objects unloaded after import = 3

========================================================================
Received Import Request.
  Time since last request: 0.000033 seconds.
  path: Assets/Art/MINIFANTASY - Crafting and Professions I/Sprites/Barbarian/Special_Animations/Guard/Barbarian_BlockGuardDown.png
  artifactKey: Guid(21a8495f8b659354f957125ff50e9c30) Importer(2089858483,192608db42251d675da83286b1cce702)
Start importing Assets/Art/MINIFANTASY - Crafting and Professions I/Sprites/Barbarian/Special_Animations/Guard/Barbarian_BlockGuardDown.png using Guid(21a8495f8b659354f957125ff50e9c30) Importer(2089858483,192608db42251d675da83286b1cce702) (ScriptedImporter) -> (artifact id: 'd44d90cfd6590a0974fa21fab49c8989') in 0.0532957 seconds
Number of updated asset objects reloaded before import = 0Number of asset objects unloaded after import = 18

========================================================================
Received Import Request.
  Time since last request: 0.000025 seconds.
  path: Assets/Art/MINIFANTASY - Crafting and Professions I/Sprites/Barbarian/Special_Animations/Thunder_Blade_Attack/Barbarian_ThunderBladeProjectiles.png
  artifactKey: Guid(4b6c7cd861ab4834d89ff41bc07966c2) Importer(2089858483,192608db42251d675da83286b1cce702)
Start importing Assets/Art/MINIFANTASY - Crafting and Professions I/Sprites/Barbarian/Special_Animations/Thunder_Blade_Attack/Barbarian_ThunderBladeProjectiles.png using Guid(4b6c7cd861ab4834d89ff41bc07966c2) Importer(2089858483,192608db42251d675da83286b1cce702) (ScriptedImporter) -> (artifact id: 'f7277247e5fc3c62f25c0b891dc5863d') in 0.1008231 seconds
Number of updated asset objects reloaded before import = 0Number of asset objects unloaded after import = 38

========================================================================
Received Import Request.
  Time since last request: 0.000019 seconds.
  path: Assets/Scripts/EquipmentSystem/Editor/FrameDataEditor/Data/DetectConfig.cs
  artifactKey: Guid(5a81105eaca48c746966b663aa31cfc0) Importer(2089858483,192608db42251d675da83286b1cce702)
Start importing Assets/Scripts/EquipmentSystem/Editor/FrameDataEditor/Data/DetectConfig.cs using Guid(5a81105eaca48c746966b663aa31cfc0) Importer(2089858483,192608db42251d675da83286b1cce702) (ScriptedImporter) -> (artifact id: 'eb701734d7e6dc3c879e75a70746037e') in 0.0056951 seconds
Number of updated asset objects reloaded before import = 0Number of asset objects unloaded after import = 0

========================================================================
Received Import Request.
  Time since last request: 0.000029 seconds.
  path: Assets/Minifantasy_NPCs_Assets/Generic_NPCs/Walk/Body/ShoulderPads/Minifantasy_NPCsWalk_ShoulderPads_whiteleather.png
  artifactKey: Guid(7bd1165d4b35d9949b521cbc1c8030e3) Importer(2089858483,192608db42251d675da83286b1cce702)
Start importing Assets/Minifantasy_NPCs_Assets/Generic_NPCs/Walk/Body/ShoulderPads/Minifantasy_NPCsWalk_ShoulderPads_whiteleather.png using Guid(7bd1165d4b35d9949b521cbc1c8030e3) Importer(2089858483,192608db42251d675da83286b1cce702) (ScriptedImporter) -> (artifact id: '26f86c4f93c5cad7c289b392abb09b7d') in 0.0157347 seconds
Number of updated asset objects reloaded before import = 0Number of asset objects unloaded after import = 3

========================================================================
Received Import Request.
  Time since last request: 0.000018 seconds.
  path: Assets/Minifantasy_NPCs_Assets/Generic_NPCs/Walk/_Characters/Human/Minifantasy_NPCsWalk_Human_paleskin.png
  artifactKey: Guid(4855d8ebfe84c4f4d8f9839138c3bbd4) Importer(2089858483,192608db42251d675da83286b1cce702)
Start importing Assets/Minifantasy_NPCs_Assets/Generic_NPCs/Walk/_Characters/Human/Minifantasy_NPCsWalk_Human_paleskin.png using Guid(4855d8ebfe84c4f4d8f9839138c3bbd4) Importer(2089858483,192608db42251d675da83286b1cce702) (ScriptedImporter) -> (artifact id: 'f170d98661bd4c1817e15c32278e3d9d') in 0.0704731 seconds
Number of updated asset objects reloaded before import = 0Number of asset objects unloaded after import = 18

========================================================================
Received Import Request.
  Time since last request: 0.000030 seconds.
  path: Assets/Art/MINIFANTASY - Crafting and Professions I/Sprites/Crafting Professions/Jewelry/Character/Orc_JewelryWorkshopWorking.png
  artifactKey: Guid(d6d293d67e1db4341830b3e9d4814455) Importer(2089858483,192608db42251d675da83286b1cce702)
Start importing Assets/Art/MINIFANTASY - Crafting and Professions I/Sprites/Crafting Professions/Jewelry/Character/Orc_JewelryWorkshopWorking.png using Guid(d6d293d67e1db4341830b3e9d4814455) Importer(2089858483,192608db42251d675da83286b1cce702) (ScriptedImporter) -> (artifact id: 'f1a96ae61d460d9f3a6df466e20272e1') in 0.0400497 seconds
Number of updated asset objects reloaded before import = 0Number of asset objects unloaded after import = 13

========================================================================
Received Import Request.
  Time since last request: 0.000022 seconds.
  path: Assets/Art/MINIFANTASY - Crafting and Professions I/Sprites/Barbarian/Special_Animations/Thunder_Blade_Attack/Barbarian_ThunderBlade.png
  artifactKey: Guid(60327e91910e3474ab73556f076e8372) Importer(2089858483,192608db42251d675da83286b1cce702)
Start importing Assets/Art/MINIFANTASY - Crafting and Professions I/Sprites/Barbarian/Special_Animations/Thunder_Blade_Attack/Barbarian_ThunderBlade.png using Guid(60327e91910e3474ab73556f076e8372) Importer(2089858483,192608db42251d675da83286b1cce702) (ScriptedImporter) -> (artifact id: 'b6b4199c2f3b4f90f102f8725dbcfee9') in 0.1725185 seconds
Number of updated asset objects reloaded before import = 0Number of asset objects unloaded after import = 70

========================================================================
Received Import Request.
  Time since last request: 0.000033 seconds.
  path: Assets/Art/MINIFANTASY - Crafting and Professions I/Sprites/Barbarian/Special_Animations/Thunder_Blade_Attack/Barbarian_ThunderBladeProjectilesFrame3.png
  artifactKey: Guid(fcb53ffb88c798f43a4e83b8cfec5e3e) Importer(2089858483,192608db42251d675da83286b1cce702)
Start importing Assets/Art/MINIFANTASY - Crafting and Professions I/Sprites/Barbarian/Special_Animations/Thunder_Blade_Attack/Barbarian_ThunderBladeProjectilesFrame3.png using Guid(fcb53ffb88c798f43a4e83b8cfec5e3e) Importer(2089858483,192608db42251d675da83286b1cce702) (ScriptedImporter) -> (artifact id: 'd6ed4d7e0cade9cdfcb130edfcb0ca83') in 0.0456967 seconds
Number of updated asset objects reloaded before import = 0Number of asset objects unloaded after import = 11

========================================================================
Received Import Request.
  Time since last request: 0.000018 seconds.
  path: Assets/Art/MINIFANTASY - Crafting and Professions I/Sprites/Crafting Professions/Alchemy/Characters/Halfling_LaboratoryWorking.png
  artifactKey: Guid(ea3eb950de74a1241941e115e5fb3825) Importer(2089858483,192608db42251d675da83286b1cce702)
Start importing Assets/Art/MINIFANTASY - Crafting and Professions I/Sprites/Crafting Professions/Alchemy/Characters/Halfling_LaboratoryWorking.png using Guid(ea3eb950de74a1241941e115e5fb3825) Importer(2089858483,192608db42251d675da83286b1cce702) (ScriptedImporter) -> (artifact id: 'b55bb9727f7efa30cf12332bd689ba6c') in 0.0383369 seconds
Number of updated asset objects reloaded before import = 0Number of asset objects unloaded after import = 13

========================================================================
Received Import Request.
  Time since last request: 0.000019 seconds.
  path: Assets/Art/MINIFANTASY - Crafting and Professions I/Animations/Props/Trees/Oak/OakTree_Hit_SE.anim
  artifactKey: Guid(5d92c626fdc42cb4db38b340ad3afc31) Importer(2089858483,192608db42251d675da83286b1cce702)
Start importing Assets/Art/MINIFANTASY - Crafting and Professions I/Animations/Props/Trees/Oak/OakTree_Hit_SE.anim using Guid(5d92c626fdc42cb4db38b340ad3afc31) Importer(2089858483,192608db42251d675da83286b1cce702) (ScriptedImporter) -> (artifact id: 'ec5f9328a4a6e9531ed1f8229637e5c1') in 0.0068054 seconds
Number of updated asset objects reloaded before import = 0Number of asset objects unloaded after import = 1

========================================================================
Received Import Request.
  Time since last request: 0.000029 seconds.
  path: Assets/Minifantasy_NPCs_Assets/Generic_NPCs/Walk/Body/Trousers/Minifantasy_NPCsWalk_Trousers_yellow.png
  artifactKey: Guid(09d13f872a56b3b408256540862b6e87) Importer(2089858483,192608db42251d675da83286b1cce702)
Start importing Assets/Minifantasy_NPCs_Assets/Generic_NPCs/Walk/Body/Trousers/Minifantasy_NPCsWalk_Trousers_yellow.png using Guid(09d13f872a56b3b408256540862b6e87) Importer(2089858483,192608db42251d675da83286b1cce702) (ScriptedImporter) -> (artifact id: '148336221b16245f1a0c337768154188') in 0.0159306 seconds
Number of updated asset objects reloaded before import = 0Number of asset objects unloaded after import = 3

========================================================================
Received Import Request.
  Time since last request: 0.000020 seconds.
  path: Assets/Minifantasy_NPCs_Assets/Generic_NPCs/Walk/Body/ShoulderPads/Minifantasy_NPCsWalk_ShoulderPads_yellow.png
  artifactKey: Guid(9df7ddf0a77e26948af6dca04d7040a9) Importer(2089858483,192608db42251d675da83286b1cce702)
Start importing Assets/Minifantasy_NPCs_Assets/Generic_NPCs/Walk/Body/ShoulderPads/Minifantasy_NPCsWalk_ShoulderPads_yellow.png using Guid(9df7ddf0a77e26948af6dca04d7040a9) Importer(2089858483,192608db42251d675da83286b1cce702) (ScriptedImporter) -> (artifact id: '24e58098e6bba8074e33a3209dbe637c') in 0.0193552 seconds
Number of updated asset objects reloaded before import = 0Number of asset objects unloaded after import = 3

========================================================================
Received Import Request.
  Time since last request: 0.000024 seconds.
  path: Assets/Minifantasy_NPCs_Assets/Generic_NPCs/Walk/Body/Trousers/Minifantasy_NPCsWalk_Trousers_blue.png
  artifactKey: Guid(71fff4952371a684ab71176439e809d5) Importer(2089858483,192608db42251d675da83286b1cce702)
Start importing Assets/Minifantasy_NPCs_Assets/Generic_NPCs/Walk/Body/Trousers/Minifantasy_NPCsWalk_Trousers_blue.png using Guid(71fff4952371a684ab71176439e809d5) Importer(2089858483,192608db42251d675da83286b1cce702) (ScriptedImporter) -> (artifact id: '23bc6fc9accb5e7529c7cc164f6ec44d') in 0.0334693 seconds
Number of updated asset objects reloaded before import = 0Number of asset objects unloaded after import = 3

========================================================================
Received Import Request.
  Time since last request: 0.000019 seconds.
  path: Assets/Minifantasy_NPCs_Assets/Generic_NPCs/Walk/Body/Togas/Minifantasy_NPCsWalk_Toga_blackleather.png
  artifactKey: Guid(754f93c30e51ba8488f1a7efcfd4cd33) Importer(2089858483,192608db42251d675da83286b1cce702)
Start importing Assets/Minifantasy_NPCs_Assets/Generic_NPCs/Walk/Body/Togas/Minifantasy_NPCsWalk_Toga_blackleather.png using Guid(754f93c30e51ba8488f1a7efcfd4cd33) Importer(2089858483,192608db42251d675da83286b1cce702) (ScriptedImporter) -> (artifact id: '26e5e1dab121bc9e33f74548d96af340') in 0.036985 seconds
Number of updated asset objects reloaded before import = 0Number of asset objects unloaded after import = 3

========================================================================
Received Import Request.
  Time since last request: 0.000018 seconds.
  path: Assets/Minifantasy_NPCs_Assets/Generic_NPCs/Walk/Body/Togas/Minifantasy_NPCsWalk_Toga_whiteleather.png
  artifactKey: Guid(a5195bbf1479baf4c8c13ece4ce60539) Importer(2089858483,192608db42251d675da83286b1cce702)
Start importing Assets/Minifantasy_NPCs_Assets/Generic_NPCs/Walk/Body/Togas/Minifantasy_NPCsWalk_Toga_whiteleather.png using Guid(a5195bbf1479baf4c8c13ece4ce60539) Importer(2089858483,192608db42251d675da83286b1cce702) (ScriptedImporter) -> (artifact id: '77592b2786786703202a398c4b233055') in 0.0241907 seconds
Number of updated asset objects reloaded before import = 0Number of asset objects unloaded after import = 3

========================================================================
Received Import Request.
  Time since last request: 0.000023 seconds.
  path: Assets/Minifantasy_NPCs_Assets/Generic_NPCs/Walk/_Characters/Orc/Minifantasy_NPCsWalk_Orc_darkgreenskin.png
  artifactKey: Guid(ff3e7a669405bf54b80be7c1c5a4a28c) Importer(2089858483,192608db42251d675da83286b1cce702)
Start importing Assets/Minifantasy_NPCs_Assets/Generic_NPCs/Walk/_Characters/Orc/Minifantasy_NPCsWalk_Orc_darkgreenskin.png using Guid(ff3e7a669405bf54b80be7c1c5a4a28c) Importer(2089858483,192608db42251d675da83286b1cce702) (ScriptedImporter) -> (artifact id: 'c36adc172b6bbd7d500fd31b735c610a') in 0.051446 seconds
Number of updated asset objects reloaded before import = 0Number of asset objects unloaded after import = 18

========================================================================
Received Import Request.
  Time since last request: 0.000035 seconds.
  path: Assets/Minifantasy_NPCs_Assets/Generic_NPCs/Idle/Body/ShoulderPads/Minifantasy_NPCsIdle_ShoulderPads_red.png
  artifactKey: Guid(67e65555023cf514197ad427153bc303) Importer(2089858483,192608db42251d675da83286b1cce702)
Start importing Assets/Minifantasy_NPCs_Assets/Generic_NPCs/Idle/Body/ShoulderPads/Minifantasy_NPCsIdle_ShoulderPads_red.png using Guid(67e65555023cf514197ad427153bc303) Importer(2089858483,192608db42251d675da83286b1cce702) (ScriptedImporter) -> (artifact id: 'c2e60f52502003b9e1acdac8c5bf8f32') in 0.0217308 seconds
Number of updated asset objects reloaded before import = 0Number of asset objects unloaded after import = 3

========================================================================
Received Import Request.
  Time since last request: 0.000020 seconds.
  path: Assets/Minifantasy_NPCs_Assets/Generic_NPCs/Walk/Body/Togas/Minifantasy_NPCsWalk_Toga_yellow.png
  artifactKey: Guid(53d07e3d4a9193d4bbb4f7b7b515b3e7) Importer(2089858483,192608db42251d675da83286b1cce702)
Start importing Assets/Minifantasy_NPCs_Assets/Generic_NPCs/Walk/Body/Togas/Minifantasy_NPCsWalk_Toga_yellow.png using Guid(53d07e3d4a9193d4bbb4f7b7b515b3e7) Importer(2089858483,192608db42251d675da83286b1cce702) (ScriptedImporter) -> (artifact id: 'def79bfa981da1a97400744cb0613b89') in 0.0252643 seconds
Number of updated asset objects reloaded before import = 0Number of asset objects unloaded after import = 3

========================================================================
Received Import Request.
  Time since last request: 0.000018 seconds.
  path: Assets/Minifantasy_NPCs_Assets/Generic_NPCs/Idle/Body/Jacket/Minifantasy_NPCsIdle_Jacket_turquoise.png
  artifactKey: Guid(2a4bc30341b7e9847846b9e5cc5a0557) Importer(2089858483,192608db42251d675da83286b1cce702)
Start importing Assets/Minifantasy_NPCs_Assets/Generic_NPCs/Idle/Body/Jacket/Minifantasy_NPCsIdle_Jacket_turquoise.png using Guid(2a4bc30341b7e9847846b9e5cc5a0557) Importer(2089858483,192608db42251d675da83286b1cce702) (ScriptedImporter) -> (artifact id: 'f75283df0dc7463977721adf445cd4b9') in 0.0271673 seconds
Number of updated asset objects reloaded before import = 0Number of asset objects unloaded after import = 3

========================================================================
Received Import Request.
  Time since last request: 0.000025 seconds.
  path: Assets/Minifantasy_NPCs_Assets/Generic_NPCs/Dmg/Body/Trousers/Minifantasy_NPCsDmg_Trousers_white.png
  artifactKey: Guid(4b3e1b7812a9caf4eb945831c2e81ebd) Importer(2089858483,192608db42251d675da83286b1cce702)
Start importing Assets/Minifantasy_NPCs_Assets/Generic_NPCs/Dmg/Body/Trousers/Minifantasy_NPCsDmg_Trousers_white.png using Guid(4b3e1b7812a9caf4eb945831c2e81ebd) Importer(2089858483,192608db42251d675da83286b1cce702) (ScriptedImporter) -> (artifact id: 'fec7cdff649bfed962d97d650715886b') in 0.0203794 seconds
Number of updated asset objects reloaded before import = 0Number of asset objects unloaded after import = 3

========================================================================
Received Import Request.
  Time since last request: 0.000036 seconds.
  path: Assets/Art/MINIFANTASY - Crafting and Professions I/Sprites/Crafting Professions/Jewelry/Character/Halfling_JewelryWorkshopWorking.png
  artifactKey: Guid(aaf5bb668d8d6a8409e413c915631483) Importer(2089858483,192608db42251d675da83286b1cce702)
Start importing Assets/Art/MINIFANTASY - Crafting and Professions I/Sprites/Crafting Professions/Jewelry/Character/Halfling_JewelryWorkshopWorking.png using Guid(aaf5bb668d8d6a8409e413c915631483) Importer(2089858483,192608db42251d675da83286b1cce702) (ScriptedImporter) -> (artifact id: '8c4d58803bea31934323a74349ceaa85') in 0.045911 seconds
Number of updated asset objects reloaded before import = 0Number of asset objects unloaded after import = 13

========================================================================
Received Import Request.
  Time since last request: 0.000018 seconds.
  path: Assets/Art/MINIFANTASY - Crafting and Professions I/Sprites/Barbarian/General_Animations/GIFs/Barbarian_Jump.gif
  artifactKey: Guid(8035aa66384d446458352d80964ec1d9) Importer(2089858483,192608db42251d675da83286b1cce702)
Start importing Assets/Art/MINIFANTASY - Crafting and Professions I/Sprites/Barbarian/General_Animations/GIFs/Barbarian_Jump.gif using Guid(8035aa66384d446458352d80964ec1d9) Importer(2089858483,192608db42251d675da83286b1cce702) (ScriptedImporter) -> (artifact id: '54bc59ea2da7e148652feee92224f1e2') in 0.0181196 seconds
Number of updated asset objects reloaded before import = 0Number of asset objects unloaded after import = 3

========================================================================
Received Import Request.
  Time since last request: 0.000022 seconds.
  path: Assets/Art/MINIFANTASY - Crafting and Professions I/Sprites/Crafting Professions/Blacksmith/Furnace/FurnaceWorkingShadows.png
  artifactKey: Guid(c19f1201dc8bb2640a3c0f830635655c) Importer(2089858483,192608db42251d675da83286b1cce702)
Start importing Assets/Art/MINIFANTASY - Crafting and Professions I/Sprites/Crafting Professions/Blacksmith/Furnace/FurnaceWorkingShadows.png using Guid(c19f1201dc8bb2640a3c0f830635655c) Importer(2089858483,192608db42251d675da83286b1cce702) (ScriptedImporter) -> (artifact id: '9e9f8928c604673d77de882b3ec88af5') in 0.0303032 seconds
Number of updated asset objects reloaded before import = 0Number of asset objects unloaded after import = 10

========================================================================
Received Import Request.
  Time since last request: 0.000021 seconds.
  path: Assets/Minifantasy_NPCs_Assets/Generic_NPCs/Walk/Body/Jacket/Minifantasy_NPCsWalk_Jacket_white.png
  artifactKey: Guid(16d41f0a18d18d5469b918e88564f132) Importer(2089858483,192608db42251d675da83286b1cce702)
Start importing Assets/Minifantasy_NPCs_Assets/Generic_NPCs/Walk/Body/Jacket/Minifantasy_NPCsWalk_Jacket_white.png using Guid(16d41f0a18d18d5469b918e88564f132) Importer(2089858483,192608db42251d675da83286b1cce702) (ScriptedImporter) -> (artifact id: '222de703348dad967d5c2a20531df10e') in 0.0218509 seconds
Number of updated asset objects reloaded before import = 0Number of asset objects unloaded after import = 3

========================================================================
Received Import Request.
  Time since last request: 0.000032 seconds.
  path: Assets/Minifantasy_NPCs_Assets/Generic_NPCs/Walk/Body/Togas/Minifantasy_NPCsWalk_Toga_grey.png
  artifactKey: Guid(73bf827d48c960b44b801e333246093b) Importer(2089858483,192608db42251d675da83286b1cce702)
Start importing Assets/Minifantasy_NPCs_Assets/Generic_NPCs/Walk/Body/Togas/Minifantasy_NPCsWalk_Toga_grey.png using Guid(73bf827d48c960b44b801e333246093b) Importer(2089858483,192608db42251d675da83286b1cce702) (ScriptedImporter) -> (artifact id: '16b70bef974c2c256cdb3bf44f6b2453') in 0.0157072 seconds
Number of updated asset objects reloaded before import = 0Number of asset objects unloaded after import = 3

========================================================================
Received Import Request.
  Time since last request: 0.000014 seconds.
  path: Assets/Art/MINIFANTASY - Crafting and Professions I/Sprites/Gathering Professions/Logging/Characters/Goblin_Chopping.png
  artifactKey: Guid(eae5c9c7f850e0c4f99ac4d6417d1313) Importer(2089858483,192608db42251d675da83286b1cce702)
Start importing Assets/Art/MINIFANTASY - Crafting and Professions I/Sprites/Gathering Professions/Logging/Characters/Goblin_Chopping.png using Guid(eae5c9c7f850e0c4f99ac4d6417d1313) Importer(2089858483,192608db42251d675da83286b1cce702) (ScriptedImporter) -> (artifact id: '5f47c21d0c6e36c8acfc379c705f03d7') in 0.0629408 seconds
Number of updated asset objects reloaded before import = 0Number of asset objects unloaded after import = 26

========================================================================
Received Import Request.
  Time since last request: 0.000027 seconds.
  path: Assets/Art/MINIFANTASY - Crafting and Professions I/Sprites/Druid/Special_Animations/Root_Summoning/Druid_RootSummoning.png
  artifactKey: Guid(4733faf1dad64e44189a6505c9c175fa) Importer(2089858483,192608db42251d675da83286b1cce702)
Start importing Assets/Art/MINIFANTASY - Crafting and Professions I/Sprites/Druid/Special_Animations/Root_Summoning/Druid_RootSummoning.png using Guid(4733faf1dad64e44189a6505c9c175fa) Importer(2089858483,192608db42251d675da83286b1cce702) (ScriptedImporter) -> (artifact id: '42a81ccf7e7e76e211a20b6acaa57b9b') in 0.0849907 seconds
Number of updated asset objects reloaded before import = 0Number of asset objects unloaded after import = 30

========================================================================
Received Import Request.
  Time since last request: 0.000024 seconds.
  path: Assets/Art/MINIFANTASY Creatures - Super Low Res 2D Pixel Art by Krishna Palacio/Animations/Big_Guys/Mother_Slime/Blue/BlueMotherSlimeJumpAttack_NW.anim
  artifactKey: Guid(5a27b31bd2eae6b4e9a15dbdf37cd68d) Importer(2089858483,192608db42251d675da83286b1cce702)
Start importing Assets/Art/MINIFANTASY Creatures - Super Low Res 2D Pixel Art by Krishna Palacio/Animations/Big_Guys/Mother_Slime/Blue/BlueMotherSlimeJumpAttack_NW.anim using Guid(5a27b31bd2eae6b4e9a15dbdf37cd68d) Importer(2089858483,192608db42251d675da83286b1cce702) (ScriptedImporter) -> (artifact id: '324fd809d8252832a8231696950f08c8') in 0.0095527 seconds
Number of updated asset objects reloaded before import = 0Number of asset objects unloaded after import = 1

========================================================================
Received Import Request.
  Time since last request: 0.000030 seconds.
  path: Assets/Art/MINIFANTASY - Crafting and Professions I/Sprites/Gathering Professions/Harvesting/Characters/Human_Harvest.png
  artifactKey: Guid(5a640ce7793c92f41befd2ebedea9923) Importer(2089858483,192608db42251d675da83286b1cce702)
Start importing Assets/Art/MINIFANTASY - Crafting and Professions I/Sprites/Gathering Professions/Harvesting/Characters/Human_Harvest.png using Guid(5a640ce7793c92f41befd2ebedea9923) Importer(2089858483,192608db42251d675da83286b1cce702) (ScriptedImporter) -> (artifact id: '8ba9a18b065204f6c56969d427917b52') in 0.0713965 seconds
Number of updated asset objects reloaded before import = 0Number of asset objects unloaded after import = 26

========================================================================
Received Import Request.
  Time since last request: 0.000018 seconds.
  path: Assets/Art/MINIFANTASY - Crafting and Professions I/Sprites/Druid/General_Animations/Gifs/Druid_Walk.gif
  artifactKey: Guid(0d36d17108d89bd40a65b3fc4cd5fd2e) Importer(2089858483,192608db42251d675da83286b1cce702)
Start importing Assets/Art/MINIFANTASY - Crafting and Professions I/Sprites/Druid/General_Animations/Gifs/Druid_Walk.gif using Guid(0d36d17108d89bd40a65b3fc4cd5fd2e) Importer(2089858483,192608db42251d675da83286b1cce702) (ScriptedImporter) -> (artifact id: '0f5e94fcb1b973d5a57983d3c190a9a0') in 0.0163934 seconds
Number of updated asset objects reloaded before import = 0Number of asset objects unloaded after import = 3

========================================================================
Received Import Request.
  Time since last request: 0.000019 seconds.
  path: Assets/Art/MINIFANTASY - Crafting and Professions I/Sprites/Gathering Professions/Mining/Characters/Halfling_Mining.png
  artifactKey: Guid(a68b8570799e9c54c9104afa7c88890e) Importer(2089858483,192608db42251d675da83286b1cce702)
Start importing Assets/Art/MINIFANTASY - Crafting and Professions I/Sprites/Gathering Professions/Mining/Characters/Halfling_Mining.png using Guid(a68b8570799e9c54c9104afa7c88890e) Importer(2089858483,192608db42251d675da83286b1cce702) (ScriptedImporter) -> (artifact id: '10267be9209fd755ccb61705fe1a8320') in 0.0780415 seconds
Number of updated asset objects reloaded before import = 0Number of asset objects unloaded after import = 26

========================================================================
Received Import Request.
  Time since last request: 0.000021 seconds.
  path: Assets/Art/MINIFANTASY Creatures - Super Low Res 2D Pixel Art by Krishna Palacio/Animations/Big_Guys/Mother_Slime/Green/MotherSlimeGreenIdle_NE.anim
  artifactKey: Guid(259d55ca0318d8d4dbe1538a62ceca94) Importer(2089858483,192608db42251d675da83286b1cce702)
Start importing Assets/Art/MINIFANTASY Creatures - Super Low Res 2D Pixel Art by Krishna Palacio/Animations/Big_Guys/Mother_Slime/Green/MotherSlimeGreenIdle_NE.anim using Guid(259d55ca0318d8d4dbe1538a62ceca94) Importer(2089858483,192608db42251d675da83286b1cce702) (ScriptedImporter) -> (artifact id: '6515fabec36aa5d1d0035c6480fea5e9') in 0.0079479 seconds
Number of updated asset objects reloaded before import = 0Number of asset objects unloaded after import = 1

========================================================================
Received Import Request.
  Time since last request: 0.000068 seconds.
  path: Assets/Art/MINIFANTASY Creatures - Super Low Res 2D Pixel Art by Krishna Palacio/Animations/Humanoids/Dwarf/Dwarf/DwarfAttack_SE.anim
  artifactKey: Guid(7017c296bc314e44f873be4208b73c81) Importer(2089858483,192608db42251d675da83286b1cce702)
Start importing Assets/Art/MINIFANTASY Creatures - Super Low Res 2D Pixel Art by Krishna Palacio/Animations/Humanoids/Dwarf/Dwarf/DwarfAttack_SE.anim using Guid(7017c296bc314e44f873be4208b73c81) Importer(2089858483,192608db42251d675da83286b1cce702) (ScriptedImporter) -> (artifact id: 'd9b5309c8629c61660296716335931cc') in 0.0068807 seconds
Number of updated asset objects reloaded before import = 0Number of asset objects unloaded after import = 1

========================================================================
Received Import Request.
  Time since last request: 0.000017 seconds.
  path: Assets/Art/MINIFANTASY - Crafting and Professions I/Sprites/Rogue/Special_Animations/Throw Bomb/Rogue_BombProjectileFrame2.png
  artifactKey: Guid(0007817d027cd7d4586c9045eae269b4) Importer(2089858483,192608db42251d675da83286b1cce702)
Start importing Assets/Art/MINIFANTASY - Crafting and Professions I/Sprites/Rogue/Special_Animations/Throw Bomb/Rogue_BombProjectileFrame2.png using Guid(0007817d027cd7d4586c9045eae269b4) Importer(2089858483,192608db42251d675da83286b1cce702) (ScriptedImporter) -> (artifact id: 'bc1c777746653f5f44b675f0a44fd277') in 0.0286185 seconds
Number of updated asset objects reloaded before import = 0Number of asset objects unloaded after import = 11

========================================================================
Received Import Request.
  Time since last request: 0.000018 seconds.
  path: Assets/Art/MINIFANTASY Creatures - Super Low Res 2D Pixel Art by Krishna Palacio/Animations/Big_Guys/Mother_Slime/Green/MotherSlimeGreenJumpAttack_NE.anim
  artifactKey: Guid(5a0b9438760204e43a342eceb44820f4) Importer(2089858483,192608db42251d675da83286b1cce702)
Start importing Assets/Art/MINIFANTASY Creatures - Super Low Res 2D Pixel Art by Krishna Palacio/Animations/Big_Guys/Mother_Slime/Green/MotherSlimeGreenJumpAttack_NE.anim using Guid(5a0b9438760204e43a342eceb44820f4) Importer(2089858483,192608db42251d675da83286b1cce702) (ScriptedImporter) -> (artifact id: '9347045138b26b5cd1471e13acd08900') in 0.0086232 seconds
Number of updated asset objects reloaded before import = 0Number of asset objects unloaded after import = 1

========================================================================
Received Import Request.
  Time since last request: 0.000028 seconds.
  path: Assets/Art/MINIFANTASY - Crafting and Professions I/Sprites/Gathering Professions/Logging/Characters/DwarfShadow_Chopping.png
  artifactKey: Guid(cf326a366be813843a7f32a0cb58c4c5) Importer(2089858483,192608db42251d675da83286b1cce702)
Start importing Assets/Art/MINIFANTASY - Crafting and Professions I/Sprites/Gathering Professions/Logging/Characters/DwarfShadow_Chopping.png using Guid(cf326a366be813843a7f32a0cb58c4c5) Importer(2089858483,192608db42251d675da83286b1cce702) (ScriptedImporter) -> (artifact id: 'b9bf7353b71a0da7afeb63250beaa074') in 0.0807534 seconds
Number of updated asset objects reloaded before import = 0Number of asset objects unloaded after import = 26

========================================================================
Received Import Request.
  Time since last request: 0.000022 seconds.
  path: Assets/Art/MINIFANTASY Creatures - Super Low Res 2D Pixel Art by Krishna Palacio/Animations/Big_Guys/Mother_Slime/Green/MotherSlimeGreenIdle_SE.anim
  artifactKey: Guid(45668617ced23784985b7863e49243c2) Importer(2089858483,192608db42251d675da83286b1cce702)
Start importing Assets/Art/MINIFANTASY Creatures - Super Low Res 2D Pixel Art by Krishna Palacio/Animations/Big_Guys/Mother_Slime/Green/MotherSlimeGreenIdle_SE.anim using Guid(45668617ced23784985b7863e49243c2) Importer(2089858483,192608db42251d675da83286b1cce702) (ScriptedImporter) -> (artifact id: '6964b3a7e6d7f1d54f6fc0b05d807941') in 0.0077045 seconds
Number of updated asset objects reloaded before import = 0Number of asset objects unloaded after import = 1

========================================================================
Received Import Request.
  Time since last request: 0.000027 seconds.
  path: Assets/Art/MINIFANTASY - Crafting and Professions I/Sprites/Rogue/General_Animations/Shadows/Rogue_JumpShadow.png
  artifactKey: Guid(9a5af5d4b953d7a469c7f79e3bba9058) Importer(2089858483,192608db42251d675da83286b1cce702)
Start importing Assets/Art/MINIFANTASY - Crafting and Professions I/Sprites/Rogue/General_Animations/Shadows/Rogue_JumpShadow.png using Guid(9a5af5d4b953d7a469c7f79e3bba9058) Importer(2089858483,192608db42251d675da83286b1cce702) (ScriptedImporter) -> (artifact id: 'e0845ff959961b0e9002c00799f1b7da') in 0.0405558 seconds
Number of updated asset objects reloaded before import = 0Number of asset objects unloaded after import = 18

========================================================================
Received Import Request.
  Time since last request: 0.000021 seconds.
  path: Assets/Art/MINIFANTASY - Crafting and Professions I/Sprites/Rogue/General_Animations/Shadows/Rogue_AttackShadow.png
  artifactKey: Guid(2530c3f50ed160049906445b01859cc7) Importer(2089858483,192608db42251d675da83286b1cce702)
Start importing Assets/Art/MINIFANTASY - Crafting and Professions I/Sprites/Rogue/General_Animations/Shadows/Rogue_AttackShadow.png using Guid(2530c3f50ed160049906445b01859cc7) Importer(2089858483,192608db42251d675da83286b1cce702) (ScriptedImporter) -> (artifact id: 'ec20fb2ba654ed3099302353f1398050') in 0.0453513 seconds
Number of updated asset objects reloaded before import = 0Number of asset objects unloaded after import = 18

========================================================================
Received Import Request.
  Time since last request: 0.000020 seconds.
  path: Assets/Art/MINIFANTASY Creatures - Super Low Res 2D Pixel Art by Krishna Palacio/Animations/Big_Guys/Mother_Slime/Blue/BlueMotherSlimeDmg_SW.anim
  artifactKey: Guid(df336702cddb5b14c91242877d4cccb8) Importer(2089858483,192608db42251d675da83286b1cce702)
Start importing Assets/Art/MINIFANTASY Creatures - Super Low Res 2D Pixel Art by Krishna Palacio/Animations/Big_Guys/Mother_Slime/Blue/BlueMotherSlimeDmg_SW.anim using Guid(df336702cddb5b14c91242877d4cccb8) Importer(2089858483,192608db42251d675da83286b1cce702) (ScriptedImporter) -> (artifact id: '282be6785d5eabd3ed86772f85206034') in 0.007048 seconds
Number of updated asset objects reloaded before import = 0Number of asset objects unloaded after import = 1

========================================================================
Received Import Request.
  Time since last request: 0.000020 seconds.
  path: Assets/Art/MINIFANTASY Creatures - Super Low Res 2D Pixel Art by Krishna Palacio/Animations/Big_Guys/Mother_Slime/Green/MotherSlimeGreenDie.anim
  artifactKey: Guid(122146d3fb4a14248a2c56fb50a52fb2) Importer(2089858483,192608db42251d675da83286b1cce702)
Start importing Assets/Art/MINIFANTASY Creatures - Super Low Res 2D Pixel Art by Krishna Palacio/Animations/Big_Guys/Mother_Slime/Green/MotherSlimeGreenDie.anim using Guid(122146d3fb4a14248a2c56fb50a52fb2) Importer(2089858483,192608db42251d675da83286b1cce702) (ScriptedImporter) -> (artifact id: '059a585c228f69691acc631ed9e892fe') in 0.0078504 seconds
Number of updated asset objects reloaded before import = 0Number of asset objects unloaded after import = 1

========================================================================
Received Import Request.
  Time since last request: 0.000026 seconds.
  path: Assets/Art/MINIFANTASY - Crafting and Professions I/Sprites/Gathering Professions/Mining/Characters/DwarfShadow_Mining.png
  artifactKey: Guid(50af720a39d029f4e89441b82086f665) Importer(2089858483,192608db42251d675da83286b1cce702)
Start importing Assets/Art/MINIFANTASY - Crafting and Professions I/Sprites/Gathering Professions/Mining/Characters/DwarfShadow_Mining.png using Guid(50af720a39d029f4e89441b82086f665) Importer(2089858483,192608db42251d675da83286b1cce702) (ScriptedImporter) -> (artifact id: 'dfe79579e0fd60b1d2940d3fad487526') in 0.0915899 seconds
Number of updated asset objects reloaded before import = 0Number of asset objects unloaded after import = 26

========================================================================
Received Import Request.
  Time since last request: 0.000034 seconds.
  path: Assets/Art/MINIFANTASY - Crafting and Professions I/Sprites/Druid/General_Animations/Shadows/Druid_IdleShadow.png
  artifactKey: Guid(4b1c3c4cbee4d034abac0fd7110b5408) Importer(2089858483,192608db42251d675da83286b1cce702)
Start importing Assets/Art/MINIFANTASY - Crafting and Professions I/Sprites/Druid/General_Animations/Shadows/Druid_IdleShadow.png using Guid(4b1c3c4cbee4d034abac0fd7110b5408) Importer(2089858483,192608db42251d675da83286b1cce702) (ScriptedImporter) -> (artifact id: 'edf69399a6a850228e20394047b200ca') in 0.2017371 seconds
Number of updated asset objects reloaded before import = 0Number of asset objects unloaded after import = 66

========================================================================
Received Import Request.
  Time since last request: 0.000024 seconds.
  path: Assets/Minifantasy_NPCs_Assets/Generic_NPCs/Walk/_Characters/Elf/Minifantasy_NPCsWalk_Elf_tourmalineskin.png
  artifactKey: Guid(5c5ee266e6c7ddc419a810fefd2d81a8) Importer(2089858483,192608db42251d675da83286b1cce702)
Start importing Assets/Minifantasy_NPCs_Assets/Generic_NPCs/Walk/_Characters/Elf/Minifantasy_NPCsWalk_Elf_tourmalineskin.png using Guid(5c5ee266e6c7ddc419a810fefd2d81a8) Importer(2089858483,192608db42251d675da83286b1cce702) (ScriptedImporter) -> (artifact id: '77b859c86709efe10663dc4e14ea3e5c') in 0.0676114 seconds
Number of updated asset objects reloaded before import = 0Number of asset objects unloaded after import = 18

========================================================================
Received Import Request.
  Time since last request: 0.000032 seconds.
  path: Assets/Art/MINIFANTASY - Crafting and Professions I/Sprites/Crafting Professions/Alchemy/Characters/Elf_LaboratoryWorking.png
  artifactKey: Guid(84a4f53ec0e0c3b4cb102a5e9c1091d7) Importer(2089858483,192608db42251d675da83286b1cce702)
Start importing Assets/Art/MINIFANTASY - Crafting and Professions I/Sprites/Crafting Professions/Alchemy/Characters/Elf_LaboratoryWorking.png using Guid(84a4f53ec0e0c3b4cb102a5e9c1091d7) Importer(2089858483,192608db42251d675da83286b1cce702) (ScriptedImporter) -> (artifact id: '6fed2f1b5c17f7181e2c94300b77384d') in 0.0462234 seconds
Number of updated asset objects reloaded before import = 0Number of asset objects unloaded after import = 13

========================================================================
Received Import Request.
  Time since last request: 0.000026 seconds.
  path: Assets/Art/MINIFANTASY Creatures - Super Low Res 2D Pixel Art by Krishna Palacio/Animations/Humanoids/Human/Human/HumanAttack_SE.anim
  artifactKey: Guid(6fafbb7613b92334498c68439d40938c) Importer(2089858483,192608db42251d675da83286b1cce702)
Start importing Assets/Art/MINIFANTASY Creatures - Super Low Res 2D Pixel Art by Krishna Palacio/Animations/Humanoids/Human/Human/HumanAttack_SE.anim using Guid(6fafbb7613b92334498c68439d40938c) Importer(2089858483,192608db42251d675da83286b1cce702) (ScriptedImporter) -> (artifact id: '7203a39ca5407e9324969fa7e276d89f') in 0.0067854 seconds
Number of updated asset objects reloaded before import = 0Number of asset objects unloaded after import = 1

========================================================================
Received Import Request.
  Time since last request: 0.000018 seconds.
  path: Assets/Art/MINIFANTASY Creatures - Super Low Res 2D Pixel Art by Krishna Palacio/Animations/Humanoids/Dwarf/Dwarf_Yellow_Beard/DwarfYellowBearAttack_SW.anim
  artifactKey: Guid(8007c1e70d36b6a4589ba806b503ef17) Importer(2089858483,192608db42251d675da83286b1cce702)
Start importing Assets/Art/MINIFANTASY Creatures - Super Low Res 2D Pixel Art by Krishna Palacio/Animations/Humanoids/Dwarf/Dwarf_Yellow_Beard/DwarfYellowBearAttack_SW.anim using Guid(8007c1e70d36b6a4589ba806b503ef17) Importer(2089858483,192608db42251d675da83286b1cce702) (ScriptedImporter) -> (artifact id: 'a8648b4d11f0bd859a29a089853fdd87') in 0.0077535 seconds
Number of updated asset objects reloaded before import = 0Number of asset objects unloaded after import = 1

========================================================================
Received Import Request.
  Time since last request: 0.000020 seconds.
  path: Assets/Art/MINIFANTASY Creatures - Super Low Res 2D Pixel Art by Krishna Palacio/Animations/Humanoids/Human/Human_Amazon/HumanAmazon_AnimatorOverrideController.overrideController
  artifactKey: Guid(d6fe350f0276e2945bd7b995bee51a1d) Importer(2089858483,192608db42251d675da83286b1cce702)
Start importing Assets/Art/MINIFANTASY Creatures - Super Low Res 2D Pixel Art by Krishna Palacio/Animations/Humanoids/Human/Human_Amazon/HumanAmazon_AnimatorOverrideController.overrideController using Guid(d6fe350f0276e2945bd7b995bee51a1d) Importer(2089858483,192608db42251d675da83286b1cce702) (ScriptedImporter) -> (artifact id: 'c132ba38f3e0e79492bc8e03027427cd') in 0.0385605 seconds
Number of updated asset objects reloaded before import = 0Number of asset objects unloaded after import = 67

========================================================================
Received Import Request.
  Time since last request: 0.000027 seconds.
  path: Assets/Art/MINIFANTASY Creatures - Super Low Res 2D Pixel Art by Krishna Palacio/Animations/Humanoids/Dwarf/Dwarf_Yellow_Beard/DwarfYellowBearWalk_SW.anim
  artifactKey: Guid(646f4e8799b06d14bb8f79d1abdb4727) Importer(2089858483,192608db42251d675da83286b1cce702)
Start importing Assets/Art/MINIFANTASY Creatures - Super Low Res 2D Pixel Art by Krishna Palacio/Animations/Humanoids/Dwarf/Dwarf_Yellow_Beard/DwarfYellowBearWalk_SW.anim using Guid(646f4e8799b06d14bb8f79d1abdb4727) Importer(2089858483,192608db42251d675da83286b1cce702) (ScriptedImporter) -> (artifact id: 'f86448b28dbbdf28fee2b4eb4100cb8f') in 0.0101846 seconds
Number of updated asset objects reloaded before import = 0Number of asset objects unloaded after import = 1

========================================================================
Received Import Request.
  Time since last request: 0.000036 seconds.
  path: Assets/Art/MINIFANTASY Creatures - Super Low Res 2D Pixel Art by Krishna Palacio/Animations/Humanoids/Human/Human/HumanWalk_NW.anim
  artifactKey: Guid(edce0bf870ad8d14dabe169007037dbe) Importer(2089858483,192608db42251d675da83286b1cce702)
Start importing Assets/Art/MINIFANTASY Creatures - Super Low Res 2D Pixel Art by Krishna Palacio/Animations/Humanoids/Human/Human/HumanWalk_NW.anim using Guid(edce0bf870ad8d14dabe169007037dbe) Importer(2089858483,192608db42251d675da83286b1cce702) (ScriptedImporter) -> (artifact id: 'd7e6adabafbeb3546b805968b53ac421') in 0.0112304 seconds
Number of updated asset objects reloaded before import = 0Number of asset objects unloaded after import = 1

========================================================================
Received Import Request.
  Time since last request: 0.000014 seconds.
  path: Assets/Art/MINIFANTASY Creatures - Super Low Res 2D Pixel Art by Krishna Palacio/Animations/Humanoids/Dwarf/Dwarf_Yellow_Beard/DwarfYellowBeardIdle_NE.anim
  artifactKey: Guid(32737e718880296469a3263d1233de05) Importer(2089858483,192608db42251d675da83286b1cce702)
Start importing Assets/Art/MINIFANTASY Creatures - Super Low Res 2D Pixel Art by Krishna Palacio/Animations/Humanoids/Dwarf/Dwarf_Yellow_Beard/DwarfYellowBeardIdle_NE.anim using Guid(32737e718880296469a3263d1233de05) Importer(2089858483,192608db42251d675da83286b1cce702) (ScriptedImporter) -> (artifact id: '71a001b710cdbb7c679ad1aea1a4595a') in 0.0084457 seconds
Number of updated asset objects reloaded before import = 0Number of asset objects unloaded after import = 1

========================================================================
Received Import Request.
  Time since last request: 0.000021 seconds.
  path: Assets/Art/MINIFANTASY Creatures - Super Low Res 2D Pixel Art by Krishna Palacio/Animations/Humanoids/Human/Human_Amazon/AmazonWalk_NE.anim
  artifactKey: Guid(a374d9e0a14dd1b45a57db14cf16c8a0) Importer(2089858483,192608db42251d675da83286b1cce702)
Start importing Assets/Art/MINIFANTASY Creatures - Super Low Res 2D Pixel Art by Krishna Palacio/Animations/Humanoids/Human/Human_Amazon/AmazonWalk_NE.anim using Guid(a374d9e0a14dd1b45a57db14cf16c8a0) Importer(2089858483,192608db42251d675da83286b1cce702) (ScriptedImporter) -> (artifact id: '08d109a058b689035d3cbdef49d06bcf') in 0.0096063 seconds
Number of updated asset objects reloaded before import = 0Number of asset objects unloaded after import = 1

========================================================================
Received Import Request.
  Time since last request: 0.000015 seconds.
  path: Assets/Art/MINIFANTASY Creatures - Super Low Res 2D Pixel Art by Krishna Palacio/Animations/Humanoids/Dwarf/Dwarf_Yellow_Beard/DwarfYellowBearJump_SW.anim
  artifactKey: Guid(9a3c2c00cadb45d46b60ee4399727b77) Importer(2089858483,192608db42251d675da83286b1cce702)
Start importing Assets/Art/MINIFANTASY Creatures - Super Low Res 2D Pixel Art by Krishna Palacio/Animations/Humanoids/Dwarf/Dwarf_Yellow_Beard/DwarfYellowBearJump_SW.anim using Guid(9a3c2c00cadb45d46b60ee4399727b77) Importer(2089858483,192608db42251d675da83286b1cce702) (ScriptedImporter) -> (artifact id: '379bf34b54f5f06ffeaf99d15bb5bc30') in 0.0105014 seconds
Number of updated asset objects reloaded before import = 0Number of asset objects unloaded after import = 1

========================================================================
Received Import Request.
  Time since last request: 0.000017 seconds.
  path: Assets/Art/MINIFANTASY Creatures - Super Low Res 2D Pixel Art by Krishna Palacio/Animations/Humanoids/Human/Human_Amazon/AmazonIdle_NW.anim
  artifactKey: Guid(25e52fe5a72bf1243927749d227971db) Importer(2089858483,192608db42251d675da83286b1cce702)
Start importing Assets/Art/MINIFANTASY Creatures - Super Low Res 2D Pixel Art by Krishna Palacio/Animations/Humanoids/Human/Human_Amazon/AmazonIdle_NW.anim using Guid(25e52fe5a72bf1243927749d227971db) Importer(2089858483,192608db42251d675da83286b1cce702) (ScriptedImporter) -> (artifact id: '9ce67b061b3f63485fcb7c81c60960db') in 0.0085546 seconds
Number of updated asset objects reloaded before import = 0Number of asset objects unloaded after import = 1

========================================================================
Received Import Request.
  Time since last request: 0.000017 seconds.
  path: Assets/Art/MINIFANTASY Creatures - Super Low Res 2D Pixel Art by Krishna Palacio/Animations/Humanoids/Dwarf/Dwarf_Yellow_Beard/DwarfYellowBearDmg_NW.anim
  artifactKey: Guid(896a5ec25e30c78449cd4d4ada2349be) Importer(2089858483,192608db42251d675da83286b1cce702)
Start importing Assets/Art/MINIFANTASY Creatures - Super Low Res 2D Pixel Art by Krishna Palacio/Animations/Humanoids/Dwarf/Dwarf_Yellow_Beard/DwarfYellowBearDmg_NW.anim using Guid(896a5ec25e30c78449cd4d4ada2349be) Importer(2089858483,192608db42251d675da83286b1cce702) (ScriptedImporter) -> (artifact id: 'c576d6c78bfaa326ec8400a80138fd5a') in 0.0088022 seconds
Number of updated asset objects reloaded before import = 0Number of asset objects unloaded after import = 1

========================================================================
Received Import Request.
  Time since last request: 0.000029 seconds.
  path: Assets/Art/MINIFANTASY Creatures - Super Low Res 2D Pixel Art by Krishna Palacio/Animations/Humanoids/Human/Human/HumanDmg_NE.anim
  artifactKey: Guid(24dc64b071aeb624e9cef27a5c629276) Importer(2089858483,192608db42251d675da83286b1cce702)
Start importing Assets/Art/MINIFANTASY Creatures - Super Low Res 2D Pixel Art by Krishna Palacio/Animations/Humanoids/Human/Human/HumanDmg_NE.anim using Guid(24dc64b071aeb624e9cef27a5c629276) Importer(2089858483,192608db42251d675da83286b1cce702) (ScriptedImporter) -> (artifact id: '7f66ef2b6096882cc610e4ff590eaf0e') in 0.0087699 seconds
Number of updated asset objects reloaded before import = 0Number of asset objects unloaded after import = 1

========================================================================
Received Import Request.
  Time since last request: 0.000018 seconds.
  path: Assets/Art/MINIFANTASY Creatures - Super Low Res 2D Pixel Art by Krishna Palacio/Animations/Humanoids/Dwarf/Dwarf_Yellow_Beard/DwarfYellowBearSpinDie.anim
  artifactKey: Guid(20033e2058eeeea44a7c0767635ae42c) Importer(2089858483,192608db42251d675da83286b1cce702)
Start importing Assets/Art/MINIFANTASY Creatures - Super Low Res 2D Pixel Art by Krishna Palacio/Animations/Humanoids/Dwarf/Dwarf_Yellow_Beard/DwarfYellowBearSpinDie.anim using Guid(20033e2058eeeea44a7c0767635ae42c) Importer(2089858483,192608db42251d675da83286b1cce702) (ScriptedImporter) -> (artifact id: '532cfbb8b143ba0a2ee6409d609454ae') in 0.0059719 seconds
Number of updated asset objects reloaded before import = 0Number of asset objects unloaded after import = 1

========================================================================
Received Import Request.
  Time since last request: 0.000037 seconds.
  path: Assets/Art/MINIFANTASY Creatures - Super Low Res 2D Pixel Art by Krishna Palacio/Animations/Humanoids/Dwarf/Dwarf_Yellow_Beard/DwarfYellowBearJump_SE.anim
  artifactKey: Guid(cf92158749027544aaa7b1ff12aa4a9d) Importer(2089858483,192608db42251d675da83286b1cce702)
Start importing Assets/Art/MINIFANTASY Creatures - Super Low Res 2D Pixel Art by Krishna Palacio/Animations/Humanoids/Dwarf/Dwarf_Yellow_Beard/DwarfYellowBearJump_SE.anim using Guid(cf92158749027544aaa7b1ff12aa4a9d) Importer(2089858483,192608db42251d675da83286b1cce702) (ScriptedImporter) -> (artifact id: '52796af5b414c547d1fad850559f20f1') in 0.0074805 seconds
Number of updated asset objects reloaded before import = 0Number of asset objects unloaded after import = 1

========================================================================
Received Import Request.
  Time since last request: 0.000018 seconds.
  path: Assets/Art/MINIFANTASY Creatures - Super Low Res 2D Pixel Art by Krishna Palacio/Animations/Humanoids/Dwarf/Dwarf/DwarfWalk_NW.anim
  artifactKey: Guid(2e76f8be40b889b489864629d67b62df) Importer(2089858483,192608db42251d675da83286b1cce702)
Start importing Assets/Art/MINIFANTASY Creatures - Super Low Res 2D Pixel Art by Krishna Palacio/Animations/Humanoids/Dwarf/Dwarf/DwarfWalk_NW.anim using Guid(2e76f8be40b889b489864629d67b62df) Importer(2089858483,192608db42251d675da83286b1cce702) (ScriptedImporter) -> (artifact id: '365603f0ae7a6f419796e0fb9bb5e3e9') in 0.0072003 seconds
Number of updated asset objects reloaded before import = 0Number of asset objects unloaded after import = 1

========================================================================
Received Import Request.
  Time since last request: 0.000016 seconds.
  path: Assets/Art/MINIFANTASY Creatures - Super Low Res 2D Pixel Art by Krishna Palacio/Animations/Humanoids/Human/Human/HumanWalk_SE.anim
  artifactKey: Guid(afa739bbb85292d44911a1091858c372) Importer(2089858483,192608db42251d675da83286b1cce702)
Start importing Assets/Art/MINIFANTASY Creatures - Super Low Res 2D Pixel Art by Krishna Palacio/Animations/Humanoids/Human/Human/HumanWalk_SE.anim using Guid(afa739bbb85292d44911a1091858c372) Importer(2089858483,192608db42251d675da83286b1cce702) (ScriptedImporter) -> (artifact id: 'ced42b33c20559730ab9f76f19cb9299') in 0.0073931 seconds
Number of updated asset objects reloaded before import = 0Number of asset objects unloaded after import = 1

========================================================================
Received Import Request.
  Time since last request: 0.000018 seconds.
  path: Assets/Art/MINIFANTASY Creatures - Super Low Res 2D Pixel Art by Krishna Palacio/Animations/Humanoids/Dwarf/Dwarf_Yellow_Beard/DwarfYellowBearJump_NW.anim
  artifactKey: Guid(790d22d31f667a84d8a4c8010a1947d1) Importer(2089858483,192608db42251d675da83286b1cce702)
Start importing Assets/Art/MINIFANTASY Creatures - Super Low Res 2D Pixel Art by Krishna Palacio/Animations/Humanoids/Dwarf/Dwarf_Yellow_Beard/DwarfYellowBearJump_NW.anim using Guid(790d22d31f667a84d8a4c8010a1947d1) Importer(2089858483,192608db42251d675da83286b1cce702) (ScriptedImporter) -> (artifact id: '73405912e2ed4f744d3a090069077a9e') in 0.0080112 seconds
Number of updated asset objects reloaded before import = 0Number of asset objects unloaded after import = 1

========================================================================
Received Import Request.
  Time since last request: 0.000025 seconds.
  path: Assets/Art/MINIFANTASY Creatures - Super Low Res 2D Pixel Art by Krishna Palacio/Animations/Humanoids/Human/Human_Amazon/AmazonJump_SE.anim
  artifactKey: Guid(08c65ce6b09659d48914b0481f849ebd) Importer(2089858483,192608db42251d675da83286b1cce702)
Start importing Assets/Art/MINIFANTASY Creatures - Super Low Res 2D Pixel Art by Krishna Palacio/Animations/Humanoids/Human/Human_Amazon/AmazonJump_SE.anim using Guid(08c65ce6b09659d48914b0481f849ebd) Importer(2089858483,192608db42251d675da83286b1cce702) (ScriptedImporter) -> (artifact id: '25cb299765b75e75eb5741bb23ef3c5c') in 0.0074211 seconds
Number of updated asset objects reloaded before import = 0Number of asset objects unloaded after import = 1

========================================================================
Received Import Request.
  Time since last request: 0.000039 seconds.
  path: Assets/Art/MINIFANTASY Creatures - Super Low Res 2D Pixel Art by Krishna Palacio/Animations/Humanoids/Human/Human/HumanDmg_SE.anim
  artifactKey: Guid(d4eeca67e62c4a74492a14988f62a2c7) Importer(2089858483,192608db42251d675da83286b1cce702)
Start importing Assets/Art/MINIFANTASY Creatures - Super Low Res 2D Pixel Art by Krishna Palacio/Animations/Humanoids/Human/Human/HumanDmg_SE.anim using Guid(d4eeca67e62c4a74492a14988f62a2c7) Importer(2089858483,192608db42251d675da83286b1cce702) (ScriptedImporter) -> (artifact id: 'd35aac3fac050c553b1951384be578ef') in 0.0089854 seconds
Number of updated asset objects reloaded before import = 0Number of asset objects unloaded after import = 1

========================================================================
Received Import Request.
  Time since last request: 0.000024 seconds.
  path: Assets/Art/MINIFANTASY Creatures - Super Low Res 2D Pixel Art by Krishna Palacio/Animations/Humanoids/Human/Human_Amazon/AmazonDmg_SE.anim
  artifactKey: Guid(bb8cfb1c63e10494d8999dcd202ab6c7) Importer(2089858483,192608db42251d675da83286b1cce702)
Start importing Assets/Art/MINIFANTASY Creatures - Super Low Res 2D Pixel Art by Krishna Palacio/Animations/Humanoids/Human/Human_Amazon/AmazonDmg_SE.anim using Guid(bb8cfb1c63e10494d8999dcd202ab6c7) Importer(2089858483,192608db42251d675da83286b1cce702) (ScriptedImporter) -> (artifact id: 'f691efd594c46ba79a675a6b4d756d53') in 0.0090751 seconds
Number of updated asset objects reloaded before import = 0Number of asset objects unloaded after import = 1

========================================================================
Received Import Request.
  Time since last request: 0.000016 seconds.
  path: Assets/Minifantasy_NPCs_Assets/Generic_NPCs/Walk/Body/Gloves/Minifantasy_NPCsWalk_Gloves_lime.png
  artifactKey: Guid(9e8cbfa26b3ebc740a5d0e1051d02c21) Importer(2089858483,192608db42251d675da83286b1cce702)
Start importing Assets/Minifantasy_NPCs_Assets/Generic_NPCs/Walk/Body/Gloves/Minifantasy_NPCsWalk_Gloves_lime.png using Guid(9e8cbfa26b3ebc740a5d0e1051d02c21) Importer(2089858483,192608db42251d675da83286b1cce702) (ScriptedImporter) -> (artifact id: 'e5259902be23fe201b1df24513f1d383') in 0.0212641 seconds
Number of updated asset objects reloaded before import = 0Number of asset objects unloaded after import = 3

========================================================================
Received Import Request.
  Time since last request: 0.000017 seconds.
  path: Assets/Art/MINIFANTASY - Crafting and Professions I/Sprites/Crafting Professions/Woodwork/WorkBench/WoodworkBench_Working.png
  artifactKey: Guid(ab4ed012190fc524ba6cf4c30d691db6) Importer(2089858483,192608db42251d675da83286b1cce702)
Start importing Assets/Art/MINIFANTASY - Crafting and Professions I/Sprites/Crafting Professions/Woodwork/WorkBench/WoodworkBench_Working.png using Guid(ab4ed012190fc524ba6cf4c30d691db6) Importer(2089858483,192608db42251d675da83286b1cce702) (ScriptedImporter) -> (artifact id: '00525eb64f07448b8e83481046737e54') in 0.0324164 seconds
Number of updated asset objects reloaded before import = 0Number of asset objects unloaded after import = 8

========================================================================
Received Import Request.
  Time since last request: 0.000051 seconds.
  path: Assets/Minifantasy_NPCs_Assets/Generic_NPCs/Walk/Body/Blouses/Minifantasy_NPCsWalk_Blouse_blackleather.png
  artifactKey: Guid(455e3325d511ff14d864ec2ac50444ea) Importer(2089858483,192608db42251d675da83286b1cce702)
Start importing Assets/Minifantasy_NPCs_Assets/Generic_NPCs/Walk/Body/Blouses/Minifantasy_NPCsWalk_Blouse_blackleather.png using Guid(455e3325d511ff14d864ec2ac50444ea) Importer(2089858483,192608db42251d675da83286b1cce702) (ScriptedImporter) -> (artifact id: '70753f41ef41a8276863bdb68ce78944') in 0.0167205 seconds
Number of updated asset objects reloaded before import = 0Number of asset objects unloaded after import = 3

========================================================================
Received Import Request.
  Time since last request: 0.000027 seconds.
  path: Assets/Minifantasy_NPCs_Assets/Generic_NPCs/Idle/Body/ShoulderPads/Minifantasy_NPCsIdle_ShoulderPads_blackleather.png
  artifactKey: Guid(d7752283672df884ba83fe4d6bdd5c11) Importer(2089858483,192608db42251d675da83286b1cce702)
Start importing Assets/Minifantasy_NPCs_Assets/Generic_NPCs/Idle/Body/ShoulderPads/Minifantasy_NPCsIdle_ShoulderPads_blackleather.png using Guid(d7752283672df884ba83fe4d6bdd5c11) Importer(2089858483,192608db42251d675da83286b1cce702) (ScriptedImporter) -> (artifact id: '0b55f7925cbaf6480f493d89510b2cf9') in 0.0180684 seconds
Number of updated asset objects reloaded before import = 0Number of asset objects unloaded after import = 3

========================================================================
Received Import Request.
  Time since last request: 0.000028 seconds.
  path: Assets/Art/MINIFANTASY Creatures - Super Low Res 2D Pixel Art by Krishna Palacio/Animations/Humanoids/Human/Human_Amazon/AmazonDmg_NW.anim
  artifactKey: Guid(6a7c22d550edf144697bf88e32ad05c3) Importer(2089858483,192608db42251d675da83286b1cce702)
Start importing Assets/Art/MINIFANTASY Creatures - Super Low Res 2D Pixel Art by Krishna Palacio/Animations/Humanoids/Human/Human_Amazon/AmazonDmg_NW.anim using Guid(6a7c22d550edf144697bf88e32ad05c3) Importer(2089858483,192608db42251d675da83286b1cce702) (ScriptedImporter) -> (artifact id: '5e368a2f3c94b649a3271ebb4cea5880') in 0.0081775 seconds
Number of updated asset objects reloaded before import = 0Number of asset objects unloaded after import = 1

========================================================================
Received Import Request.
  Time since last request: 0.000022 seconds.
  path: Assets/Minifantasy_NPCs_Assets/Generic_NPCs/Walk/Body/Shirt/Minifantasy_NPCsWalk_Shirt_orange.png
  artifactKey: Guid(18cbfd519dd90b84d82637c290137354) Importer(2089858483,192608db42251d675da83286b1cce702)
Start importing Assets/Minifantasy_NPCs_Assets/Generic_NPCs/Walk/Body/Shirt/Minifantasy_NPCsWalk_Shirt_orange.png using Guid(18cbfd519dd90b84d82637c290137354) Importer(2089858483,192608db42251d675da83286b1cce702) (ScriptedImporter) -> (artifact id: '1a8ca9da013b207929c73f2cbcb4a2a6') in 0.0203867 seconds
Number of updated asset objects reloaded before import = 0Number of asset objects unloaded after import = 3

========================================================================
Received Import Request.
  Time since last request: 0.000026 seconds.
  path: Assets/Minifantasy_NPCs_Assets/Generic_NPCs/Idle/Body/ShoulderPads/Minifantasy_NPCsIdle_ShoulderPads_blue.png
  artifactKey: Guid(7d464a5259b1c5b41bebc93362a9fc9a) Importer(2089858483,192608db42251d675da83286b1cce702)
Start importing Assets/Minifantasy_NPCs_Assets/Generic_NPCs/Idle/Body/ShoulderPads/Minifantasy_NPCsIdle_ShoulderPads_blue.png using Guid(7d464a5259b1c5b41bebc93362a9fc9a) Importer(2089858483,192608db42251d675da83286b1cce702) (ScriptedImporter) -> (artifact id: 'ffad382586145bb1a948b444691f152c') in 0.0330603 seconds
Number of updated asset objects reloaded before import = 0Number of asset objects unloaded after import = 3

========================================================================
Received Import Request.
  Time since last request: 0.000020 seconds.
  path: Assets/Art/MINIFANTASY - Crafting and Professions I/Sprites/Barbarian/General_Animations/GIFs/Barbarian_Walk.gif
  artifactKey: Guid(1739e93fc16711342a8a36f408289606) Importer(2089858483,192608db42251d675da83286b1cce702)
Start importing Assets/Art/MINIFANTASY - Crafting and Professions I/Sprites/Barbarian/General_Animations/GIFs/Barbarian_Walk.gif using Guid(1739e93fc16711342a8a36f408289606) Importer(2089858483,192608db42251d675da83286b1cce702) (ScriptedImporter) -> (artifact id: 'c0ce2a6b861c6cce8d1a078ab8a17724') in 0.0191146 seconds
Number of updated asset objects reloaded before import = 0Number of asset objects unloaded after import = 3

========================================================================
Received Import Request.
  Time since last request: 0.000032 seconds.
  path: Assets/Minifantasy_NPCs_Assets/Generic_NPCs/Idle/Body/ShoulderPads/Minifantasy_NPCsIdle_ShoulderPads_purple.png
  artifactKey: Guid(5612f1b02b4301b438599fffadf471e6) Importer(2089858483,192608db42251d675da83286b1cce702)
Start importing Assets/Minifantasy_NPCs_Assets/Generic_NPCs/Idle/Body/ShoulderPads/Minifantasy_NPCsIdle_ShoulderPads_purple.png using Guid(5612f1b02b4301b438599fffadf471e6) Importer(2089858483,192608db42251d675da83286b1cce702) (ScriptedImporter) -> (artifact id: '26cd1fb11e7e22974c5cffce263dd637') in 0.0233432 seconds
Number of updated asset objects reloaded before import = 0Number of asset objects unloaded after import = 3

========================================================================
Received Import Request.
  Time since last request: 0.000021 seconds.
  path: Assets/Minifantasy_NPCs_Assets/Generic_NPCs/Walk/Body/Doublets/Minifantasy_NPCsWalk_Doublet_white.png
  artifactKey: Guid(5044330c0f91cba4dbd6d66a43e9f9b9) Importer(2089858483,192608db42251d675da83286b1cce702)
Start importing Assets/Minifantasy_NPCs_Assets/Generic_NPCs/Walk/Body/Doublets/Minifantasy_NPCsWalk_Doublet_white.png using Guid(5044330c0f91cba4dbd6d66a43e9f9b9) Importer(2089858483,192608db42251d675da83286b1cce702) (ScriptedImporter) -> (artifact id: 'e9a8d98ebd1ca1171966076e6c739ca4') in 0.0211752 seconds
Number of updated asset objects reloaded before import = 0Number of asset objects unloaded after import = 3

========================================================================
Received Import Request.
  Time since last request: 0.000020 seconds.
  path: Assets/Art/MINIFANTASY - Crafting and Professions I/Sprites/Crafting Professions/Jewelry/Character/Human_JewelryWorkshopWorking.png
  artifactKey: Guid(c537e6ad53a82534a8382ad64138c340) Importer(2089858483,192608db42251d675da83286b1cce702)
Start importing Assets/Art/MINIFANTASY - Crafting and Professions I/Sprites/Crafting Professions/Jewelry/Character/Human_JewelryWorkshopWorking.png using Guid(c537e6ad53a82534a8382ad64138c340) Importer(2089858483,192608db42251d675da83286b1cce702) (ScriptedImporter) -> (artifact id: '465c9a2965ab8c46c2d7d41659978e8f') in 0.0531166 seconds
Number of updated asset objects reloaded before import = 0Number of asset objects unloaded after import = 13

========================================================================
Received Import Request.
  Time since last request: 0.000022 seconds.
  path: Assets/Art/MINIFANTASY - Crafting and Professions I/Sprites/Rogue/Special_Animations/Throw Bomb/Rogue_BombExplosion.png
  artifactKey: Guid(1c199ff868295f04998a58c922ac01e1) Importer(2089858483,192608db42251d675da83286b1cce702)
Start importing Assets/Art/MINIFANTASY - Crafting and Professions I/Sprites/Rogue/Special_Animations/Throw Bomb/Rogue_BombExplosion.png using Guid(1c199ff868295f04998a58c922ac01e1) Importer(2089858483,192608db42251d675da83286b1cce702) (ScriptedImporter) -> (artifact id: '8fcf73e54a685cb4dfb177887323a78b') in 0.04512 seconds
Number of updated asset objects reloaded before import = 0Number of asset objects unloaded after import = 13

========================================================================
Received Import Request.
  Time since last request: 0.000070 seconds.
  path: Assets/Art/MINIFANTASY Creatures - Super Low Res 2D Pixel Art by Krishna Palacio/Animations/Humanoids/Human/Human_Townsfolk/Minifantasy_CreaturesHumanTownsfolkAttack_NW.anim
  artifactKey: Guid(abfe5edd104df014487bd2b7bbe130fb) Importer(2089858483,192608db42251d675da83286b1cce702)
Start importing Assets/Art/MINIFANTASY Creatures - Super Low Res 2D Pixel Art by Krishna Palacio/Animations/Humanoids/Human/Human_Townsfolk/Minifantasy_CreaturesHumanTownsfolkAttack_NW.anim using Guid(abfe5edd104df014487bd2b7bbe130fb) Importer(2089858483,192608db42251d675da83286b1cce702) (ScriptedImporter) -> (artifact id: '4f5d75113bb578c0edd47e161f5ab16c') in 0.008417 seconds
Number of updated asset objects reloaded before import = 0Number of asset objects unloaded after import = 1

========================================================================
Received Import Request.
  Time since last request: 0.000019 seconds.
  path: Assets/Minifantasy_NPCs_Assets/Generic_NPCs/Idle/Body/Doublets/Minifantasy_NPCsIdle_Doublet_green.png
  artifactKey: Guid(c4a0d499cf6a55347b0167330b275f98) Importer(2089858483,192608db42251d675da83286b1cce702)
Start importing Assets/Minifantasy_NPCs_Assets/Generic_NPCs/Idle/Body/Doublets/Minifantasy_NPCsIdle_Doublet_green.png using Guid(c4a0d499cf6a55347b0167330b275f98) Importer(2089858483,192608db42251d675da83286b1cce702) (ScriptedImporter) -> (artifact id: 'c41e982a017add3344d1223d04b5891c') in 0.0169488 seconds
Number of updated asset objects reloaded before import = 0Number of asset objects unloaded after import = 3

========================================================================
Received Import Request.
  Time since last request: 0.000019 seconds.
  path: Assets/Art/MINIFANTASY Creatures - Super Low Res 2D Pixel Art by Krishna Palacio/Animations/Monsters/Slime/Green/SlimeGreen_Idle_NW.anim
  artifactKey: Guid(25708a31987c9654baedd7312e7767ec) Importer(2089858483,192608db42251d675da83286b1cce702)
Start importing Assets/Art/MINIFANTASY Creatures - Super Low Res 2D Pixel Art by Krishna Palacio/Animations/Monsters/Slime/Green/SlimeGreen_Idle_NW.anim using Guid(25708a31987c9654baedd7312e7767ec) Importer(2089858483,192608db42251d675da83286b1cce702) (ScriptedImporter) -> (artifact id: '114aec28df62fa593600412f471aa2f8') in 0.0084934 seconds
Number of updated asset objects reloaded before import = 0Number of asset objects unloaded after import = 1

========================================================================
Received Import Request.
  Time since last request: 0.000020 seconds.
  path: Assets/Art/MINIFANTASY Creatures - Super Low Res 2D Pixel Art by Krishna Palacio/Animations/Monsters/Slime/Blue/BlueSlime_AnimatorOverrideController.overrideController
  artifactKey: Guid(ac3f9e9707d3dc74fba03c254f771c58) Importer(2089858483,192608db42251d675da83286b1cce702)
Start importing Assets/Art/MINIFANTASY Creatures - Super Low Res 2D Pixel Art by Krishna Palacio/Animations/Monsters/Slime/Blue/BlueSlime_AnimatorOverrideController.overrideController using Guid(ac3f9e9707d3dc74fba03c254f771c58) Importer(2089858483,192608db42251d675da83286b1cce702) (ScriptedImporter) -> (artifact id: '05173ecc1a55c37cc25b9c98e5d3a7ed') in 0.0376096 seconds
Number of updated asset objects reloaded before import = 0Number of asset objects unloaded after import = 41

========================================================================
Received Import Request.
  Time since last request: 0.000024 seconds.
  path: Assets/Art/MINIFANTASY Creatures - Super Low Res 2D Pixel Art by Krishna Palacio/Animations/Monsters/Slime/Blue/BlueSlime_Dmg_NE.anim
  artifactKey: Guid(bf10c984f1bdc2a42a0ca2a89bd6053d) Importer(2089858483,192608db42251d675da83286b1cce702)
Start importing Assets/Art/MINIFANTASY Creatures - Super Low Res 2D Pixel Art by Krishna Palacio/Animations/Monsters/Slime/Blue/BlueSlime_Dmg_NE.anim using Guid(bf10c984f1bdc2a42a0ca2a89bd6053d) Importer(2089858483,192608db42251d675da83286b1cce702) (ScriptedImporter) -> (artifact id: '0d410527c5e17dce0d6bbcab22e9a3cf') in 0.0114931 seconds
Number of updated asset objects reloaded before import = 0Number of asset objects unloaded after import = 1

========================================================================
Received Import Request.
  Time since last request: 0.000038 seconds.
  path: Assets/Art/MINIFANTASY Creatures - Super Low Res 2D Pixel Art by Krishna Palacio/Animations/Monsters/Slime/Green/SlimeGreen_Idle_SW.anim
  artifactKey: Guid(09b8e5ea963b89c4a9fb4fb088a4abe7) Importer(2089858483,192608db42251d675da83286b1cce702)
Start importing Assets/Art/MINIFANTASY Creatures - Super Low Res 2D Pixel Art by Krishna Palacio/Animations/Monsters/Slime/Green/SlimeGreen_Idle_SW.anim using Guid(09b8e5ea963b89c4a9fb4fb088a4abe7) Importer(2089858483,192608db42251d675da83286b1cce702) (ScriptedImporter) -> (artifact id: 'aa138197b46dcf0bd46e887bd1e0f7bf') in 0.0096215 seconds
Number of updated asset objects reloaded before import = 0Number of asset objects unloaded after import = 1

========================================================================
Received Import Request.
  Time since last request: 0.000017 seconds.
  path: Assets/Art/MINIFANTASY Creatures - Super Low Res 2D Pixel Art by Krishna Palacio/Animations/Monsters/Slime/Blue/BlueSlime_Idle_SW.anim
  artifactKey: Guid(c353dec5d9867994194bbc66bd1ed377) Importer(2089858483,192608db42251d675da83286b1cce702)
Start importing Assets/Art/MINIFANTASY Creatures - Super Low Res 2D Pixel Art by Krishna Palacio/Animations/Monsters/Slime/Blue/BlueSlime_Idle_SW.anim using Guid(c353dec5d9867994194bbc66bd1ed377) Importer(2089858483,192608db42251d675da83286b1cce702) (ScriptedImporter) -> (artifact id: '271098deafcf689cff1dd5fba7ce4dc0') in 0.0141213 seconds
Number of updated asset objects reloaded before import = 0Number of asset objects unloaded after import = 1

========================================================================
Received Import Request.
  Time since last request: 0.000015 seconds.
  path: Assets/Art/MINIFANTASY Creatures - Super Low Res 2D Pixel Art by Krishna Palacio/Animations/Humanoids/Human/Human_Townsfolk/Minifantasy_CreaturesHumanTownsfolkDmg_NW.anim
  artifactKey: Guid(c74ebb61af829514cbd7076bddbd5146) Importer(2089858483,192608db42251d675da83286b1cce702)
Start importing Assets/Art/MINIFANTASY Creatures - Super Low Res 2D Pixel Art by Krishna Palacio/Animations/Humanoids/Human/Human_Townsfolk/Minifantasy_CreaturesHumanTownsfolkDmg_NW.anim using Guid(c74ebb61af829514cbd7076bddbd5146) Importer(2089858483,192608db42251d675da83286b1cce702) (ScriptedImporter) -> (artifact id: '1aa36128dd2f4856d5ac27e9bcb5998e') in 0.0087098 seconds
Number of updated asset objects reloaded before import = 0Number of asset objects unloaded after import = 1

========================================================================
Received Import Request.
  Time since last request: 0.000017 seconds.
  path: Assets/Art/MINIFANTASY Creatures - Super Low Res 2D Pixel Art by Krishna Palacio/Animations/Humanoids/Orc/Wild Orc/WildOrc_Dmg_SW.anim
  artifactKey: Guid(943fed029edced34fbde5e0461ce5463) Importer(2089858483,192608db42251d675da83286b1cce702)
Start importing Assets/Art/MINIFANTASY Creatures - Super Low Res 2D Pixel Art by Krishna Palacio/Animations/Humanoids/Orc/Wild Orc/WildOrc_Dmg_SW.anim using Guid(943fed029edced34fbde5e0461ce5463) Importer(2089858483,192608db42251d675da83286b1cce702) (ScriptedImporter) -> (artifact id: '65e045ee108baa8f2304efb573ce0342') in 0.0093096 seconds
Number of updated asset objects reloaded before import = 0Number of asset objects unloaded after import = 1

========================================================================
Received Import Request.
  Time since last request: 0.000018 seconds.
  path: Assets/Art/MINIFANTASY Creatures - Super Low Res 2D Pixel Art by Krishna Palacio/Animations/Monsters/Slime/Green/SlimeGreen_Die_SE.anim
  artifactKey: Guid(d1b4744cf6f32cb498a1465644a71aed) Importer(2089858483,192608db42251d675da83286b1cce702)
Start importing Assets/Art/MINIFANTASY Creatures - Super Low Res 2D Pixel Art by Krishna Palacio/Animations/Monsters/Slime/Green/SlimeGreen_Die_SE.anim using Guid(d1b4744cf6f32cb498a1465644a71aed) Importer(2089858483,192608db42251d675da83286b1cce702) (ScriptedImporter) -> (artifact id: 'c0b260cdb5eb36a1054f1814acb8afdc') in 0.0071027 seconds
Number of updated asset objects reloaded before import = 0Number of asset objects unloaded after import = 1

========================================================================
Received Import Request.
  Time since last request: 0.000027 seconds.
  path: Assets/Art/MINIFANTASY Creatures - Super Low Res 2D Pixel Art by Krishna Palacio/Animations/Monsters/Slime/Blue/BlueSlime_Idle_NW.anim
  artifactKey: Guid(d3dc163705172214eb8ac1e57d6643fd) Importer(2089858483,192608db42251d675da83286b1cce702)
Start importing Assets/Art/MINIFANTASY Creatures - Super Low Res 2D Pixel Art by Krishna Palacio/Animations/Monsters/Slime/Blue/BlueSlime_Idle_NW.anim using Guid(d3dc163705172214eb8ac1e57d6643fd) Importer(2089858483,192608db42251d675da83286b1cce702) (ScriptedImporter) -> (artifact id: 'b3e91e72d1ffb1d9041c7ae9c1eab45b') in 0.008841 seconds
Number of updated asset objects reloaded before import = 0Number of asset objects unloaded after import = 1

========================================================================
Received Import Request.
  Time since last request: 0.000016 seconds.
  path: Assets/Art/MINIFANTASY Creatures - Super Low Res 2D Pixel Art by Krishna Palacio/Animations/Monsters/Slime/Green/SlimeGreen_JumpAttack_NE.anim
  artifactKey: Guid(db6bb040b4b44bb409e4a84701e85634) Importer(2089858483,192608db42251d675da83286b1cce702)
Start importing Assets/Art/MINIFANTASY Creatures - Super Low Res 2D Pixel Art by Krishna Palacio/Animations/Monsters/Slime/Green/SlimeGreen_JumpAttack_NE.anim using Guid(db6bb040b4b44bb409e4a84701e85634) Importer(2089858483,192608db42251d675da83286b1cce702) (ScriptedImporter) -> (artifact id: '7a4af3a4e5b3379b189b70684e9ef026') in 0.0087564 seconds
Number of updated asset objects reloaded before import = 0Number of asset objects unloaded after import = 1

========================================================================
Received Import Request.
  Time since last request: 0.000020 seconds.
  path: Assets/Art/MINIFANTASY Creatures - Super Low Res 2D Pixel Art by Krishna Palacio/Sprites/Beasts/_Shadows/Bat/BatShadow_Dmg.png
  artifactKey: Guid(38da137265f8d0c458a0f83aefa6959a) Importer(2089858483,192608db42251d675da83286b1cce702)
Start importing Assets/Art/MINIFANTASY Creatures - Super Low Res 2D Pixel Art by Krishna Palacio/Sprites/Beasts/_Shadows/Bat/BatShadow_Dmg.png using Guid(38da137265f8d0c458a0f83aefa6959a) Importer(2089858483,192608db42251d675da83286b1cce702) (ScriptedImporter) -> (artifact id: '892b2181cf4d18a60411d99749cfc1e9') in 0.0695023 seconds
Number of updated asset objects reloaded before import = 0Number of asset objects unloaded after import = 18

========================================================================
Received Import Request.
  Time since last request: 0.000020 seconds.
  path: Assets/Art/MINIFANTASY Creatures - Super Low Res 2D Pixel Art by Krishna Palacio/Animations/Humanoids/Orc/Orc/Orc_Dmg_NE.anim
  artifactKey: Guid(278b45c5ddc84bf4fa027cd2f2851655) Importer(2089858483,192608db42251d675da83286b1cce702)
Start importing Assets/Art/MINIFANTASY Creatures - Super Low Res 2D Pixel Art by Krishna Palacio/Animations/Humanoids/Orc/Orc/Orc_Dmg_NE.anim using Guid(278b45c5ddc84bf4fa027cd2f2851655) Importer(2089858483,192608db42251d675da83286b1cce702) (ScriptedImporter) -> (artifact id: '70b285458c0cdd1fd67ced706feaca46') in 0.0113052 seconds
Number of updated asset objects reloaded before import = 0Number of asset objects unloaded after import = 1

========================================================================
Received Import Request.
  Time since last request: 0.000040 seconds.
  path: Assets/Art/MINIFANTASY Creatures - Super Low Res 2D Pixel Art by Krishna Palacio/Animations/Monsters/Slime/Green/SlimeGreen_Idle_SE.anim
  artifactKey: Guid(958038df83c4db94dab747b1ab2d8c8d) Importer(2089858483,192608db42251d675da83286b1cce702)
Start importing Assets/Art/MINIFANTASY Creatures - Super Low Res 2D Pixel Art by Krishna Palacio/Animations/Monsters/Slime/Green/SlimeGreen_Idle_SE.anim using Guid(958038df83c4db94dab747b1ab2d8c8d) Importer(2089858483,192608db42251d675da83286b1cce702) (ScriptedImporter) -> (artifact id: '406017c7a200f5eaa01d447f978e3de7') in 0.0074759 seconds
Number of updated asset objects reloaded before import = 0Number of asset objects unloaded after import = 1

========================================================================
Received Import Request.
  Time since last request: 0.000016 seconds.
  path: Assets/Art/MINIFANTASY Creatures - Super Low Res 2D Pixel Art by Krishna Palacio/Animations/Humanoids/Human/Human_Townsfolk/Minifantasy_CreaturesHumanTownsfolkAttack_SE.anim
  artifactKey: Guid(71df235e46f5ca84f9ffd9e7c71d00a3) Importer(2089858483,192608db42251d675da83286b1cce702)
Start importing Assets/Art/MINIFANTASY Creatures - Super Low Res 2D Pixel Art by Krishna Palacio/Animations/Humanoids/Human/Human_Townsfolk/Minifantasy_CreaturesHumanTownsfolkAttack_SE.anim using Guid(71df235e46f5ca84f9ffd9e7c71d00a3) Importer(2089858483,192608db42251d675da83286b1cce702) (ScriptedImporter) -> (artifact id: '5726fd24e05f6a27ddcd1d8fecf9eab4') in 0.0090574 seconds
Number of updated asset objects reloaded before import = 0Number of asset objects unloaded after import = 1

========================================================================
Received Import Request.
  Time since last request: 0.000022 seconds.
  path: Assets/Art/MINIFANTASY Creatures - Super Low Res 2D Pixel Art by Krishna Palacio/Animations/Humanoids/Orc/Orc/Orc_Dmg_SW.anim
  artifactKey: Guid(0992608147e05314299cf39c092018e1) Importer(2089858483,192608db42251d675da83286b1cce702)
Start importing Assets/Art/MINIFANTASY Creatures - Super Low Res 2D Pixel Art by Krishna Palacio/Animations/Humanoids/Orc/Orc/Orc_Dmg_SW.anim using Guid(0992608147e05314299cf39c092018e1) Importer(2089858483,192608db42251d675da83286b1cce702) (ScriptedImporter) -> (artifact id: '24323e1343de302d2607a4346f92dd46') in 0.0082211 seconds
Number of updated asset objects reloaded before import = 0Number of asset objects unloaded after import = 1

========================================================================
Received Import Request.
  Time since last request: 0.000015 seconds.
  path: Assets/Art/MINIFANTASY Creatures - Super Low Res 2D Pixel Art by Krishna Palacio/Animations/Humanoids/Orc/Orc/Orc_Walk_SW.anim
  artifactKey: Guid(282725bf35edfad46ba2acb40826a208) Importer(2089858483,192608db42251d675da83286b1cce702)
Start importing Assets/Art/MINIFANTASY Creatures - Super Low Res 2D Pixel Art by Krishna Palacio/Animations/Humanoids/Orc/Orc/Orc_Walk_SW.anim using Guid(282725bf35edfad46ba2acb40826a208) Importer(2089858483,192608db42251d675da83286b1cce702) (ScriptedImporter) -> (artifact id: '0a99f30fa90a779b9171819dea87b2f5') in 0.00659 seconds
Number of updated asset objects reloaded before import = 0Number of asset objects unloaded after import = 1

========================================================================
Received Import Request.
  Time since last request: 0.000046 seconds.
  path: Assets/Art/MINIFANTASY Creatures - Super Low Res 2D Pixel Art by Krishna Palacio/Animations/Humanoids/Orc/Orc/Orc_Idle_NE.anim
  artifactKey: Guid(fc7c5245125f8d242aad70a1760da745) Importer(2089858483,192608db42251d675da83286b1cce702)
Start importing Assets/Art/MINIFANTASY Creatures - Super Low Res 2D Pixel Art by Krishna Palacio/Animations/Humanoids/Orc/Orc/Orc_Idle_NE.anim using Guid(fc7c5245125f8d242aad70a1760da745) Importer(2089858483,192608db42251d675da83286b1cce702) (ScriptedImporter) -> (artifact id: 'eb534473335a737911e5b68b567bd574') in 0.0069597 seconds
Number of updated asset objects reloaded before import = 0Number of asset objects unloaded after import = 1

========================================================================
Received Import Request.
  Time since last request: 0.000018 seconds.
  path: Assets/Art/MINIFANTASY Creatures - Super Low Res 2D Pixel Art by Krishna Palacio/Animations/Monsters/Slime/Blue/BlueSlime_Idle_SE.anim
  artifactKey: Guid(caaa6503947fb72438b171955d34bee0) Importer(2089858483,192608db42251d675da83286b1cce702)
Start importing Assets/Art/MINIFANTASY Creatures - Super Low Res 2D Pixel Art by Krishna Palacio/Animations/Monsters/Slime/Blue/BlueSlime_Idle_SE.anim using Guid(caaa6503947fb72438b171955d34bee0) Importer(2089858483,192608db42251d675da83286b1cce702) (ScriptedImporter) -> (artifact id: '7390872daadbee449c389f85d1ec8661') in 0.0077817 seconds
Number of updated asset objects reloaded before import = 0Number of asset objects unloaded after import = 1

========================================================================
Received Import Request.
  Time since last request: 0.000036 seconds.
  path: Assets/Art/MINIFANTASY Creatures - Super Low Res 2D Pixel Art by Krishna Palacio/Animations/Humanoids/Orc/Wild Orc/WildOrc_ChargedAttack_SE.anim
  artifactKey: Guid(9b64b09263be5c54b9a41051dcfa98b2) Importer(2089858483,192608db42251d675da83286b1cce702)
Start importing Assets/Art/MINIFANTASY Creatures - Super Low Res 2D Pixel Art by Krishna Palacio/Animations/Humanoids/Orc/Wild Orc/WildOrc_ChargedAttack_SE.anim using Guid(9b64b09263be5c54b9a41051dcfa98b2) Importer(2089858483,192608db42251d675da83286b1cce702) (ScriptedImporter) -> (artifact id: '881988e0e3dd507addfc05889ac6bc53') in 0.0150352 seconds
Number of updated asset objects reloaded before import = 0Number of asset objects unloaded after import = 1

========================================================================
Received Import Request.
  Time since last request: 0.000019 seconds.
  path: Assets/Art/MINIFANTASY Creatures - Super Low Res 2D Pixel Art by Krishna Palacio/Animations/Monsters/Slime/Green/SlimeGreen_Dmg_NW.anim
  artifactKey: Guid(83b12db6f8f8694468781b8751540aef) Importer(2089858483,192608db42251d675da83286b1cce702)
Start importing Assets/Art/MINIFANTASY Creatures - Super Low Res 2D Pixel Art by Krishna Palacio/Animations/Monsters/Slime/Green/SlimeGreen_Dmg_NW.anim using Guid(83b12db6f8f8694468781b8751540aef) Importer(2089858483,192608db42251d675da83286b1cce702) (ScriptedImporter) -> (artifact id: 'b2ec4770e308401f55e9261e80dcdc49') in 0.0135265 seconds
Number of updated asset objects reloaded before import = 0Number of asset objects unloaded after import = 1

========================================================================
Received Import Request.
  Time since last request: 0.000016 seconds.
  path: Assets/Art/MINIFANTASY Creatures - Super Low Res 2D Pixel Art by Krishna Palacio/Animations/Monsters/Slime/Green/GreenSlime_AnimatorOverrideController.overrideController
  artifactKey: Guid(5adac032ddc6c8745849693034990772) Importer(2089858483,192608db42251d675da83286b1cce702)
Start importing Assets/Art/MINIFANTASY Creatures - Super Low Res 2D Pixel Art by Krishna Palacio/Animations/Monsters/Slime/Green/GreenSlime_AnimatorOverrideController.overrideController using Guid(5adac032ddc6c8745849693034990772) Importer(2089858483,192608db42251d675da83286b1cce702) (ScriptedImporter) -> (artifact id: '96e7f0bc866a007d7329be46de37a717') in 0.0209327 seconds
Number of updated asset objects reloaded before import = 0Number of asset objects unloaded after import = 41

========================================================================
Received Import Request.
  Time since last request: 0.000020 seconds.
  path: Assets/Art/MINIFANTASY Creatures - Super Low Res 2D Pixel Art by Krishna Palacio/Animations/Humanoids/Human/Human_Townsfolk/Minifantasy_CreaturesHumanTownsfolkDmg_SE.anim
  artifactKey: Guid(7d78c02e0bd501043a2cad1fcdd7471c) Importer(2089858483,192608db42251d675da83286b1cce702)
Start importing Assets/Art/MINIFANTASY Creatures - Super Low Res 2D Pixel Art by Krishna Palacio/Animations/Humanoids/Human/Human_Townsfolk/Minifantasy_CreaturesHumanTownsfolkDmg_SE.anim using Guid(7d78c02e0bd501043a2cad1fcdd7471c) Importer(2089858483,192608db42251d675da83286b1cce702) (ScriptedImporter) -> (artifact id: 'bf09018e4175c523a17ba11611af5c50') in 0.008717 seconds
Number of updated asset objects reloaded before import = 0Number of asset objects unloaded after import = 1

========================================================================
Received Import Request.
  Time since last request: 0.000021 seconds.
  path: Assets/Art/MINIFANTASY Creatures - Super Low Res 2D Pixel Art by Krishna Palacio/Animations/Humanoids/Orc/Wild Orc/WildOrc_Attack_NE.anim
  artifactKey: Guid(fb9c73efe4ef3ee45b85c9b2e6e2402a) Importer(2089858483,192608db42251d675da83286b1cce702)
Start importing Assets/Art/MINIFANTASY Creatures - Super Low Res 2D Pixel Art by Krishna Palacio/Animations/Humanoids/Orc/Wild Orc/WildOrc_Attack_NE.anim using Guid(fb9c73efe4ef3ee45b85c9b2e6e2402a) Importer(2089858483,192608db42251d675da83286b1cce702) (ScriptedImporter) -> (artifact id: 'ef879b8629d641c21f81c6402d816d15') in 0.0108288 seconds
Number of updated asset objects reloaded before import = 0Number of asset objects unloaded after import = 1

========================================================================
Received Import Request.
  Time since last request: 0.000035 seconds.
  path: Assets/Art/MINIFANTASY Creatures - Super Low Res 2D Pixel Art by Krishna Palacio/Animations/Humanoids/Orc/Wild Orc/WildOrc_Idle_NE.anim
  artifactKey: Guid(9c448ed30613a0e478972337e6e074d7) Importer(2089858483,192608db42251d675da83286b1cce702)
Start importing Assets/Art/MINIFANTASY Creatures - Super Low Res 2D Pixel Art by Krishna Palacio/Animations/Humanoids/Orc/Wild Orc/WildOrc_Idle_NE.anim using Guid(9c448ed30613a0e478972337e6e074d7) Importer(2089858483,192608db42251d675da83286b1cce702) (ScriptedImporter) -> (artifact id: '227e83d8de60bb9c94de64dcf5293dbe') in 0.0079171 seconds
Number of updated asset objects reloaded before import = 0Number of asset objects unloaded after import = 1

========================================================================
Received Import Request.
  Time since last request: 0.000017 seconds.
  path: Assets/Art/MINIFANTASY Creatures - Super Low Res 2D Pixel Art by Krishna Palacio/Animations/Monsters/Slime/Blue/BlueSlime_Idle_NE.anim
  artifactKey: Guid(ffd873328623b18429bc433954a491a8) Importer(2089858483,192608db42251d675da83286b1cce702)
Start importing Assets/Art/MINIFANTASY Creatures - Super Low Res 2D Pixel Art by Krishna Palacio/Animations/Monsters/Slime/Blue/BlueSlime_Idle_NE.anim using Guid(ffd873328623b18429bc433954a491a8) Importer(2089858483,192608db42251d675da83286b1cce702) (ScriptedImporter) -> (artifact id: 'c48d2548bd74a01731ce724d90cb835e') in 0.007358 seconds
Number of updated asset objects reloaded before import = 0Number of asset objects unloaded after import = 1

========================================================================
Received Import Request.
  Time since last request: 0.000017 seconds.
  path: Assets/Art/MINIFANTASY Creatures - Super Low Res 2D Pixel Art by Krishna Palacio/Animations/Monsters/Slime/Green/SlimeGreen_JumpAttack_NW.anim
  artifactKey: Guid(aa3c698d4998efb499b20ea0ffe0ada7) Importer(2089858483,192608db42251d675da83286b1cce702)
Start importing Assets/Art/MINIFANTASY Creatures - Super Low Res 2D Pixel Art by Krishna Palacio/Animations/Monsters/Slime/Green/SlimeGreen_JumpAttack_NW.anim using Guid(aa3c698d4998efb499b20ea0ffe0ada7) Importer(2089858483,192608db42251d675da83286b1cce702) (ScriptedImporter) -> (artifact id: '64b72056ded6e4f31512c1d1843e4285') in 0.0108913 seconds
Number of updated asset objects reloaded before import = 0Number of asset objects unloaded after import = 1

========================================================================
Received Import Request.
  Time since last request: 0.000013 seconds.
  path: Assets/Art/MINIFANTASY Creatures - Super Low Res 2D Pixel Art by Krishna Palacio/Sprites/Beasts/_Shadows/Wolf/WolfShadow_Dmg.png
  artifactKey: Guid(c3214e4ed2ec0eb4bb0a845d399e1e06) Importer(2089858483,192608db42251d675da83286b1cce702)
Start importing Assets/Art/MINIFANTASY Creatures - Super Low Res 2D Pixel Art by Krishna Palacio/Sprites/Beasts/_Shadows/Wolf/WolfShadow_Dmg.png using Guid(c3214e4ed2ec0eb4bb0a845d399e1e06) Importer(2089858483,192608db42251d675da83286b1cce702) (ScriptedImporter) -> (artifact id: '4887ef2f425ef8b0149f1d73d885c08f') in 0.0450764 seconds
Number of updated asset objects reloaded before import = 0Number of asset objects unloaded after import = 18

========================================================================
Received Import Request.
  Time since last request: 0.000023 seconds.
  path: Assets/Art/MINIFANTASY Creatures - Super Low Res 2D Pixel Art by Krishna Palacio/Sprites/Humanoids/Human/Human_Townsfolk/Minifantasy_CreaturesHumanTownsfolkAnimations.png
  artifactKey: Guid(22dbe3d79e3079844b063f869c6b45be) Importer(2089858483,192608db42251d675da83286b1cce702)
Start importing Assets/Art/MINIFANTASY Creatures - Super Low Res 2D Pixel Art by Krishna Palacio/Sprites/Humanoids/Human/Human_Townsfolk/Minifantasy_CreaturesHumanTownsfolkAnimations.png using Guid(22dbe3d79e3079844b063f869c6b45be) Importer(2089858483,192608db42251d675da83286b1cce702) (ScriptedImporter) -> (artifact id: 'd5e746cec85b0f285d17c2ad20b711de') in 0.0201189 seconds
Number of updated asset objects reloaded before import = 0Number of asset objects unloaded after import = 3

========================================================================
Received Import Request.
  Time since last request: 0.000029 seconds.
  path: Assets/Art/MINIFANTASY Creatures - Super Low Res 2D Pixel Art by Krishna Palacio/Sprites/Humanoids/Human/Human_Townsfolk/Minifantasy_CreaturesHumanTownsfolkAttack.png
  artifactKey: Guid(d215a745fc7ba8447b5697555d83c9a0) Importer(2089858483,192608db42251d675da83286b1cce702)
Start importing Assets/Art/MINIFANTASY Creatures - Super Low Res 2D Pixel Art by Krishna Palacio/Sprites/Humanoids/Human/Human_Townsfolk/Minifantasy_CreaturesHumanTownsfolkAttack.png using Guid(d215a745fc7ba8447b5697555d83c9a0) Importer(2089858483,192608db42251d675da83286b1cce702) (ScriptedImporter) -> (artifact id: '5da3dbb9f61657cb439aec8983fc97c9') in 0.041442 seconds
Number of updated asset objects reloaded before import = 0Number of asset objects unloaded after import = 18

========================================================================
Received Import Request.
  Time since last request: 0.000019 seconds.
  path: Assets/Art/MINIFANTASY Creatures - Super Low Res 2D Pixel Art by Krishna Palacio/Sprites/Humanoids/Orc/Wild Orc/Minifantasy_CreaturesWildOrcAnimations.png
  artifactKey: Guid(1c1afee0303babb41ac66ee0edda8a3d) Importer(2089858483,192608db42251d675da83286b1cce702)
Start importing Assets/Art/MINIFANTASY Creatures - Super Low Res 2D Pixel Art by Krishna Palacio/Sprites/Humanoids/Orc/Wild Orc/Minifantasy_CreaturesWildOrcAnimations.png using Guid(1c1afee0303babb41ac66ee0edda8a3d) Importer(2089858483,192608db42251d675da83286b1cce702) (ScriptedImporter) -> (artifact id: '8b12d4872b3928b2d3ccd27e686e606d') in 0.016641 seconds
Number of updated asset objects reloaded before import = 0Number of asset objects unloaded after import = 3

========================================================================
Received Import Request.
  Time since last request: 0.000016 seconds.
  path: Assets/Art/MINIFANTASY Creatures - Super Low Res 2D Pixel Art by Krishna Palacio/Sprites/Humanoids/Dwarf/Dwarf_Yellow_Beard/Minifantasy_CreaturesDwarfYellowBearSpinDie.png
  artifactKey: Guid(7dcec8878fc708e438515f3cddbc4e0e) Importer(2089858483,192608db42251d675da83286b1cce702)
Start importing Assets/Art/MINIFANTASY Creatures - Super Low Res 2D Pixel Art by Krishna Palacio/Sprites/Humanoids/Dwarf/Dwarf_Yellow_Beard/Minifantasy_CreaturesDwarfYellowBearSpinDie.png using Guid(7dcec8878fc708e438515f3cddbc4e0e) Importer(2089858483,192608db42251d675da83286b1cce702) (ScriptedImporter) -> (artifact id: '0dae0ecf4c5d84600ced5d4005cfbb12') in 0.040682 seconds
Number of updated asset objects reloaded before import = 0Number of asset objects unloaded after import = 14

========================================================================
Received Import Request.
  Time since last request: 0.000018 seconds.
  path: Assets/Art/MINIFANTASY Creatures - Super Low Res 2D Pixel Art by Krishna Palacio/Sprites/Humanoids/Human/Human/Minifantasy_CreaturesHumanWalk_UVMap.png
  artifactKey: Guid(6904eb8bc39694244ba2ad047a3ecfdc) Importer(2089858483,192608db42251d675da83286b1cce702)
Start importing Assets/Art/MINIFANTASY Creatures - Super Low Res 2D Pixel Art by Krishna Palacio/Sprites/Humanoids/Human/Human/Minifantasy_CreaturesHumanWalk_UVMap.png using Guid(6904eb8bc39694244ba2ad047a3ecfdc) Importer(2089858483,192608db42251d675da83286b1cce702) (ScriptedImporter) -> (artifact id: '9afe483f76a11162d27d767f1da25671') in 0.0141723 seconds
Number of updated asset objects reloaded before import = 0Number of asset objects unloaded after import = 1

========================================================================
Received Import Request.
  Time since last request: 0.000020 seconds.
  path: Assets/Art/MINIFANTASY Creatures - Super Low Res 2D Pixel Art by Krishna Palacio/Sprites/Humanoids/Human/Human_Amazon/Minifantasy_CreaturesAmazonDie.png
  artifactKey: Guid(561b127b17f9add4cb2717b52c72f8b7) Importer(2089858483,192608db42251d675da83286b1cce702)
Start importing Assets/Art/MINIFANTASY Creatures - Super Low Res 2D Pixel Art by Krishna Palacio/Sprites/Humanoids/Human/Human_Amazon/Minifantasy_CreaturesAmazonDie.png using Guid(561b127b17f9add4cb2717b52c72f8b7) Importer(2089858483,192608db42251d675da83286b1cce702) (ScriptedImporter) -> (artifact id: '5076da5ff8505162c72edce8bc572a52') in 0.0596244 seconds
Number of updated asset objects reloaded before import = 0Number of asset objects unloaded after import = 14

========================================================================
Received Import Request.
  Time since last request: 0.000028 seconds.
  path: Assets/Art/MINIFANTASY Creatures - Super Low Res 2D Pixel Art by Krishna Palacio/Sprites/Humanoids/Human/Human/Minifantasy_CreaturesHumanAnimations.png
  artifactKey: Guid(e48b8ae4e275bf5499655590880e15d1) Importer(2089858483,192608db42251d675da83286b1cce702)
Start importing Assets/Art/MINIFANTASY Creatures - Super Low Res 2D Pixel Art by Krishna Palacio/Sprites/Humanoids/Human/Human/Minifantasy_CreaturesHumanAnimations.png using Guid(e48b8ae4e275bf5499655590880e15d1) Importer(2089858483,192608db42251d675da83286b1cce702) (ScriptedImporter) -> (artifact id: '240f4e0a20cac6e865e13c9915a6eab3') in 0.024353 seconds
Number of updated asset objects reloaded before import = 0Number of asset objects unloaded after import = 1

========================================================================
Received Import Request.
  Time since last request: 0.000016 seconds.
  path: Assets/Art/MINIFANTASY Creatures - Super Low Res 2D Pixel Art by Krishna Palacio/Sprites/Humanoids/Human/Human/Minifantasy_CreaturesHumanSpinDie.png
  artifactKey: Guid(b809874a92fb58f40b0de193efd7ec50) Importer(2089858483,192608db42251d675da83286b1cce702)
Start importing Assets/Art/MINIFANTASY Creatures - Super Low Res 2D Pixel Art by Krishna Palacio/Sprites/Humanoids/Human/Human/Minifantasy_CreaturesHumanSpinDie.png using Guid(b809874a92fb58f40b0de193efd7ec50) Importer(2089858483,192608db42251d675da83286b1cce702) (ScriptedImporter) -> (artifact id: 'e9c240ba1506820c868f485c9c7aab2a') in 0.0349757 seconds
Number of updated asset objects reloaded before import = 0Number of asset objects unloaded after import = 14

========================================================================
Received Import Request.
  Time since last request: 0.000018 seconds.
  path: Assets/Art/MINIFANTASY Creatures - Super Low Res 2D Pixel Art by Krishna Palacio/Sprites/Humanoids/Orc/Wild Orc/WildOrc_Die.png
  artifactKey: Guid(d95f6e4ae566e3e43a4c2f155a988166) Importer(2089858483,192608db42251d675da83286b1cce702)
Start importing Assets/Art/MINIFANTASY Creatures - Super Low Res 2D Pixel Art by Krishna Palacio/Sprites/Humanoids/Orc/Wild Orc/WildOrc_Die.png using Guid(d95f6e4ae566e3e43a4c2f155a988166) Importer(2089858483,192608db42251d675da83286b1cce702) (ScriptedImporter) -> (artifact id: 'c9b9431791ccdfa29ce3e72c796bf727') in 0.0379241 seconds
Number of updated asset objects reloaded before import = 0Number of asset objects unloaded after import = 14

========================================================================
Received Import Request.
  Time since last request: 0.000018 seconds.
  path: Assets/Art/MINIFANTASY Creatures - Super Low Res 2D Pixel Art by Krishna Palacio/Sprites/Humanoids/_Shadows/Dwarf, Trasgo/Minifantasy_CreaturesShadowDwarSpinDie.png
  artifactKey: Guid(9d5c4ee55f2eee445bc26206ff4b3f7b) Importer(2089858483,192608db42251d675da83286b1cce702)
Start importing Assets/Art/MINIFANTASY Creatures - Super Low Res 2D Pixel Art by Krishna Palacio/Sprites/Humanoids/_Shadows/Dwarf, Trasgo/Minifantasy_CreaturesShadowDwarSpinDie.png using Guid(9d5c4ee55f2eee445bc26206ff4b3f7b) Importer(2089858483,192608db42251d675da83286b1cce702) (ScriptedImporter) -> (artifact id: '5669b53989926ea75073acecb19b8ef5') in 0.0334314 seconds
Number of updated asset objects reloaded before import = 0Number of asset objects unloaded after import = 13

========================================================================
Received Import Request.
  Time since last request: 0.000024 seconds.
  path: Assets/Art/MINIFANTASY Creatures - Super Low Res 2D Pixel Art by Krishna Palacio/Sprites/Humanoids/Human/Human/Minifantasy_CreaturesHumanJump.png
  artifactKey: Guid(2ed034852a0bc874d91bb57c84db68ea) Importer(2089858483,192608db42251d675da83286b1cce702)
Start importing Assets/Art/MINIFANTASY Creatures - Super Low Res 2D Pixel Art by Krishna Palacio/Sprites/Humanoids/Human/Human/Minifantasy_CreaturesHumanJump.png using Guid(2ed034852a0bc874d91bb57c84db68ea) Importer(2089858483,192608db42251d675da83286b1cce702) (ScriptedImporter) -> (artifact id: 'bd6bb59b506f391b0cec73d1b6069479') in 0.0460135 seconds
Number of updated asset objects reloaded before import = 0Number of asset objects unloaded after import = 18

========================================================================
Received Import Request.
  Time since last request: 0.000023 seconds.
  path: Assets/Art/MINIFANTASY Creatures - Super Low Res 2D Pixel Art by Krishna Palacio/Sprites/Humanoids/Human/Human_Amazon/Minifantasy_CreaturesAmazonJump.png
  artifactKey: Guid(b437168b0bdf7814ea6a351d59e305af) Importer(2089858483,192608db42251d675da83286b1cce702)
Start importing Assets/Art/MINIFANTASY Creatures - Super Low Res 2D Pixel Art by Krishna Palacio/Sprites/Humanoids/Human/Human_Amazon/Minifantasy_CreaturesAmazonJump.png using Guid(b437168b0bdf7814ea6a351d59e305af) Importer(2089858483,192608db42251d675da83286b1cce702) (ScriptedImporter) -> (artifact id: '625233eba6d96d824ae52cedcd30d128') in 0.0523419 seconds
Number of updated asset objects reloaded before import = 0Number of asset objects unloaded after import = 18

========================================================================
Received Import Request.
  Time since last request: 0.000020 seconds.
  path: Assets/Art/MINIFANTASY Creatures - Super Low Res 2D Pixel Art by Krishna Palacio/Sprites/Humanoids/Dwarf/Dwarf/Minifantasy_CreaturesDwarfSpinDie.png
  artifactKey: Guid(1b5ad827bc1fd524d921a70f7a41efe7) Importer(2089858483,192608db42251d675da83286b1cce702)
Start importing Assets/Art/MINIFANTASY Creatures - Super Low Res 2D Pixel Art by Krishna Palacio/Sprites/Humanoids/Dwarf/Dwarf/Minifantasy_CreaturesDwarfSpinDie.png using Guid(1b5ad827bc1fd524d921a70f7a41efe7) Importer(2089858483,192608db42251d675da83286b1cce702) (ScriptedImporter) -> (artifact id: 'f0892d4484882ae8ca101e50250c238e') in 0.0344263 seconds
Number of updated asset objects reloaded before import = 0Number of asset objects unloaded after import = 13

========================================================================
Received Import Request.
  Time since last request: 0.000019 seconds.
  path: Assets/Art/MINIFANTASY Creatures - Super Low Res 2D Pixel Art by Krishna Palacio/Sprites/Humanoids/Dwarf/Dwarf_Yellow_Beard/Minifantasy_CreaturesDwarfYellowBearChargedAttack.png
  artifactKey: Guid(b42e93b3a8aaca141bc513dbf8a205a2) Importer(2089858483,192608db42251d675da83286b1cce702)
Start importing Assets/Art/MINIFANTASY Creatures - Super Low Res 2D Pixel Art by Krishna Palacio/Sprites/Humanoids/Dwarf/Dwarf_Yellow_Beard/Minifantasy_CreaturesDwarfYellowBearChargedAttack.png using Guid(b42e93b3a8aaca141bc513dbf8a205a2) Importer(2089858483,192608db42251d675da83286b1cce702) (ScriptedImporter) -> (artifact id: '17492711b389a40a9ceba51ffc3a9cc1') in 0.0513347 seconds
Number of updated asset objects reloaded before import = 0Number of asset objects unloaded after import = 20

========================================================================
Received Import Request.
  Time since last request: 0.000024 seconds.
  path: Assets/Art/MINIFANTASY Creatures - Super Low Res 2D Pixel Art by Krishna Palacio/Sprites/Humanoids/Orc/Orc/Orc_Walk.png
  artifactKey: Guid(0899f33c10df0904f92b0418e04aa79d) Importer(2089858483,192608db42251d675da83286b1cce702)
Start importing Assets/Art/MINIFANTASY Creatures - Super Low Res 2D Pixel Art by Krishna Palacio/Sprites/Humanoids/Orc/Orc/Orc_Walk.png using Guid(0899f33c10df0904f92b0418e04aa79d) Importer(2089858483,192608db42251d675da83286b1cce702) (ScriptedImporter) -> (artifact id: 'e7692331ce35d157be6baa54ee6f329b') in 0.0422271 seconds
Number of updated asset objects reloaded before import = 0Number of asset objects unloaded after import = 18

========================================================================
Received Import Request.
  Time since last request: 0.000031 seconds.
  path: Assets/Art/MINIFANTASY Creatures - Super Low Res 2D Pixel Art by Krishna Palacio/Sprites/Humanoids/Orc/Wild Orc/WildOrc_Idle.png
  artifactKey: Guid(fe5ac4342d61a4f4b9d77bdfa32e8f46) Importer(2089858483,192608db42251d675da83286b1cce702)
Start importing Assets/Art/MINIFANTASY Creatures - Super Low Res 2D Pixel Art by Krishna Palacio/Sprites/Humanoids/Orc/Wild Orc/WildOrc_Idle.png using Guid(fe5ac4342d61a4f4b9d77bdfa32e8f46) Importer(2089858483,192608db42251d675da83286b1cce702) (ScriptedImporter) -> (artifact id: 'a24d843e8564ddc62ddd98d0eeaf2251') in 0.1883128 seconds
Number of updated asset objects reloaded before import = 0Number of asset objects unloaded after import = 67

========================================================================
Received Import Request.
  Time since last request: 0.000019 seconds.
  path: Assets/Art/MINIFANTASY Creatures - Super Low Res 2D Pixel Art by Krishna Palacio/Sprites/Humanoids/Human/Human_Townsfolk/Minifantasy_CreaturesHumanTownsfolkIdle.png
  artifactKey: Guid(f30eb3d321152404ea796cf002dc157a) Importer(2089858483,192608db42251d675da83286b1cce702)
Start importing Assets/Art/MINIFANTASY Creatures - Super Low Res 2D Pixel Art by Krishna Palacio/Sprites/Humanoids/Human/Human_Townsfolk/Minifantasy_CreaturesHumanTownsfolkIdle.png using Guid(f30eb3d321152404ea796cf002dc157a) Importer(2089858483,192608db42251d675da83286b1cce702) (ScriptedImporter) -> (artifact id: '6975feaafbb37333cf15ead968c94494') in 0.2011056 seconds
Number of updated asset objects reloaded before import = 0Number of asset objects unloaded after import = 67

========================================================================
Received Import Request.
  Time since last request: 0.000025 seconds.
  path: Assets/Art/MINIFANTASY Creatures - Super Low Res 2D Pixel Art by Krishna Palacio/Sprites/Monsters/_Shadows/Zombie/Minifantasy_CreaturesZombieBaseAttackShadow.png
  artifactKey: Guid(f05598f820852894ba5a795255e0a57f) Importer(2089858483,192608db42251d675da83286b1cce702)
Start importing Assets/Art/MINIFANTASY Creatures - Super Low Res 2D Pixel Art by Krishna Palacio/Sprites/Monsters/_Shadows/Zombie/Minifantasy_CreaturesZombieBaseAttackShadow.png using Guid(f05598f820852894ba5a795255e0a57f) Importer(2089858483,192608db42251d675da83286b1cce702) (ScriptedImporter) -> (artifact id: '9b7cb289dbb8d0075f4a9cbf0fde183e') in 0.0546336 seconds
Number of updated asset objects reloaded before import = 0Number of asset objects unloaded after import = 22

========================================================================
Received Import Request.
  Time since last request: 0.000018 seconds.
  path: Assets/Minifantasy_NPCs_Assets/Generic_NPCs/Die/Head/Facial_Hair/Goatee/Minifantasy_NPCsDie_FacialHair_Goatee_green.png
  artifactKey: Guid(35c9bbc3027cd0d42a8a880d9b1a2130) Importer(2089858483,192608db42251d675da83286b1cce702)
Start importing Assets/Minifantasy_NPCs_Assets/Generic_NPCs/Die/Head/Facial_Hair/Goatee/Minifantasy_NPCsDie_FacialHair_Goatee_green.png using Guid(35c9bbc3027cd0d42a8a880d9b1a2130) Importer(2089858483,192608db42251d675da83286b1cce702) (ScriptedImporter) -> (artifact id: 'acf0d5c305cd0545e9759ee2e5ee378c') in 0.016108 seconds
Number of updated asset objects reloaded before import = 0Number of asset objects unloaded after import = 3

========================================================================
Received Import Request.
  Time since last request: 0.000018 seconds.
  path: Assets/Art/MINIFANTASY Creatures - Super Low Res 2D Pixel Art by Krishna Palacio/Sprites/Monsters/_Shadows/Zombie/Minifantasy_CreaturesZombieBaseWalkShadow.png
  artifactKey: Guid(1e329288950ba6045a602a476d8b8726) Importer(2089858483,192608db42251d675da83286b1cce702)
Start importing Assets/Art/MINIFANTASY Creatures - Super Low Res 2D Pixel Art by Krishna Palacio/Sprites/Monsters/_Shadows/Zombie/Minifantasy_CreaturesZombieBaseWalkShadow.png using Guid(1e329288950ba6045a602a476d8b8726) Importer(2089858483,192608db42251d675da83286b1cce702) (ScriptedImporter) -> (artifact id: '417a8a2fa897ec15209b308c5a0bc956') in 0.051285 seconds
Number of updated asset objects reloaded before import = 0Number of asset objects unloaded after import = 18

========================================================================
Received Import Request.
  Time since last request: 0.000020 seconds.
  path: Assets/Minifantasy_NPCs_Assets/Generic_NPCs/Die/Head/Facial_Hair/Goatee/Minifantasy_NPCsDie_FacialHair_Goatee_blue.png
  artifactKey: Guid(20da17dd6a5bdc8409423217a1fe82bc) Importer(2089858483,192608db42251d675da83286b1cce702)
Start importing Assets/Minifantasy_NPCs_Assets/Generic_NPCs/Die/Head/Facial_Hair/Goatee/Minifantasy_NPCsDie_FacialHair_Goatee_blue.png using Guid(20da17dd6a5bdc8409423217a1fe82bc) Importer(2089858483,192608db42251d675da83286b1cce702) (ScriptedImporter) -> (artifact id: 'ab5793c4d17ea2de220eb60ad16c3dad') in 0.0162612 seconds
Number of updated asset objects reloaded before import = 0Number of asset objects unloaded after import = 3

========================================================================
Received Import Request.
  Time since last request: 0.000030 seconds.
  path: Assets/Minifantasy_NPCs_Assets/Generic_NPCs/Die/Head/Facial_Hair/Chin_Curtain/Minifantasy_NPCsDie_FacialHair_ChinCurtain_black.png
  artifactKey: Guid(574e4a881fffc8242a670e428f2e6019) Importer(2089858483,192608db42251d675da83286b1cce702)
Start importing Assets/Minifantasy_NPCs_Assets/Generic_NPCs/Die/Head/Facial_Hair/Chin_Curtain/Minifantasy_NPCsDie_FacialHair_ChinCurtain_black.png using Guid(574e4a881fffc8242a670e428f2e6019) Importer(2089858483,192608db42251d675da83286b1cce702) (ScriptedImporter) -> (artifact id: 'f5b734a375483d3247d2583f9a74330b') in 0.0183292 seconds
Number of updated asset objects reloaded before import = 0Number of asset objects unloaded after import = 3

========================================================================
Received Import Request.
  Time since last request: 0.000017 seconds.
  path: Assets/Art/MINIFANTASY Creatures - Super Low Res 2D Pixel Art by Krishna Palacio/Sprites/Monsters/_Shadows/Centaur/Minifantasy_CreaturesShadowCentaurJump.png
  artifactKey: Guid(59fb768f79a04ca4cb67725c4242027e) Importer(2089858483,192608db42251d675da83286b1cce702)
Start importing Assets/Art/MINIFANTASY Creatures - Super Low Res 2D Pixel Art by Krishna Palacio/Sprites/Monsters/_Shadows/Centaur/Minifantasy_CreaturesShadowCentaurJump.png using Guid(59fb768f79a04ca4cb67725c4242027e) Importer(2089858483,192608db42251d675da83286b1cce702) (ScriptedImporter) -> (artifact id: '620aaa2f7228919f8da6509fffa48551') in 0.0436867 seconds
Number of updated asset objects reloaded before import = 0Number of asset objects unloaded after import = 18

========================================================================
Received Import Request.
  Time since last request: 0.000022 seconds.
  path: Assets/Art/MINIFANTASY Creatures - Super Low Res 2D Pixel Art by Krishna Palacio/Sprites/Humanoids/_Shadows/Human, Elf, Orc, Goblin, Halfling/Minifantasy_CreaturesShadowHumanoidWalk.png
  artifactKey: Guid(2e64277a4cb81074abb2492aebf33139) Importer(2089858483,192608db42251d675da83286b1cce702)
Start importing Assets/Art/MINIFANTASY Creatures - Super Low Res 2D Pixel Art by Krishna Palacio/Sprites/Humanoids/_Shadows/Human, Elf, Orc, Goblin, Halfling/Minifantasy_CreaturesShadowHumanoidWalk.png using Guid(2e64277a4cb81074abb2492aebf33139) Importer(2089858483,192608db42251d675da83286b1cce702) (ScriptedImporter) -> (artifact id: '9f1636c79878267094307b2d39f17e06') in 0.0645236 seconds
Number of updated asset objects reloaded before import = 0Number of asset objects unloaded after import = 18

========================================================================
Received Import Request.
  Time since last request: 0.000022 seconds.
  path: Assets/Minifantasy_NPCs_Assets/Generic_NPCs/Die/Head/Facial_Hair/Chin_Strap/Minifantasy_NPCsDie_FacialHair_ChinStrap_blonde.png
  artifactKey: Guid(36cbea21b7fa27d4b83cc22786d92c56) Importer(2089858483,192608db42251d675da83286b1cce702)
Start importing Assets/Minifantasy_NPCs_Assets/Generic_NPCs/Die/Head/Facial_Hair/Chin_Strap/Minifantasy_NPCsDie_FacialHair_ChinStrap_blonde.png using Guid(36cbea21b7fa27d4b83cc22786d92c56) Importer(2089858483,192608db42251d675da83286b1cce702) (ScriptedImporter) -> (artifact id: '05ab15269fcb5b2f77016040d6b2f178') in 0.0254608 seconds
Number of updated asset objects reloaded before import = 0Number of asset objects unloaded after import = 3

========================================================================
Received Import Request.
  Time since last request: 0.000033 seconds.
  path: Assets/Art/MINIFANTASY Creatures - Super Low Res 2D Pixel Art by Krishna Palacio/Sprites/Monsters/_Shadows/Centaur/Minifantasy_CreaturesShadowCentaurDmg.png
  artifactKey: Guid(0361729ac61bfb24fbab6d6ca1dcbb93) Importer(2089858483,192608db42251d675da83286b1cce702)
Start importing Assets/Art/MINIFANTASY Creatures - Super Low Res 2D Pixel Art by Krishna Palacio/Sprites/Monsters/_Shadows/Centaur/Minifantasy_CreaturesShadowCentaurDmg.png using Guid(0361729ac61bfb24fbab6d6ca1dcbb93) Importer(2089858483,192608db42251d675da83286b1cce702) (ScriptedImporter) -> (artifact id: '1c6a4a9e79fd458909c47ba94bd90238') in 0.0690164 seconds
Number of updated asset objects reloaded before import = 0Number of asset objects unloaded after import = 18

========================================================================
Received Import Request.
  Time since last request: 0.000025 seconds.
  path: Assets/Art/MINIFANTASY Creatures - Super Low Res 2D Pixel Art by Krishna Palacio/Sprites/Humanoids/_Shadows/Dwarf, Trasgo/Minifantasy_CreaturesShadowDwarfAttack.png
  artifactKey: Guid(fe3096dfa4613564aba79483274ff16e) Importer(2089858483,192608db42251d675da83286b1cce702)
Start importing Assets/Art/MINIFANTASY Creatures - Super Low Res 2D Pixel Art by Krishna Palacio/Sprites/Humanoids/_Shadows/Dwarf, Trasgo/Minifantasy_CreaturesShadowDwarfAttack.png using Guid(fe3096dfa4613564aba79483274ff16e) Importer(2089858483,192608db42251d675da83286b1cce702) (ScriptedImporter) -> (artifact id: 'a17b2a725e011a5e5817ff75d270781a') in 0.046031 seconds
Number of updated asset objects reloaded before import = 0Number of asset objects unloaded after import = 18

========================================================================
Received Import Request.
  Time since last request: 0.000013 seconds.
  path: Assets/Art/MINIFANTASY Creatures - Super Low Res 2D Pixel Art by Krishna Palacio/Sprites/Humanoids/_Shadows/Human, Elf, Orc, Goblin, Halfling/Minifantasy_CreaturesShadowHumanoidIdle.png
  artifactKey: Guid(6145dbcd2a7aa664eb6565a49bbb56ff) Importer(2089858483,192608db42251d675da83286b1cce702)
Start importing Assets/Art/MINIFANTASY Creatures - Super Low Res 2D Pixel Art by Krishna Palacio/Sprites/Humanoids/_Shadows/Human, Elf, Orc, Goblin, Halfling/Minifantasy_CreaturesShadowHumanoidIdle.png using Guid(6145dbcd2a7aa664eb6565a49bbb56ff) Importer(2089858483,192608db42251d675da83286b1cce702) (ScriptedImporter) -> (artifact id: 'ff51ac8724c5a458472c9cca2b41879c') in 0.1586254 seconds
Number of updated asset objects reloaded before import = 0Number of asset objects unloaded after import = 66

========================================================================
Received Import Request.
  Time since last request: 0.000018 seconds.
  path: Assets/Art/MINIFANTASY Creatures - Super Low Res 2D Pixel Art by Krishna Palacio/Sprites/Monsters/Slime/Blue _Slime/BlueSlime_Idle.png
  artifactKey: Guid(f1ffa2e7fbdacab4fadec76407b5d618) Importer(2089858483,192608db42251d675da83286b1cce702)
Start importing Assets/Art/MINIFANTASY Creatures - Super Low Res 2D Pixel Art by Krishna Palacio/Sprites/Monsters/Slime/Blue _Slime/BlueSlime_Idle.png using Guid(f1ffa2e7fbdacab4fadec76407b5d618) Importer(2089858483,192608db42251d675da83286b1cce702) (ScriptedImporter) -> (artifact id: 'befa4a64e0acd8ca542a069b35a15db6') in 0.0823331 seconds
Number of updated asset objects reloaded before import = 0Number of asset objects unloaded after import = 35

========================================================================
Received Import Request.
  Time since last request: 0.000030 seconds.
  path: Assets/Art/MINIFANTASY Creatures - Super Low Res 2D Pixel Art by Krishna Palacio/Sprites/Humanoids/Orc/Orc/Orc_Dmg.png
  artifactKey: Guid(eee3640bc2d3e494d8d199fd551742c2) Importer(2089858483,192608db42251d675da83286b1cce702)
Start importing Assets/Art/MINIFANTASY Creatures - Super Low Res 2D Pixel Art by Krishna Palacio/Sprites/Humanoids/Orc/Orc/Orc_Dmg.png using Guid(eee3640bc2d3e494d8d199fd551742c2) Importer(2089858483,192608db42251d675da83286b1cce702) (ScriptedImporter) -> (artifact id: 'f4dfbd7c676feba4a39dbf6f1f5fdc4c') in 0.0392498 seconds
Number of updated asset objects reloaded before import = 0Number of asset objects unloaded after import = 18

========================================================================
Received Import Request.
  Time since last request: 0.000017 seconds.
  path: Assets/Art/MINIFANTASY Creatures - Super Low Res 2D Pixel Art by Krishna Palacio/Sprites/Monsters/_Shadows/Zombie/Minifantasy_CreaturesZombieBaseDieShadow.png
  artifactKey: Guid(7df10289db3cb484bb9607f3649d1d20) Importer(2089858483,192608db42251d675da83286b1cce702)
Start importing Assets/Art/MINIFANTASY Creatures - Super Low Res 2D Pixel Art by Krishna Palacio/Sprites/Monsters/_Shadows/Zombie/Minifantasy_CreaturesZombieBaseDieShadow.png using Guid(7df10289db3cb484bb9607f3649d1d20) Importer(2089858483,192608db42251d675da83286b1cce702) (ScriptedImporter) -> (artifact id: 'bb45c7a9927b28431c0cd0080b618ec4') in 0.0528441 seconds
Number of updated asset objects reloaded before import = 0Number of asset objects unloaded after import = 13

========================================================================
Received Import Request.
  Time since last request: 0.000021 seconds.
  path: Assets/Editor/com.IvanMurzak/AI Game Dev Installer/Tests/Files/Correct/correct_manifest.json
  artifactKey: Guid(3d5b79cfeddb2f04f8bb70ff73000dd7) Importer(2089858483,192608db42251d675da83286b1cce702)
Start importing Assets/Editor/com.IvanMurzak/AI Game Dev Installer/Tests/Files/Correct/correct_manifest.json using Guid(3d5b79cfeddb2f04f8bb70ff73000dd7) Importer(2089858483,192608db42251d675da83286b1cce702) (ScriptedImporter) -> (artifact id: 'f096651b1645fbea2cff44586089215b') in 0.005687 seconds
Number of updated asset objects reloaded before import = 0Number of asset objects unloaded after import = 1

========================================================================
Received Import Request.
  Time since last request: 0.000019 seconds.
  path: Assets/Minifantasy_NPCs_Assets/Generic_NPCs/Die/Head/Facial_Hair/Chin_Curtain/Minifantasy_NPCsDie_FacialHair_ChinCurtain_blue.png
  artifactKey: Guid(81e1f4505fa367148b39d795fb02e32b) Importer(2089858483,192608db42251d675da83286b1cce702)
Start importing Assets/Minifantasy_NPCs_Assets/Generic_NPCs/Die/Head/Facial_Hair/Chin_Curtain/Minifantasy_NPCsDie_FacialHair_ChinCurtain_blue.png using Guid(81e1f4505fa367148b39d795fb02e32b) Importer(2089858483,192608db42251d675da83286b1cce702) (ScriptedImporter) -> (artifact id: 'c93d658d65ae8ccba81087c670a2ad9d') in 0.0148743 seconds
Number of updated asset objects reloaded before import = 0Number of asset objects unloaded after import = 3

========================================================================
Received Import Request.
  Time since last request: 0.000029 seconds.
  path: Assets/Art/MINIFANTASY Creatures - Super Low Res 2D Pixel Art by Krishna Palacio/Sprites/Monsters/_Shadows/Wildfire/Minifantasy_CreaturesShadowWildfireIdle.png
  artifactKey: Guid(e6895de01fc5d464c9331c9b5e1cae06) Importer(2089858483,192608db42251d675da83286b1cce702)
Start importing Assets/Art/MINIFANTASY Creatures - Super Low Res 2D Pixel Art by Krishna Palacio/Sprites/Monsters/_Shadows/Wildfire/Minifantasy_CreaturesShadowWildfireIdle.png using Guid(e6895de01fc5d464c9331c9b5e1cae06) Importer(2089858483,192608db42251d675da83286b1cce702) (ScriptedImporter) -> (artifact id: '1a139367af4ce1b95d7bc5d224285503') in 0.0210294 seconds
Number of updated asset objects reloaded before import = 0Number of asset objects unloaded after import = 6

========================================================================
Received Import Request.
  Time since last request: 0.000022 seconds.
  path: Assets/Minifantasy_NPCs_Assets/Generic_NPCs/Die/Head/Facial_Hair/Goatee/Minifantasy_NPCsDie_FacialHair_Goatee_purple.png
  artifactKey: Guid(e9a1bde854cf7c74a93fbc102c440592) Importer(2089858483,192608db42251d675da83286b1cce702)
Start importing Assets/Minifantasy_NPCs_Assets/Generic_NPCs/Die/Head/Facial_Hair/Goatee/Minifantasy_NPCsDie_FacialHair_Goatee_purple.png using Guid(e9a1bde854cf7c74a93fbc102c440592) Importer(2089858483,192608db42251d675da83286b1cce702) (ScriptedImporter) -> (artifact id: 'db5afd706522956133039687203a5660') in 0.0195144 seconds
Number of updated asset objects reloaded before import = 0Number of asset objects unloaded after import = 3

========================================================================
Received Import Request.
  Time since last request: 0.000020 seconds.
  path: Assets/Minifantasy_NPCs_Assets/Generic_NPCs/Die/Head/Hairstyles/Mane/Minifantasy_NPCsDie_HumanHair_Mane_brown.png
  artifactKey: Guid(0cb6f9f1beaa2574d8f721c96c5f01c1) Importer(2089858483,192608db42251d675da83286b1cce702)
Start importing Assets/Minifantasy_NPCs_Assets/Generic_NPCs/Die/Head/Hairstyles/Mane/Minifantasy_NPCsDie_HumanHair_Mane_brown.png using Guid(0cb6f9f1beaa2574d8f721c96c5f01c1) Importer(2089858483,192608db42251d675da83286b1cce702) (ScriptedImporter) -> (artifact id: '0cb26c8c59daaf9b0befe73d7ca2aa6c') in 0.0315131 seconds
Number of updated asset objects reloaded before import = 0Number of asset objects unloaded after import = 12

========================================================================
Received Import Request.
  Time since last request: 0.000018 seconds.
  path: Assets/Minifantasy_NPCs_Assets/Generic_NPCs/Die/Head/Hairstyles/Mane/Minifantasy_NPCsDie_HumanHair_Mane_green.png
  artifactKey: Guid(16dbf228c71d10144a9c275e7fc3edc6) Importer(2089858483,192608db42251d675da83286b1cce702)
Start importing Assets/Minifantasy_NPCs_Assets/Generic_NPCs/Die/Head/Hairstyles/Mane/Minifantasy_NPCsDie_HumanHair_Mane_green.png using Guid(16dbf228c71d10144a9c275e7fc3edc6) Importer(2089858483,192608db42251d675da83286b1cce702) (ScriptedImporter) -> (artifact id: '842f2b56f2b099eeee69ebf3a8821022') in 0.0342491 seconds
Number of updated asset objects reloaded before import = 0Number of asset objects unloaded after import = 12

========================================================================
Received Import Request.
  Time since last request: 0.000019 seconds.
  path: Assets/Minifantasy_NPCs_Assets/Generic_NPCs/Die/Head/Hairstyles/Mohawk/Minifantasy_NPCsDie_HumanHair_Mohawk_blonde.png
  artifactKey: Guid(ae124ef024d03f54784a7402c06ccdd9) Importer(2089858483,192608db42251d675da83286b1cce702)
Start importing Assets/Minifantasy_NPCs_Assets/Generic_NPCs/Die/Head/Hairstyles/Mohawk/Minifantasy_NPCsDie_HumanHair_Mohawk_blonde.png using Guid(ae124ef024d03f54784a7402c06ccdd9) Importer(2089858483,192608db42251d675da83286b1cce702) (ScriptedImporter) -> (artifact id: '6b48d270e6002a164621656ac08ba83a') in 0.0239099 seconds
Number of updated asset objects reloaded before import = 0Number of asset objects unloaded after import = 8

========================================================================
Received Import Request.
  Time since last request: 0.000027 seconds.
  path: Assets/Minifantasy_NPCs_Assets/Generic_NPCs/Die/Head/Hairstyles/Bubble/Minifantasy_NPCsDie_HumanHair_Bubble_blonde.png
  artifactKey: Guid(bbc3d29624a5fb848b7dcb59399f4786) Importer(2089858483,192608db42251d675da83286b1cce702)
Start importing Assets/Minifantasy_NPCs_Assets/Generic_NPCs/Die/Head/Hairstyles/Bubble/Minifantasy_NPCsDie_HumanHair_Bubble_blonde.png using Guid(bbc3d29624a5fb848b7dcb59399f4786) Importer(2089858483,192608db42251d675da83286b1cce702) (ScriptedImporter) -> (artifact id: '347d27a379ec454ac155b7289ff80331') in 0.0354732 seconds
Number of updated asset objects reloaded before import = 0Number of asset objects unloaded after import = 11

========================================================================
Received Import Request.
  Time since last request: 0.000019 seconds.
  path: Assets/Minifantasy_NPCs_Assets/Generic_NPCs/Die/Head/Hairstyles/Long/Minifantasy_NPCsDie_HumanHair_Long_pink.png
  artifactKey: Guid(ab688104545207e48aa0811228c7e71a) Importer(2089858483,192608db42251d675da83286b1cce702)
Start importing Assets/Minifantasy_NPCs_Assets/Generic_NPCs/Die/Head/Hairstyles/Long/Minifantasy_NPCsDie_HumanHair_Long_pink.png using Guid(ab688104545207e48aa0811228c7e71a) Importer(2089858483,192608db42251d675da83286b1cce702) (ScriptedImporter) -> (artifact id: 'a1ad154a90e4dc4eab5f489d57d1e4b0') in 0.0299203 seconds
Number of updated asset objects reloaded before import = 0Number of asset objects unloaded after import = 10

========================================================================
Received Import Request.
  Time since last request: 0.000015 seconds.
  path: Assets/Minifantasy_NPCs_Assets/Generic_NPCs/Die/Head/Facial_Hair/Moustache/Minifantasy_NPCsDie_FacialHair_Moustache_brown.png
  artifactKey: Guid(21a3d7df16a0ec04bb07b52d64abc792) Importer(2089858483,192608db42251d675da83286b1cce702)
Start importing Assets/Minifantasy_NPCs_Assets/Generic_NPCs/Die/Head/Facial_Hair/Moustache/Minifantasy_NPCsDie_FacialHair_Moustache_brown.png using Guid(21a3d7df16a0ec04bb07b52d64abc792) Importer(2089858483,192608db42251d675da83286b1cce702) (ScriptedImporter) -> (artifact id: 'de98fe27544a156cf817b1e6212eb509') in 0.0161404 seconds
Number of updated asset objects reloaded before import = 0Number of asset objects unloaded after import = 3

========================================================================
Received Import Request.
  Time since last request: 0.000017 seconds.
  path: Assets/Minifantasy_NPCs_Assets/Generic_NPCs/Die/Head/Facial_Hair/Goatee/Minifantasy_NPCsDie_FacialHair_Goatee_red.png
  artifactKey: Guid(395226c8235a19645a77fa4cf1875436) Importer(2089858483,192608db42251d675da83286b1cce702)
Start importing Assets/Minifantasy_NPCs_Assets/Generic_NPCs/Die/Head/Facial_Hair/Goatee/Minifantasy_NPCsDie_FacialHair_Goatee_red.png using Guid(395226c8235a19645a77fa4cf1875436) Importer(2089858483,192608db42251d675da83286b1cce702) (ScriptedImporter) -> (artifact id: 'dbb2c8ad0378e7e6355bf23767a129cc') in 0.0217523 seconds
Number of updated asset objects reloaded before import = 0Number of asset objects unloaded after import = 3

========================================================================
Received Import Request.
  Time since last request: 0.000019 seconds.
  path: Assets/Minifantasy_NPCs_Assets/Generic_NPCs/Die/Head/Hairstyles/Mane/Minifantasy_NPCsDie_HumanHair_Mane_blonde.png
  artifactKey: Guid(360d3956eeb60094080f1c0a14768184) Importer(2089858483,192608db42251d675da83286b1cce702)
Start importing Assets/Minifantasy_NPCs_Assets/Generic_NPCs/Die/Head/Hairstyles/Mane/Minifantasy_NPCsDie_HumanHair_Mane_blonde.png using Guid(360d3956eeb60094080f1c0a14768184) Importer(2089858483,192608db42251d675da83286b1cce702) (ScriptedImporter) -> (artifact id: '9c5bba26990f4b27bc131879facf08e9') in 0.0323929 seconds
Number of updated asset objects reloaded before import = 0Number of asset objects unloaded after import = 12

========================================================================
Received Import Request.
  Time since last request: 0.000034 seconds.
  path: Assets/Minifantasy_NPCs_Assets/Generic_NPCs/Die/Head/Hairstyles/Bold/Minifantasy_NPCsDie_HumanHair_Bold_blonde.png
  artifactKey: Guid(470fe19c794baa6449f38fbacab1431d) Importer(2089858483,192608db42251d675da83286b1cce702)
Start importing Assets/Minifantasy_NPCs_Assets/Generic_NPCs/Die/Head/Hairstyles/Bold/Minifantasy_NPCsDie_HumanHair_Bold_blonde.png using Guid(470fe19c794baa6449f38fbacab1431d) Importer(2089858483,192608db42251d675da83286b1cce702) (ScriptedImporter) -> (artifact id: '1c1c06fd633ed28bc1a5c11133b350d0') in 0.0146358 seconds
Number of updated asset objects reloaded before import = 0Number of asset objects unloaded after import = 3

========================================================================
Received Import Request.
  Time since last request: 0.000017 seconds.
  path: Assets/Minifantasy_NPCs_Assets/Generic_NPCs/Die/Head/Hairstyles/Bold/Minifantasy_NPCsDie_HumanHair_Bold_black.png
  artifactKey: Guid(61eabe137a25207419b20dbc2650e110) Importer(2089858483,192608db42251d675da83286b1cce702)
Start importing Assets/Minifantasy_NPCs_Assets/Generic_NPCs/Die/Head/Hairstyles/Bold/Minifantasy_NPCsDie_HumanHair_Bold_black.png using Guid(61eabe137a25207419b20dbc2650e110) Importer(2089858483,192608db42251d675da83286b1cce702) (ScriptedImporter) -> (artifact id: '16cc2316f0c8e334a54f7498a16ae2d2') in 0.0152964 seconds
Number of updated asset objects reloaded before import = 0Number of asset objects unloaded after import = 3

========================================================================
Received Import Request.
  Time since last request: 0.000023 seconds.
  path: Assets/Minifantasy_NPCs_Assets/Generic_NPCs/Die/Head/Hairstyles/Long/Minifantasy_NPCsDie_HumanHair_Long_purple.png
  artifactKey: Guid(c53f052139358ce41ba0fb01a466d11a) Importer(2089858483,192608db42251d675da83286b1cce702)
Start importing Assets/Minifantasy_NPCs_Assets/Generic_NPCs/Die/Head/Hairstyles/Long/Minifantasy_NPCsDie_HumanHair_Long_purple.png using Guid(c53f052139358ce41ba0fb01a466d11a) Importer(2089858483,192608db42251d675da83286b1cce702) (ScriptedImporter) -> (artifact id: 'f67d1b092ad9d1acef1cd0c78de8de77') in 0.0290097 seconds
Number of updated asset objects reloaded before import = 0Number of asset objects unloaded after import = 10

========================================================================
Received Import Request.
  Time since last request: 0.000015 seconds.
  path: Assets/Minifantasy_NPCs_Assets/Generic_NPCs/Die/Head/Facial_Hair/LongBeard/Minifantasy_NPCsDie_FacialHair_LongBeard_black.png
  artifactKey: Guid(8bcd5ce3e32ba334fb31e6d94321cac6) Importer(2089858483,192608db42251d675da83286b1cce702)
Start importing Assets/Minifantasy_NPCs_Assets/Generic_NPCs/Die/Head/Facial_Hair/LongBeard/Minifantasy_NPCsDie_FacialHair_LongBeard_black.png using Guid(8bcd5ce3e32ba334fb31e6d94321cac6) Importer(2089858483,192608db42251d675da83286b1cce702) (ScriptedImporter) -> (artifact id: '063b7525392af2bebdca773429d6149c') in 0.016017 seconds
Number of updated asset objects reloaded before import = 0Number of asset objects unloaded after import = 3

========================================================================
Received Import Request.
  Time since last request: 0.000025 seconds.
  path: Assets/Minifantasy_NPCs_Assets/Generic_NPCs/Die/Head/Hairstyles/Long/Minifantasy_NPCsDie_HumanHair_Long_green.png
  artifactKey: Guid(5e4ee03e26f06274e9a8b0a8d558d736) Importer(2089858483,192608db42251d675da83286b1cce702)
Start importing Assets/Minifantasy_NPCs_Assets/Generic_NPCs/Die/Head/Hairstyles/Long/Minifantasy_NPCsDie_HumanHair_Long_green.png using Guid(5e4ee03e26f06274e9a8b0a8d558d736) Importer(2089858483,192608db42251d675da83286b1cce702) (ScriptedImporter) -> (artifact id: '669de4a34e769c4aad938e37dc3c0ab5') in 0.0296182 seconds
Number of updated asset objects reloaded before import = 0Number of asset objects unloaded after import = 10

========================================================================
Received Import Request.
  Time since last request: 0.000025 seconds.
  path: Assets/Minifantasy_NPCs_Assets/Generic_NPCs/Die/Head/Facial_Hair/Goatee/Minifantasy_NPCsDie_FacialHair_Goatee_white.png
  artifactKey: Guid(dfc1f411e0c284f4daaa893415ef2f7d) Importer(2089858483,192608db42251d675da83286b1cce702)
Start importing Assets/Minifantasy_NPCs_Assets/Generic_NPCs/Die/Head/Facial_Hair/Goatee/Minifantasy_NPCsDie_FacialHair_Goatee_white.png using Guid(dfc1f411e0c284f4daaa893415ef2f7d) Importer(2089858483,192608db42251d675da83286b1cce702) (ScriptedImporter) -> (artifact id: 'c7ee548e915b2bcd364fce00402d2756') in 0.0163162 seconds
Number of updated asset objects reloaded before import = 0Number of asset objects unloaded after import = 3

========================================================================
Received Import Request.
  Time since last request: 0.000018 seconds.
  path: Assets/Minifantasy_NPCs_Assets/Generic_NPCs/Die/Head/Facial_Hair/Moustache/Minifantasy_NPCsDie_FacialHair_Moustache_green.png
  artifactKey: Guid(204839cb61138984ba140a8792345465) Importer(2089858483,192608db42251d675da83286b1cce702)
Start importing Assets/Minifantasy_NPCs_Assets/Generic_NPCs/Die/Head/Facial_Hair/Moustache/Minifantasy_NPCsDie_FacialHair_Moustache_green.png using Guid(204839cb61138984ba140a8792345465) Importer(2089858483,192608db42251d675da83286b1cce702) (ScriptedImporter) -> (artifact id: '258453b55b444f87462a9548d928a13f') in 0.0166027 seconds
Number of updated asset objects reloaded before import = 0Number of asset objects unloaded after import = 3

========================================================================
Received Import Request.
  Time since last request: 0.000016 seconds.
  path: Assets/Art/MINIFANTASY Creatures - Super Low Res 2D Pixel Art by Krishna Palacio/Sprites/Monsters/_Shadows/Evil Snowman/Minifantasy_CreaturesEvilSnowmanAttackShadows.png
  artifactKey: Guid(f92323cbf909acf4bbcb73899573de0d) Importer(2089858483,192608db42251d675da83286b1cce702)
Start importing Assets/Art/MINIFANTASY Creatures - Super Low Res 2D Pixel Art by Krishna Palacio/Sprites/Monsters/_Shadows/Evil Snowman/Minifantasy_CreaturesEvilSnowmanAttackShadows.png using Guid(f92323cbf909acf4bbcb73899573de0d) Importer(2089858483,192608db42251d675da83286b1cce702) (ScriptedImporter) -> (artifact id: 'af5b416efcb2573ec96163f6b8118a57') in 0.1055165 seconds
Number of updated asset objects reloaded before import = 0Number of asset objects unloaded after import = 42

========================================================================
Received Import Request.
  Time since last request: 0.000016 seconds.
  path: Assets/Art/MINIFANTASY Creatures - Super Low Res 2D Pixel Art by Krishna Palacio/Sprites/Humanoids/_Shadows/Human, Elf, Orc, Goblin, Halfling/MF_CreaturesShadowHumanoidChargedAttack.png
  artifactKey: Guid(67c7e83c6c4e16144bcb9bc6b40ff6f7) Importer(2089858483,192608db42251d675da83286b1cce702)
Start importing Assets/Art/MINIFANTASY Creatures - Super Low Res 2D Pixel Art by Krishna Palacio/Sprites/Humanoids/_Shadows/Human, Elf, Orc, Goblin, Halfling/MF_CreaturesShadowHumanoidChargedAttack.png using Guid(67c7e83c6c4e16144bcb9bc6b40ff6f7) Importer(2089858483,192608db42251d675da83286b1cce702) (ScriptedImporter) -> (artifact id: 'dd6639117b373e99831b43e07d1210ae') in 0.0681711 seconds
Number of updated asset objects reloaded before import = 0Number of asset objects unloaded after import = 20

========================================================================
Received Import Request.
  Time since last request: 0.000025 seconds.
  path: Assets/Art/MINIFANTASY Creatures - Super Low Res 2D Pixel Art by Krishna Palacio/Animations/Monsters/Slime/Blue/BlueSlime_Dmg_SE.anim
  artifactKey: Guid(8d8c5977b7b8f944391e1555aa887cac) Importer(2089858483,192608db42251d675da83286b1cce702)
Start importing Assets/Art/MINIFANTASY Creatures - Super Low Res 2D Pixel Art by Krishna Palacio/Animations/Monsters/Slime/Blue/BlueSlime_Dmg_SE.anim using Guid(8d8c5977b7b8f944391e1555aa887cac) Importer(2089858483,192608db42251d675da83286b1cce702) (ScriptedImporter) -> (artifact id: 'ed070c4b3947e4bb54b5eec54578181a') in 0.0075092 seconds
Number of updated asset objects reloaded before import = 0Number of asset objects unloaded after import = 1

========================================================================
Received Import Request.
  Time since last request: 0.000016 seconds.
  path: Assets/Minifantasy_NPCs_Assets/Generic_NPCs/Die/Head/Facial_Hair/Chin_Strap/Minifantasy_NPCsDie_FacialHair_ChinStrap_red.png
  artifactKey: Guid(e804c248d791bc546ad8811b88db6a3c) Importer(2089858483,192608db42251d675da83286b1cce702)
Start importing Assets/Minifantasy_NPCs_Assets/Generic_NPCs/Die/Head/Facial_Hair/Chin_Strap/Minifantasy_NPCsDie_FacialHair_ChinStrap_red.png using Guid(e804c248d791bc546ad8811b88db6a3c) Importer(2089858483,192608db42251d675da83286b1cce702) (ScriptedImporter) -> (artifact id: 'f4618c8477db28b46c8227231c2ef35e') in 0.021487 seconds
Number of updated asset objects reloaded before import = 0Number of asset objects unloaded after import = 3

========================================================================
Received Import Request.
  Time since last request: 0.000028 seconds.
  path: Assets/Art/MINIFANTASY Creatures - Super Low Res 2D Pixel Art by Krishna Palacio/Animations/Humanoids/Human/Human_Townsfolk/Minifantasy_CreaturesHumanTownsfolkIdle_NW.anim
  artifactKey: Guid(d7d7a017f167a6448b97bcb1af9bbbeb) Importer(2089858483,192608db42251d675da83286b1cce702)
Start importing Assets/Art/MINIFANTASY Creatures - Super Low Res 2D Pixel Art by Krishna Palacio/Animations/Humanoids/Human/Human_Townsfolk/Minifantasy_CreaturesHumanTownsfolkIdle_NW.anim using Guid(d7d7a017f167a6448b97bcb1af9bbbeb) Importer(2089858483,192608db42251d675da83286b1cce702) (ScriptedImporter) -> (artifact id: 'a1baac2258af831318463b3bf91bd6d2') in 0.0114276 seconds
Number of updated asset objects reloaded before import = 0Number of asset objects unloaded after import = 1

========================================================================
Received Import Request.
  Time since last request: 0.000015 seconds.
  path: Assets/Art/MINIFANTASY Creatures - Super Low Res 2D Pixel Art by Krishna Palacio/Animations/Monsters/Slime/Blue/BlueSlime_Dmg_NW.anim
  artifactKey: Guid(ab65635bdee855743a0c08c51ca0de8b) Importer(2089858483,192608db42251d675da83286b1cce702)
Start importing Assets/Art/MINIFANTASY Creatures - Super Low Res 2D Pixel Art by Krishna Palacio/Animations/Monsters/Slime/Blue/BlueSlime_Dmg_NW.anim using Guid(ab65635bdee855743a0c08c51ca0de8b) Importer(2089858483,192608db42251d675da83286b1cce702) (ScriptedImporter) -> (artifact id: '04c91e594bdb6aec663928f8cd8f19d7') in 0.0072474 seconds
Number of updated asset objects reloaded before import = 0Number of asset objects unloaded after import = 1

========================================================================
Received Import Request.
  Time since last request: 0.000017 seconds.
  path: Assets/Minifantasy_NPCs_Assets/Generic_NPCs/Die/Head/Hats/Bandana/Minifantasy_NPCsDie_Hat_Bandana_purple.png
  artifactKey: Guid(3548461bd366f6d4fa66160bf5b18a60) Importer(2089858483,192608db42251d675da83286b1cce702)
Start importing Assets/Minifantasy_NPCs_Assets/Generic_NPCs/Die/Head/Hats/Bandana/Minifantasy_NPCsDie_Hat_Bandana_purple.png using Guid(3548461bd366f6d4fa66160bf5b18a60) Importer(2089858483,192608db42251d675da83286b1cce702) (ScriptedImporter) -> (artifact id: '5ad06c5d2c7c8aca1de39b45042f5f5a') in 0.0188686 seconds
Number of updated asset objects reloaded before import = 0Number of asset objects unloaded after import = 3

========================================================================
Received Import Request.
  Time since last request: 0.000021 seconds.
  path: Assets/Minifantasy_NPCs_Assets/Generic_NPCs/Die/Head/Hats/CowboyHat/Minifantasy_NPCsDie_Hat_CowboyHat_turquoise.png
  artifactKey: Guid(8cae2ef96c613d9478cdf22a080a2be9) Importer(2089858483,192608db42251d675da83286b1cce702)
Start importing Assets/Minifantasy_NPCs_Assets/Generic_NPCs/Die/Head/Hats/CowboyHat/Minifantasy_NPCsDie_Hat_CowboyHat_turquoise.png using Guid(8cae2ef96c613d9478cdf22a080a2be9) Importer(2089858483,192608db42251d675da83286b1cce702) (ScriptedImporter) -> (artifact id: 'fd262b52e8dee6a74a2592b318ef6259') in 0.0317842 seconds
Number of updated asset objects reloaded before import = 0Number of asset objects unloaded after import = 12

========================================================================
Received Import Request.
  Time since last request: 0.000027 seconds.
  path: Assets/Minifantasy_NPCs_Assets/Generic_NPCs/Die/Head/Hats/Bandana/Minifantasy_NPCsDie_Hat_Bandana_turquoise.png
  artifactKey: Guid(5a9a614b46802c2438d9f60d508793fe) Importer(2089858483,192608db42251d675da83286b1cce702)
Start importing Assets/Minifantasy_NPCs_Assets/Generic_NPCs/Die/Head/Hats/Bandana/Minifantasy_NPCsDie_Hat_Bandana_turquoise.png using Guid(5a9a614b46802c2438d9f60d508793fe) Importer(2089858483,192608db42251d675da83286b1cce702) (ScriptedImporter) -> (artifact id: '74ccf49523332120db91e612cd4133ed') in 0.0159087 seconds
Number of updated asset objects reloaded before import = 0Number of asset objects unloaded after import = 3

========================================================================
Received Import Request.
  Time since last request: 0.000016 seconds.
  path: Assets/Minifantasy_NPCs_Assets/Generic_NPCs/Die/Head/Hats/FedoraHat/Minifantasy_NPCsDie_Hat_FedoraHat_lime.png
  artifactKey: Guid(0fd535721664a7f47ab85345b8518f48) Importer(2089858483,192608db42251d675da83286b1cce702)
Start importing Assets/Minifantasy_NPCs_Assets/Generic_NPCs/Die/Head/Hats/FedoraHat/Minifantasy_NPCsDie_Hat_FedoraHat_lime.png using Guid(0fd535721664a7f47ab85345b8518f48) Importer(2089858483,192608db42251d675da83286b1cce702) (ScriptedImporter) -> (artifact id: '70e869d46316049e28dee0e4fd2dca1c') in 0.0316517 seconds
Number of updated asset objects reloaded before import = 0Number of asset objects unloaded after import = 12

========================================================================
Received Import Request.
  Time since last request: 0.000015 seconds.
  path: Assets/Minifantasy_NPCs_Assets/Generic_NPCs/Die/Head/Hats/Bandana/Minifantasy_NPCsDie_Hat_Bandana_white.png
  artifactKey: Guid(826ab8cbf2a15484fb8f91076adda32f) Importer(2089858483,192608db42251d675da83286b1cce702)
Start importing Assets/Minifantasy_NPCs_Assets/Generic_NPCs/Die/Head/Hats/Bandana/Minifantasy_NPCsDie_Hat_Bandana_white.png using Guid(826ab8cbf2a15484fb8f91076adda32f) Importer(2089858483,192608db42251d675da83286b1cce702) (ScriptedImporter) -> (artifact id: 'b22bfff5884858227bb36e3958be685c') in 0.0144538 seconds
Number of updated asset objects reloaded before import = 0Number of asset objects unloaded after import = 3

========================================================================
Received Import Request.
  Time since last request: 0.000018 seconds.
  path: Assets/Minifantasy_NPCs_Assets/Generic_NPCs/Die/Head/Hats/Hood/Minifantasy_NPCsDie_Hat_Hood_black.png
  artifactKey: Guid(a303b8c2dfedfc34db81b9f9abad7789) Importer(2089858483,192608db42251d675da83286b1cce702)
Start importing Assets/Minifantasy_NPCs_Assets/Generic_NPCs/Die/Head/Hats/Hood/Minifantasy_NPCsDie_Hat_Hood_black.png using Guid(a303b8c2dfedfc34db81b9f9abad7789) Importer(2089858483,192608db42251d675da83286b1cce702) (ScriptedImporter) -> (artifact id: '99ebccf907931b02ea40a2aae9ef9c51') in 0.0345804 seconds
Number of updated asset objects reloaded before import = 0Number of asset objects unloaded after import = 11

========================================================================
Received Import Request.
  Time since last request: 0.000020 seconds.
  path: Assets/Minifantasy_NPCs_Assets/Generic_NPCs/Die/Head/Hats/Bandana/Minifantasy_NPCsDie_Hat_Bandana_lime.png
  artifactKey: Guid(73490e27e1e2f1d44bf498d5838ba1aa) Importer(2089858483,192608db42251d675da83286b1cce702)
Start importing Assets/Minifantasy_NPCs_Assets/Generic_NPCs/Die/Head/Hats/Bandana/Minifantasy_NPCsDie_Hat_Bandana_lime.png using Guid(73490e27e1e2f1d44bf498d5838ba1aa) Importer(2089858483,192608db42251d675da83286b1cce702) (ScriptedImporter) -> (artifact id: '236efa68e1304849000c354d74642672') in 0.0238626 seconds
Number of updated asset objects reloaded before import = 0Number of asset objects unloaded after import = 3

========================================================================
Received Import Request.
  Time since last request: 0.000031 seconds.
  path: Assets/Minifantasy_NPCs_Assets/Generic_NPCs/Die/Head/Hairstyles/Short/Minifantasy_NPCsDie_HumanHair_Short _red.png
  artifactKey: Guid(e0c914540532c3348a703616b0beaa32) Importer(2089858483,192608db42251d675da83286b1cce702)
Start importing Assets/Minifantasy_NPCs_Assets/Generic_NPCs/Die/Head/Hairstyles/Short/Minifantasy_NPCsDie_HumanHair_Short _red.png using Guid(e0c914540532c3348a703616b0beaa32) Importer(2089858483,192608db42251d675da83286b1cce702) (ScriptedImporter) -> (artifact id: '1e5ca5b456dbf7cf0a1d238b9424699a') in 0.0427376 seconds
Number of updated asset objects reloaded before import = 0Number of asset objects unloaded after import = 8

========================================================================
Received Import Request.
  Time since last request: 0.000020 seconds.
  path: Assets/Minifantasy_NPCs_Assets/Generic_NPCs/Die/Head/Hats/Bandana/Minifantasy_NPCsDie_Hat_Bandana_blue.png
  artifactKey: Guid(ae2aba4ae1c7d9043807c8e031c1b05a) Importer(2089858483,192608db42251d675da83286b1cce702)
Start importing Assets/Minifantasy_NPCs_Assets/Generic_NPCs/Die/Head/Hats/Bandana/Minifantasy_NPCsDie_Hat_Bandana_blue.png using Guid(ae2aba4ae1c7d9043807c8e031c1b05a) Importer(2089858483,192608db42251d675da83286b1cce702) (ScriptedImporter) -> (artifact id: 'fb65ee6af3a01f78804108709de4580f') in 0.0159111 seconds
Number of updated asset objects reloaded before import = 0Number of asset objects unloaded after import = 3

========================================================================
Received Import Request.
  Time since last request: 0.000017 seconds.
  path: Assets/Minifantasy_NPCs_Assets/Generic_NPCs/Die/Head/Hats/Bandana/Minifantasy_NPCsDie_Hat_Bandana_yellow.png
  artifactKey: Guid(00b791f14daeb99488f5f85d830368d2) Importer(2089858483,192608db42251d675da83286b1cce702)
Start importing Assets/Minifantasy_NPCs_Assets/Generic_NPCs/Die/Head/Hats/Bandana/Minifantasy_NPCsDie_Hat_Bandana_yellow.png using Guid(00b791f14daeb99488f5f85d830368d2) Importer(2089858483,192608db42251d675da83286b1cce702) (ScriptedImporter) -> (artifact id: 'da00e0062331242fcddb8e01beba0460') in 0.0241788 seconds
Number of updated asset objects reloaded before import = 0Number of asset objects unloaded after import = 3

========================================================================
Received Import Request.
  Time since last request: 0.000024 seconds.
  path: Assets/Minifantasy_NPCs_Assets/Generic_NPCs/Die/Head/Hats/FedoraHat/Minifantasy_NPCsDie_Hat_FedoraHat_magenta.png
  artifactKey: Guid(bd527daa6b10b4842a3821b95651bf1f) Importer(2089858483,192608db42251d675da83286b1cce702)
Start importing Assets/Minifantasy_NPCs_Assets/Generic_NPCs/Die/Head/Hats/FedoraHat/Minifantasy_NPCsDie_Hat_FedoraHat_magenta.png using Guid(bd527daa6b10b4842a3821b95651bf1f) Importer(2089858483,192608db42251d675da83286b1cce702) (ScriptedImporter) -> (artifact id: 'f286ceb497291b6ec943951cdbc92af7') in 0.0401645 seconds
Number of updated asset objects reloaded before import = 0Number of asset objects unloaded after import = 12

========================================================================
Received Import Request.
  Time since last request: 0.000022 seconds.
  path: Assets/Minifantasy_NPCs_Assets/Generic_NPCs/Die/Head/Hats/Bandana/Minifantasy_NPCsDie_Hat_Bandana_red.png
  artifactKey: Guid(41cb8fc71a435ad44b671d80cf069451) Importer(2089858483,192608db42251d675da83286b1cce702)
Start importing Assets/Minifantasy_NPCs_Assets/Generic_NPCs/Die/Head/Hats/Bandana/Minifantasy_NPCsDie_Hat_Bandana_red.png using Guid(41cb8fc71a435ad44b671d80cf069451) Importer(2089858483,192608db42251d675da83286b1cce702) (ScriptedImporter) -> (artifact id: '2719a0f07d77f106936b362a0e0e9a3a') in 0.0351582 seconds
Number of updated asset objects reloaded before import = 0Number of asset objects unloaded after import = 3

========================================================================
Received Import Request.
  Time since last request: 0.000032 seconds.
  path: Assets/Minifantasy_NPCs_Assets/Generic_NPCs/Die/Head/Hairstyles/Toupee/Minifantasy_NPCsDie_HumanHair_Toupee_white.png
  artifactKey: Guid(94da9aaaeef649a44b86f9c70e14a079) Importer(2089858483,192608db42251d675da83286b1cce702)
Start importing Assets/Minifantasy_NPCs_Assets/Generic_NPCs/Die/Head/Hairstyles/Toupee/Minifantasy_NPCsDie_HumanHair_Toupee_white.png using Guid(94da9aaaeef649a44b86f9c70e14a079) Importer(2089858483,192608db42251d675da83286b1cce702) (ScriptedImporter) -> (artifact id: '9a9ab0f6d4074c7adc6f078234dc0a56') in 0.0511382 seconds
Number of updated asset objects reloaded before import = 0Number of asset objects unloaded after import = 9

========================================================================
Received Import Request.
  Time since last request: 0.000023 seconds.
  path: Assets/Minifantasy_NPCs_Assets/Generic_NPCs/Die/Head/Hats/FedoraHat/Minifantasy_NPCsDie_Hat_FedoraHat_orange.png
  artifactKey: Guid(76ed3a1179a0cfc499e5a6af51097e74) Importer(2089858483,192608db42251d675da83286b1cce702)
Start importing Assets/Minifantasy_NPCs_Assets/Generic_NPCs/Die/Head/Hats/FedoraHat/Minifantasy_NPCsDie_Hat_FedoraHat_orange.png using Guid(76ed3a1179a0cfc499e5a6af51097e74) Importer(2089858483,192608db42251d675da83286b1cce702) (ScriptedImporter) -> (artifact id: '164d50fe67923c003f43dddcfa20554b') in 0.0381401 seconds
Number of updated asset objects reloaded before import = 0Number of asset objects unloaded after import = 12

========================================================================
Received Import Request.
  Time since last request: 0.000022 seconds.
  path: Assets/Minifantasy_NPCs_Assets/Generic_NPCs/Die/Head/Hats/FedoraHat/Minifantasy_NPCsDie_Hat_FedoraHat_blue.png
  artifactKey: Guid(1e5c9ef61fa709f4e937cf426646dfb5) Importer(2089858483,192608db42251d675da83286b1cce702)
Start importing Assets/Minifantasy_NPCs_Assets/Generic_NPCs/Die/Head/Hats/FedoraHat/Minifantasy_NPCsDie_Hat_FedoraHat_blue.png using Guid(1e5c9ef61fa709f4e937cf426646dfb5) Importer(2089858483,192608db42251d675da83286b1cce702) (ScriptedImporter) -> (artifact id: 'cf08249a14f19a27ba93397ddb045246') in 0.0443977 seconds
Number of updated asset objects reloaded before import = 0Number of asset objects unloaded after import = 12

========================================================================
Received Import Request.
  Time since last request: 0.000050 seconds.
  path: Assets/Minifantasy_NPCs_Assets/Generic_NPCs/Die/Head/Hats/Bandana/Minifantasy_NPCsDie_Hat_Bandana_grey.png
  artifactKey: Guid(eedb6bdd74602a141ba05053d08ea4ff) Importer(2089858483,192608db42251d675da83286b1cce702)
Start importing Assets/Minifantasy_NPCs_Assets/Generic_NPCs/Die/Head/Hats/Bandana/Minifantasy_NPCsDie_Hat_Bandana_grey.png using Guid(eedb6bdd74602a141ba05053d08ea4ff) Importer(2089858483,192608db42251d675da83286b1cce702) (ScriptedImporter) -> (artifact id: 'a82810f840a70477f758462a922fe1d3') in 0.0196976 seconds
Number of updated asset objects reloaded before import = 0Number of asset objects unloaded after import = 3

========================================================================
Received Import Request.
  Time since last request: 0.000030 seconds.
  path: Assets/Minifantasy_NPCs_Assets/Generic_NPCs/Die/Head/Hats/Hood/Minifantasy_NPCsDie_Hat_Hood_grey.png
  artifactKey: Guid(4af4a9bb31657dc4fbefab16c4d761c5) Importer(2089858483,192608db42251d675da83286b1cce702)
Start importing Assets/Minifantasy_NPCs_Assets/Generic_NPCs/Die/Head/Hats/Hood/Minifantasy_NPCsDie_Hat_Hood_grey.png using Guid(4af4a9bb31657dc4fbefab16c4d761c5) Importer(2089858483,192608db42251d675da83286b1cce702) (ScriptedImporter) -> (artifact id: '1a10abb5befa43815272d66595e9942b') in 0.0323595 seconds
Number of updated asset objects reloaded before import = 0Number of asset objects unloaded after import = 11

========================================================================
Received Import Request.
  Time since last request: 0.000017 seconds.
  path: Assets/Minifantasy_NPCs_Assets/Generic_NPCs/Die/Head/Hairstyles/PonyTail/Minifantasy_NPCsDie_HumanHair_PonyTail_black.png
  artifactKey: Guid(9f8b3d74dcb7ce845abb1c8f524f3a51) Importer(2089858483,192608db42251d675da83286b1cce702)
Start importing Assets/Minifantasy_NPCs_Assets/Generic_NPCs/Die/Head/Hairstyles/PonyTail/Minifantasy_NPCsDie_HumanHair_PonyTail_black.png using Guid(9f8b3d74dcb7ce845abb1c8f524f3a51) Importer(2089858483,192608db42251d675da83286b1cce702) (ScriptedImporter) -> (artifact id: '5b95ae42173589b51caca3fb7f7c1532') in 0.0359042 seconds
Number of updated asset objects reloaded before import = 0Number of asset objects unloaded after import = 8

========================================================================
Received Import Request.
  Time since last request: 0.000022 seconds.
  path: Assets/Minifantasy_NPCs_Assets/Generic_NPCs/Die/Head/Hairstyles/PonyTail/Minifantasy_NPCsDie_HumanHair_PonyTail_purple.png
  artifactKey: Guid(79b68c79050f83d4ead2995f2f9ea8f5) Importer(2089858483,192608db42251d675da83286b1cce702)
Start importing Assets/Minifantasy_NPCs_Assets/Generic_NPCs/Die/Head/Hairstyles/PonyTail/Minifantasy_NPCsDie_HumanHair_PonyTail_purple.png using Guid(79b68c79050f83d4ead2995f2f9ea8f5) Importer(2089858483,192608db42251d675da83286b1cce702) (ScriptedImporter) -> (artifact id: 'df4e364780eb975fa395ac2825163936') in 0.0319554 seconds
Number of updated asset objects reloaded before import = 0Number of asset objects unloaded after import = 8

========================================================================
Received Import Request.
  Time since last request: 0.000019 seconds.
  path: Assets/Minifantasy_NPCs_Assets/Generic_NPCs/Die/Head/Hats/PompomBeanie/Minifantasy_NPCsDie_Hat_PomPomBeanie_brownleather.png
  artifactKey: Guid(36492cad5f79f014f964fb27cee18832) Importer(2089858483,192608db42251d675da83286b1cce702)
Start importing Assets/Minifantasy_NPCs_Assets/Generic_NPCs/Die/Head/Hats/PompomBeanie/Minifantasy_NPCsDie_Hat_PomPomBeanie_brownleather.png using Guid(36492cad5f79f014f964fb27cee18832) Importer(2089858483,192608db42251d675da83286b1cce702) (ScriptedImporter) -> (artifact id: '6522427329965ce83cbbed80ec324968') in 0.0286153 seconds
Number of updated asset objects reloaded before import = 0Number of asset objects unloaded after import = 10

========================================================================
Received Import Request.
  Time since last request: 0.000029 seconds.
  path: Assets/Minifantasy_NPCs_Assets/Generic_NPCs/Die/Head/Hats/LongHat/Minifantasy_NPCsDie_Hat_LongHat_brownleather.png
  artifactKey: Guid(9e3f1be524311e3429a2b60040311c61) Importer(2089858483,192608db42251d675da83286b1cce702)
Start importing Assets/Minifantasy_NPCs_Assets/Generic_NPCs/Die/Head/Hats/LongHat/Minifantasy_NPCsDie_Hat_LongHat_brownleather.png using Guid(9e3f1be524311e3429a2b60040311c61) Importer(2089858483,192608db42251d675da83286b1cce702) (ScriptedImporter) -> (artifact id: 'd0de1b8c3daffdb4621965d6bf241de8') in 0.03622 seconds
Number of updated asset objects reloaded before import = 0Number of asset objects unloaded after import = 12

========================================================================
Received Import Request.
  Time since last request: 0.000017 seconds.
  path: Assets/Minifantasy_NPCs_Assets/Generic_NPCs/Die/Head/Hats/RangerHat/Minifantasy_NPCsDie_Hat_RangerHat_red.png
  artifactKey: Guid(bd747874fa5a4504684747339d641361) Importer(2089858483,192608db42251d675da83286b1cce702)
Start importing Assets/Minifantasy_NPCs_Assets/Generic_NPCs/Die/Head/Hats/RangerHat/Minifantasy_NPCsDie_Hat_RangerHat_red.png using Guid(bd747874fa5a4504684747339d641361) Importer(2089858483,192608db42251d675da83286b1cce702) (ScriptedImporter) -> (artifact id: 'bc89247e8c9f43eaed90aef9441f8c83') in 0.0361649 seconds
Number of updated asset objects reloaded before import = 0Number of asset objects unloaded after import = 8

========================================================================
Received Import Request.
  Time since last request: 0.000017 seconds.
  path: Assets/Minifantasy_NPCs_Assets/Generic_NPCs/Die/Head/Hats/PompomBeanie/Minifantasy_NPCsDie_Hat_PomPomBeanie_blackleather.png
  artifactKey: Guid(3a27bb93ae517ed47b5db587dcd338b8) Importer(2089858483,192608db42251d675da83286b1cce702)
Start importing Assets/Minifantasy_NPCs_Assets/Generic_NPCs/Die/Head/Hats/PompomBeanie/Minifantasy_NPCsDie_Hat_PomPomBeanie_blackleather.png using Guid(3a27bb93ae517ed47b5db587dcd338b8) Importer(2089858483,192608db42251d675da83286b1cce702) (ScriptedImporter) -> (artifact id: '3d73eb0570c556cdbbe928611d15a9bb') in 0.0324135 seconds
Number of updated asset objects reloaded before import = 0Number of asset objects unloaded after import = 10

========================================================================
Received Import Request.
  Time since last request: 0.000017 seconds.
  path: Assets/Minifantasy_NPCs_Assets/Generic_NPCs/Die/Head/Hats/TrapperHat/Minifantasy_NPCsDie_Hat_TrapperHat_grey.png
  artifactKey: Guid(7450c7573f5625d4aa0b66e4a35ddeba) Importer(2089858483,192608db42251d675da83286b1cce702)
Start importing Assets/Minifantasy_NPCs_Assets/Generic_NPCs/Die/Head/Hats/TrapperHat/Minifantasy_NPCsDie_Hat_TrapperHat_grey.png using Guid(7450c7573f5625d4aa0b66e4a35ddeba) Importer(2089858483,192608db42251d675da83286b1cce702) (ScriptedImporter) -> (artifact id: 'aea606e4ea1dfc5620c794f106619a01') in 0.0325253 seconds
Number of updated asset objects reloaded before import = 0Number of asset objects unloaded after import = 10

========================================================================
Received Import Request.
  Time since last request: 0.000020 seconds.
  path: Assets/Minifantasy_NPCs_Assets/Generic_NPCs/Die/Head/Hats/PompomBeanie/Minifantasy_NPCsDie_Hat_PomPomBeanie_purple.png
  artifactKey: Guid(cf10a889e01d91f4c8b529a9108b1b58) Importer(2089858483,192608db42251d675da83286b1cce702)
Start importing Assets/Minifantasy_NPCs_Assets/Generic_NPCs/Die/Head/Hats/PompomBeanie/Minifantasy_NPCsDie_Hat_PomPomBeanie_purple.png using Guid(cf10a889e01d91f4c8b529a9108b1b58) Importer(2089858483,192608db42251d675da83286b1cce702) (ScriptedImporter) -> (artifact id: '2406d29ecec8f6b2c73763e25d6e9abf') in 0.0380357 seconds
Number of updated asset objects reloaded before import = 0Number of asset objects unloaded after import = 10

========================================================================
Received Import Request.
  Time since last request: 0.000032 seconds.
  path: Assets/Minifantasy_NPCs_Assets/Generic_NPCs/Die/Head/Hats/RangerHat/Minifantasy_NPCsDie_Hat_RangerHat_lime.png
  artifactKey: Guid(4e35ee3e8cdfcd4468bc4093d96535f2) Importer(2089858483,192608db42251d675da83286b1cce702)
Start importing Assets/Minifantasy_NPCs_Assets/Generic_NPCs/Die/Head/Hats/RangerHat/Minifantasy_NPCsDie_Hat_RangerHat_lime.png using Guid(4e35ee3e8cdfcd4468bc4093d96535f2) Importer(2089858483,192608db42251d675da83286b1cce702) (ScriptedImporter) -> (artifact id: 'a0ef4c291adab4f12a64695c20314420') in 0.0338006 seconds
Number of updated asset objects reloaded before import = 0Number of asset objects unloaded after import = 8

========================================================================
Received Import Request.
  Time since last request: 0.000022 seconds.
  path: Assets/Minifantasy_NPCs_Assets/Generic_NPCs/Die/Head/Hats/PompomBeanie/Minifantasy_NPCsDie_Hat_PomPomBeanie_white.png
  artifactKey: Guid(712b91e80fe46614e9d72a741781a7ca) Importer(2089858483,192608db42251d675da83286b1cce702)
Start importing Assets/Minifantasy_NPCs_Assets/Generic_NPCs/Die/Head/Hats/PompomBeanie/Minifantasy_NPCsDie_Hat_PomPomBeanie_white.png using Guid(712b91e80fe46614e9d72a741781a7ca) Importer(2089858483,192608db42251d675da83286b1cce702) (ScriptedImporter) -> (artifact id: 'cbdc260bf1b294c9a1a7ae1b2da48347') in 0.0335929 seconds
Number of updated asset objects reloaded before import = 0Number of asset objects unloaded after import = 10

========================================================================
Received Import Request.
  Time since last request: 0.000021 seconds.
  path: Assets/Minifantasy_NPCs_Assets/Generic_NPCs/Die/Head/Hats/LongHat/Minifantasy_NPCsDie_Hat_LongHat_turquoise.png
  artifactKey: Guid(9f1cfea06c060464aaed662acf908d86) Importer(2089858483,192608db42251d675da83286b1cce702)
Start importing Assets/Minifantasy_NPCs_Assets/Generic_NPCs/Die/Head/Hats/LongHat/Minifantasy_NPCsDie_Hat_LongHat_turquoise.png using Guid(9f1cfea06c060464aaed662acf908d86) Importer(2089858483,192608db42251d675da83286b1cce702) (ScriptedImporter) -> (artifact id: '0cd3f7dfe8fdfadbde45b8ce5d780528') in 0.0289901 seconds
Number of updated asset objects reloaded before import = 0Number of asset objects unloaded after import = 12

========================================================================
Received Import Request.
  Time since last request: 0.000020 seconds.
  path: Assets/Minifantasy_NPCs_Assets/Generic_NPCs/Die/Head/Hats/RangerHat/Minifantasy_NPCsDie_Hat_RangerHat_turquoise.png
  artifactKey: Guid(55a111364a8267c4690d7a3f3352c3a9) Importer(2089858483,192608db42251d675da83286b1cce702)
Start importing Assets/Minifantasy_NPCs_Assets/Generic_NPCs/Die/Head/Hats/RangerHat/Minifantasy_NPCsDie_Hat_RangerHat_turquoise.png using Guid(55a111364a8267c4690d7a3f3352c3a9) Importer(2089858483,192608db42251d675da83286b1cce702) (ScriptedImporter) -> (artifact id: '2d4b95c0fe3a171c4d7c0add3c699316') in 0.0334259 seconds
Number of updated asset objects reloaded before import = 0Number of asset objects unloaded after import = 8

========================================================================
Received Import Request.
  Time since last request: 0.000033 seconds.
  path: Assets/Minifantasy_NPCs_Assets/Generic_NPCs/Dmg/Head/Facial_Hair/Chin_Curtain/Minifantasy_NPCsDmg_FacialHair_ChinCurtain_blue.png
  artifactKey: Guid(843a82804bb337e40ab8429b9d1ddc07) Importer(2089858483,192608db42251d675da83286b1cce702)
Start importing Assets/Minifantasy_NPCs_Assets/Generic_NPCs/Dmg/Head/Facial_Hair/Chin_Curtain/Minifantasy_NPCsDmg_FacialHair_ChinCurtain_blue.png using Guid(843a82804bb337e40ab8429b9d1ddc07) Importer(2089858483,192608db42251d675da83286b1cce702) (ScriptedImporter) -> (artifact id: '110c455f337cbb00fbd92969d9a3b640') in 0.0193206 seconds
Number of updated asset objects reloaded before import = 0Number of asset objects unloaded after import = 3

========================================================================
Received Import Request.
  Time since last request: 0.000016 seconds.
  path: Assets/Minifantasy_NPCs_Assets/Generic_NPCs/Die/Head/Hats/TrapperHat/Minifantasy_NPCsDie_Hat_TrapperHat_red.png
  artifactKey: Guid(fd929813cfb0f504e8ba3fbf8916d7b3) Importer(2089858483,192608db42251d675da83286b1cce702)
Start importing Assets/Minifantasy_NPCs_Assets/Generic_NPCs/Die/Head/Hats/TrapperHat/Minifantasy_NPCsDie_Hat_TrapperHat_red.png using Guid(fd929813cfb0f504e8ba3fbf8916d7b3) Importer(2089858483,192608db42251d675da83286b1cce702) (ScriptedImporter) -> (artifact id: '0ead1e122c1d5b56dd051c6cf5e7ec85') in 0.0275758 seconds
Number of updated asset objects reloaded before import = 0Number of asset objects unloaded after import = 10

========================================================================
Received Import Request.
  Time since last request: 0.000019 seconds.
  path: Assets/Minifantasy_NPCs_Assets/Generic_NPCs/Die/Head/Hats/LongHat/Minifantasy_NPCsDie_Hat_LongHat_blackleather.png
  artifactKey: Guid(5643aa6049c516d4097668e329827a4b) Importer(2089858483,192608db42251d675da83286b1cce702)
Start importing Assets/Minifantasy_NPCs_Assets/Generic_NPCs/Die/Head/Hats/LongHat/Minifantasy_NPCsDie_Hat_LongHat_blackleather.png using Guid(5643aa6049c516d4097668e329827a4b) Importer(2089858483,192608db42251d675da83286b1cce702) (ScriptedImporter) -> (artifact id: '2e78cd230d663a1964fdbde002eaa5d4') in 0.0585694 seconds
Number of updated asset objects reloaded before import = 0Number of asset objects unloaded after import = 12

========================================================================
Received Import Request.
  Time since last request: 0.000021 seconds.
  path: Assets/Minifantasy_NPCs_Assets/Generic_NPCs/Die/Head/Hats/TrapperHat/Minifantasy_NPCsDie_Hat_TrapperHat_blackleather.png
  artifactKey: Guid(81495884f154f9044b6e3d576892e745) Importer(2089858483,192608db42251d675da83286b1cce702)
Start importing Assets/Minifantasy_NPCs_Assets/Generic_NPCs/Die/Head/Hats/TrapperHat/Minifantasy_NPCsDie_Hat_TrapperHat_blackleather.png using Guid(81495884f154f9044b6e3d576892e745) Importer(2089858483,192608db42251d675da83286b1cce702) (ScriptedImporter) -> (artifact id: '3fbd6a674fe4948025dd9f3690d3fe5c') in 0.0334383 seconds
Number of updated asset objects reloaded before import = 0Number of asset objects unloaded after import = 10

========================================================================
Received Import Request.
  Time since last request: 0.000023 seconds.
  path: Assets/Minifantasy_NPCs_Assets/Generic_NPCs/Die/Head/Hairstyles/Toupee/Minifantasy_NPCsDie_HumanHair_Toupee_black.png
  artifactKey: Guid(05c420a411728764bbe2979446c11dd9) Importer(2089858483,192608db42251d675da83286b1cce702)
Start importing Assets/Minifantasy_NPCs_Assets/Generic_NPCs/Die/Head/Hairstyles/Toupee/Minifantasy_NPCsDie_HumanHair_Toupee_black.png using Guid(05c420a411728764bbe2979446c11dd9) Importer(2089858483,192608db42251d675da83286b1cce702) (ScriptedImporter) -> (artifact id: 'cbfb307059e960c91a480d46232c63b0') in 0.0282071 seconds
Number of updated asset objects reloaded before import = 0Number of asset objects unloaded after import = 9

========================================================================
Received Import Request.
  Time since last request: 0.000013 seconds.
  path: Assets/Minifantasy_NPCs_Assets/Generic_NPCs/Die/Head/Hats/CowboyHat/Minifantasy_NPCsDie_Hat_CowboyHat_brownleather.png
  artifactKey: Guid(a1a57b6252e4cab48b9f4030ca3fbb6d) Importer(2089858483,192608db42251d675da83286b1cce702)
Start importing Assets/Minifantasy_NPCs_Assets/Generic_NPCs/Die/Head/Hats/CowboyHat/Minifantasy_NPCsDie_Hat_CowboyHat_brownleather.png using Guid(a1a57b6252e4cab48b9f4030ca3fbb6d) Importer(2089858483,192608db42251d675da83286b1cce702) (ScriptedImporter) -> (artifact id: 'e9b06b17aff37eee96dc6ef9ab7ebb84') in 0.0385225 seconds
Number of updated asset objects reloaded before import = 0Number of asset objects unloaded after import = 12

========================================================================
Received Import Request.
  Time since last request: 0.000018 seconds.
  path: Assets/Minifantasy_NPCs_Assets/Generic_NPCs/Die/Head/Hats/LongHat/Minifantasy_NPCsDie_Hat_LongHat_purple.png
  artifactKey: Guid(66cf9dbd81d809c40a918a3260ee94ff) Importer(2089858483,192608db42251d675da83286b1cce702)
Start importing Assets/Minifantasy_NPCs_Assets/Generic_NPCs/Die/Head/Hats/LongHat/Minifantasy_NPCsDie_Hat_LongHat_purple.png using Guid(66cf9dbd81d809c40a918a3260ee94ff) Importer(2089858483,192608db42251d675da83286b1cce702) (ScriptedImporter) -> (artifact id: '4cbd7d1fcf694042e620f7256a966450') in 0.0374744 seconds
Number of updated asset objects reloaded before import = 0Number of asset objects unloaded after import = 12

========================================================================
Received Import Request.
  Time since last request: 0.000018 seconds.
  path: Assets/Minifantasy_NPCs_Assets/Generic_NPCs/Die/Head/Hats/RangerHat/Minifantasy_NPCsDie_Hat_RangerHat_white.png
  artifactKey: Guid(27f8e30a0ac92c045abe583252bedd2a) Importer(2089858483,192608db42251d675da83286b1cce702)
Start importing Assets/Minifantasy_NPCs_Assets/Generic_NPCs/Die/Head/Hats/RangerHat/Minifantasy_NPCsDie_Hat_RangerHat_white.png using Guid(27f8e30a0ac92c045abe583252bedd2a) Importer(2089858483,192608db42251d675da83286b1cce702) (ScriptedImporter) -> (artifact id: 'c59dadbec92dd1ccfd2ac39cd53a88e8') in 0.0247532 seconds
Number of updated asset objects reloaded before import = 0Number of asset objects unloaded after import = 8

========================================================================
Received Import Request.
  Time since last request: 0.000020 seconds.
  path: Assets/Minifantasy_NPCs_Assets/Generic_NPCs/Die/Head/Hats/LongHat/Minifantasy_NPCsDie_Hat_LongHat_whiteleather.png
  artifactKey: Guid(51992f97648a84640a78177d3199f5bc) Importer(2089858483,192608db42251d675da83286b1cce702)
Start importing Assets/Minifantasy_NPCs_Assets/Generic_NPCs/Die/Head/Hats/LongHat/Minifantasy_NPCsDie_Hat_LongHat_whiteleather.png using Guid(51992f97648a84640a78177d3199f5bc) Importer(2089858483,192608db42251d675da83286b1cce702) (ScriptedImporter) -> (artifact id: 'c12126815a2b120ebcd3e084aef7bc4c') in 0.0363921 seconds
Number of updated asset objects reloaded before import = 0Number of asset objects unloaded after import = 12

========================================================================
Received Import Request.
  Time since last request: 0.000025 seconds.
  path: Assets/Minifantasy_NPCs_Assets/Generic_NPCs/Dmg/Head/Facial_Hair/LongBeard/Minifantasy_NPCsDmg_FacialHair_LongBeard_red.png
  artifactKey: Guid(0d9bd346137abb441beb3890d19465b4) Importer(2089858483,192608db42251d675da83286b1cce702)
Start importing Assets/Minifantasy_NPCs_Assets/Generic_NPCs/Dmg/Head/Facial_Hair/LongBeard/Minifantasy_NPCsDmg_FacialHair_LongBeard_red.png using Guid(0d9bd346137abb441beb3890d19465b4) Importer(2089858483,192608db42251d675da83286b1cce702) (ScriptedImporter) -> (artifact id: 'c726cd0bb3c436f34f57e3890ade7549') in 0.0166572 seconds
Number of updated asset objects reloaded before import = 0Number of asset objects unloaded after import = 3

========================================================================
Received Import Request.
  Time since last request: 0.000023 seconds.
  path: Assets/Minifantasy_NPCs_Assets/Generic_NPCs/Dmg/Head/Hairstyles/Long/Minifantasy_NPCsDmg_HumanHair_Long_green.png
  artifactKey: Guid(75414a81a0abb5f46b3d28e4d8cdd717) Importer(2089858483,192608db42251d675da83286b1cce702)
Start importing Assets/Minifantasy_NPCs_Assets/Generic_NPCs/Dmg/Head/Hairstyles/Long/Minifantasy_NPCsDmg_HumanHair_Long_green.png using Guid(75414a81a0abb5f46b3d28e4d8cdd717) Importer(2089858483,192608db42251d675da83286b1cce702) (ScriptedImporter) -> (artifact id: '59883c0da73927fb6b158182c39c2e86') in 0.0538066 seconds
Number of updated asset objects reloaded before import = 0Number of asset objects unloaded after import = 18

========================================================================
Received Import Request.
  Time since last request: 0.000017 seconds.
  path: Assets/Minifantasy_NPCs_Assets/Generic_NPCs/Dmg/Head/Hairstyles/Bold/Minifantasy_NPCsDmg_HumanHair_Bold_brown.png
  artifactKey: Guid(04858ca897976384b8a754148b8f8823) Importer(2089858483,192608db42251d675da83286b1cce702)
Start importing Assets/Minifantasy_NPCs_Assets/Generic_NPCs/Dmg/Head/Hairstyles/Bold/Minifantasy_NPCsDmg_HumanHair_Bold_brown.png using Guid(04858ca897976384b8a754148b8f8823) Importer(2089858483,192608db42251d675da83286b1cce702) (ScriptedImporter) -> (artifact id: '0b93b52e117b954bbe600e9bc2b4c06e') in 0.0155264 seconds
Number of updated asset objects reloaded before import = 0Number of asset objects unloaded after import = 3

========================================================================
Received Import Request.
  Time since last request: 0.000018 seconds.
  path: Assets/Minifantasy_NPCs_Assets/Generic_NPCs/Dmg/Head/Facial_Hair/LongBeard/Minifantasy_NPCsDmg_FacialHair_LongBeard_pink.png
  artifactKey: Guid(bd8599361146dc1488ccc7b9f477ba31) Importer(2089858483,192608db42251d675da83286b1cce702)
Start importing Assets/Minifantasy_NPCs_Assets/Generic_NPCs/Dmg/Head/Facial_Hair/LongBeard/Minifantasy_NPCsDmg_FacialHair_LongBeard_pink.png using Guid(bd8599361146dc1488ccc7b9f477ba31) Importer(2089858483,192608db42251d675da83286b1cce702) (ScriptedImporter) -> (artifact id: '1435b7fe4bc90253633e626576e617d6') in 0.0208295 seconds
Number of updated asset objects reloaded before import = 0Number of asset objects unloaded after import = 3

========================================================================
Received Import Request.
  Time since last request: 0.000019 seconds.
  path: Assets/Minifantasy_NPCs_Assets/Generic_NPCs/Dmg/Head/Hairstyles/Bubble/Minifantasy_NPCsDmg_HumanHair_Bubble_red.png
  artifactKey: Guid(fb806e3d79c1d234b8c6c000ec895483) Importer(2089858483,192608db42251d675da83286b1cce702)
Start importing Assets/Minifantasy_NPCs_Assets/Generic_NPCs/Dmg/Head/Hairstyles/Bubble/Minifantasy_NPCsDmg_HumanHair_Bubble_red.png using Guid(fb806e3d79c1d234b8c6c000ec895483) Importer(2089858483,192608db42251d675da83286b1cce702) (ScriptedImporter) -> (artifact id: 'c0b06632f71ccce3440f2449fe20a439') in 0.0478228 seconds
Number of updated asset objects reloaded before import = 0Number of asset objects unloaded after import = 18

========================================================================
Received Import Request.
  Time since last request: 0.000035 seconds.
  path: Assets/Minifantasy_NPCs_Assets/Generic_NPCs/Dmg/Head/Hairstyles/Bubble/Minifantasy_NPCsDmg_HumanHair_Bubble_turquoise.png
  artifactKey: Guid(99c65a2339beaff41906b1e80287b59a) Importer(2089858483,192608db42251d675da83286b1cce702)
Start importing Assets/Minifantasy_NPCs_Assets/Generic_NPCs/Dmg/Head/Hairstyles/Bubble/Minifantasy_NPCsDmg_HumanHair_Bubble_turquoise.png using Guid(99c65a2339beaff41906b1e80287b59a) Importer(2089858483,192608db42251d675da83286b1cce702) (ScriptedImporter) -> (artifact id: 'fea20f8e71035495058b231fa3d0ec74') in 0.0532464 seconds
Number of updated asset objects reloaded before import = 0Number of asset objects unloaded after import = 18

========================================================================
Received Import Request.
  Time since last request: 0.000015 seconds.
  path: Assets/Minifantasy_NPCs_Assets/Generic_NPCs/Dmg/Head/Facial_Hair/Chin_Curtain/Minifantasy_NPCsDmg_FacialHair_ChinCurtain_green.png
  artifactKey: Guid(3eb052606a95a204f9f7c08c223fdcdf) Importer(2089858483,192608db42251d675da83286b1cce702)
Start importing Assets/Minifantasy_NPCs_Assets/Generic_NPCs/Dmg/Head/Facial_Hair/Chin_Curtain/Minifantasy_NPCsDmg_FacialHair_ChinCurtain_green.png using Guid(3eb052606a95a204f9f7c08c223fdcdf) Importer(2089858483,192608db42251d675da83286b1cce702) (ScriptedImporter) -> (artifact id: '019b08d6752494b3a3a5938f9468ee44') in 0.0172277 seconds
Number of updated asset objects reloaded before import = 0Number of asset objects unloaded after import = 3

========================================================================
Received Import Request.
  Time since last request: 0.000017 seconds.
  path: Assets/Minifantasy_NPCs_Assets/Generic_NPCs/Dmg/Head/Hairstyles/Bubble/Minifantasy_NPCsDmg_HumanHair_Bubble_blue.png
  artifactKey: Guid(dffac2d86f77576438856fd80f62eb37) Importer(2089858483,192608db42251d675da83286b1cce702)
Start importing Assets/Minifantasy_NPCs_Assets/Generic_NPCs/Dmg/Head/Hairstyles/Bubble/Minifantasy_NPCsDmg_HumanHair_Bubble_blue.png using Guid(dffac2d86f77576438856fd80f62eb37) Importer(2089858483,192608db42251d675da83286b1cce702) (ScriptedImporter) -> (artifact id: '80770d66e1bd79528ffaf953ce6867a3') in 0.0494867 seconds
Number of updated asset objects reloaded before import = 0Number of asset objects unloaded after import = 18

========================================================================
Received Import Request.
  Time since last request: 0.000069 seconds.
  path: Assets/Minifantasy_NPCs_Assets/Generic_NPCs/Dmg/Head/Facial_Hair/Moustache/Minifantasy_NPCsDmg_FacialHair_Moustache_blue.png
  artifactKey: Guid(f7382e677fdbb1a4f8236c298885a937) Importer(2089858483,192608db42251d675da83286b1cce702)
Start importing Assets/Minifantasy_NPCs_Assets/Generic_NPCs/Dmg/Head/Facial_Hair/Moustache/Minifantasy_NPCsDmg_FacialHair_Moustache_blue.png using Guid(f7382e677fdbb1a4f8236c298885a937) Importer(2089858483,192608db42251d675da83286b1cce702) (ScriptedImporter) -> (artifact id: 'aedf4fffcd7edc8a193951dba9f59d0c') in 0.0164554 seconds
Number of updated asset objects reloaded before import = 0Number of asset objects unloaded after import = 3

========================================================================
Received Import Request.
  Time since last request: 0.000033 seconds.
  path: Assets/Minifantasy_NPCs_Assets/Generic_NPCs/Dmg/Head/Hairstyles/Long/Minifantasy_NPCsDmg_HumanHair_Long_blonde.png
  artifactKey: Guid(f952fca202bb66e48aca3641abd3d90e) Importer(2089858483,192608db42251d675da83286b1cce702)
Start importing Assets/Minifantasy_NPCs_Assets/Generic_NPCs/Dmg/Head/Hairstyles/Long/Minifantasy_NPCsDmg_HumanHair_Long_blonde.png using Guid(f952fca202bb66e48aca3641abd3d90e) Importer(2089858483,192608db42251d675da83286b1cce702) (ScriptedImporter) -> (artifact id: '1dd39e199d94000959e6851bdb19f5a9') in 0.0524318 seconds
Number of updated asset objects reloaded before import = 0Number of asset objects unloaded after import = 18

========================================================================
Received Import Request.
  Time since last request: 0.000016 seconds.
  path: Assets/Minifantasy_NPCs_Assets/Generic_NPCs/Dmg/Head/Hairstyles/Long/Minifantasy_NPCsDmg_HumanHair_Long_pink.png
  artifactKey: Guid(b70f66a8de2b9274bbb3bab427e86fd1) Importer(2089858483,192608db42251d675da83286b1cce702)
Start importing Assets/Minifantasy_NPCs_Assets/Generic_NPCs/Dmg/Head/Hairstyles/Long/Minifantasy_NPCsDmg_HumanHair_Long_pink.png using Guid(b70f66a8de2b9274bbb3bab427e86fd1) Importer(2089858483,192608db42251d675da83286b1cce702) (ScriptedImporter) -> (artifact id: '0795b32dbed7adcb8df015e8d75fc500') in 0.0420298 seconds
Number of updated asset objects reloaded before import = 0Number of asset objects unloaded after import = 18

========================================================================
Received Import Request.
  Time since last request: 0.000017 seconds.
  path: Assets/Minifantasy_NPCs_Assets/Generic_NPCs/Dmg/Head/Hairstyles/Bold/Minifantasy_NPCsDmg_HumanHair_Bold_black.png
  artifactKey: Guid(9f47dcc57d10205468e4a5926427c0f7) Importer(2089858483,192608db42251d675da83286b1cce702)
Start importing Assets/Minifantasy_NPCs_Assets/Generic_NPCs/Dmg/Head/Hairstyles/Bold/Minifantasy_NPCsDmg_HumanHair_Bold_black.png using Guid(9f47dcc57d10205468e4a5926427c0f7) Importer(2089858483,192608db42251d675da83286b1cce702) (ScriptedImporter) -> (artifact id: 'e5f89456584d4d1154a95786cfc0e112') in 0.0237263 seconds
Number of updated asset objects reloaded before import = 0Number of asset objects unloaded after import = 3

========================================================================
Received Import Request.
  Time since last request: 0.000019 seconds.
  path: Assets/Minifantasy_NPCs_Assets/Generic_NPCs/Dmg/Head/Hairstyles/Bold/Minifantasy_NPCsDmg_HumanHair_Bold_red.png
  artifactKey: Guid(92a0aebd921f6e14cadc5c59c75449ad) Importer(2089858483,192608db42251d675da83286b1cce702)
Start importing Assets/Minifantasy_NPCs_Assets/Generic_NPCs/Dmg/Head/Hairstyles/Bold/Minifantasy_NPCsDmg_HumanHair_Bold_red.png using Guid(92a0aebd921f6e14cadc5c59c75449ad) Importer(2089858483,192608db42251d675da83286b1cce702) (ScriptedImporter) -> (artifact id: 'b1469c2b576d7b622ff890c8f49fa73b') in 0.0298877 seconds
Number of updated asset objects reloaded before import = 0Number of asset objects unloaded after import = 3

========================================================================
Received Import Request.
  Time since last request: 0.000029 seconds.
  path: Assets/Minifantasy_NPCs_Assets/Generic_NPCs/Dmg/Head/Facial_Hair/Goatee/Minifantasy_NPCsDmg_FacialHair_Goatee_pink.png
  artifactKey: Guid(aa658580affb9394f9b6406062feb7ae) Importer(2089858483,192608db42251d675da83286b1cce702)
Start importing Assets/Minifantasy_NPCs_Assets/Generic_NPCs/Dmg/Head/Facial_Hair/Goatee/Minifantasy_NPCsDmg_FacialHair_Goatee_pink.png using Guid(aa658580affb9394f9b6406062feb7ae) Importer(2089858483,192608db42251d675da83286b1cce702) (ScriptedImporter) -> (artifact id: 'f94774ab06896cc6c6c7f684a8d243a7') in 0.0203004 seconds
Number of updated asset objects reloaded before import = 0Number of asset objects unloaded after import = 3

========================================================================
Received Import Request.
  Time since last request: 0.000016 seconds.
  path: Assets/Minifantasy_NPCs_Assets/Generic_NPCs/Dmg/Head/Facial_Hair/Chin_Curtain/Minifantasy_NPCsDmg_FacialHair_ChinCurtain_brown.png
  artifactKey: Guid(345fe8cd16402824289071e29c383be7) Importer(2089858483,192608db42251d675da83286b1cce702)
Start importing Assets/Minifantasy_NPCs_Assets/Generic_NPCs/Dmg/Head/Facial_Hair/Chin_Curtain/Minifantasy_NPCsDmg_FacialHair_ChinCurtain_brown.png using Guid(345fe8cd16402824289071e29c383be7) Importer(2089858483,192608db42251d675da83286b1cce702) (ScriptedImporter) -> (artifact id: '6d9a01b306301a2932e6d302eb0e26db') in 0.0156725 seconds
Number of updated asset objects reloaded before import = 0Number of asset objects unloaded after import = 3

========================================================================
Received Import Request.
  Time since last request: 0.000018 seconds.
  path: Assets/Minifantasy_NPCs_Assets/Generic_NPCs/Dmg/Head/Facial_Hair/Goatee/Minifantasy_NPCsDmg_FacialHair_Goatee_white.png
  artifactKey: Guid(c9d2f761d581ea146b00a16023b932e2) Importer(2089858483,192608db42251d675da83286b1cce702)
Start importing Assets/Minifantasy_NPCs_Assets/Generic_NPCs/Dmg/Head/Facial_Hair/Goatee/Minifantasy_NPCsDmg_FacialHair_Goatee_white.png using Guid(c9d2f761d581ea146b00a16023b932e2) Importer(2089858483,192608db42251d675da83286b1cce702) (ScriptedImporter) -> (artifact id: '0ce8337910c21cacd8db3e877eb9f677') in 0.0164468 seconds
Number of updated asset objects reloaded before import = 0Number of asset objects unloaded after import = 3

========================================================================
Received Import Request.
  Time since last request: 0.000016 seconds.
  path: Assets/Minifantasy_NPCs_Assets/Generic_NPCs/Dmg/Head/Facial_Hair/LongBeard/Minifantasy_NPCsDmg_FacialHair_LongBeard_turquoise.png
  artifactKey: Guid(2ff799ed9897cb3478e371a95c4b28c6) Importer(2089858483,192608db42251d675da83286b1cce702)
Start importing Assets/Minifantasy_NPCs_Assets/Generic_NPCs/Dmg/Head/Facial_Hair/LongBeard/Minifantasy_NPCsDmg_FacialHair_LongBeard_turquoise.png using Guid(2ff799ed9897cb3478e371a95c4b28c6) Importer(2089858483,192608db42251d675da83286b1cce702) (ScriptedImporter) -> (artifact id: '8eca8293a04ff64696a6e70fc31435b6') in 0.015922 seconds
Number of updated asset objects reloaded before import = 0Number of asset objects unloaded after import = 3

========================================================================
Received Import Request.
  Time since last request: 0.000019 seconds.
  path: Assets/Minifantasy_NPCs_Assets/Generic_NPCs/Dmg/Head/Hairstyles/Mohawk/Minifantasy_NPCsDmg_HumanHair_Mohawk_green.png
  artifactKey: Guid(a3170ecb66631ed498a64c2533c4d0c0) Importer(2089858483,192608db42251d675da83286b1cce702)
Start importing Assets/Minifantasy_NPCs_Assets/Generic_NPCs/Dmg/Head/Hairstyles/Mohawk/Minifantasy_NPCsDmg_HumanHair_Mohawk_green.png using Guid(a3170ecb66631ed498a64c2533c4d0c0) Importer(2089858483,192608db42251d675da83286b1cce702) (ScriptedImporter) -> (artifact id: '3a3a9eceb4c7862d0b54aa03193afe94') in 0.0513239 seconds
Number of updated asset objects reloaded before import = 0Number of asset objects unloaded after import = 18

========================================================================
Received Import Request.
  Time since last request: 0.000021 seconds.
  path: Assets/Minifantasy_NPCs_Assets/Generic_NPCs/Dmg/Head/Hairstyles/PonyTail/Minifantasy_NPCsDmg_HumanHair_PonyTail_green.png
  artifactKey: Guid(4e453a49ecc4eb942ac9c2eec97d169a) Importer(2089858483,192608db42251d675da83286b1cce702)
Start importing Assets/Minifantasy_NPCs_Assets/Generic_NPCs/Dmg/Head/Hairstyles/PonyTail/Minifantasy_NPCsDmg_HumanHair_PonyTail_green.png using Guid(4e453a49ecc4eb942ac9c2eec97d169a) Importer(2089858483,192608db42251d675da83286b1cce702) (ScriptedImporter) -> (artifact id: '2abb747cd20b97a76297b0e8fc108a7e') in 0.0752099 seconds
Number of updated asset objects reloaded before import = 0Number of asset objects unloaded after import = 18

========================================================================
Received Import Request.
  Time since last request: 0.000032 seconds.
  path: Assets/Minifantasy_NPCs_Assets/Generic_NPCs/Dmg/Head/Hats/CowboyHat/Minifantasy_NPCsDmg_Hat_CowboyHat_blackleather.png
  artifactKey: Guid(ab1cccef39ecb874da3e7f5db6e2d173) Importer(2089858483,192608db42251d675da83286b1cce702)
Start importing Assets/Minifantasy_NPCs_Assets/Generic_NPCs/Dmg/Head/Hats/CowboyHat/Minifantasy_NPCsDmg_Hat_CowboyHat_blackleather.png using Guid(ab1cccef39ecb874da3e7f5db6e2d173) Importer(2089858483,192608db42251d675da83286b1cce702) (ScriptedImporter) -> (artifact id: '0cc38f9eb4c8940036928b111bc58b94') in 0.0813298 seconds
Number of updated asset objects reloaded before import = 0Number of asset objects unloaded after import = 18

========================================================================
Received Import Request.
  Time since last request: 0.000033 seconds.
  path: Assets/Minifantasy_NPCs_Assets/Generic_NPCs/Dmg/Head/Hairstyles/Toupee/Minifantasy_NPCsDmg_HumanHair_Toupee_pink.png
  artifactKey: Guid(12202283f14e37e4e821fc51086c8c08) Importer(2089858483,192608db42251d675da83286b1cce702)
Start importing Assets/Minifantasy_NPCs_Assets/Generic_NPCs/Dmg/Head/Hairstyles/Toupee/Minifantasy_NPCsDmg_HumanHair_Toupee_pink.png using Guid(12202283f14e37e4e821fc51086c8c08) Importer(2089858483,192608db42251d675da83286b1cce702) (ScriptedImporter) -> (artifact id: '3c035bcf7491e9675cbd4520f28fe0bb') in 0.0803366 seconds
Number of updated asset objects reloaded before import = 0Number of asset objects unloaded after import = 18

========================================================================
Received Import Request.
  Time since last request: 0.000025 seconds.
  path: Assets/Minifantasy_NPCs_Assets/Generic_NPCs/Dmg/Head/Hairstyles/Mohawk/Minifantasy_NPCsDmg_HumanHair_Mohawk_purple.png
  artifactKey: Guid(ee884af1a0692d74a94017365c6960a9) Importer(2089858483,192608db42251d675da83286b1cce702)
Start importing Assets/Minifantasy_NPCs_Assets/Generic_NPCs/Dmg/Head/Hairstyles/Mohawk/Minifantasy_NPCsDmg_HumanHair_Mohawk_purple.png using Guid(ee884af1a0692d74a94017365c6960a9) Importer(2089858483,192608db42251d675da83286b1cce702) (ScriptedImporter) -> (artifact id: '4e50d7e96f6935acf081d5916643ef49') in 0.062131 seconds
Number of updated asset objects reloaded before import = 0Number of asset objects unloaded after import = 18

========================================================================
Received Import Request.
  Time since last request: 0.000027 seconds.
  path: Assets/Minifantasy_NPCs_Assets/Generic_NPCs/Dmg/Head/Hairstyles/PonyTail/Minifantasy_NPCsDmg_HumanHair_PonyTail_brown.png
  artifactKey: Guid(d484942abde37ce43be3f36ca49ea924) Importer(2089858483,192608db42251d675da83286b1cce702)
Start importing Assets/Minifantasy_NPCs_Assets/Generic_NPCs/Dmg/Head/Hairstyles/PonyTail/Minifantasy_NPCsDmg_HumanHair_PonyTail_brown.png using Guid(d484942abde37ce43be3f36ca49ea924) Importer(2089858483,192608db42251d675da83286b1cce702) (ScriptedImporter) -> (artifact id: '1ad746a439ac3f52f8d02a7a4c742c2d') in 0.0781337 seconds
Number of updated asset objects reloaded before import = 0Number of asset objects unloaded after import = 18

========================================================================
Received Import Request.
  Time since last request: 0.000015 seconds.
  path: Assets/Minifantasy_NPCs_Assets/Generic_NPCs/Dmg/Head/Hairstyles/Short/Minifantasy_NPCsDmg_HumanHair_Short _brown.png
  artifactKey: Guid(64add50caf535fb4eb5ff244600bbe6a) Importer(2089858483,192608db42251d675da83286b1cce702)
Start importing Assets/Minifantasy_NPCs_Assets/Generic_NPCs/Dmg/Head/Hairstyles/Short/Minifantasy_NPCsDmg_HumanHair_Short _brown.png using Guid(64add50caf535fb4eb5ff244600bbe6a) Importer(2089858483,192608db42251d675da83286b1cce702) (ScriptedImporter) -> (artifact id: '272f6e50f1d8933768064370e9d330e3') in 0.0499174 seconds
Number of updated asset objects reloaded before import = 0Number of asset objects unloaded after import = 18

========================================================================
Received Import Request.
  Time since last request: 0.000015 seconds.
  path: Assets/Minifantasy_NPCs_Assets/Generic_NPCs/Dmg/Head/Hairstyles/PonyTail/Minifantasy_NPCsDmg_HumanHair_PonyTail_blonde.png
  artifactKey: Guid(2147d2429886cdb45af41180441c41c4) Importer(2089858483,192608db42251d675da83286b1cce702)
Start importing Assets/Minifantasy_NPCs_Assets/Generic_NPCs/Dmg/Head/Hairstyles/PonyTail/Minifantasy_NPCsDmg_HumanHair_PonyTail_blonde.png using Guid(2147d2429886cdb45af41180441c41c4) Importer(2089858483,192608db42251d675da83286b1cce702) (ScriptedImporter) -> (artifact id: '38d4f8de59abb3940ce9a29239973e8a') in 0.0466945 seconds
Number of updated asset objects reloaded before import = 0Number of asset objects unloaded after import = 18

========================================================================
Received Import Request.
  Time since last request: 0.000025 seconds.
  path: Assets/Minifantasy_NPCs_Assets/Generic_NPCs/Dmg/Head/Hats/Bandana/Minifantasy_NPCsDmg_Hat_Bandana_orange.png
  artifactKey: Guid(e4f37b3b35b4f094d8a4f8a22aeab188) Importer(2089858483,192608db42251d675da83286b1cce702)
Start importing Assets/Minifantasy_NPCs_Assets/Generic_NPCs/Dmg/Head/Hats/Bandana/Minifantasy_NPCsDmg_Hat_Bandana_orange.png using Guid(e4f37b3b35b4f094d8a4f8a22aeab188) Importer(2089858483,192608db42251d675da83286b1cce702) (ScriptedImporter) -> (artifact id: '92d896a7efd76d0ecdaa47efa65b4613') in 0.0270988 seconds
Number of updated asset objects reloaded before import = 0Number of asset objects unloaded after import = 3

========================================================================
Received Import Request.
  Time since last request: 0.000039 seconds.
  path: Assets/Minifantasy_NPCs_Assets/Generic_NPCs/Dmg/Head/Hairstyles/Mane/Minifantasy_NPCsDmg_HumanHair_Mane_white.png
  artifactKey: Guid(08f761d2a60e81f4bab227a900fcf409) Importer(2089858483,192608db42251d675da83286b1cce702)
Start importing Assets/Minifantasy_NPCs_Assets/Generic_NPCs/Dmg/Head/Hairstyles/Mane/Minifantasy_NPCsDmg_HumanHair_Mane_white.png using Guid(08f761d2a60e81f4bab227a900fcf409) Importer(2089858483,192608db42251d675da83286b1cce702) (ScriptedImporter) -> (artifact id: 'bff58ba6cc18689b8709f34f1b3dab52') in 0.0783369 seconds
Number of updated asset objects reloaded before import = 0Number of asset objects unloaded after import = 18

========================================================================
Received Import Request.
  Time since last request: 0.000017 seconds.
  path: Assets/Minifantasy_NPCs_Assets/Generic_NPCs/Dmg/Head/Hats/FedoraHat/Minifantasy_NPCsDmg_Hat_FedoraHat_whiteleather.png
  artifactKey: Guid(43c28cad9164dd24d8b49770bc002092) Importer(2089858483,192608db42251d675da83286b1cce702)
Start importing Assets/Minifantasy_NPCs_Assets/Generic_NPCs/Dmg/Head/Hats/FedoraHat/Minifantasy_NPCsDmg_Hat_FedoraHat_whiteleather.png using Guid(43c28cad9164dd24d8b49770bc002092) Importer(2089858483,192608db42251d675da83286b1cce702) (ScriptedImporter) -> (artifact id: '4ab5e83e859064f9477c019364bfa56b') in 0.0982669 seconds
Number of updated asset objects reloaded before import = 0Number of asset objects unloaded after import = 18

========================================================================
Received Import Request.
  Time since last request: 0.000021 seconds.
  path: Assets/Minifantasy_NPCs_Assets/Generic_NPCs/Dmg/Head/Hats/CowboyHat/Minifantasy_NPCsDmg_Hat_CowboyHat_magenta.png
  artifactKey: Guid(9f15313cb2a07334d8d6c0e202f43152) Importer(2089858483,192608db42251d675da83286b1cce702)
Start importing Assets/Minifantasy_NPCs_Assets/Generic_NPCs/Dmg/Head/Hats/CowboyHat/Minifantasy_NPCsDmg_Hat_CowboyHat_magenta.png using Guid(9f15313cb2a07334d8d6c0e202f43152) Importer(2089858483,192608db42251d675da83286b1cce702) (ScriptedImporter) -> (artifact id: '1f7efc0eb3f412693387d96ddf04650a') in 0.0795728 seconds
Number of updated asset objects reloaded before import = 0Number of asset objects unloaded after import = 18

========================================================================
Received Import Request.
  Time since last request: 0.000030 seconds.
  path: Assets/Minifantasy_NPCs_Assets/Generic_NPCs/Dmg/Head/Hats/FedoraHat/Minifantasy_NPCsDmg_Hat_FedoraHat_red.png
  artifactKey: Guid(3251b617d5f31374abf26cbdf9f84268) Importer(2089858483,192608db42251d675da83286b1cce702)
Start importing Assets/Minifantasy_NPCs_Assets/Generic_NPCs/Dmg/Head/Hats/FedoraHat/Minifantasy_NPCsDmg_Hat_FedoraHat_red.png using Guid(3251b617d5f31374abf26cbdf9f84268) Importer(2089858483,192608db42251d675da83286b1cce702) (ScriptedImporter) -> (artifact id: '64fcd55144019dd4392abd8b86dc3b61') in 0.0570871 seconds
Number of updated asset objects reloaded before import = 0Number of asset objects unloaded after import = 18

========================================================================
Received Import Request.
  Time since last request: 0.000015 seconds.
  path: Assets/Minifantasy_NPCs_Assets/Generic_NPCs/Dmg/Head/Hats/FedoraHat/Minifantasy_NPCsDmg_Hat_FedoraHat_blackleather.png
  artifactKey: Guid(13fecce1b95d56749876c8d75275248a) Importer(2089858483,192608db42251d675da83286b1cce702)
Start importing Assets/Minifantasy_NPCs_Assets/Generic_NPCs/Dmg/Head/Hats/FedoraHat/Minifantasy_NPCsDmg_Hat_FedoraHat_blackleather.png using Guid(13fecce1b95d56749876c8d75275248a) Importer(2089858483,192608db42251d675da83286b1cce702) (ScriptedImporter) -> (artifact id: 'fadac0c9e733f15ae03b890a18707c0d') in 0.0514815 seconds
Number of updated asset objects reloaded before import = 0Number of asset objects unloaded after import = 18

========================================================================
Received Import Request.
  Time since last request: 0.000018 seconds.
  path: Assets/Minifantasy_NPCs_Assets/Generic_NPCs/Dmg/Head/Hats/FedoraHat/Minifantasy_NPCsDmg_Hat_FedoraHat_blue.png
  artifactKey: Guid(00f7e3c4d9a30b945be9aa3388d7136d) Importer(2089858483,192608db42251d675da83286b1cce702)
Start importing Assets/Minifantasy_NPCs_Assets/Generic_NPCs/Dmg/Head/Hats/FedoraHat/Minifantasy_NPCsDmg_Hat_FedoraHat_blue.png using Guid(00f7e3c4d9a30b945be9aa3388d7136d) Importer(2089858483,192608db42251d675da83286b1cce702) (ScriptedImporter) -> (artifact id: '53a22329cb8658d11da0bd2bd069185e') in 0.0451833 seconds
Number of updated asset objects reloaded before import = 0Number of asset objects unloaded after import = 18

========================================================================
Received Import Request.
  Time since last request: 0.000025 seconds.
  path: Assets/Minifantasy_NPCs_Assets/Generic_NPCs/Dmg/Head/Hats/CowboyHat/Minifantasy_NPCsDmg_Hat_CowboyHat_red.png
  artifactKey: Guid(ba72b494de816024985acfe84858fe5e) Importer(2089858483,192608db42251d675da83286b1cce702)
Start importing Assets/Minifantasy_NPCs_Assets/Generic_NPCs/Dmg/Head/Hats/CowboyHat/Minifantasy_NPCsDmg_Hat_CowboyHat_red.png using Guid(ba72b494de816024985acfe84858fe5e) Importer(2089858483,192608db42251d675da83286b1cce702) (ScriptedImporter) -> (artifact id: '3cf8dafb578c19d94362b25072a017b2') in 0.0518406 seconds
Number of updated asset objects reloaded before import = 0Number of asset objects unloaded after import = 18

========================================================================
Received Import Request.
  Time since last request: 0.000034 seconds.
  path: Assets/Minifantasy_NPCs_Assets/Generic_NPCs/Dmg/Head/Hats/FedoraHat/Minifantasy_NPCsDmg_Hat_FedoraHat_grey.png
  artifactKey: Guid(e8af41e372e03204fa29f8480ffb72db) Importer(2089858483,192608db42251d675da83286b1cce702)
Start importing Assets/Minifantasy_NPCs_Assets/Generic_NPCs/Dmg/Head/Hats/FedoraHat/Minifantasy_NPCsDmg_Hat_FedoraHat_grey.png using Guid(e8af41e372e03204fa29f8480ffb72db) Importer(2089858483,192608db42251d675da83286b1cce702) (ScriptedImporter) -> (artifact id: 'a447d4760da7bc42d0be5665431ae122') in 0.0523165 seconds
Number of updated asset objects reloaded before import = 0Number of asset objects unloaded after import = 18

========================================================================
Received Import Request.
  Time since last request: 0.000016 seconds.
  path: Assets/Minifantasy_NPCs_Assets/Generic_NPCs/Dmg/Head/Hats/Hood/Minifantasy_NPCsDmg_Hat_Hood_red.png
  artifactKey: Guid(7a2c8283af9620a4f84dbd44dd9c288b) Importer(2089858483,192608db42251d675da83286b1cce702)
Start importing Assets/Minifantasy_NPCs_Assets/Generic_NPCs/Dmg/Head/Hats/Hood/Minifantasy_NPCsDmg_Hat_Hood_red.png using Guid(7a2c8283af9620a4f84dbd44dd9c288b) Importer(2089858483,192608db42251d675da83286b1cce702) (ScriptedImporter) -> (artifact id: '6b4152ebc0cf492a04a24079d87179ec') in 0.0488818 seconds
Number of updated asset objects reloaded before import = 0Number of asset objects unloaded after import = 18

========================================================================
Received Import Request.
  Time since last request: 0.000024 seconds.
  path: Assets/Minifantasy_NPCs_Assets/Generic_NPCs/Dmg/Head/Hats/CowboyHat/Minifantasy_NPCsDmg_Hat_CowboyHat_grey.png
  artifactKey: Guid(a18b715dcf2d62f46bdc984ec8ced596) Importer(2089858483,192608db42251d675da83286b1cce702)
Start importing Assets/Minifantasy_NPCs_Assets/Generic_NPCs/Dmg/Head/Hats/CowboyHat/Minifantasy_NPCsDmg_Hat_CowboyHat_grey.png using Guid(a18b715dcf2d62f46bdc984ec8ced596) Importer(2089858483,192608db42251d675da83286b1cce702) (ScriptedImporter) -> (artifact id: '056b6c22ca6af4ed3bcfd116cbf18aed') in 0.0431615 seconds
Number of updated asset objects reloaded before import = 0Number of asset objects unloaded after import = 18

========================================================================
Received Import Request.
  Time since last request: 0.000023 seconds.
  path: Assets/Minifantasy_NPCs_Assets/Generic_NPCs/Dmg/Head/Hairstyles/Short/Minifantasy_NPCsDmg_HumanHair_Short _pink.png
  artifactKey: Guid(1060d9f9f47d935469847b14117b8609) Importer(2089858483,192608db42251d675da83286b1cce702)
Start importing Assets/Minifantasy_NPCs_Assets/Generic_NPCs/Dmg/Head/Hairstyles/Short/Minifantasy_NPCsDmg_HumanHair_Short _pink.png using Guid(1060d9f9f47d935469847b14117b8609) Importer(2089858483,192608db42251d675da83286b1cce702) (ScriptedImporter) -> (artifact id: '8107222b983aba2a682c34655372a511') in 0.0542534 seconds
Number of updated asset objects reloaded before import = 0Number of asset objects unloaded after import = 18

========================================================================
Received Import Request.
  Time since last request: 0.000039 seconds.
  path: Assets/Minifantasy_NPCs_Assets/Generic_NPCs/Dmg/Head/Hats/Bandana/Minifantasy_NPCsDmg_Hat_Bandana_brownleather.png
  artifactKey: Guid(a69b5bf66c5ee0944b0957d1a57ecbc6) Importer(2089858483,192608db42251d675da83286b1cce702)
Start importing Assets/Minifantasy_NPCs_Assets/Generic_NPCs/Dmg/Head/Hats/Bandana/Minifantasy_NPCsDmg_Hat_Bandana_brownleather.png using Guid(a69b5bf66c5ee0944b0957d1a57ecbc6) Importer(2089858483,192608db42251d675da83286b1cce702) (ScriptedImporter) -> (artifact id: '40e0da30a9082edbe980992338d78933') in 0.0181589 seconds
Number of updated asset objects reloaded before import = 0Number of asset objects unloaded after import = 3

========================================================================
Received Import Request.
  Time since last request: 0.000016 seconds.
  path: Assets/Minifantasy_NPCs_Assets/Generic_NPCs/Dmg/Head/Hats/LongHat/Minifantasy_NPCsDmg_Hat_LongHat_yellow.png
  artifactKey: Guid(62d5c816f8c2fbc4488a59388b33c7f3) Importer(2089858483,192608db42251d675da83286b1cce702)
Start importing Assets/Minifantasy_NPCs_Assets/Generic_NPCs/Dmg/Head/Hats/LongHat/Minifantasy_NPCsDmg_Hat_LongHat_yellow.png using Guid(62d5c816f8c2fbc4488a59388b33c7f3) Importer(2089858483,192608db42251d675da83286b1cce702) (ScriptedImporter) -> (artifact id: 'd94faee23d9e60b8acb7a49230ac1ee6') in 0.044181 seconds
Number of updated asset objects reloaded before import = 0Number of asset objects unloaded after import = 18

========================================================================
Received Import Request.
  Time since last request: 0.000021 seconds.
  path: Assets/Minifantasy_NPCs_Assets/Generic_NPCs/Dmg/Head/Hats/LongHat/Minifantasy_NPCsDmg_Hat_LongHat_red.png
  artifactKey: Guid(27c52d53f89f0724685181043a8a6ab0) Importer(2089858483,192608db42251d675da83286b1cce702)
Start importing Assets/Minifantasy_NPCs_Assets/Generic_NPCs/Dmg/Head/Hats/LongHat/Minifantasy_NPCsDmg_Hat_LongHat_red.png using Guid(27c52d53f89f0724685181043a8a6ab0) Importer(2089858483,192608db42251d675da83286b1cce702) (ScriptedImporter) -> (artifact id: 'f2e08fc044e2f889a606a8235a420c7d') in 0.0470059 seconds
Number of updated asset objects reloaded before import = 0Number of asset objects unloaded after import = 18

========================================================================
Received Import Request.
  Time since last request: 0.000019 seconds.
  path: Assets/Minifantasy_NPCs_Assets/Generic_NPCs/Dmg/Head/Hats/PompomBeanie/Minifantasy_NPCsDmg_Hat_PomPomBeanie_grey.png
  artifactKey: Guid(03cb878a4a6a8244a93aa80c7b08b3e2) Importer(2089858483,192608db42251d675da83286b1cce702)
Start importing Assets/Minifantasy_NPCs_Assets/Generic_NPCs/Dmg/Head/Hats/PompomBeanie/Minifantasy_NPCsDmg_Hat_PomPomBeanie_grey.png using Guid(03cb878a4a6a8244a93aa80c7b08b3e2) Importer(2089858483,192608db42251d675da83286b1cce702) (ScriptedImporter) -> (artifact id: '4a3f295d4a1cabbcc1b0d9effcee11f1') in 0.0643281 seconds
Number of updated asset objects reloaded before import = 0Number of asset objects unloaded after import = 18

========================================================================
Received Import Request.
  Time since last request: 0.000028 seconds.
  path: Assets/Minifantasy_NPCs_Assets/Generic_NPCs/Dmg/Head/Hats/RangerHat/Minifantasy_NPCsDmg_Hat_RangerHat_orange.png
  artifactKey: Guid(467ac2ac3daa9f94598b2c399ac56cad) Importer(2089858483,192608db42251d675da83286b1cce702)
Start importing Assets/Minifantasy_NPCs_Assets/Generic_NPCs/Dmg/Head/Hats/RangerHat/Minifantasy_NPCsDmg_Hat_RangerHat_orange.png using Guid(467ac2ac3daa9f94598b2c399ac56cad) Importer(2089858483,192608db42251d675da83286b1cce702) (ScriptedImporter) -> (artifact id: 'd931b7152473c13ddf15f10f53d26a54') in 0.0403047 seconds
Number of updated asset objects reloaded before import = 0Number of asset objects unloaded after import = 18

========================================================================
Received Import Request.
  Time since last request: 0.000017 seconds.
  path: Assets/Minifantasy_NPCs_Assets/Generic_NPCs/Dmg/Head/Hats/RangerHat/Minifantasy_NPCsDmg_Hat_RangerHat_grey.png
  artifactKey: Guid(4c0b9cdae41c54b4c9299e28ea0973e0) Importer(2089858483,192608db42251d675da83286b1cce702)
Start importing Assets/Minifantasy_NPCs_Assets/Generic_NPCs/Dmg/Head/Hats/RangerHat/Minifantasy_NPCsDmg_Hat_RangerHat_grey.png using Guid(4c0b9cdae41c54b4c9299e28ea0973e0) Importer(2089858483,192608db42251d675da83286b1cce702) (ScriptedImporter) -> (artifact id: 'f8e6aee9036f86edf44587c426b0e7a1') in 0.0479699 seconds
Number of updated asset objects reloaded before import = 0Number of asset objects unloaded after import = 18

========================================================================
Received Import Request.
  Time since last request: 0.000021 seconds.
  path: Assets/Minifantasy_NPCs_Assets/Generic_NPCs/Dmg/Head/Hats/PompomBeanie/Minifantasy_NPCsDmg_Hat_PomPomBeanie_brownleather.png
  artifactKey: Guid(5bbde2a339cf7ba408d1d63607d538a5) Importer(2089858483,192608db42251d675da83286b1cce702)
Start importing Assets/Minifantasy_NPCs_Assets/Generic_NPCs/Dmg/Head/Hats/PompomBeanie/Minifantasy_NPCsDmg_Hat_PomPomBeanie_brownleather.png using Guid(5bbde2a339cf7ba408d1d63607d538a5) Importer(2089858483,192608db42251d675da83286b1cce702) (ScriptedImporter) -> (artifact id: 'c876c07cca82b9e1eeb71adfc56b8665') in 0.0551888 seconds
Number of updated asset objects reloaded before import = 0Number of asset objects unloaded after import = 18

========================================================================
Received Import Request.
  Time since last request: 0.000026 seconds.
  path: Assets/Minifantasy_NPCs_Assets/Generic_NPCs/Dmg/Head/Hats/RangerHat/Minifantasy_NPCsDmg_Hat_RangerHat_turquoise.png
  artifactKey: Guid(bcbe51279e3ad6046854eb8057a63213) Importer(2089858483,192608db42251d675da83286b1cce702)
Start importing Assets/Minifantasy_NPCs_Assets/Generic_NPCs/Dmg/Head/Hats/RangerHat/Minifantasy_NPCsDmg_Hat_RangerHat_turquoise.png using Guid(bcbe51279e3ad6046854eb8057a63213) Importer(2089858483,192608db42251d675da83286b1cce702) (ScriptedImporter) -> (artifact id: 'e6aa216ffa1bd094a3a298da3604d57c') in 0.0536035 seconds
Number of updated asset objects reloaded before import = 0Number of asset objects unloaded after import = 18

========================================================================
Received Import Request.
  Time since last request: 0.000042 seconds.
  path: Assets/Minifantasy_NPCs_Assets/Generic_NPCs/Dmg/Head/Hats/LongHat/Minifantasy_NPCsDmg_Hat_LongHat_green.png
  artifactKey: Guid(91ba0f86d1439574b88bec50c027111c) Importer(2089858483,192608db42251d675da83286b1cce702)
Start importing Assets/Minifantasy_NPCs_Assets/Generic_NPCs/Dmg/Head/Hats/LongHat/Minifantasy_NPCsDmg_Hat_LongHat_green.png using Guid(91ba0f86d1439574b88bec50c027111c) Importer(2089858483,192608db42251d675da83286b1cce702) (ScriptedImporter) -> (artifact id: '164883ae5b57a207e33f64c22a8097a8') in 0.0577221 seconds
Number of updated asset objects reloaded before import = 0Number of asset objects unloaded after import = 18

========================================================================
Received Import Request.
  Time since last request: 0.000018 seconds.
  path: Assets/Minifantasy_NPCs_Assets/Generic_NPCs/Dmg/Head/Hairstyles/Mohawk/Minifantasy_NPCsDmg_HumanHair_Mohawk_turquoise.png
  artifactKey: Guid(1d98057f8953bb349b30fcf365c22719) Importer(2089858483,192608db42251d675da83286b1cce702)
Start importing Assets/Minifantasy_NPCs_Assets/Generic_NPCs/Dmg/Head/Hairstyles/Mohawk/Minifantasy_NPCsDmg_HumanHair_Mohawk_turquoise.png using Guid(1d98057f8953bb349b30fcf365c22719) Importer(2089858483,192608db42251d675da83286b1cce702) (ScriptedImporter) -> (artifact id: '3cf623990936a13cc8eeb4196e869764') in 0.055273 seconds
Number of updated asset objects reloaded before import = 0Number of asset objects unloaded after import = 18

========================================================================
Received Import Request.
  Time since last request: 0.000016 seconds.
  path: Assets/Minifantasy_NPCs_Assets/Generic_NPCs/Dmg/Head/Hairstyles/Short/Minifantasy_NPCsDmg_HumanHair_Short _green.png
  artifactKey: Guid(f6336bc4568d6b94caf979064a457b39) Importer(2089858483,192608db42251d675da83286b1cce702)
Start importing Assets/Minifantasy_NPCs_Assets/Generic_NPCs/Dmg/Head/Hairstyles/Short/Minifantasy_NPCsDmg_HumanHair_Short _green.png using Guid(f6336bc4568d6b94caf979064a457b39) Importer(2089858483,192608db42251d675da83286b1cce702) (ScriptedImporter) -> (artifact id: 'd51c242a0128dc2e4219b242ed0cc482') in 0.0433398 seconds
Number of updated asset objects reloaded before import = 0Number of asset objects unloaded after import = 18

========================================================================
Received Import Request.
  Time since last request: 0.000020 seconds.
  path: Assets/Minifantasy_NPCs_Assets/Generic_NPCs/Dmg/Head/Hats/Bandana/Minifantasy_NPCsDmg_Hat_Bandana_blue.png
  artifactKey: Guid(4984e18b68bfd4e4a8934ed8bd823c22) Importer(2089858483,192608db42251d675da83286b1cce702)
Start importing Assets/Minifantasy_NPCs_Assets/Generic_NPCs/Dmg/Head/Hats/Bandana/Minifantasy_NPCsDmg_Hat_Bandana_blue.png using Guid(4984e18b68bfd4e4a8934ed8bd823c22) Importer(2089858483,192608db42251d675da83286b1cce702) (ScriptedImporter) -> (artifact id: '67160362816d617976c3029fda7e8b1e') in 0.0148777 seconds
Number of updated asset objects reloaded before import = 0Number of asset objects unloaded after import = 3

========================================================================
Received Import Request.
  Time since last request: 0.000023 seconds.
  path: Assets/Art/MINIFANTASY - Crafting and Professions I/Sprites/Barbarian/Special_Animations/Throw_Things/Barbarian_ThrowThings.png
  artifactKey: Guid(55852ed1c7adb3d42bca9948d0195942) Importer(2089858483,192608db42251d675da83286b1cce702)
Start importing Assets/Art/MINIFANTASY - Crafting and Professions I/Sprites/Barbarian/Special_Animations/Throw_Things/Barbarian_ThrowThings.png using Guid(55852ed1c7adb3d42bca9948d0195942) Importer(2089858483,192608db42251d675da83286b1cce702) (ScriptedImporter) -> (artifact id: 'b2be6a08020aa5b972004d3992d6cd24') in 0.1586167 seconds
Number of updated asset objects reloaded before import = 0Number of asset objects unloaded after import = 66

========================================================================
Received Import Request.
  Time since last request: 0.000052 seconds.
  path: Assets/Minifantasy_NPCs_Assets/Generic_NPCs/Dmg/Head/Hats/TrapperHat/Minifantasy_NPCsDmg_Hat_TrapperHat_black.png
  artifactKey: Guid(d45f0c679833dbf48acbcda804a62858) Importer(2089858483,192608db42251d675da83286b1cce702)
Start importing Assets/Minifantasy_NPCs_Assets/Generic_NPCs/Dmg/Head/Hats/TrapperHat/Minifantasy_NPCsDmg_Hat_TrapperHat_black.png using Guid(d45f0c679833dbf48acbcda804a62858) Importer(2089858483,192608db42251d675da83286b1cce702) (ScriptedImporter) -> (artifact id: 'ba6d4642eb5ed2a665d39e6a7f004821') in 0.0708959 seconds
Number of updated asset objects reloaded before import = 0Number of asset objects unloaded after import = 18

========================================================================
Received Import Request.
  Time since last request: 0.000022 seconds.
  path: Assets/Minifantasy_NPCs_Assets/Generic_NPCs/Idle/Head/Facial_Hair/Chin_Strap/Minifantasy_NPCsIdle_FacialHair_ChinStrap_pink.png
  artifactKey: Guid(a4c4c2fc9ecb22d45a6e7b1a382bbd11) Importer(2089858483,192608db42251d675da83286b1cce702)
Start importing Assets/Minifantasy_NPCs_Assets/Generic_NPCs/Idle/Head/Facial_Hair/Chin_Strap/Minifantasy_NPCsIdle_FacialHair_ChinStrap_pink.png using Guid(a4c4c2fc9ecb22d45a6e7b1a382bbd11) Importer(2089858483,192608db42251d675da83286b1cce702) (ScriptedImporter) -> (artifact id: '5b853e2e8f9c882dcb48a191d96a66f9') in 0.0213069 seconds
Number of updated asset objects reloaded before import = 0Number of asset objects unloaded after import = 3

========================================================================
Received Import Request.
  Time since last request: 0.000032 seconds.
  path: Assets/Minifantasy_NPCs_Assets/Generic_NPCs/Idle/Head/Facial_Hair/Chin_Curtain/Minifantasy_NPCsIdle_FacialHair_ChinCurtain_green.png
  artifactKey: Guid(f247254d7618814468cc908fd4a7176a) Importer(2089858483,192608db42251d675da83286b1cce702)
Start importing Assets/Minifantasy_NPCs_Assets/Generic_NPCs/Idle/Head/Facial_Hair/Chin_Curtain/Minifantasy_NPCsIdle_FacialHair_ChinCurtain_green.png using Guid(f247254d7618814468cc908fd4a7176a) Importer(2089858483,192608db42251d675da83286b1cce702) (ScriptedImporter) -> (artifact id: 'c77bd2e9647bcbc3b0a22691aa6627d9') in 0.0317673 seconds
Number of updated asset objects reloaded before import = 0Number of asset objects unloaded after import = 3

========================================================================
Received Import Request.
  Time since last request: 0.000021 seconds.
  path: Assets/Minifantasy_NPCs_Assets/Generic_NPCs/Idle/Head/Facial_Hair/Chin_Curtain/Minifantasy_NPCsIdle_FacialHair_ChinCurtain_black.png
  artifactKey: Guid(698463990a47daf4797806d4af7aae10) Importer(2089858483,192608db42251d675da83286b1cce702)
Start importing Assets/Minifantasy_NPCs_Assets/Generic_NPCs/Idle/Head/Facial_Hair/Chin_Curtain/Minifantasy_NPCsIdle_FacialHair_ChinCurtain_black.png using Guid(698463990a47daf4797806d4af7aae10) Importer(2089858483,192608db42251d675da83286b1cce702) (ScriptedImporter) -> (artifact id: '136fcd2dda93dd19a843940ba74ea817') in 0.031465 seconds
Number of updated asset objects reloaded before import = 0Number of asset objects unloaded after import = 3

========================================================================
Received Import Request.
  Time since last request: 0.000016 seconds.
  path: Assets/Minifantasy_NPCs_Assets/Generic_NPCs/Dmg/Head/Hats/TrapperHat/Minifantasy_NPCsDmg_Hat_TrapperHat_magenta.png
  artifactKey: Guid(524a044e2cec95c40a2e8863879842de) Importer(2089858483,192608db42251d675da83286b1cce702)
Start importing Assets/Minifantasy_NPCs_Assets/Generic_NPCs/Dmg/Head/Hats/TrapperHat/Minifantasy_NPCsDmg_Hat_TrapperHat_magenta.png using Guid(524a044e2cec95c40a2e8863879842de) Importer(2089858483,192608db42251d675da83286b1cce702) (ScriptedImporter) -> (artifact id: 'edc4ad2b41b22b61124ff3f9b6d453ad') in 0.0618972 seconds
Number of updated asset objects reloaded before import = 0Number of asset objects unloaded after import = 18

========================================================================
Received Import Request.
  Time since last request: 0.000019 seconds.
  path: Assets/Minifantasy_NPCs_Assets/Generic_NPCs/Dmg/Head/Hats/TrapperHat/Minifantasy_NPCsDmg_Hat_TrapperHat_brownleather.png
  artifactKey: Guid(8b16a9963273bf047acc40175e283111) Importer(2089858483,192608db42251d675da83286b1cce702)
Start importing Assets/Minifantasy_NPCs_Assets/Generic_NPCs/Dmg/Head/Hats/TrapperHat/Minifantasy_NPCsDmg_Hat_TrapperHat_brownleather.png using Guid(8b16a9963273bf047acc40175e283111) Importer(2089858483,192608db42251d675da83286b1cce702) (ScriptedImporter) -> (artifact id: '068a7703932ac0e0fcb844fdf63d8c3a') in 0.0527609 seconds
Number of updated asset objects reloaded before import = 0Number of asset objects unloaded after import = 18

========================================================================
Received Import Request.
  Time since last request: 0.000031 seconds.
  path: Assets/Minifantasy_NPCs_Assets/Generic_NPCs/Idle/Head/Facial_Hair/Goatee/Minifantasy_NPCsIdle_FacialHair_Goatee_blonde.png
  artifactKey: Guid(b3ec4acec87b35846aae376d8061857d) Importer(2089858483,192608db42251d675da83286b1cce702)
Start importing Assets/Minifantasy_NPCs_Assets/Generic_NPCs/Idle/Head/Facial_Hair/Goatee/Minifantasy_NPCsIdle_FacialHair_Goatee_blonde.png using Guid(b3ec4acec87b35846aae376d8061857d) Importer(2089858483,192608db42251d675da83286b1cce702) (ScriptedImporter) -> (artifact id: '7265fced2627135386e2a2518651ac8d') in 0.0234797 seconds
Number of updated asset objects reloaded before import = 0Number of asset objects unloaded after import = 3

========================================================================
Received Import Request.
  Time since last request: 0.000022 seconds.
  path: Assets/Minifantasy_NPCs_Assets/Generic_NPCs/Dmg/Head/Hairstyles/Toupee/Minifantasy_NPCsDmg_HumanHair_Toupee_black.png
  artifactKey: Guid(81f88c3035c0700408af0bc6f909b9a2) Importer(2089858483,192608db42251d675da83286b1cce702)
Start importing Assets/Minifantasy_NPCs_Assets/Generic_NPCs/Dmg/Head/Hairstyles/Toupee/Minifantasy_NPCsDmg_HumanHair_Toupee_black.png using Guid(81f88c3035c0700408af0bc6f909b9a2) Importer(2089858483,192608db42251d675da83286b1cce702) (ScriptedImporter) -> (artifact id: 'bbf29e3a8ec5f1eb39b7ff8f989ba952') in 0.0609883 seconds
Number of updated asset objects reloaded before import = 0Number of asset objects unloaded after import = 18

========================================================================
Received Import Request.
  Time since last request: 0.000019 seconds.
  path: Assets/Minifantasy_NPCs_Assets/Generic_NPCs/Dmg/Head/Hats/LongHat/Minifantasy_NPCsDmg_Hat_LongHat_blackleather.png
  artifactKey: Guid(795e43ef3ea82bb4ea40cee400ff655e) Importer(2089858483,192608db42251d675da83286b1cce702)
Start importing Assets/Minifantasy_NPCs_Assets/Generic_NPCs/Dmg/Head/Hats/LongHat/Minifantasy_NPCsDmg_Hat_LongHat_blackleather.png using Guid(795e43ef3ea82bb4ea40cee400ff655e) Importer(2089858483,192608db42251d675da83286b1cce702) (ScriptedImporter) -> (artifact id: '6cde9a10736f1b058504c43ad3c179f6') in 0.0499632 seconds
Number of updated asset objects reloaded before import = 0Number of asset objects unloaded after import = 18

========================================================================
Received Import Request.
  Time since last request: 0.000020 seconds.
  path: Assets/Minifantasy_NPCs_Assets/Generic_NPCs/Idle/Head/Hairstyles/Bubble/Minifantasy_NPCsIdle_HumanHair_Bubble_purple.png
  artifactKey: Guid(eabbd61d0de06964784565adc1d0962b) Importer(2089858483,192608db42251d675da83286b1cce702)
Start importing Assets/Minifantasy_NPCs_Assets/Generic_NPCs/Idle/Head/Hairstyles/Bubble/Minifantasy_NPCsIdle_HumanHair_Bubble_purple.png using Guid(eabbd61d0de06964784565adc1d0962b) Importer(2089858483,192608db42251d675da83286b1cce702) (ScriptedImporter) -> (artifact id: '8d1f41c6c9380e4fb4ffac6f7b5e3609') in 0.1735468 seconds
Number of updated asset objects reloaded before import = 0Number of asset objects unloaded after import = 66

========================================================================
Received Import Request.
  Time since last request: 0.000028 seconds.
  path: Assets/Minifantasy_NPCs_Assets/Generic_NPCs/Idle/Head/Facial_Hair/LongBeard/Minifantasy_NPCsIdle_FacialHair_LongBeard_blonde.png
  artifactKey: Guid(8f1fe867efc30f84280adc66fde1ae1d) Importer(2089858483,192608db42251d675da83286b1cce702)
Start importing Assets/Minifantasy_NPCs_Assets/Generic_NPCs/Idle/Head/Facial_Hair/LongBeard/Minifantasy_NPCsIdle_FacialHair_LongBeard_blonde.png using Guid(8f1fe867efc30f84280adc66fde1ae1d) Importer(2089858483,192608db42251d675da83286b1cce702) (ScriptedImporter) -> (artifact id: '4c279755f570bb066856db756a1871ba') in 0.017179 seconds
Number of updated asset objects reloaded before import = 0Number of asset objects unloaded after import = 3

========================================================================
Received Import Request.
  Time since last request: 0.000016 seconds.
  path: Assets/Minifantasy_NPCs_Assets/Generic_NPCs/Idle/Head/Hairstyles/Bold/Minifantasy_NPCsIdle_HumanHair_Bold_white.png
  artifactKey: Guid(660f2f684d4ff0f4ca1bafc20d4003b1) Importer(2089858483,192608db42251d675da83286b1cce702)
Start importing Assets/Minifantasy_NPCs_Assets/Generic_NPCs/Idle/Head/Hairstyles/Bold/Minifantasy_NPCsIdle_HumanHair_Bold_white.png using Guid(660f2f684d4ff0f4ca1bafc20d4003b1) Importer(2089858483,192608db42251d675da83286b1cce702) (ScriptedImporter) -> (artifact id: '140c632e240c543edda807960ec6b1c8') in 0.0267968 seconds
Number of updated asset objects reloaded before import = 0Number of asset objects unloaded after import = 3

========================================================================
Received Import Request.
  Time since last request: 0.000021 seconds.
  path: Assets/Minifantasy_NPCs_Assets/Generic_NPCs/Idle/Head/Facial_Hair/LongBeard/Minifantasy_NPCsIdle_FacialHair_LongBeard_turquoise.png
  artifactKey: Guid(c760d7aa5339282448ed3d31319133e0) Importer(2089858483,192608db42251d675da83286b1cce702)
Start importing Assets/Minifantasy_NPCs_Assets/Generic_NPCs/Idle/Head/Facial_Hair/LongBeard/Minifantasy_NPCsIdle_FacialHair_LongBeard_turquoise.png using Guid(c760d7aa5339282448ed3d31319133e0) Importer(2089858483,192608db42251d675da83286b1cce702) (ScriptedImporter) -> (artifact id: 'a68c5a33e218bad731b18a4297ee1ddc') in 0.0451615 seconds
Number of updated asset objects reloaded before import = 0Number of asset objects unloaded after import = 3

========================================================================
Received Import Request.
  Time since last request: 0.000054 seconds.
  path: Assets/Minifantasy_NPCs_Assets/Generic_NPCs/Idle/Head/Facial_Hair/LongBeard/Minifantasy_NPCsIdle_FacialHair_LongBeard_pink.png
  artifactKey: Guid(b3a8b7761cff37f4aa6caf60d5c690db) Importer(2089858483,192608db42251d675da83286b1cce702)
Start importing Assets/Minifantasy_NPCs_Assets/Generic_NPCs/Idle/Head/Facial_Hair/LongBeard/Minifantasy_NPCsIdle_FacialHair_LongBeard_pink.png using Guid(b3a8b7761cff37f4aa6caf60d5c690db) Importer(2089858483,192608db42251d675da83286b1cce702) (ScriptedImporter) -> (artifact id: '12ff5146c951ed38a684893e6019c0e5') in 0.0316386 seconds
Number of updated asset objects reloaded before import = 0Number of asset objects unloaded after import = 3

========================================================================
Received Import Request.
  Time since last request: 0.000024 seconds.
  path: Assets/Minifantasy_NPCs_Assets/Generic_NPCs/Idle/Head/Facial_Hair/LongBeard/Minifantasy_NPCsIdle_FacialHair_LongBeard_purple.png
  artifactKey: Guid(5926247e24ad4404284207dd5bce4211) Importer(2089858483,192608db42251d675da83286b1cce702)
Start importing Assets/Minifantasy_NPCs_Assets/Generic_NPCs/Idle/Head/Facial_Hair/LongBeard/Minifantasy_NPCsIdle_FacialHair_LongBeard_purple.png using Guid(5926247e24ad4404284207dd5bce4211) Importer(2089858483,192608db42251d675da83286b1cce702) (ScriptedImporter) -> (artifact id: 'a0e2e8a70886d60a065a5a7126e04490') in 0.0177691 seconds
Number of updated asset objects reloaded before import = 0Number of asset objects unloaded after import = 3

========================================================================
Received Import Request.
  Time since last request: 0.000027 seconds.
  path: Assets/Minifantasy_NPCs_Assets/Generic_NPCs/Idle/Head/Hairstyles/Bubble/Minifantasy_NPCsIdle_HumanHair_Bubble_pink.png
  artifactKey: Guid(9f11bd2c8e5acee40a0694e649774a8f) Importer(2089858483,192608db42251d675da83286b1cce702)
Start importing Assets/Minifantasy_NPCs_Assets/Generic_NPCs/Idle/Head/Hairstyles/Bubble/Minifantasy_NPCsIdle_HumanHair_Bubble_pink.png using Guid(9f11bd2c8e5acee40a0694e649774a8f) Importer(2089858483,192608db42251d675da83286b1cce702) (ScriptedImporter) -> (artifact id: 'ae85eb34981d8d6d2e9bbef056d71a21') in 0.150901 seconds
Number of updated asset objects reloaded before import = 0Number of asset objects unloaded after import = 66

========================================================================
Received Import Request.
  Time since last request: 0.000016 seconds.
  path: Assets/Minifantasy_NPCs_Assets/Generic_NPCs/Idle/Head/Hairstyles/Bubble/Minifantasy_NPCsIdle_HumanHair_Bubble_white.png
  artifactKey: Guid(091c69444643da342acc28eb56ac283f) Importer(2089858483,192608db42251d675da83286b1cce702)
Start importing Assets/Minifantasy_NPCs_Assets/Generic_NPCs/Idle/Head/Hairstyles/Bubble/Minifantasy_NPCsIdle_HumanHair_Bubble_white.png using Guid(091c69444643da342acc28eb56ac283f) Importer(2089858483,192608db42251d675da83286b1cce702) (ScriptedImporter) -> (artifact id: '337db191ce019a232502b508ddff3cf9') in 0.1400608 seconds
Number of updated asset objects reloaded before import = 0Number of asset objects unloaded after import = 66

========================================================================
Received Import Request.
  Time since last request: 0.000022 seconds.
  path: Assets/Minifantasy_NPCs_Assets/Generic_NPCs/Idle/Head/Hairstyles/PonyTail/Minifantasy_NPCsIdle_HumanHair_PonyTail_blonde.png
  artifactKey: Guid(fa55a4b0e360275419845bca89f6dbf9) Importer(2089858483,192608db42251d675da83286b1cce702)
Start importing Assets/Minifantasy_NPCs_Assets/Generic_NPCs/Idle/Head/Hairstyles/PonyTail/Minifantasy_NPCsIdle_HumanHair_PonyTail_blonde.png using Guid(fa55a4b0e360275419845bca89f6dbf9) Importer(2089858483,192608db42251d675da83286b1cce702) (ScriptedImporter) -> (artifact id: '198f32a9c0bc26ea9d47f13c96047dd7') in 0.1659449 seconds
Number of updated asset objects reloaded before import = 0Number of asset objects unloaded after import = 66

========================================================================
Received Import Request.
  Time since last request: 0.000035 seconds.
  path: Assets/Minifantasy_NPCs_Assets/Generic_NPCs/Idle/Head/Hairstyles/Long/Minifantasy_NPCsIdle_HumanHair_Long_purple.png
  artifactKey: Guid(9ed57090031ecee47bc0a33e662ad099) Importer(2089858483,192608db42251d675da83286b1cce702)
Start importing Assets/Minifantasy_NPCs_Assets/Generic_NPCs/Idle/Head/Hairstyles/Long/Minifantasy_NPCsIdle_HumanHair_Long_purple.png using Guid(9ed57090031ecee47bc0a33e662ad099) Importer(2089858483,192608db42251d675da83286b1cce702) (ScriptedImporter) -> (artifact id: 'af59a56c55fabfcd5f91add9ec69dfad') in 0.158524 seconds
Number of updated asset objects reloaded before import = 0Number of asset objects unloaded after import = 66

========================================================================
Received Import Request.
  Time since last request: 0.000018 seconds.
  path: Assets/Minifantasy_NPCs_Assets/Generic_NPCs/Idle/Head/Hairstyles/Mane/Minifantasy_NPCsIdle_HumanHair_Mane_turquoise.png
  artifactKey: Guid(e278f093ca7742c4d9c49f940a21bb2a) Importer(2089858483,192608db42251d675da83286b1cce702)
Start importing Assets/Minifantasy_NPCs_Assets/Generic_NPCs/Idle/Head/Hairstyles/Mane/Minifantasy_NPCsIdle_HumanHair_Mane_turquoise.png using Guid(e278f093ca7742c4d9c49f940a21bb2a) Importer(2089858483,192608db42251d675da83286b1cce702) (ScriptedImporter) -> (artifact id: '698f460ba6072523a3b2383200093dc4') in 0.1653686 seconds
Number of updated asset objects reloaded before import = 0Number of asset objects unloaded after import = 66

========================================================================
Received Import Request.
  Time since last request: 0.000024 seconds.
  path: Assets/Minifantasy_NPCs_Assets/Generic_NPCs/Idle/Head/Hairstyles/Mohawk/Minifantasy_NPCsIdle_HumanHair_Mohawk_green.png
  artifactKey: Guid(4050323013a54c94ab39544a6db58420) Importer(2089858483,192608db42251d675da83286b1cce702)
Start importing Assets/Minifantasy_NPCs_Assets/Generic_NPCs/Idle/Head/Hairstyles/Mohawk/Minifantasy_NPCsIdle_HumanHair_Mohawk_green.png using Guid(4050323013a54c94ab39544a6db58420) Importer(2089858483,192608db42251d675da83286b1cce702) (ScriptedImporter) -> (artifact id: 'cf1e09063b16df4d2733bebe4c022dce') in 0.1541132 seconds
Number of updated asset objects reloaded before import = 0Number of asset objects unloaded after import = 66

========================================================================
Received Import Request.
  Time since last request: 0.000028 seconds.
  path: Assets/Minifantasy_NPCs_Assets/Generic_NPCs/Idle/Head/Hairstyles/Toupee/Minifantasy_NPCsIdle_HumanHair_Toupee_turquoise.png
  artifactKey: Guid(d87c12f8ca51e394582eab7224ad7535) Importer(2089858483,192608db42251d675da83286b1cce702)
Start importing Assets/Minifantasy_NPCs_Assets/Generic_NPCs/Idle/Head/Hairstyles/Toupee/Minifantasy_NPCsIdle_HumanHair_Toupee_turquoise.png using Guid(d87c12f8ca51e394582eab7224ad7535) Importer(2089858483,192608db42251d675da83286b1cce702) (ScriptedImporter) -> (artifact id: '77a1bd1aeea138b8a672640da10392f8') in 0.1425991 seconds
Number of updated asset objects reloaded before import = 0Number of asset objects unloaded after import = 66

========================================================================
Received Import Request.
  Time since last request: 0.000024 seconds.
  path: Assets/Minifantasy_NPCs_Assets/Generic_NPCs/Idle/Head/Hairstyles/Short/Minifantasy_NPCsIdle_HumanHair_Short _blonde.png
  artifactKey: Guid(203029ce59e669d40a8386b0554614e1) Importer(2089858483,192608db42251d675da83286b1cce702)
Start importing Assets/Minifantasy_NPCs_Assets/Generic_NPCs/Idle/Head/Hairstyles/Short/Minifantasy_NPCsIdle_HumanHair_Short _blonde.png using Guid(203029ce59e669d40a8386b0554614e1) Importer(2089858483,192608db42251d675da83286b1cce702) (ScriptedImporter) -> (artifact id: '485dbb5d2061e1e9b77cd3d9e32a6b97') in 0.1494298 seconds
Number of updated asset objects reloaded before import = 0Number of asset objects unloaded after import = 66

========================================================================
Received Import Request.
  Time since last request: 0.000017 seconds.
  path: Assets/Minifantasy_NPCs_Assets/Generic_NPCs/Idle/Head/Hairstyles/Long/Minifantasy_NPCsIdle_HumanHair_Long_turquoise.png
  artifactKey: Guid(98eb730eaa70dd440b7ed5dea0fd7187) Importer(2089858483,192608db42251d675da83286b1cce702)
Start importing Assets/Minifantasy_NPCs_Assets/Generic_NPCs/Idle/Head/Hairstyles/Long/Minifantasy_NPCsIdle_HumanHair_Long_turquoise.png using Guid(98eb730eaa70dd440b7ed5dea0fd7187) Importer(2089858483,192608db42251d675da83286b1cce702) (ScriptedImporter) -> (artifact id: '48e7d3d9cace13251eced4cf01583cbd') in 0.1536611 seconds
Number of updated asset objects reloaded before import = 0Number of asset objects unloaded after import = 66

========================================================================
Received Import Request.
  Time since last request: 0.000026 seconds.
  path: Assets/Minifantasy_NPCs_Assets/Generic_NPCs/Idle/Head/Hairstyles/PonyTail/Minifantasy_NPCsIdle_HumanHair_PonyTail_white.png
  artifactKey: Guid(dfa7b82c1099ebf4cac9198b2a52de21) Importer(2089858483,192608db42251d675da83286b1cce702)
Start importing Assets/Minifantasy_NPCs_Assets/Generic_NPCs/Idle/Head/Hairstyles/PonyTail/Minifantasy_NPCsIdle_HumanHair_PonyTail_white.png using Guid(dfa7b82c1099ebf4cac9198b2a52de21) Importer(2089858483,192608db42251d675da83286b1cce702) (ScriptedImporter) -> (artifact id: 'd3f02bc294b1ebace0f32179b119ce9a') in 0.1476257 seconds
Number of updated asset objects reloaded before import = 0Number of asset objects unloaded after import = 66

========================================================================
Received Import Request.
  Time since last request: 0.000019 seconds.
  path: Assets/Minifantasy_NPCs_Assets/Generic_NPCs/Idle/Head/Hairstyles/Toupee/Minifantasy_NPCsIdle_HumanHair_Toupee_purple.png
  artifactKey: Guid(15431ea1452a49a42a42e91643050edf) Importer(2089858483,192608db42251d675da83286b1cce702)
Start importing Assets/Minifantasy_NPCs_Assets/Generic_NPCs/Idle/Head/Hairstyles/Toupee/Minifantasy_NPCsIdle_HumanHair_Toupee_purple.png using Guid(15431ea1452a49a42a42e91643050edf) Importer(2089858483,192608db42251d675da83286b1cce702) (ScriptedImporter) -> (artifact id: '9409e99dae05c1ade886e7a64c1280a5') in 0.1843033 seconds
Number of updated asset objects reloaded before import = 0Number of asset objects unloaded after import = 66

========================================================================
Received Import Request.
  Time since last request: 0.000020 seconds.
  path: Assets/Minifantasy_NPCs_Assets/Generic_NPCs/Idle/Head/Hats/Bandana/Minifantasy_NPCsIdle_Hat_Bandana_green.png
  artifactKey: Guid(1c65ee8d10b7e664a9ca35d9bc08c54d) Importer(2089858483,192608db42251d675da83286b1cce702)
Start importing Assets/Minifantasy_NPCs_Assets/Generic_NPCs/Idle/Head/Hats/Bandana/Minifantasy_NPCsIdle_Hat_Bandana_green.png using Guid(1c65ee8d10b7e664a9ca35d9bc08c54d) Importer(2089858483,192608db42251d675da83286b1cce702) (ScriptedImporter) -> (artifact id: '73518de8852591fc0e430c163b4a601a') in 0.0170253 seconds
Number of updated asset objects reloaded before import = 0Number of asset objects unloaded after import = 3

========================================================================
Received Import Request.
  Time since last request: 0.000032 seconds.
  path: Assets/Minifantasy_NPCs_Assets/Generic_NPCs/Idle/Head/Hats/Bandana/Minifantasy_NPCsIdle_Hat_Bandana_grey.png
  artifactKey: Guid(460806692a9299f4989f710b8e24792c) Importer(2089858483,192608db42251d675da83286b1cce702)
Start importing Assets/Minifantasy_NPCs_Assets/Generic_NPCs/Idle/Head/Hats/Bandana/Minifantasy_NPCsIdle_Hat_Bandana_grey.png using Guid(460806692a9299f4989f710b8e24792c) Importer(2089858483,192608db42251d675da83286b1cce702) (ScriptedImporter) -> (artifact id: 'af100687fba8027f86038fb1336bd7b0') in 0.0178564 seconds
Number of updated asset objects reloaded before import = 0Number of asset objects unloaded after import = 3

========================================================================
Received Import Request.
  Time since last request: 0.000021 seconds.
  path: Assets/Minifantasy_NPCs_Assets/Generic_NPCs/Idle/Head/Hairstyles/Mane/Minifantasy_NPCsIdle_HumanHair_Mane_brown.png
  artifactKey: Guid(ef45d24faf3a5654cae9634eac0c4013) Importer(2089858483,192608db42251d675da83286b1cce702)
Start importing Assets/Minifantasy_NPCs_Assets/Generic_NPCs/Idle/Head/Hairstyles/Mane/Minifantasy_NPCsIdle_HumanHair_Mane_brown.png using Guid(ef45d24faf3a5654cae9634eac0c4013) Importer(2089858483,192608db42251d675da83286b1cce702) (ScriptedImporter) -> (artifact id: '4e7b4a642ec8ba605d5b30b1ef263e1a') in 0.1392405 seconds
Number of updated asset objects reloaded before import = 0Number of asset objects unloaded after import = 66

========================================================================
Received Import Request.
  Time since last request: 0.000041 seconds.
  path: Assets/Minifantasy_NPCs_Assets/Generic_NPCs/Idle/Head/Hairstyles/Toupee/Minifantasy_NPCsIdle_HumanHair_Toupee_pink.png
  artifactKey: Guid(60763e71efd01c94bb0ddfdf97a4475c) Importer(2089858483,192608db42251d675da83286b1cce702)
Start importing Assets/Minifantasy_NPCs_Assets/Generic_NPCs/Idle/Head/Hairstyles/Toupee/Minifantasy_NPCsIdle_HumanHair_Toupee_pink.png using Guid(60763e71efd01c94bb0ddfdf97a4475c) Importer(2089858483,192608db42251d675da83286b1cce702) (ScriptedImporter) -> (artifact id: '662ebe4e89c02c58929a611a7a18f908') in 0.2464988 seconds
Number of updated asset objects reloaded before import = 0Number of asset objects unloaded after import = 66

========================================================================
Received Import Request.
  Time since last request: 0.000037 seconds.
  path: Assets/Minifantasy_NPCs_Assets/Generic_NPCs/Idle/Head/Hairstyles/Mane/Minifantasy_NPCsIdle_HumanHair_Mane_white.png
  artifactKey: Guid(b06636427a1dc1f4b8523255de3821c9) Importer(2089858483,192608db42251d675da83286b1cce702)
Start importing Assets/Minifantasy_NPCs_Assets/Generic_NPCs/Idle/Head/Hairstyles/Mane/Minifantasy_NPCsIdle_HumanHair_Mane_white.png using Guid(b06636427a1dc1f4b8523255de3821c9) Importer(2089858483,192608db42251d675da83286b1cce702) (ScriptedImporter) -> (artifact id: '76aaed72ede64519e8811193754a2ee1') in 0.2091766 seconds
Number of updated asset objects reloaded before import = 0Number of asset objects unloaded after import = 66

========================================================================
Received Import Request.
  Time since last request: 0.000020 seconds.
  path: Assets/Minifantasy_NPCs_Assets/Generic_NPCs/Idle/Head/Hats/CowboyHat/Minifantasy_NPCsIdle_Hat_CowboyHat_blackleather.png
  artifactKey: Guid(3f9828ee07399df4e863238ab149b3fc) Importer(2089858483,192608db42251d675da83286b1cce702)
Start importing Assets/Minifantasy_NPCs_Assets/Generic_NPCs/Idle/Head/Hats/CowboyHat/Minifantasy_NPCsIdle_Hat_CowboyHat_blackleather.png using Guid(3f9828ee07399df4e863238ab149b3fc) Importer(2089858483,192608db42251d675da83286b1cce702) (ScriptedImporter) -> (artifact id: '7328e832df58db09963ae7b4c8f959ed') in 0.1469314 seconds
Number of updated asset objects reloaded before import = 0Number of asset objects unloaded after import = 66

========================================================================
Received Import Request.
  Time since last request: 0.000027 seconds.
  path: Assets/Minifantasy_NPCs_Assets/Generic_NPCs/Idle/Head/Hats/FedoraHat/Minifantasy_NPCsIdle_Hat_FedoraHat_orange.png
  artifactKey: Guid(71a77119357c6874fb1d1edc7c968519) Importer(2089858483,192608db42251d675da83286b1cce702)
Start importing Assets/Minifantasy_NPCs_Assets/Generic_NPCs/Idle/Head/Hats/FedoraHat/Minifantasy_NPCsIdle_Hat_FedoraHat_orange.png using Guid(71a77119357c6874fb1d1edc7c968519) Importer(2089858483,192608db42251d675da83286b1cce702) (ScriptedImporter) -> (artifact id: 'edf7256ca01b63d907759aeda7c36b00') in 0.1756689 seconds
Number of updated asset objects reloaded before import = 0Number of asset objects unloaded after import = 66

========================================================================
Received Import Request.
  Time since last request: 0.000018 seconds.
  path: Assets/Minifantasy_NPCs_Assets/Generic_NPCs/Idle/Head/Hats/CowboyHat/Minifantasy_NPCsIdle_Hat_CowboyHat_red.png
  artifactKey: Guid(9d3db6acad4b89343aafb3f7b6ad40d4) Importer(2089858483,192608db42251d675da83286b1cce702)
Start importing Assets/Minifantasy_NPCs_Assets/Generic_NPCs/Idle/Head/Hats/CowboyHat/Minifantasy_NPCsIdle_Hat_CowboyHat_red.png using Guid(9d3db6acad4b89343aafb3f7b6ad40d4) Importer(2089858483,192608db42251d675da83286b1cce702) (ScriptedImporter) -> (artifact id: '54087e0004dde47b4f9c90d004312adb') in 0.154507 seconds
Number of updated asset objects reloaded before import = 0Number of asset objects unloaded after import = 66

========================================================================
Received Import Request.
  Time since last request: 0.000032 seconds.
  path: Assets/Minifantasy_NPCs_Assets/Generic_NPCs/Idle/Head/Hats/CowboyHat/Minifantasy_NPCsIdle_Hat_CowboyHat_white.png
  artifactKey: Guid(089d2b06a2207cb458bd6aaac88c4e69) Importer(2089858483,192608db42251d675da83286b1cce702)
Start importing Assets/Minifantasy_NPCs_Assets/Generic_NPCs/Idle/Head/Hats/CowboyHat/Minifantasy_NPCsIdle_Hat_CowboyHat_white.png using Guid(089d2b06a2207cb458bd6aaac88c4e69) Importer(2089858483,192608db42251d675da83286b1cce702) (ScriptedImporter) -> (artifact id: '40435b6d245e813c3e895b2400db6b61') in 0.163024 seconds
Number of updated asset objects reloaded before import = 0Number of asset objects unloaded after import = 66

========================================================================
Received Import Request.
  Time since last request: 0.000018 seconds.
  path: Assets/Minifantasy_NPCs_Assets/Generic_NPCs/Idle/Head/Hats/Hood/Minifantasy_NPCsIdle_Hat_Hood_grey.png
  artifactKey: Guid(fd1d993d4dc950f4ea1fe617ce276340) Importer(2089858483,192608db42251d675da83286b1cce702)
Start importing Assets/Minifantasy_NPCs_Assets/Generic_NPCs/Idle/Head/Hats/Hood/Minifantasy_NPCsIdle_Hat_Hood_grey.png using Guid(fd1d993d4dc950f4ea1fe617ce276340) Importer(2089858483,192608db42251d675da83286b1cce702) (ScriptedImporter) -> (artifact id: '5eb8ebf5ab005d8feb7381136264be75') in 0.128406 seconds
Number of updated asset objects reloaded before import = 0Number of asset objects unloaded after import = 66

========================================================================
Received Import Request.
  Time since last request: 0.000020 seconds.
  path: Assets/Minifantasy_NPCs_Assets/Generic_NPCs/Idle/Head/Hats/FedoraHat/Minifantasy_NPCsIdle_Hat_FedoraHat_yellow.png
  artifactKey: Guid(2ebc98de7b2fca945b5795457d266502) Importer(2089858483,192608db42251d675da83286b1cce702)
Start importing Assets/Minifantasy_NPCs_Assets/Generic_NPCs/Idle/Head/Hats/FedoraHat/Minifantasy_NPCsIdle_Hat_FedoraHat_yellow.png using Guid(2ebc98de7b2fca945b5795457d266502) Importer(2089858483,192608db42251d675da83286b1cce702) (ScriptedImporter) -> (artifact id: 'd289822451928f4b1ee909c829ab269b') in 0.140094 seconds
Number of updated asset objects reloaded before import = 0Number of asset objects unloaded after import = 66

========================================================================
Received Import Request.
  Time since last request: 0.000026 seconds.
  path: Assets/Minifantasy_NPCs_Assets/Generic_NPCs/Idle/Head/Hats/FedoraHat/Minifantasy_NPCsIdle_Hat_FedoraHat_green.png
  artifactKey: Guid(05279abd4ec78424b9d2f7c8239515fb) Importer(2089858483,192608db42251d675da83286b1cce702)
Start importing Assets/Minifantasy_NPCs_Assets/Generic_NPCs/Idle/Head/Hats/FedoraHat/Minifantasy_NPCsIdle_Hat_FedoraHat_green.png using Guid(05279abd4ec78424b9d2f7c8239515fb) Importer(2089858483,192608db42251d675da83286b1cce702) (ScriptedImporter) -> (artifact id: '430c9a0801c2dc28512843f2ec819e9c') in 0.1315553 seconds
Number of updated asset objects reloaded before import = 0Number of asset objects unloaded after import = 66

========================================================================
Received Import Request.
  Time since last request: 0.000019 seconds.
  path: Assets/Minifantasy_NPCs_Assets/Generic_NPCs/Idle/Head/Hairstyles/Mane/Minifantasy_NPCsIdle_HumanHair_Mane_green.png
  artifactKey: Guid(cf0d61c7c1d307642ba48b46e50e6fa5) Importer(2089858483,192608db42251d675da83286b1cce702)
Start importing Assets/Minifantasy_NPCs_Assets/Generic_NPCs/Idle/Head/Hairstyles/Mane/Minifantasy_NPCsIdle_HumanHair_Mane_green.png using Guid(cf0d61c7c1d307642ba48b46e50e6fa5) Importer(2089858483,192608db42251d675da83286b1cce702) (ScriptedImporter) -> (artifact id: '59cf23197ec7ab831fb3906fb7e523fc') in 0.1455509 seconds
Number of updated asset objects reloaded before import = 0Number of asset objects unloaded after import = 66

========================================================================
Received Import Request.
  Time since last request: 0.000019 seconds.
  path: Assets/Minifantasy_NPCs_Assets/Generic_NPCs/Idle/Head/Hats/LongHat/Minifantasy_NPCsIdle_Hat_LongHat_orange.png
  artifactKey: Guid(801da3a4c80b6e6488b77937159ccb4a) Importer(2089858483,192608db42251d675da83286b1cce702)
Start importing Assets/Minifantasy_NPCs_Assets/Generic_NPCs/Idle/Head/Hats/LongHat/Minifantasy_NPCsIdle_Hat_LongHat_orange.png using Guid(801da3a4c80b6e6488b77937159ccb4a) Importer(2089858483,192608db42251d675da83286b1cce702) (ScriptedImporter) -> (artifact id: 'c8998d4eb663f31403f9d99d3dd12417') in 0.130844 seconds
Number of updated asset objects reloaded before import = 0Number of asset objects unloaded after import = 66

========================================================================
Received Import Request.
  Time since last request: 0.000027 seconds.
  path: Assets/Minifantasy_NPCs_Assets/Generic_NPCs/Idle/Head/Hats/Hood/Minifantasy_NPCsIdle_Hat_Hood_turquoise.png
  artifactKey: Guid(6b0e854e836e1524281109c193b1c5dc) Importer(2089858483,192608db42251d675da83286b1cce702)
Start importing Assets/Minifantasy_NPCs_Assets/Generic_NPCs/Idle/Head/Hats/Hood/Minifantasy_NPCsIdle_Hat_Hood_turquoise.png using Guid(6b0e854e836e1524281109c193b1c5dc) Importer(2089858483,192608db42251d675da83286b1cce702) (ScriptedImporter) -> (artifact id: '3763422e233a256d69878f1428219896') in 0.141131 seconds
Number of updated asset objects reloaded before import = 0Number of asset objects unloaded after import = 66

========================================================================
Received Import Request.
  Time since last request: 0.000018 seconds.
  path: Assets/Minifantasy_NPCs_Assets/Generic_NPCs/Idle/Head/Hats/LongHat/Minifantasy_NPCsIdle_Hat_LongHat_lime.png
  artifactKey: Guid(08f2b78aa40d95b4e9af5210377b1b8d) Importer(2089858483,192608db42251d675da83286b1cce702)
Start importing Assets/Minifantasy_NPCs_Assets/Generic_NPCs/Idle/Head/Hats/LongHat/Minifantasy_NPCsIdle_Hat_LongHat_lime.png using Guid(08f2b78aa40d95b4e9af5210377b1b8d) Importer(2089858483,192608db42251d675da83286b1cce702) (ScriptedImporter) -> (artifact id: 'ea4b17fffdec028c1d1084108c3a93fe') in 0.1352807 seconds
Number of updated asset objects reloaded before import = 0Number of asset objects unloaded after import = 66

========================================================================
Received Import Request.
  Time since last request: 0.000021 seconds.
  path: Assets/Minifantasy_NPCs_Assets/Generic_NPCs/Idle/Head/Hats/Hood/Minifantasy_NPCsIdle_Hat_Hood_blackleather.png
  artifactKey: Guid(cd3fa3267b653f04790705125743dbb2) Importer(2089858483,192608db42251d675da83286b1cce702)
Start importing Assets/Minifantasy_NPCs_Assets/Generic_NPCs/Idle/Head/Hats/Hood/Minifantasy_NPCsIdle_Hat_Hood_blackleather.png using Guid(cd3fa3267b653f04790705125743dbb2) Importer(2089858483,192608db42251d675da83286b1cce702) (ScriptedImporter) -> (artifact id: '1ba5cc90dc9a7afeac7ba60b5d77221b') in 0.1638775 seconds
Number of updated asset objects reloaded before import = 0Number of asset objects unloaded after import = 66

========================================================================
Received Import Request.
  Time since last request: 0.000030 seconds.
  path: Assets/Minifantasy_NPCs_Assets/Generic_NPCs/Idle/Head/Hats/PompomBeanie/Minifantasy_NPCsIdle_Hat_PomPomBeanie_whiteleather.png
  artifactKey: Guid(9af848ed154c4b846a802cbb9553b5e3) Importer(2089858483,192608db42251d675da83286b1cce702)
Start importing Assets/Minifantasy_NPCs_Assets/Generic_NPCs/Idle/Head/Hats/PompomBeanie/Minifantasy_NPCsIdle_Hat_PomPomBeanie_whiteleather.png using Guid(9af848ed154c4b846a802cbb9553b5e3) Importer(2089858483,192608db42251d675da83286b1cce702) (ScriptedImporter) -> (artifact id: '648c57ae4206fc92a753eab3d604483f') in 0.1271115 seconds
Number of updated asset objects reloaded before import = 0Number of asset objects unloaded after import = 66

========================================================================
Received Import Request.
  Time since last request: 0.000020 seconds.
  path: Assets/Minifantasy_NPCs_Assets/Generic_NPCs/Idle/Head/Hats/PompomBeanie/Minifantasy_NPCsIdle_Hat_PomPomBeanie_magenta.png
  artifactKey: Guid(b9b0491a0c0e9054b85a119b67d745b3) Importer(2089858483,192608db42251d675da83286b1cce702)
Start importing Assets/Minifantasy_NPCs_Assets/Generic_NPCs/Idle/Head/Hats/PompomBeanie/Minifantasy_NPCsIdle_Hat_PomPomBeanie_magenta.png using Guid(b9b0491a0c0e9054b85a119b67d745b3) Importer(2089858483,192608db42251d675da83286b1cce702) (ScriptedImporter) -> (artifact id: '76fd51f8c52a275d37aa577c865ee39c') in 0.1408908 seconds
Number of updated asset objects reloaded before import = 0Number of asset objects unloaded after import = 66

========================================================================
Received Import Request.
  Time since last request: 0.000019 seconds.
  path: Assets/Minifantasy_NPCs_Assets/Generic_NPCs/Idle/Head/Hats/PompomBeanie/Minifantasy_NPCsIdle_Hat_PomPomBeanie_purple.png
  artifactKey: Guid(1e7238f47040d924e97b3cffb5c915c9) Importer(2089858483,192608db42251d675da83286b1cce702)
Start importing Assets/Minifantasy_NPCs_Assets/Generic_NPCs/Idle/Head/Hats/PompomBeanie/Minifantasy_NPCsIdle_Hat_PomPomBeanie_purple.png using Guid(1e7238f47040d924e97b3cffb5c915c9) Importer(2089858483,192608db42251d675da83286b1cce702) (ScriptedImporter) -> (artifact id: 'a937d2165acae349056160db08a191a6') in 0.1552497 seconds
Number of updated asset objects reloaded before import = 0Number of asset objects unloaded after import = 66

========================================================================
Received Import Request.
  Time since last request: 0.000026 seconds.
  path: Assets/Minifantasy_NPCs_Assets/Generic_NPCs/Idle/Head/Hats/PompomBeanie/Minifantasy_NPCsIdle_Hat_PomPomBeanie_grey.png
  artifactKey: Guid(6ca12ffbb6b3d7045b3dbbdfe5758731) Importer(2089858483,192608db42251d675da83286b1cce702)
Start importing Assets/Minifantasy_NPCs_Assets/Generic_NPCs/Idle/Head/Hats/PompomBeanie/Minifantasy_NPCsIdle_Hat_PomPomBeanie_grey.png using Guid(6ca12ffbb6b3d7045b3dbbdfe5758731) Importer(2089858483,192608db42251d675da83286b1cce702) (ScriptedImporter) -> (artifact id: 'b795316ccb3ad0f0124d1482340036a5') in 0.1397981 seconds
Number of updated asset objects reloaded before import = 0Number of asset objects unloaded after import = 66

========================================================================
Received Import Request.
  Time since last request: 0.000024 seconds.
  path: Assets/Minifantasy_NPCs_Assets/Generic_NPCs/Idle/Head/Hairstyles/Toupee/Minifantasy_NPCsIdle_HumanHair_Toupee_red.png
  artifactKey: Guid(070dbb735771995408ac703cbe2ae2a4) Importer(2089858483,192608db42251d675da83286b1cce702)
Start importing Assets/Minifantasy_NPCs_Assets/Generic_NPCs/Idle/Head/Hairstyles/Toupee/Minifantasy_NPCsIdle_HumanHair_Toupee_red.png using Guid(070dbb735771995408ac703cbe2ae2a4) Importer(2089858483,192608db42251d675da83286b1cce702) (ScriptedImporter) -> (artifact id: '08e060093bacfd2a50772b73e9701ece') in 0.1542339 seconds
Number of updated asset objects reloaded before import = 0Number of asset objects unloaded after import = 66

========================================================================
Received Import Request.
  Time since last request: 0.000022 seconds.
  path: Assets/Minifantasy_NPCs_Assets/Generic_NPCs/Idle/Head/Hats/RangerHat/Minifantasy_NPCsIdle_Hat_RangerHat_brownleather.png
  artifactKey: Guid(91d83eaa78471bd4b9f0a059f7ad2883) Importer(2089858483,192608db42251d675da83286b1cce702)
Start importing Assets/Minifantasy_NPCs_Assets/Generic_NPCs/Idle/Head/Hats/RangerHat/Minifantasy_NPCsIdle_Hat_RangerHat_brownleather.png using Guid(91d83eaa78471bd4b9f0a059f7ad2883) Importer(2089858483,192608db42251d675da83286b1cce702) (ScriptedImporter) -> (artifact id: '786a9a42440582ef30f8885aa15d630a') in 0.1240212 seconds
Number of updated asset objects reloaded before import = 0Number of asset objects unloaded after import = 66

========================================================================
Received Import Request.
  Time since last request: 0.000025 seconds.
  path: Assets/Minifantasy_NPCs_Assets/Generic_NPCs/Idle/Head/Hats/RangerHat/Minifantasy_NPCsIdle_Hat_RangerHat_white.png
  artifactKey: Guid(f4b12b402950a5f41a72416c26ba3f21) Importer(2089858483,192608db42251d675da83286b1cce702)
Start importing Assets/Minifantasy_NPCs_Assets/Generic_NPCs/Idle/Head/Hats/RangerHat/Minifantasy_NPCsIdle_Hat_RangerHat_white.png using Guid(f4b12b402950a5f41a72416c26ba3f21) Importer(2089858483,192608db42251d675da83286b1cce702) (ScriptedImporter) -> (artifact id: '1973520443a610b91a071ecb1cb740a9') in 0.1660967 seconds
Number of updated asset objects reloaded before import = 0Number of asset objects unloaded after import = 66

========================================================================
Received Import Request.
  Time since last request: 0.000016 seconds.
  path: Assets/Minifantasy_NPCs_Assets/Generic_NPCs/Idle/Head/Hats/RangerHat/Minifantasy_NPCsIdle_Hat_RangerHat_turquoise.png
  artifactKey: Guid(5dfb8ac140689004dbdf790d85ed752e) Importer(2089858483,192608db42251d675da83286b1cce702)
Start importing Assets/Minifantasy_NPCs_Assets/Generic_NPCs/Idle/Head/Hats/RangerHat/Minifantasy_NPCsIdle_Hat_RangerHat_turquoise.png using Guid(5dfb8ac140689004dbdf790d85ed752e) Importer(2089858483,192608db42251d675da83286b1cce702) (ScriptedImporter) -> (artifact id: '5af0a5683b9f2eccdb3aefa02f6917ff') in 0.1392584 seconds
Number of updated asset objects reloaded before import = 0Number of asset objects unloaded after import = 66

========================================================================
Received Import Request.
  Time since last request: 0.000024 seconds.
  path: Assets/Minifantasy_NPCs_Assets/Generic_NPCs/Idle/Head/Hats/LongHat/Minifantasy_NPCsIdle_Hat_LongHat_grey.png
  artifactKey: Guid(ea6ed42feeb0f974f8fd4bdba5d48322) Importer(2089858483,192608db42251d675da83286b1cce702)
Start importing Assets/Minifantasy_NPCs_Assets/Generic_NPCs/Idle/Head/Hats/LongHat/Minifantasy_NPCsIdle_Hat_LongHat_grey.png using Guid(ea6ed42feeb0f974f8fd4bdba5d48322) Importer(2089858483,192608db42251d675da83286b1cce702) (ScriptedImporter) -> (artifact id: '45cbb0975d930904d594c5cf33bc786b') in 0.1421992 seconds
Number of updated asset objects reloaded before import = 0Number of asset objects unloaded after import = 66

========================================================================
Received Import Request.
  Time since last request: 0.000028 seconds.
  path: Assets/Minifantasy_NPCs_Assets/Generic_NPCs/Walk/Head/Facial_Hair/Chin_Curtain/Minifantasy_NPCsWalk_FacialHair_ChinCurtain_blue.png
  artifactKey: Guid(03d36d3d4bd83e24fb35109c4baf67c1) Importer(2089858483,192608db42251d675da83286b1cce702)
Start importing Assets/Minifantasy_NPCs_Assets/Generic_NPCs/Walk/Head/Facial_Hair/Chin_Curtain/Minifantasy_NPCsWalk_FacialHair_ChinCurtain_blue.png using Guid(03d36d3d4bd83e24fb35109c4baf67c1) Importer(2089858483,192608db42251d675da83286b1cce702) (ScriptedImporter) -> (artifact id: '7ec63c59ef133eba4669cf7bd9db5184') in 0.0179758 seconds
Number of updated asset objects reloaded before import = 0Number of asset objects unloaded after import = 3

========================================================================
Received Import Request.
  Time since last request: 0.000017 seconds.
  path: Assets/Minifantasy_NPCs_Assets/Generic_NPCs/Idle/Head/Hats/TrapperHat/Minifantasy_NPCsIdle_Hat_TrapperHat_magenta.png
  artifactKey: Guid(55082f6a826fec64ba602d0169fc6d60) Importer(2089858483,192608db42251d675da83286b1cce702)
Start importing Assets/Minifantasy_NPCs_Assets/Generic_NPCs/Idle/Head/Hats/TrapperHat/Minifantasy_NPCsIdle_Hat_TrapperHat_magenta.png using Guid(55082f6a826fec64ba602d0169fc6d60) Importer(2089858483,192608db42251d675da83286b1cce702) (ScriptedImporter) -> (artifact id: '4b41c73226a1c00192d500ca4f26fd6d') in 0.156931 seconds
Number of updated asset objects reloaded before import = 0Number of asset objects unloaded after import = 66

========================================================================
Received Import Request.
  Time since last request: 0.000023 seconds.
  path: Assets/Minifantasy_NPCs_Assets/Generic_NPCs/Idle/Head/Hats/TrapperHat/Minifantasy_NPCsIdle_Hat_TrapperHat_whiteleather.png
  artifactKey: Guid(a56a72d99ee63814d8e1207d91ab5fe5) Importer(2089858483,192608db42251d675da83286b1cce702)
Start importing Assets/Minifantasy_NPCs_Assets/Generic_NPCs/Idle/Head/Hats/TrapperHat/Minifantasy_NPCsIdle_Hat_TrapperHat_whiteleather.png using Guid(a56a72d99ee63814d8e1207d91ab5fe5) Importer(2089858483,192608db42251d675da83286b1cce702) (ScriptedImporter) -> (artifact id: 'ecc12f27082e63fd82d2fc12081d5182') in 0.1602638 seconds
Number of updated asset objects reloaded before import = 0Number of asset objects unloaded after import = 66

========================================================================
Received Import Request.
  Time since last request: 0.000033 seconds.
  path: Assets/Minifantasy_NPCs_Assets/Generic_NPCs/Idle/Head/Hairstyles/Short/Minifantasy_NPCsIdle_HumanHair_Short _purple.png
  artifactKey: Guid(a2b0b852b12273f47a7a0a602032b529) Importer(2089858483,192608db42251d675da83286b1cce702)
Start importing Assets/Minifantasy_NPCs_Assets/Generic_NPCs/Idle/Head/Hairstyles/Short/Minifantasy_NPCsIdle_HumanHair_Short _purple.png using Guid(a2b0b852b12273f47a7a0a602032b529) Importer(2089858483,192608db42251d675da83286b1cce702) (ScriptedImporter) -> (artifact id: '2a83084cae2700a52ff04b42185e1d3f') in 0.1236077 seconds
Number of updated asset objects reloaded before import = 0Number of asset objects unloaded after import = 66

========================================================================
Received Import Request.
  Time since last request: 0.000020 seconds.
  path: Assets/Minifantasy_NPCs_Assets/Generic_NPCs/Walk/Head/Facial_Hair/Chin_Curtain/Minifantasy_NPCsWalk_FacialHair_ChinCurtain_white.png
  artifactKey: Guid(5f8b2bdf550507a46a3cdb0c1c27d42a) Importer(2089858483,192608db42251d675da83286b1cce702)
Start importing Assets/Minifantasy_NPCs_Assets/Generic_NPCs/Walk/Head/Facial_Hair/Chin_Curtain/Minifantasy_NPCsWalk_FacialHair_ChinCurtain_white.png using Guid(5f8b2bdf550507a46a3cdb0c1c27d42a) Importer(2089858483,192608db42251d675da83286b1cce702) (ScriptedImporter) -> (artifact id: '6ed7c5215b5f1ce5008f0242e1ba528e') in 0.0153737 seconds
Number of updated asset objects reloaded before import = 0Number of asset objects unloaded after import = 3

========================================================================
Received Import Request.
  Time since last request: 0.000016 seconds.
  path: Assets/Minifantasy_NPCs_Assets/Generic_NPCs/Walk/Head/Facial_Hair/Chin_Curtain/Minifantasy_NPCsWalk_FacialHair_ChinCurtain_purple.png
  artifactKey: Guid(1159fc7dc18a6e34e8bbd30ee6c7921c) Importer(2089858483,192608db42251d675da83286b1cce702)
Start importing Assets/Minifantasy_NPCs_Assets/Generic_NPCs/Walk/Head/Facial_Hair/Chin_Curtain/Minifantasy_NPCsWalk_FacialHair_ChinCurtain_purple.png using Guid(1159fc7dc18a6e34e8bbd30ee6c7921c) Importer(2089858483,192608db42251d675da83286b1cce702) (ScriptedImporter) -> (artifact id: '83ccce1d5ef708954404019cdf0f0075') in 0.01888 seconds
Number of updated asset objects reloaded before import = 0Number of asset objects unloaded after import = 3

========================================================================
Received Import Request.
  Time since last request: 0.000022 seconds.
  path: Assets/Minifantasy_NPCs_Assets/Generic_NPCs/Walk/Head/Facial_Hair/Chin_Curtain/Minifantasy_NPCsWalk_FacialHair_ChinCurtain_turquoise.png
  artifactKey: Guid(dcc4f8f185e3d3d4ebe841ba6061120f) Importer(2089858483,192608db42251d675da83286b1cce702)
Start importing Assets/Minifantasy_NPCs_Assets/Generic_NPCs/Walk/Head/Facial_Hair/Chin_Curtain/Minifantasy_NPCsWalk_FacialHair_ChinCurtain_turquoise.png using Guid(dcc4f8f185e3d3d4ebe841ba6061120f) Importer(2089858483,192608db42251d675da83286b1cce702) (ScriptedImporter) -> (artifact id: '86f4453f4fd425aa66bada3b837b12d6') in 0.0155831 seconds
Number of updated asset objects reloaded before import = 0Number of asset objects unloaded after import = 3

========================================================================
Received Import Request.
  Time since last request: 0.000032 seconds.
  path: Assets/Minifantasy_NPCs_Assets/Generic_NPCs/Walk/Head/Facial_Hair/Chin_Strap/Minifantasy_NPCsWalk_FacialHair_ChinStrap_black.png
  artifactKey: Guid(92c8338817bfe2a408e38df9b4f49db5) Importer(2089858483,192608db42251d675da83286b1cce702)
Start importing Assets/Minifantasy_NPCs_Assets/Generic_NPCs/Walk/Head/Facial_Hair/Chin_Strap/Minifantasy_NPCsWalk_FacialHair_ChinStrap_black.png using Guid(92c8338817bfe2a408e38df9b4f49db5) Importer(2089858483,192608db42251d675da83286b1cce702) (ScriptedImporter) -> (artifact id: '6b76f5d20c1ac3afc8ba86a26a093bcb') in 0.0158805 seconds
Number of updated asset objects reloaded before import = 0Number of asset objects unloaded after import = 3

========================================================================
Received Import Request.
  Time since last request: 0.000017 seconds.
  path: Assets/Minifantasy_NPCs_Assets/Generic_NPCs/Idle/Head/Hats/FedoraHat/Minifantasy_NPCsIdle_Hat_FedoraHat_turquoise.png
  artifactKey: Guid(0fb646220a08e0d44b1e7d6916e970bc) Importer(2089858483,192608db42251d675da83286b1cce702)
Start importing Assets/Minifantasy_NPCs_Assets/Generic_NPCs/Idle/Head/Hats/FedoraHat/Minifantasy_NPCsIdle_Hat_FedoraHat_turquoise.png using Guid(0fb646220a08e0d44b1e7d6916e970bc) Importer(2089858483,192608db42251d675da83286b1cce702) (ScriptedImporter) -> (artifact id: '1c3c1ee5c5874e7de42b11b0d60f9c45') in 0.1335575 seconds
Number of updated asset objects reloaded before import = 0Number of asset objects unloaded after import = 66

========================================================================
Received Import Request.
  Time since last request: 0.000044 seconds.
  path: Assets/Minifantasy_NPCs_Assets/Generic_NPCs/Idle/Head/Hairstyles/Mohawk/Minifantasy_NPCsIdle_HumanHair_Mohawk_blue.png
  artifactKey: Guid(b7fb0ca74e6966744ba9ecafbfdb58dd) Importer(2089858483,192608db42251d675da83286b1cce702)
Start importing Assets/Minifantasy_NPCs_Assets/Generic_NPCs/Idle/Head/Hairstyles/Mohawk/Minifantasy_NPCsIdle_HumanHair_Mohawk_blue.png using Guid(b7fb0ca74e6966744ba9ecafbfdb58dd) Importer(2089858483,192608db42251d675da83286b1cce702) (ScriptedImporter) -> (artifact id: '6cdee3f206c522e51275c52b8fbca7ed') in 0.1660406 seconds
Number of updated asset objects reloaded before import = 0Number of asset objects unloaded after import = 66

========================================================================
Received Import Request.
  Time since last request: 0.000027 seconds.
  path: Assets/Minifantasy_NPCs_Assets/Generic_NPCs/Idle/Head/Hats/PompomBeanie/Minifantasy_NPCsIdle_Hat_PomPomBeanie_blackleather.png
  artifactKey: Guid(352f382735d10a547b1ff7852fb0de49) Importer(2089858483,192608db42251d675da83286b1cce702)
Start importing Assets/Minifantasy_NPCs_Assets/Generic_NPCs/Idle/Head/Hats/PompomBeanie/Minifantasy_NPCsIdle_Hat_PomPomBeanie_blackleather.png using Guid(352f382735d10a547b1ff7852fb0de49) Importer(2089858483,192608db42251d675da83286b1cce702) (ScriptedImporter) -> (artifact id: '3be6880e003f9df2255a8b0da6f96d63') in 0.1570498 seconds
Number of updated asset objects reloaded before import = 0Number of asset objects unloaded after import = 66

========================================================================
Received Import Request.
  Time since last request: 0.000016 seconds.
  path: Assets/Minifantasy_NPCs_Assets/Generic_NPCs/Walk/Head/Facial_Hair/Goatee/Minifantasy_NPCsWalk_FacialHair_Goatee_red.png
  artifactKey: Guid(0d3f477ccbdff3f4ba8f743f3eb8f69a) Importer(2089858483,192608db42251d675da83286b1cce702)
Start importing Assets/Minifantasy_NPCs_Assets/Generic_NPCs/Walk/Head/Facial_Hair/Goatee/Minifantasy_NPCsWalk_FacialHair_Goatee_red.png using Guid(0d3f477ccbdff3f4ba8f743f3eb8f69a) Importer(2089858483,192608db42251d675da83286b1cce702) (ScriptedImporter) -> (artifact id: '430ff507419f0cff89e977fa470ae13c') in 0.0177938 seconds
Number of updated asset objects reloaded before import = 0Number of asset objects unloaded after import = 3

========================================================================
Received Import Request.
  Time since last request: 0.000026 seconds.
  path: Assets/Minifantasy_NPCs_Assets/Generic_NPCs/Walk/Head/Facial_Hair/Moustache/Minifantasy_NPCsWalk_FacialHair_Moustache_turquoise.png
  artifactKey: Guid(11ca0223d7a9dd2498c9191cc0065f64) Importer(2089858483,192608db42251d675da83286b1cce702)
Start importing Assets/Minifantasy_NPCs_Assets/Generic_NPCs/Walk/Head/Facial_Hair/Moustache/Minifantasy_NPCsWalk_FacialHair_Moustache_turquoise.png using Guid(11ca0223d7a9dd2498c9191cc0065f64) Importer(2089858483,192608db42251d675da83286b1cce702) (ScriptedImporter) -> (artifact id: 'd488641dd7d6c3fa34a7500e21ef8850') in 0.0393058 seconds
Number of updated asset objects reloaded before import = 0Number of asset objects unloaded after import = 3

========================================================================
Received Import Request.
  Time since last request: 0.000029 seconds.
  path: Assets/Minifantasy_NPCs_Assets/Generic_NPCs/Walk/Head/Hairstyles/Bold/Minifantasy_NPCsWalk_HumanHair_Bold_blonde.png
  artifactKey: Guid(18460c2c853ee2146bd03907e54bee44) Importer(2089858483,192608db42251d675da83286b1cce702)
Start importing Assets/Minifantasy_NPCs_Assets/Generic_NPCs/Walk/Head/Hairstyles/Bold/Minifantasy_NPCsWalk_HumanHair_Bold_blonde.png using Guid(18460c2c853ee2146bd03907e54bee44) Importer(2089858483,192608db42251d675da83286b1cce702) (ScriptedImporter) -> (artifact id: '6b8ee5c178cbd3f9b4ced99b0b348b4a') in 0.0240797 seconds
Number of updated asset objects reloaded before import = 0Number of asset objects unloaded after import = 3

========================================================================
Received Import Request.
  Time since last request: 0.000024 seconds.
  path: Assets/Minifantasy_NPCs_Assets/Generic_NPCs/Walk/Head/Facial_Hair/LongBeard/Minifantasy_NPCsWalk_FacialHair_LongBeard_blonde.png
  artifactKey: Guid(efa95cd1343ea2a4dbe6c0f94bf552d4) Importer(2089858483,192608db42251d675da83286b1cce702)
Start importing Assets/Minifantasy_NPCs_Assets/Generic_NPCs/Walk/Head/Facial_Hair/LongBeard/Minifantasy_NPCsWalk_FacialHair_LongBeard_blonde.png using Guid(efa95cd1343ea2a4dbe6c0f94bf552d4) Importer(2089858483,192608db42251d675da83286b1cce702) (ScriptedImporter) -> (artifact id: '3e5634d9c091693482691d8a2c6d7fd0') in 0.0279253 seconds
Number of updated asset objects reloaded before import = 0Number of asset objects unloaded after import = 3

========================================================================
Received Import Request.
  Time since last request: 0.000018 seconds.
  path: Assets/Minifantasy_NPCs_Assets/Generic_NPCs/Walk/Head/Facial_Hair/LongBeard/Minifantasy_NPCsWalk_FacialHair_LongBeard_blue.png
  artifactKey: Guid(efc9f6bed27a5b54893185b7f114d92d) Importer(2089858483,192608db42251d675da83286b1cce702)
Start importing Assets/Minifantasy_NPCs_Assets/Generic_NPCs/Walk/Head/Facial_Hair/LongBeard/Minifantasy_NPCsWalk_FacialHair_LongBeard_blue.png using Guid(efc9f6bed27a5b54893185b7f114d92d) Importer(2089858483,192608db42251d675da83286b1cce702) (ScriptedImporter) -> (artifact id: 'eb6f591c75e64eaefe5df9ecde9d5a64') in 0.0194491 seconds
Number of updated asset objects reloaded before import = 0Number of asset objects unloaded after import = 3

========================================================================
Received Import Request.
  Time since last request: 0.000013 seconds.
  path: Assets/Minifantasy_NPCs_Assets/Generic_NPCs/Idle/Head/Hats/RangerHat/Minifantasy_NPCsIdle_Hat_RangerHat_lime.png
  artifactKey: Guid(908d9ec6a32da484281de6104a31014a) Importer(2089858483,192608db42251d675da83286b1cce702)
Start importing Assets/Minifantasy_NPCs_Assets/Generic_NPCs/Idle/Head/Hats/RangerHat/Minifantasy_NPCsIdle_Hat_RangerHat_lime.png using Guid(908d9ec6a32da484281de6104a31014a) Importer(2089858483,192608db42251d675da83286b1cce702) (ScriptedImporter) -> (artifact id: '6f96b72b00fa86dc9a016de592f3472c') in 0.1657461 seconds
Number of updated asset objects reloaded before import = 0Number of asset objects unloaded after import = 66

========================================================================
Received Import Request.
  Time since last request: 0.000017 seconds.
  path: Assets/Minifantasy_NPCs_Assets/Generic_NPCs/Idle/Head/Hats/PompomBeanie/Minifantasy_NPCsIdle_Hat_PomPomBeanie_orange.png
  artifactKey: Guid(6330ee5e748421b4689a0797cf579293) Importer(2089858483,192608db42251d675da83286b1cce702)
Start importing Assets/Minifantasy_NPCs_Assets/Generic_NPCs/Idle/Head/Hats/PompomBeanie/Minifantasy_NPCsIdle_Hat_PomPomBeanie_orange.png using Guid(6330ee5e748421b4689a0797cf579293) Importer(2089858483,192608db42251d675da83286b1cce702) (ScriptedImporter) -> (artifact id: 'b59a1d39ef2d043a9f1d7a1cedf29da8') in 0.146375 seconds
Number of updated asset objects reloaded before import = 0Number of asset objects unloaded after import = 66

========================================================================
Received Import Request.
  Time since last request: 0.000024 seconds.
  path: Assets/Minifantasy_NPCs_Assets/Generic_NPCs/Walk/Head/Hairstyles/Bold/Minifantasy_NPCsWalk_HumanHair_Bold_pink.png
  artifactKey: Guid(8262ef94a3277294b8aafca157d86d41) Importer(2089858483,192608db42251d675da83286b1cce702)
Start importing Assets/Minifantasy_NPCs_Assets/Generic_NPCs/Walk/Head/Hairstyles/Bold/Minifantasy_NPCsWalk_HumanHair_Bold_pink.png using Guid(8262ef94a3277294b8aafca157d86d41) Importer(2089858483,192608db42251d675da83286b1cce702) (ScriptedImporter) -> (artifact id: '430bd9d923f2b1a4f3a3299c0c6715a0') in 0.0175503 seconds
Number of updated asset objects reloaded before import = 0Number of asset objects unloaded after import = 3

========================================================================
Received Import Request.
  Time since last request: 0.000017 seconds.
  path: Assets/Minifantasy_NPCs_Assets/Generic_NPCs/Walk/Head/Hairstyles/Long/Minifantasy_NPCsWalk_HumanHair_Long_turquoise.png
  artifactKey: Guid(60ccd2eeb0ec096478c519dc69712a26) Importer(2089858483,192608db42251d675da83286b1cce702)
Start importing Assets/Minifantasy_NPCs_Assets/Generic_NPCs/Walk/Head/Hairstyles/Long/Minifantasy_NPCsWalk_HumanHair_Long_turquoise.png using Guid(60ccd2eeb0ec096478c519dc69712a26) Importer(2089858483,192608db42251d675da83286b1cce702) (ScriptedImporter) -> (artifact id: 'c6cc2d574a1ce5aedce43e057fe2fe79') in 0.0478816 seconds
Number of updated asset objects reloaded before import = 0Number of asset objects unloaded after import = 18

========================================================================
Received Import Request.
  Time since last request: 0.000018 seconds.
  path: Assets/Minifantasy_NPCs_Assets/Generic_NPCs/Walk/Head/Hairstyles/Bubble/Minifantasy_NPCsWalk_HumanHair_Bubble_turquoise.png
  artifactKey: Guid(b4ae4fe2038f38f4c9e05d8aaa717e18) Importer(2089858483,192608db42251d675da83286b1cce702)
Start importing Assets/Minifantasy_NPCs_Assets/Generic_NPCs/Walk/Head/Hairstyles/Bubble/Minifantasy_NPCsWalk_HumanHair_Bubble_turquoise.png using Guid(b4ae4fe2038f38f4c9e05d8aaa717e18) Importer(2089858483,192608db42251d675da83286b1cce702) (ScriptedImporter) -> (artifact id: '4927c5e686c5000350f80021aaa2fba0') in 0.0418225 seconds
Number of updated asset objects reloaded before import = 0Number of asset objects unloaded after import = 18

========================================================================
Received Import Request.
  Time since last request: 0.000016 seconds.
  path: Assets/Minifantasy_NPCs_Assets/Generic_NPCs/Walk/Head/Hairstyles/Bubble/Minifantasy_NPCsWalk_HumanHair_Bubble_purple.png
  artifactKey: Guid(064579dd1147a9e4fbb7988291909e3d) Importer(2089858483,192608db42251d675da83286b1cce702)
Start importing Assets/Minifantasy_NPCs_Assets/Generic_NPCs/Walk/Head/Hairstyles/Bubble/Minifantasy_NPCsWalk_HumanHair_Bubble_purple.png using Guid(064579dd1147a9e4fbb7988291909e3d) Importer(2089858483,192608db42251d675da83286b1cce702) (ScriptedImporter) -> (artifact id: '58b4243fda0af1b1cde31bf97c83e67b') in 0.0481611 seconds
Number of updated asset objects reloaded before import = 0Number of asset objects unloaded after import = 18

========================================================================
Received Import Request.
  Time since last request: 0.000022 seconds.
  path: Assets/Minifantasy_NPCs_Assets/Generic_NPCs/Walk/Head/Hairstyles/Bold/Minifantasy_NPCsWalk_HumanHair_Bold_turquoise.png
  artifactKey: Guid(0c54fd7d4344b3d468c68097fa0f863c) Importer(2089858483,192608db42251d675da83286b1cce702)
Start importing Assets/Minifantasy_NPCs_Assets/Generic_NPCs/Walk/Head/Hairstyles/Bold/Minifantasy_NPCsWalk_HumanHair_Bold_turquoise.png using Guid(0c54fd7d4344b3d468c68097fa0f863c) Importer(2089858483,192608db42251d675da83286b1cce702) (ScriptedImporter) -> (artifact id: '89a532051e79b504f5447b0366548e26') in 0.0165034 seconds
Number of updated asset objects reloaded before import = 0Number of asset objects unloaded after import = 3

========================================================================
Received Import Request.
  Time since last request: 0.000032 seconds.
  path: Assets/Minifantasy_NPCs_Assets/Generic_NPCs/Walk/Head/Hairstyles/Long/Minifantasy_NPCsWalk_HumanHair_Long_green.png
  artifactKey: Guid(6f4491452c99c8841973cf273e026e54) Importer(2089858483,192608db42251d675da83286b1cce702)
Start importing Assets/Minifantasy_NPCs_Assets/Generic_NPCs/Walk/Head/Hairstyles/Long/Minifantasy_NPCsWalk_HumanHair_Long_green.png using Guid(6f4491452c99c8841973cf273e026e54) Importer(2089858483,192608db42251d675da83286b1cce702) (ScriptedImporter) -> (artifact id: 'ec492550b566bc944144ccf89a14c675') in 0.0528183 seconds
Number of updated asset objects reloaded before import = 0Number of asset objects unloaded after import = 18

========================================================================
Received Import Request.
  Time since last request: 0.000019 seconds.
  path: Assets/Minifantasy_NPCs_Assets/Generic_NPCs/Walk/Head/Hairstyles/Mane/Minifantasy_NPCsWalk_HumanHair_Mane_green.png
  artifactKey: Guid(0b2d327171b0c2d47ad8a381bda39564) Importer(2089858483,192608db42251d675da83286b1cce702)
Start importing Assets/Minifantasy_NPCs_Assets/Generic_NPCs/Walk/Head/Hairstyles/Mane/Minifantasy_NPCsWalk_HumanHair_Mane_green.png using Guid(0b2d327171b0c2d47ad8a381bda39564) Importer(2089858483,192608db42251d675da83286b1cce702) (ScriptedImporter) -> (artifact id: '59e08288ecdd29f46ed5b265ae36e97d') in 0.0418078 seconds
Number of updated asset objects reloaded before import = 0Number of asset objects unloaded after import = 18

========================================================================
Received Import Request.
  Time since last request: 0.000017 seconds.
  path: Assets/Minifantasy_NPCs_Assets/Generic_NPCs/Walk/Head/Hairstyles/PonyTail/Minifantasy_NPCsWalk_HumanHair_PonyTail_blue.png
  artifactKey: Guid(a116d157b29abb34487f550c63e653cd) Importer(2089858483,192608db42251d675da83286b1cce702)
Start importing Assets/Minifantasy_NPCs_Assets/Generic_NPCs/Walk/Head/Hairstyles/PonyTail/Minifantasy_NPCsWalk_HumanHair_PonyTail_blue.png using Guid(a116d157b29abb34487f550c63e653cd) Importer(2089858483,192608db42251d675da83286b1cce702) (ScriptedImporter) -> (artifact id: 'f643dd14c127f154de6b7a53a463c762') in 0.051563 seconds
Number of updated asset objects reloaded before import = 0Number of asset objects unloaded after import = 18

========================================================================
Received Import Request.
  Time since last request: 0.000023 seconds.
  path: Assets/Minifantasy_NPCs_Assets/Generic_NPCs/Walk/Head/Hairstyles/Mohawk/Minifantasy_NPCsWalk_HumanHair_Mohawk_purple.png
  artifactKey: Guid(dfff9d08d6fdfb4409198b7b21ae33d3) Importer(2089858483,192608db42251d675da83286b1cce702)
Start importing Assets/Minifantasy_NPCs_Assets/Generic_NPCs/Walk/Head/Hairstyles/Mohawk/Minifantasy_NPCsWalk_HumanHair_Mohawk_purple.png using Guid(dfff9d08d6fdfb4409198b7b21ae33d3) Importer(2089858483,192608db42251d675da83286b1cce702) (ScriptedImporter) -> (artifact id: '2b1ad671652484d42fff938085dd1b27') in 0.074272 seconds
Number of updated asset objects reloaded before import = 0Number of asset objects unloaded after import = 18

========================================================================
Received Import Request.
  Time since last request: 0.000030 seconds.
  path: Assets/Minifantasy_NPCs_Assets/Generic_NPCs/Walk/Head/Hairstyles/Mohawk/Minifantasy_NPCsWalk_HumanHair_Mohawk_green.png
  artifactKey: Guid(f5aa176edf89d9349b1d3115381c0cb2) Importer(2089858483,192608db42251d675da83286b1cce702)
Start importing Assets/Minifantasy_NPCs_Assets/Generic_NPCs/Walk/Head/Hairstyles/Mohawk/Minifantasy_NPCsWalk_HumanHair_Mohawk_green.png using Guid(f5aa176edf89d9349b1d3115381c0cb2) Importer(2089858483,192608db42251d675da83286b1cce702) (ScriptedImporter) -> (artifact id: '705a38990930ae0d97691c9c5a7c4ac4') in 0.0396402 seconds
Number of updated asset objects reloaded before import = 0Number of asset objects unloaded after import = 18

========================================================================
Received Import Request.
  Time since last request: 0.000018 seconds.
  path: Assets/Minifantasy_NPCs_Assets/Generic_NPCs/Walk/Head/Hairstyles/PonyTail/Minifantasy_NPCsWalk_HumanHair_PonyTail_red.png
  artifactKey: Guid(079a0bbda5a762040b4f2896c9abdf19) Importer(2089858483,192608db42251d675da83286b1cce702)
Start importing Assets/Minifantasy_NPCs_Assets/Generic_NPCs/Walk/Head/Hairstyles/PonyTail/Minifantasy_NPCsWalk_HumanHair_PonyTail_red.png using Guid(079a0bbda5a762040b4f2896c9abdf19) Importer(2089858483,192608db42251d675da83286b1cce702) (ScriptedImporter) -> (artifact id: '540afa8b1b7f465f3e0899c9be4f5a7d') in 0.0544318 seconds
Number of updated asset objects reloaded before import = 0Number of asset objects unloaded after import = 18

========================================================================
Received Import Request.
  Time since last request: 0.000025 seconds.
  path: Assets/Minifantasy_NPCs_Assets/Generic_NPCs/Walk/Head/Hairstyles/Mohawk/Minifantasy_NPCsWalk_HumanHair_Mohawk_blonde.png
  artifactKey: Guid(67122a7a062b5e7449f0e4300d59a0de) Importer(2089858483,192608db42251d675da83286b1cce702)
Start importing Assets/Minifantasy_NPCs_Assets/Generic_NPCs/Walk/Head/Hairstyles/Mohawk/Minifantasy_NPCsWalk_HumanHair_Mohawk_blonde.png using Guid(67122a7a062b5e7449f0e4300d59a0de) Importer(2089858483,192608db42251d675da83286b1cce702) (ScriptedImporter) -> (artifact id: '2f40739c5898c4d8e5518ab55ca03b22') in 0.0471822 seconds
Number of updated asset objects reloaded before import = 0Number of asset objects unloaded after import = 18

========================================================================
Received Import Request.
  Time since last request: 0.000027 seconds.
  path: Assets/Minifantasy_NPCs_Assets/Generic_NPCs/Walk/Head/Hairstyles/PonyTail/Minifantasy_NPCsWalk_HumanHair_PonyTail_turquoise.png
  artifactKey: Guid(9b564562cc4484343bf1e9a5690f4b6a) Importer(2089858483,192608db42251d675da83286b1cce702)
Start importing Assets/Minifantasy_NPCs_Assets/Generic_NPCs/Walk/Head/Hairstyles/PonyTail/Minifantasy_NPCsWalk_HumanHair_PonyTail_turquoise.png using Guid(9b564562cc4484343bf1e9a5690f4b6a) Importer(2089858483,192608db42251d675da83286b1cce702) (ScriptedImporter) -> (artifact id: 'c1f5e7cccbfad481e703433bda9133df') in 0.0622443 seconds
Number of updated asset objects reloaded before import = 0Number of asset objects unloaded after import = 18

========================================================================
Received Import Request.
  Time since last request: 0.000031 seconds.
  path: Assets/Minifantasy_NPCs_Assets/Generic_NPCs/Walk/Head/Facial_Hair/Moustache/Minifantasy_NPCsWalk_FacialHair_Moustache_red.png
  artifactKey: Guid(6e2747d4b621d2d49a289fafd3523ac8) Importer(2089858483,192608db42251d675da83286b1cce702)
Start importing Assets/Minifantasy_NPCs_Assets/Generic_NPCs/Walk/Head/Facial_Hair/Moustache/Minifantasy_NPCsWalk_FacialHair_Moustache_red.png using Guid(6e2747d4b621d2d49a289fafd3523ac8) Importer(2089858483,192608db42251d675da83286b1cce702) (ScriptedImporter) -> (artifact id: '55b0eb662094d4a3fbc23a8d48ce4e79') in 0.0207432 seconds
Number of updated asset objects reloaded before import = 0Number of asset objects unloaded after import = 3

========================================================================
Received Import Request.
  Time since last request: 0.000015 seconds.
  path: Assets/Minifantasy_NPCs_Assets/Generic_NPCs/Walk/Head/Hairstyles/Toupee/Minifantasy_NPCsWalk_HumanHair_Toupee_white.png
  artifactKey: Guid(649b0b38e6275a14c939994fa3deacd1) Importer(2089858483,192608db42251d675da83286b1cce702)
Start importing Assets/Minifantasy_NPCs_Assets/Generic_NPCs/Walk/Head/Hairstyles/Toupee/Minifantasy_NPCsWalk_HumanHair_Toupee_white.png using Guid(649b0b38e6275a14c939994fa3deacd1) Importer(2089858483,192608db42251d675da83286b1cce702) (ScriptedImporter) -> (artifact id: '6d7957b92dd59389fc1bafc372e38b7d') in 0.0426009 seconds
Number of updated asset objects reloaded before import = 0Number of asset objects unloaded after import = 18

========================================================================
Received Import Request.
  Time since last request: 0.000016 seconds.
  path: Assets/Minifantasy_NPCs_Assets/Generic_NPCs/Walk/Head/Hats/Bandana/Minifantasy_NPCsWalk_Hat_Bandana_magenta.png
  artifactKey: Guid(e7c499b61b313ea4b9b04fd6900db665) Importer(2089858483,192608db42251d675da83286b1cce702)
Start importing Assets/Minifantasy_NPCs_Assets/Generic_NPCs/Walk/Head/Hats/Bandana/Minifantasy_NPCsWalk_Hat_Bandana_magenta.png using Guid(e7c499b61b313ea4b9b04fd6900db665) Importer(2089858483,192608db42251d675da83286b1cce702) (ScriptedImporter) -> (artifact id: '164415850c797626ffcf584787b7b7e8') in 0.018733 seconds
Number of updated asset objects reloaded before import = 0Number of asset objects unloaded after import = 3

========================================================================
Received Import Request.
  Time since last request: 0.000017 seconds.
  path: Assets/Minifantasy_NPCs_Assets/Generic_NPCs/Walk/Head/Hats/Bandana/Minifantasy_NPCsWalk_Hat_Bandana_orange.png
  artifactKey: Guid(460574a54f91a0a459b7c7d4aece97ff) Importer(2089858483,192608db42251d675da83286b1cce702)
Start importing Assets/Minifantasy_NPCs_Assets/Generic_NPCs/Walk/Head/Hats/Bandana/Minifantasy_NPCsWalk_Hat_Bandana_orange.png using Guid(460574a54f91a0a459b7c7d4aece97ff) Importer(2089858483,192608db42251d675da83286b1cce702) (ScriptedImporter) -> (artifact id: '428628d25b4b9fbf10ea13bae1bfa271') in 0.0256437 seconds
Number of updated asset objects reloaded before import = 0Number of asset objects unloaded after import = 3

========================================================================
Received Import Request.
  Time since last request: 0.000024 seconds.
  path: Assets/Minifantasy_NPCs_Assets/Generic_NPCs/Walk/Head/Hairstyles/Toupee/Minifantasy_NPCsWalk_HumanHair_Toupee_pink.png
  artifactKey: Guid(e854c662ca5e3654abd194924be41904) Importer(2089858483,192608db42251d675da83286b1cce702)
Start importing Assets/Minifantasy_NPCs_Assets/Generic_NPCs/Walk/Head/Hairstyles/Toupee/Minifantasy_NPCsWalk_HumanHair_Toupee_pink.png using Guid(e854c662ca5e3654abd194924be41904) Importer(2089858483,192608db42251d675da83286b1cce702) (ScriptedImporter) -> (artifact id: '22da74ce23b8595e434fc9ad0a832680') in 0.0416534 seconds
Number of updated asset objects reloaded before import = 0Number of asset objects unloaded after import = 18

========================================================================
Received Import Request.
  Time since last request: 0.000052 seconds.
  path: Assets/Minifantasy_NPCs_Assets/Generic_NPCs/Walk/Head/Hairstyles/Toupee/Minifantasy_NPCsWalk_HumanHair_Toupee_green.png
  artifactKey: Guid(40ddd813269fd4b4a9acfd7e1c549b7c) Importer(2089858483,192608db42251d675da83286b1cce702)
Start importing Assets/Minifantasy_NPCs_Assets/Generic_NPCs/Walk/Head/Hairstyles/Toupee/Minifantasy_NPCsWalk_HumanHair_Toupee_green.png using Guid(40ddd813269fd4b4a9acfd7e1c549b7c) Importer(2089858483,192608db42251d675da83286b1cce702) (ScriptedImporter) -> (artifact id: 'd257ca121e879c4c57cddb6b25756abb') in 0.0448907 seconds
Number of updated asset objects reloaded before import = 0Number of asset objects unloaded after import = 18

========================================================================
Received Import Request.
  Time since last request: 0.000019 seconds.
  path: Assets/Minifantasy_NPCs_Assets/Generic_NPCs/Walk/Head/Hats/Bandana/Minifantasy_NPCsWalk_Hat_Bandana_blackleather.png
  artifactKey: Guid(144a6f29f8015ac469a1dbfa0dc2cd24) Importer(2089858483,192608db42251d675da83286b1cce702)
Start importing Assets/Minifantasy_NPCs_Assets/Generic_NPCs/Walk/Head/Hats/Bandana/Minifantasy_NPCsWalk_Hat_Bandana_blackleather.png using Guid(144a6f29f8015ac469a1dbfa0dc2cd24) Importer(2089858483,192608db42251d675da83286b1cce702) (ScriptedImporter) -> (artifact id: '6c3431b44519c82ea5c864f1c6801003') in 0.0230767 seconds
Number of updated asset objects reloaded before import = 0Number of asset objects unloaded after import = 3

========================================================================
Received Import Request.
  Time since last request: 0.000021 seconds.
  path: Assets/Minifantasy_NPCs_Assets/Generic_NPCs/Walk/Head/Hairstyles/Bubble/Minifantasy_NPCsWalk_HumanHair_Bubble_green.png
  artifactKey: Guid(10a339cca4bef034890190928fa57623) Importer(2089858483,192608db42251d675da83286b1cce702)
Start importing Assets/Minifantasy_NPCs_Assets/Generic_NPCs/Walk/Head/Hairstyles/Bubble/Minifantasy_NPCsWalk_HumanHair_Bubble_green.png using Guid(10a339cca4bef034890190928fa57623) Importer(2089858483,192608db42251d675da83286b1cce702) (ScriptedImporter) -> (artifact id: 'e07abb0059b762d0de50ca3d3486a0f5') in 0.0499229 seconds
Number of updated asset objects reloaded before import = 0Number of asset objects unloaded after import = 18

========================================================================
Received Import Request.
  Time since last request: 0.000021 seconds.
  path: Assets/Minifantasy_NPCs_Assets/Generic_NPCs/Walk/Head/Facial_Hair/Goatee/Minifantasy_NPCsWalk_FacialHair_Goatee_green.png
  artifactKey: Guid(a7c537b66795ddc47b9b9beb898c4b46) Importer(2089858483,192608db42251d675da83286b1cce702)
Start importing Assets/Minifantasy_NPCs_Assets/Generic_NPCs/Walk/Head/Facial_Hair/Goatee/Minifantasy_NPCsWalk_FacialHair_Goatee_green.png using Guid(a7c537b66795ddc47b9b9beb898c4b46) Importer(2089858483,192608db42251d675da83286b1cce702) (ScriptedImporter) -> (artifact id: 'ccc7be1ba8f1de698ec9c3cb69a399ab') in 0.0176473 seconds
Number of updated asset objects reloaded before import = 0Number of asset objects unloaded after import = 3

========================================================================
Received Import Request.
  Time since last request: 0.000028 seconds.
  path: Assets/Minifantasy_NPCs_Assets/Generic_NPCs/Walk/Head/Hats/CowboyHat/Minifantasy_NPCsWalk_Hat_CowboyHat_magenta.png
  artifactKey: Guid(2651b76120bfcc1448b7e9f1446c39fa) Importer(2089858483,192608db42251d675da83286b1cce702)
Start importing Assets/Minifantasy_NPCs_Assets/Generic_NPCs/Walk/Head/Hats/CowboyHat/Minifantasy_NPCsWalk_Hat_CowboyHat_magenta.png using Guid(2651b76120bfcc1448b7e9f1446c39fa) Importer(2089858483,192608db42251d675da83286b1cce702) (ScriptedImporter) -> (artifact id: 'f26a672fada497ac3e95f7058da15f8d') in 0.0469437 seconds
Number of updated asset objects reloaded before import = 0Number of asset objects unloaded after import = 18

========================================================================
Received Import Request.
  Time since last request: 0.000015 seconds.
  path: Assets/Minifantasy_NPCs_Assets/Generic_NPCs/Walk/Head/Hats/FedoraHat/Minifantasy_NPCsWalk_Hat_FedoraHat_whiteleather.png
  artifactKey: Guid(b774da30d6363b143a76d1420ffa525a) Importer(2089858483,192608db42251d675da83286b1cce702)
Start importing Assets/Minifantasy_NPCs_Assets/Generic_NPCs/Walk/Head/Hats/FedoraHat/Minifantasy_NPCsWalk_Hat_FedoraHat_whiteleather.png using Guid(b774da30d6363b143a76d1420ffa525a) Importer(2089858483,192608db42251d675da83286b1cce702) (ScriptedImporter) -> (artifact id: '5e4b4fe5afe396bbd514a83f293d476e') in 0.0429202 seconds
Number of updated asset objects reloaded before import = 0Number of asset objects unloaded after import = 18

========================================================================
Received Import Request.
  Time since last request: 0.000018 seconds.
  path: Assets/Minifantasy_NPCs_Assets/Generic_NPCs/Walk/Head/Hats/CowboyHat/Minifantasy_NPCsWalk_Hat_CowboyHat_orange.png
  artifactKey: Guid(3d12750e0f906d445af803ea08a90f59) Importer(2089858483,192608db42251d675da83286b1cce702)
Start importing Assets/Minifantasy_NPCs_Assets/Generic_NPCs/Walk/Head/Hats/CowboyHat/Minifantasy_NPCsWalk_Hat_CowboyHat_orange.png using Guid(3d12750e0f906d445af803ea08a90f59) Importer(2089858483,192608db42251d675da83286b1cce702) (ScriptedImporter) -> (artifact id: '210074f2ef45889c458b948d6b45c0bd') in 0.0527479 seconds
Number of updated asset objects reloaded before import = 0Number of asset objects unloaded after import = 18

========================================================================
Received Import Request.
  Time since last request: 0.000019 seconds.
  path: Assets/Minifantasy_NPCs_Assets/Generic_NPCs/Walk/Head/Hats/FedoraHat/Minifantasy_NPCsWalk_Hat_FedoraHat_magenta.png
  artifactKey: Guid(b795c2e9d35124047a40295a91e8a91d) Importer(2089858483,192608db42251d675da83286b1cce702)
Start importing Assets/Minifantasy_NPCs_Assets/Generic_NPCs/Walk/Head/Hats/FedoraHat/Minifantasy_NPCsWalk_Hat_FedoraHat_magenta.png using Guid(b795c2e9d35124047a40295a91e8a91d) Importer(2089858483,192608db42251d675da83286b1cce702) (ScriptedImporter) -> (artifact id: 'a464bcaa09874c7af245c31590475d98') in 0.0408908 seconds
Number of updated asset objects reloaded before import = 0Number of asset objects unloaded after import = 18

========================================================================
Received Import Request.
  Time since last request: 0.000031 seconds.
  path: Assets/Minifantasy_NPCs_Assets/Generic_NPCs/Walk/Head/Hats/FedoraHat/Minifantasy_NPCsWalk_Hat_FedoraHat_lime.png
  artifactKey: Guid(c7374b8ec0ce05945a703122dde76368) Importer(2089858483,192608db42251d675da83286b1cce702)
Start importing Assets/Minifantasy_NPCs_Assets/Generic_NPCs/Walk/Head/Hats/FedoraHat/Minifantasy_NPCsWalk_Hat_FedoraHat_lime.png using Guid(c7374b8ec0ce05945a703122dde76368) Importer(2089858483,192608db42251d675da83286b1cce702) (ScriptedImporter) -> (artifact id: '54b9f817119f741c56da867a5f1c7fd6') in 0.056926 seconds
Number of updated asset objects reloaded before import = 0Number of asset objects unloaded after import = 18

========================================================================
Received Import Request.
  Time since last request: 0.000016 seconds.
  path: Assets/Minifantasy_NPCs_Assets/Generic_NPCs/Walk/Head/Hats/CowboyHat/Minifantasy_NPCsWalk_Hat_CowboyHat_turquoise.png
  artifactKey: Guid(b0cfee745cc2f5f4b98f8cbe85635976) Importer(2089858483,192608db42251d675da83286b1cce702)
Start importing Assets/Minifantasy_NPCs_Assets/Generic_NPCs/Walk/Head/Hats/CowboyHat/Minifantasy_NPCsWalk_Hat_CowboyHat_turquoise.png using Guid(b0cfee745cc2f5f4b98f8cbe85635976) Importer(2089858483,192608db42251d675da83286b1cce702) (ScriptedImporter) -> (artifact id: '6348cca077207adda905de6a686b738f') in 0.0442718 seconds
Number of updated asset objects reloaded before import = 0Number of asset objects unloaded after import = 18

========================================================================
Received Import Request.
  Time since last request: 0.000018 seconds.
  path: Assets/Minifantasy_NPCs_Assets/Generic_NPCs/Walk/Head/Hats/FedoraHat/Minifantasy_NPCsWalk_Hat_FedoraHat_grey.png
  artifactKey: Guid(aa724b381bcce614eb41c3632788e733) Importer(2089858483,192608db42251d675da83286b1cce702)
Start importing Assets/Minifantasy_NPCs_Assets/Generic_NPCs/Walk/Head/Hats/FedoraHat/Minifantasy_NPCsWalk_Hat_FedoraHat_grey.png using Guid(aa724b381bcce614eb41c3632788e733) Importer(2089858483,192608db42251d675da83286b1cce702) (ScriptedImporter) -> (artifact id: '9fa896ed45eb9f6602d06333be2a644a') in 0.0524415 seconds
Number of updated asset objects reloaded before import = 0Number of asset objects unloaded after import = 18

========================================================================
Received Import Request.
  Time since last request: 0.000016 seconds.
  path: Assets/Minifantasy_NPCs_Assets/Generic_NPCs/Walk/Head/Hats/LongHat/Minifantasy_NPCsWalk_Hat_LongHat_grey.png
  artifactKey: Guid(e628d52b6d6290646a7d96e6da9b5e8a) Importer(2089858483,192608db42251d675da83286b1cce702)
Start importing Assets/Minifantasy_NPCs_Assets/Generic_NPCs/Walk/Head/Hats/LongHat/Minifantasy_NPCsWalk_Hat_LongHat_grey.png using Guid(e628d52b6d6290646a7d96e6da9b5e8a) Importer(2089858483,192608db42251d675da83286b1cce702) (ScriptedImporter) -> (artifact id: '70b8c919d7b15ed998f68d9c7194b668') in 0.0392776 seconds
Number of updated asset objects reloaded before import = 0Number of asset objects unloaded after import = 18

========================================================================
Received Import Request.
  Time since last request: 0.000026 seconds.
  path: Assets/Minifantasy_NPCs_Assets/Generic_NPCs/Walk/Head/Hats/LongHat/Minifantasy_NPCsWalk_Hat_LongHat_blue.png
  artifactKey: Guid(85db17b251756e54ab8035e4146016de) Importer(2089858483,192608db42251d675da83286b1cce702)
Start importing Assets/Minifantasy_NPCs_Assets/Generic_NPCs/Walk/Head/Hats/LongHat/Minifantasy_NPCsWalk_Hat_LongHat_blue.png using Guid(85db17b251756e54ab8035e4146016de) Importer(2089858483,192608db42251d675da83286b1cce702) (ScriptedImporter) -> (artifact id: 'f22bd4ecaee8330e6bba64677c92598e') in 0.0475009 seconds
Number of updated asset objects reloaded before import = 0Number of asset objects unloaded after import = 18

========================================================================
Received Import Request.
  Time since last request: 0.000019 seconds.
  path: Assets/Minifantasy_NPCs_Assets/Generic_NPCs/Walk/Head/Hats/LongHat/Minifantasy_NPCsWalk_Hat_LongHat_purple.png
  artifactKey: Guid(bf8e98d1d3ffb674e8a8845db3701a48) Importer(2089858483,192608db42251d675da83286b1cce702)
Start importing Assets/Minifantasy_NPCs_Assets/Generic_NPCs/Walk/Head/Hats/LongHat/Minifantasy_NPCsWalk_Hat_LongHat_purple.png using Guid(bf8e98d1d3ffb674e8a8845db3701a48) Importer(2089858483,192608db42251d675da83286b1cce702) (ScriptedImporter) -> (artifact id: '0a54bd119c02289e8f428c83b9397cca') in 0.0628934 seconds
Number of updated asset objects reloaded before import = 0Number of asset objects unloaded after import = 18

========================================================================
Received Import Request.
  Time since last request: 0.000019 seconds.
  path: Assets/Minifantasy_NPCs_Assets/Generic_NPCs/Walk/Head/Hats/Hood/Minifantasy_NPCsWalk_Hat_Hood_turquoise.png
  artifactKey: Guid(6776188db2d48524cb480b444058c14e) Importer(2089858483,192608db42251d675da83286b1cce702)
Start importing Assets/Minifantasy_NPCs_Assets/Generic_NPCs/Walk/Head/Hats/Hood/Minifantasy_NPCsWalk_Hat_Hood_turquoise.png using Guid(6776188db2d48524cb480b444058c14e) Importer(2089858483,192608db42251d675da83286b1cce702) (ScriptedImporter) -> (artifact id: '7cf7414be86bf8ad7bc2bcc9efa147b5') in 0.0438322 seconds
Number of updated asset objects reloaded before import = 0Number of asset objects unloaded after import = 18

========================================================================
Received Import Request.
  Time since last request: 0.000022 seconds.
  path: Assets/Minifantasy_NPCs_Assets/Generic_NPCs/Walk/Head/Hats/CowboyHat/Minifantasy_NPCsWalk_Hat_CowboyHat_blackleather.png
  artifactKey: Guid(d056ff62c8c5b1b42bbbca1ae36ffd04) Importer(2089858483,192608db42251d675da83286b1cce702)
Start importing Assets/Minifantasy_NPCs_Assets/Generic_NPCs/Walk/Head/Hats/CowboyHat/Minifantasy_NPCsWalk_Hat_CowboyHat_blackleather.png using Guid(d056ff62c8c5b1b42bbbca1ae36ffd04) Importer(2089858483,192608db42251d675da83286b1cce702) (ScriptedImporter) -> (artifact id: '2035352eb30aaba82848b9df7a146ca1') in 0.0518299 seconds
Number of updated asset objects reloaded before import = 0Number of asset objects unloaded after import = 18

========================================================================
Received Import Request.
  Time since last request: 0.000034 seconds.
  path: Assets/Minifantasy_NPCs_Assets/Generic_NPCs/Walk/Head/Hats/LongHat/Minifantasy_NPCsWalk_Hat_LongHat_orange.png
  artifactKey: Guid(9b6b7ea7abeaf3144bf4b6705549d71f) Importer(2089858483,192608db42251d675da83286b1cce702)
Start importing Assets/Minifantasy_NPCs_Assets/Generic_NPCs/Walk/Head/Hats/LongHat/Minifantasy_NPCsWalk_Hat_LongHat_orange.png using Guid(9b6b7ea7abeaf3144bf4b6705549d71f) Importer(2089858483,192608db42251d675da83286b1cce702) (ScriptedImporter) -> (artifact id: '8de2008f4f7107781c0d8f6f3da18581') in 0.059201 seconds
Number of updated asset objects reloaded before import = 0Number of asset objects unloaded after import = 18

========================================================================
Received Import Request.
  Time since last request: 0.000018 seconds.
  path: Assets/Minifantasy_NPCs_Assets/Generic_NPCs/Walk/Head/Hats/PompomBeanie/Minifantasy_NPCsWalk_Hat_PomPomBeanie_turquoise.png
  artifactKey: Guid(97cbd6319a0504c4996622f67a5c35bd) Importer(2089858483,192608db42251d675da83286b1cce702)
Start importing Assets/Minifantasy_NPCs_Assets/Generic_NPCs/Walk/Head/Hats/PompomBeanie/Minifantasy_NPCsWalk_Hat_PomPomBeanie_turquoise.png using Guid(97cbd6319a0504c4996622f67a5c35bd) Importer(2089858483,192608db42251d675da83286b1cce702) (ScriptedImporter) -> (artifact id: 'f7b48a4f632f4de37fdc99d8778597f0') in 0.0531036 seconds
Number of updated asset objects reloaded before import = 0Number of asset objects unloaded after import = 18

========================================================================
Received Import Request.
  Time since last request: 0.000013 seconds.
  path: Assets/Minifantasy_NPCs_Assets/Generic_NPCs/Walk/Head/Hats/PompomBeanie/Minifantasy_NPCsWalk_Hat_PomPomBeanie_blackleather.png
  artifactKey: Guid(831379527fff2864dadbe6276fae5e53) Importer(2089858483,192608db42251d675da83286b1cce702)
Start importing Assets/Minifantasy_NPCs_Assets/Generic_NPCs/Walk/Head/Hats/PompomBeanie/Minifantasy_NPCsWalk_Hat_PomPomBeanie_blackleather.png using Guid(831379527fff2864dadbe6276fae5e53) Importer(2089858483,192608db42251d675da83286b1cce702) (ScriptedImporter) -> (artifact id: '5d4678b2259a12dcc638f7992c846d6a') in 0.0388359 seconds
Number of updated asset objects reloaded before import = 0Number of asset objects unloaded after import = 18

========================================================================
Received Import Request.
  Time since last request: 0.000021 seconds.
  path: Assets/Minifantasy_NPCs_Assets/Generic_NPCs/Walk/Head/Hats/PompomBeanie/Minifantasy_NPCsWalk_Hat_PomPomBeanie_white.png
  artifactKey: Guid(71e6f846507294f4db9a6a3260a6f74e) Importer(2089858483,192608db42251d675da83286b1cce702)
Start importing Assets/Minifantasy_NPCs_Assets/Generic_NPCs/Walk/Head/Hats/PompomBeanie/Minifantasy_NPCsWalk_Hat_PomPomBeanie_white.png using Guid(71e6f846507294f4db9a6a3260a6f74e) Importer(2089858483,192608db42251d675da83286b1cce702) (ScriptedImporter) -> (artifact id: 'e8313ef505d5471503edd06db9309277') in 0.0445847 seconds
Number of updated asset objects reloaded before import = 0Number of asset objects unloaded after import = 18

========================================================================
Received Import Request.
  Time since last request: 0.000030 seconds.
  path: Assets/Minifantasy_NPCs_Assets/Generic_NPCs/Walk/Head/Hats/PompomBeanie/Minifantasy_NPCsWalk_Hat_PomPomBeanie_brownleather.png
  artifactKey: Guid(afd3c7523c3b733428b7aed7f948ceae) Importer(2089858483,192608db42251d675da83286b1cce702)
Start importing Assets/Minifantasy_NPCs_Assets/Generic_NPCs/Walk/Head/Hats/PompomBeanie/Minifantasy_NPCsWalk_Hat_PomPomBeanie_brownleather.png using Guid(afd3c7523c3b733428b7aed7f948ceae) Importer(2089858483,192608db42251d675da83286b1cce702) (ScriptedImporter) -> (artifact id: '632b99437269055a3a46b4bad04a0be8') in 0.0391965 seconds
Number of updated asset objects reloaded before import = 0Number of asset objects unloaded after import = 18

========================================================================
Received Import Request.
  Time since last request: 0.000020 seconds.
  path: Assets/Minifantasy_NPCs_Assets/Generic_NPCs/Walk/Head/Hats/PompomBeanie/Minifantasy_NPCsWalk_Hat_PomPomBeanie_yellow.png
  artifactKey: Guid(97db39f5b661c1a49a75a584a19abcee) Importer(2089858483,192608db42251d675da83286b1cce702)
Start importing Assets/Minifantasy_NPCs_Assets/Generic_NPCs/Walk/Head/Hats/PompomBeanie/Minifantasy_NPCsWalk_Hat_PomPomBeanie_yellow.png using Guid(97db39f5b661c1a49a75a584a19abcee) Importer(2089858483,192608db42251d675da83286b1cce702) (ScriptedImporter) -> (artifact id: '4dd8581d7e38a0155513926223b8f1f3') in 0.0551145 seconds
Number of updated asset objects reloaded before import = 0Number of asset objects unloaded after import = 18

========================================================================
Received Import Request.
  Time since last request: 0.000016 seconds.
  path: Assets/Minifantasy_NPCs_Assets/Generic_NPCs/Walk/Head/Hats/PompomBeanie/Minifantasy_NPCsWalk_Hat_PomPomBeanie_lime.png
  artifactKey: Guid(c7aa8a09f6ee33f4bab639cfb754fef1) Importer(2089858483,192608db42251d675da83286b1cce702)
Start importing Assets/Minifantasy_NPCs_Assets/Generic_NPCs/Walk/Head/Hats/PompomBeanie/Minifantasy_NPCsWalk_Hat_PomPomBeanie_lime.png using Guid(c7aa8a09f6ee33f4bab639cfb754fef1) Importer(2089858483,192608db42251d675da83286b1cce702) (ScriptedImporter) -> (artifact id: '25652aaee4d18e1e6b3ae305508d4e70') in 0.0393115 seconds
Number of updated asset objects reloaded before import = 0Number of asset objects unloaded after import = 18

========================================================================
Received Import Request.
  Time since last request: 0.000021 seconds.
  path: Assets/Minifantasy_NPCs_Assets/Generic_NPCs/Walk/Head/Hats/TrapperHat/Minifantasy_NPCsWalk_Hat_TrapperHat_lime.png
  artifactKey: Guid(fb67557744663ed429229532415dd66a) Importer(2089858483,192608db42251d675da83286b1cce702)
Start importing Assets/Minifantasy_NPCs_Assets/Generic_NPCs/Walk/Head/Hats/TrapperHat/Minifantasy_NPCsWalk_Hat_TrapperHat_lime.png using Guid(fb67557744663ed429229532415dd66a) Importer(2089858483,192608db42251d675da83286b1cce702) (ScriptedImporter) -> (artifact id: '8cd22bdfaa1fa7937a6aee4457aba54f') in 0.0479691 seconds
Number of updated asset objects reloaded before import = 0Number of asset objects unloaded after import = 18

========================================================================
Received Import Request.
  Time since last request: 0.000025 seconds.
  path: Assets/Minifantasy_NPCs_Assets/Generic_NPCs/Walk/Head/Hats/RangerHat/Minifantasy_NPCsWalk_Hat_RangerHat_purple.png
  artifactKey: Guid(0029668e41dcc5044b41e5a728569a2d) Importer(2089858483,192608db42251d675da83286b1cce702)
Start importing Assets/Minifantasy_NPCs_Assets/Generic_NPCs/Walk/Head/Hats/RangerHat/Minifantasy_NPCsWalk_Hat_RangerHat_purple.png using Guid(0029668e41dcc5044b41e5a728569a2d) Importer(2089858483,192608db42251d675da83286b1cce702) (ScriptedImporter) -> (artifact id: 'f08267346146ea20c8c5fd0692ddef8a') in 0.0426668 seconds
Number of updated asset objects reloaded before import = 0Number of asset objects unloaded after import = 18

========================================================================
Received Import Request.
  Time since last request: 0.000015 seconds.
  path: Assets/Minifantasy_NPCs_Assets/Generic_NPCs/Walk/Head/Hats/TrapperHat/Minifantasy_NPCsWalk_Hat_TrapperHat_turquoise.png
  artifactKey: Guid(757f36ca542a9b04da6e80769d294085) Importer(2089858483,192608db42251d675da83286b1cce702)
Start importing Assets/Minifantasy_NPCs_Assets/Generic_NPCs/Walk/Head/Hats/TrapperHat/Minifantasy_NPCsWalk_Hat_TrapperHat_turquoise.png using Guid(757f36ca542a9b04da6e80769d294085) Importer(2089858483,192608db42251d675da83286b1cce702) (ScriptedImporter) -> (artifact id: 'eb7f769f616d4f7995dc241385e4f2db') in 0.0496012 seconds
Number of updated asset objects reloaded before import = 0Number of asset objects unloaded after import = 18

========================================================================
Received Import Request.
  Time since last request: 0.000014 seconds.
  path: Assets/Minifantasy_NPCs_Assets/Generic_NPCs/Walk/Head/Hats/RangerHat/Minifantasy_NPCsWalk_Hat_RangerHat_whiteleather.png
  artifactKey: Guid(10c27a15795e00e4fa3feec703caf90b) Importer(2089858483,192608db42251d675da83286b1cce702)
Start importing Assets/Minifantasy_NPCs_Assets/Generic_NPCs/Walk/Head/Hats/RangerHat/Minifantasy_NPCsWalk_Hat_RangerHat_whiteleather.png using Guid(10c27a15795e00e4fa3feec703caf90b) Importer(2089858483,192608db42251d675da83286b1cce702) (ScriptedImporter) -> (artifact id: '74aa58ebadca1c8eaa7f17ab20824f4d') in 0.0396883 seconds
Number of updated asset objects reloaded before import = 0Number of asset objects unloaded after import = 18

========================================================================
Received Import Request.
  Time since last request: 0.000019 seconds.
  path: Assets/Minifantasy_NPCs_Assets/Generic_NPCs/Walk/Head/Hats/TrapperHat/Minifantasy_NPCsWalk_Hat_TrapperHat_whiteleather.png
  artifactKey: Guid(6d66c6f9680297a418b3f9492be4fbcd) Importer(2089858483,192608db42251d675da83286b1cce702)
Start importing Assets/Minifantasy_NPCs_Assets/Generic_NPCs/Walk/Head/Hats/TrapperHat/Minifantasy_NPCsWalk_Hat_TrapperHat_whiteleather.png using Guid(6d66c6f9680297a418b3f9492be4fbcd) Importer(2089858483,192608db42251d675da83286b1cce702) (ScriptedImporter) -> (artifact id: '00050a393e47c17a4f34e9e971e67158') in 0.0430676 seconds
Number of updated asset objects reloaded before import = 0Number of asset objects unloaded after import = 18

========================================================================
Received Import Request.
  Time since last request: 0.000030 seconds.
  path: Assets/Minifantasy_NPCs_Assets/Generic_NPCs/Walk/Head/Hats/RangerHat/Minifantasy_NPCsWalk_Hat_RangerHat_orange.png
  artifactKey: Guid(6333f6fc373a82e4db52a817dba0a478) Importer(2089858483,192608db42251d675da83286b1cce702)
Start importing Assets/Minifantasy_NPCs_Assets/Generic_NPCs/Walk/Head/Hats/RangerHat/Minifantasy_NPCsWalk_Hat_RangerHat_orange.png using Guid(6333f6fc373a82e4db52a817dba0a478) Importer(2089858483,192608db42251d675da83286b1cce702) (ScriptedImporter) -> (artifact id: 'a4e8e8ab18cc5b2a658f83c967f7e6fb') in 0.0489755 seconds
Number of updated asset objects reloaded before import = 0Number of asset objects unloaded after import = 18

========================================================================
Received Import Request.
  Time since last request: 0.000016 seconds.
  path: Assets/Minifantasy_NPCs_Assets/Generic_NPCs/Walk/Head/Hats/PompomBeanie/Minifantasy_NPCsWalk_Hat_PomPomBeanie_blue.png
  artifactKey: Guid(c0508536d7fb0fa48a5d2e89102ef932) Importer(2089858483,192608db42251d675da83286b1cce702)
Start importing Assets/Minifantasy_NPCs_Assets/Generic_NPCs/Walk/Head/Hats/PompomBeanie/Minifantasy_NPCsWalk_Hat_PomPomBeanie_blue.png using Guid(c0508536d7fb0fa48a5d2e89102ef932) Importer(2089858483,192608db42251d675da83286b1cce702) (ScriptedImporter) -> (artifact id: 'cee872d7102d5ce9af5f5692778633f3') in 0.0439699 seconds
Number of updated asset objects reloaded before import = 0Number of asset objects unloaded after import = 18

========================================================================
Received Import Request.
  Time since last request: 0.000018 seconds.
  path: Assets/Art/MINIFANTASY - Crafting and Professions I/Sprites/Barbarian/Special_Animations/Throw_Things/GIFs/Barbarian_ThrowThings.gif
  artifactKey: Guid(ad7d672e954e82d40b58c0c9b697f333) Importer(2089858483,192608db42251d675da83286b1cce702)
Start importing Assets/Art/MINIFANTASY - Crafting and Professions I/Sprites/Barbarian/Special_Animations/Throw_Things/GIFs/Barbarian_ThrowThings.gif using Guid(ad7d672e954e82d40b58c0c9b697f333) Importer(2089858483,192608db42251d675da83286b1cce702) (ScriptedImporter) -> (artifact id: 'c4c812e7d3871545d1ae76e942bc8c75') in 0.0197808 seconds
Number of updated asset objects reloaded before import = 0Number of asset objects unloaded after import = 3

========================================================================
Received Import Request.
  Time since last request: 0.000019 seconds.
  path: Assets/Art/MINIFANTASY - Crafting and Professions I/Sprites/Crafting Professions/Blacksmith/Furnace/Gif/Furnace.gif
  artifactKey: Guid(7b9950c4a9da09f44bf6d824f7aa8b35) Importer(2089858483,192608db42251d675da83286b1cce702)
Start importing Assets/Art/MINIFANTASY - Crafting and Professions I/Sprites/Crafting Professions/Blacksmith/Furnace/Gif/Furnace.gif using Guid(7b9950c4a9da09f44bf6d824f7aa8b35) Importer(2089858483,192608db42251d675da83286b1cce702) (ScriptedImporter) -> (artifact id: '16b35011710a23ff941d7ac4af9ce3af') in 0.0151844 seconds
Number of updated asset objects reloaded before import = 0Number of asset objects unloaded after import = 3

========================================================================
Received Import Request.
  Time since last request: 0.000026 seconds.
  path: Assets/Art/MINIFANTASY - Crafting and Professions I/Sprites/Barbarian/Special_Animations/Guard/GIFs/Barbarian_Block.gif
  artifactKey: Guid(b8900b40099e63541aa7414ccee27767) Importer(2089858483,192608db42251d675da83286b1cce702)
Start importing Assets/Art/MINIFANTASY - Crafting and Professions I/Sprites/Barbarian/Special_Animations/Guard/GIFs/Barbarian_Block.gif using Guid(b8900b40099e63541aa7414ccee27767) Importer(2089858483,192608db42251d675da83286b1cce702) (ScriptedImporter) -> (artifact id: 'f825853a2c1620dda249309eb96b978f') in 0.0165906 seconds
Number of updated asset objects reloaded before import = 0Number of asset objects unloaded after import = 3

========================================================================
Received Import Request.
  Time since last request: 0.000015 seconds.
  path: Assets/Art/MINIFANTASY - Crafting and Professions I/Sprites/Crafting Professions/Blacksmith/Anvil/Gif/Anvil.gif
  artifactKey: Guid(ff74dc74c4899a7489570462930db2f9) Importer(2089858483,192608db42251d675da83286b1cce702)
Start importing Assets/Art/MINIFANTASY - Crafting and Professions I/Sprites/Crafting Professions/Blacksmith/Anvil/Gif/Anvil.gif using Guid(ff74dc74c4899a7489570462930db2f9) Importer(2089858483,192608db42251d675da83286b1cce702) (ScriptedImporter) -> (artifact id: '6f8a5428b5deecbc5a8c6f44c3d1218b') in 0.0151219 seconds
Number of updated asset objects reloaded before import = 0Number of asset objects unloaded after import = 3

========================================================================
Received Import Request.
  Time since last request: 0.000014 seconds.
  path: Assets/Art/MINIFANTASY - Crafting and Professions I/Sprites/Barbarian/Special_Animations/Battle_Cry/GIFs/Barbarian_BattleCryNoEffect.gif
  artifactKey: Guid(5467f217467b8b043a5c22310fa62ed5) Importer(2089858483,192608db42251d675da83286b1cce702)
Start importing Assets/Art/MINIFANTASY - Crafting and Professions I/Sprites/Barbarian/Special_Animations/Battle_Cry/GIFs/Barbarian_BattleCryNoEffect.gif using Guid(5467f217467b8b043a5c22310fa62ed5) Importer(2089858483,192608db42251d675da83286b1cce702) (ScriptedImporter) -> (artifact id: 'e8abbe6562ee712890d09ff2c3fe751c') in 0.0160117 seconds
Number of updated asset objects reloaded before import = 0Number of asset objects unloaded after import = 3

========================================================================
Received Import Request.
  Time since last request: 0.000020 seconds.
  path: Assets/Art/MINIFANTASY - Crafting and Professions I/Sprites/Crafting Professions/Woodwork/Sawmill/Gif/SawmillWorking.gif
  artifactKey: Guid(e6f0d2e0c501695438e5c39554127c9d) Importer(2089858483,192608db42251d675da83286b1cce702)
Start importing Assets/Art/MINIFANTASY - Crafting and Professions I/Sprites/Crafting Professions/Woodwork/Sawmill/Gif/SawmillWorking.gif using Guid(e6f0d2e0c501695438e5c39554127c9d) Importer(2089858483,192608db42251d675da83286b1cce702) (ScriptedImporter) -> (artifact id: '4a6a636497b17842bc6500844bdf6d58') in 0.0165968 seconds
Number of updated asset objects reloaded before import = 0Number of asset objects unloaded after import = 3

========================================================================
Received Import Request.
  Time since last request: 0.000019 seconds.
  path: Assets/Art/MINIFANTASY - Crafting and Professions I/Sprites/Barbarian/Special_Animations/Guard/Shadows/Barbarian_BlockGuardUpShadow.png
  artifactKey: Guid(95ab752d0262fb745ae7877178ee7bea) Importer(2089858483,192608db42251d675da83286b1cce702)
Start importing Assets/Art/MINIFANTASY - Crafting and Professions I/Sprites/Barbarian/Special_Animations/Guard/Shadows/Barbarian_BlockGuardUpShadow.png using Guid(95ab752d0262fb745ae7877178ee7bea) Importer(2089858483,192608db42251d675da83286b1cce702) (ScriptedImporter) -> (artifact id: 'aeb1f3d9fdf879066aa2717a99bcf44d') in 0.0650942 seconds
Number of updated asset objects reloaded before import = 0Number of asset objects unloaded after import = 18

========================================================================
Received Import Request.
  Time since last request: 0.000028 seconds.
  path: Assets/Art/MINIFANTASY - Crafting and Professions I/Sprites/Crafting Professions/Blacksmith/Foundry/Gif/Foundry.gif
  artifactKey: Guid(4a1a0d62c0774804498822b17ac93759) Importer(2089858483,192608db42251d675da83286b1cce702)
Start importing Assets/Art/MINIFANTASY - Crafting and Professions I/Sprites/Crafting Professions/Blacksmith/Foundry/Gif/Foundry.gif using Guid(4a1a0d62c0774804498822b17ac93759) Importer(2089858483,192608db42251d675da83286b1cce702) (ScriptedImporter) -> (artifact id: '535182fa2574b69b4a5bac309243c069') in 0.021096 seconds
Number of updated asset objects reloaded before import = 0Number of asset objects unloaded after import = 3

========================================================================
Received Import Request.
  Time since last request: 0.000019 seconds.
  path: Assets/Art/MINIFANTASY - Crafting and Professions I/Sprites/Druid/Special_Animations/Shape_Shifting/Forest_Hound/ForestHound_Attack.png
  artifactKey: Guid(c5f643d3982f69341ba1c7295960f2e9) Importer(2089858483,192608db42251d675da83286b1cce702)
Start importing Assets/Art/MINIFANTASY - Crafting and Professions I/Sprites/Druid/Special_Animations/Shape_Shifting/Forest_Hound/ForestHound_Attack.png using Guid(c5f643d3982f69341ba1c7295960f2e9) Importer(2089858483,192608db42251d675da83286b1cce702) (ScriptedImporter) -> (artifact id: '1359a94ff24fc4c5e7ecb94f598eadf4') in 0.0585554 seconds
Number of updated asset objects reloaded before import = 0Number of asset objects unloaded after import = 18

========================================================================
Received Import Request.
  Time since last request: 0.000022 seconds.
  path: Assets/Art/MINIFANTASY - Crafting and Professions I/Sprites/Druid/Special_Animations/Shape_Shifting/Forest_Beast/Druid_ShapeShiftForestBeastToHuman.png
  artifactKey: Guid(0621396216f99f2448777a74fd051657) Importer(2089858483,192608db42251d675da83286b1cce702)
Start importing Assets/Art/MINIFANTASY - Crafting and Professions I/Sprites/Druid/Special_Animations/Shape_Shifting/Forest_Beast/Druid_ShapeShiftForestBeastToHuman.png using Guid(0621396216f99f2448777a74fd051657) Importer(2089858483,192608db42251d675da83286b1cce702) (ScriptedImporter) -> (artifact id: '046bf030a53279e9db73993516e3786c') in 0.0410854 seconds
Number of updated asset objects reloaded before import = 0Number of asset objects unloaded after import = 17

========================================================================
Received Import Request.
  Time since last request: 0.000019 seconds.
  path: Assets/Art/MINIFANTASY - Crafting and Professions I/Sprites/Druid/Special_Animations/Shape_Shifting/Forest_Hound/ForestHound_Walk.png
  artifactKey: Guid(5de9cfef3a295fe4ab90aa13848d5af2) Importer(2089858483,192608db42251d675da83286b1cce702)
Start importing Assets/Art/MINIFANTASY - Crafting and Professions I/Sprites/Druid/Special_Animations/Shape_Shifting/Forest_Hound/ForestHound_Walk.png using Guid(5de9cfef3a295fe4ab90aa13848d5af2) Importer(2089858483,192608db42251d675da83286b1cce702) (ScriptedImporter) -> (artifact id: 'f456b34ce6cd9c759aff7daaea3b0332') in 0.044869 seconds
Number of updated asset objects reloaded before import = 0Number of asset objects unloaded after import = 18

========================================================================
Received Import Request.
  Time since last request: 0.000030 seconds.
  path: Assets/Art/MINIFANTASY - Crafting and Professions I/Sprites/Druid/Special_Animations/Shape_Shifting/Forest_Owl/Druid_ShapeShiftHumanToForestOwl.png
  artifactKey: Guid(d929827f22660a943830c175daf63d7f) Importer(2089858483,192608db42251d675da83286b1cce702)
Start importing Assets/Art/MINIFANTASY - Crafting and Professions I/Sprites/Druid/Special_Animations/Shape_Shifting/Forest_Owl/Druid_ShapeShiftHumanToForestOwl.png using Guid(d929827f22660a943830c175daf63d7f) Importer(2089858483,192608db42251d675da83286b1cce702) (ScriptedImporter) -> (artifact id: 'b3e05da7a9984c770b6c758f16fd86cc') in 0.0895741 seconds
Number of updated asset objects reloaded before import = 0Number of asset objects unloaded after import = 23

========================================================================
Received Import Request.
  Time since last request: 0.000019 seconds.
  path: Assets/Art/MINIFANTASY - Crafting and Professions I/Sprites/Crafting Professions/Woodwork/WorkBench/Character/Halfling_WoodworkBenchWorking.png
  artifactKey: Guid(1fd2b6e682d432a4990f76309115f8c0) Importer(2089858483,192608db42251d675da83286b1cce702)
Start importing Assets/Art/MINIFANTASY - Crafting and Professions I/Sprites/Crafting Professions/Woodwork/WorkBench/Character/Halfling_WoodworkBenchWorking.png using Guid(1fd2b6e682d432a4990f76309115f8c0) Importer(2089858483,192608db42251d675da83286b1cce702) (ScriptedImporter) -> (artifact id: '3409804d8e79751497b53df63bb58277') in 0.0301955 seconds
Number of updated asset objects reloaded before import = 0Number of asset objects unloaded after import = 8

========================================================================
Received Import Request.
  Time since last request: 0.000018 seconds.
  path: Assets/Art/MINIFANTASY - Crafting and Professions I/Sprites/Druid/Special_Animations/Root_Summoning/GIFs/Druid_RootSpell.gif
  artifactKey: Guid(e5fda7d65a58a814cbb26bb5dfc64e38) Importer(2089858483,192608db42251d675da83286b1cce702)
Start importing Assets/Art/MINIFANTASY - Crafting and Professions I/Sprites/Druid/Special_Animations/Root_Summoning/GIFs/Druid_RootSpell.gif using Guid(e5fda7d65a58a814cbb26bb5dfc64e38) Importer(2089858483,192608db42251d675da83286b1cce702) (ScriptedImporter) -> (artifact id: '573ea6ff566f14f9bc88be48b109c7df') in 0.0189611 seconds
Number of updated asset objects reloaded before import = 0Number of asset objects unloaded after import = 3

========================================================================
Received Import Request.
  Time since last request: 0.000023 seconds.
  path: Assets/Art/MINIFANTASY - Crafting and Professions I/Sprites/Druid/Special_Animations/Shape_Shifting/Forest_Hound/ForestHound_Dmg.png
  artifactKey: Guid(dd5fa883ab8701747838aa4bccf740cf) Importer(2089858483,192608db42251d675da83286b1cce702)
Start importing Assets/Art/MINIFANTASY - Crafting and Professions I/Sprites/Druid/Special_Animations/Shape_Shifting/Forest_Hound/ForestHound_Dmg.png using Guid(dd5fa883ab8701747838aa4bccf740cf) Importer(2089858483,192608db42251d675da83286b1cce702) (ScriptedImporter) -> (artifact id: '0ae3516b0abdc376cfffdd3d1448d112') in 0.0565375 seconds
Number of updated asset objects reloaded before import = 0Number of asset objects unloaded after import = 18

========================================================================
Received Import Request.
  Time since last request: 0.000033 seconds.
  path: Assets/Art/MINIFANTASY - Crafting and Professions I/Sprites/Gathering Professions/Harvesting/Characters/Gif/HarvestAnimation.gif
  artifactKey: Guid(e6228abe19b101c4d8a7615be3672402) Importer(2089858483,192608db42251d675da83286b1cce702)
Start importing Assets/Art/MINIFANTASY - Crafting and Professions I/Sprites/Gathering Professions/Harvesting/Characters/Gif/HarvestAnimation.gif using Guid(e6228abe19b101c4d8a7615be3672402) Importer(2089858483,192608db42251d675da83286b1cce702) (ScriptedImporter) -> (artifact id: '493b1be1b65a7496198b121585d41886') in 0.0228898 seconds
Number of updated asset objects reloaded before import = 0Number of asset objects unloaded after import = 3

========================================================================
Received Import Request.
  Time since last request: 0.000017 seconds.
  path: Assets/Art/MINIFANTASY - Crafting and Professions I/Sprites/Rogue/Special_Animations/Shurikens/GIFs/Rogue_Shurikens.gif
  artifactKey: Guid(4b4b9f1c0a352424da1465b80ea38d34) Importer(2089858483,192608db42251d675da83286b1cce702)
Start importing Assets/Art/MINIFANTASY - Crafting and Professions I/Sprites/Rogue/Special_Animations/Shurikens/GIFs/Rogue_Shurikens.gif using Guid(4b4b9f1c0a352424da1465b80ea38d34) Importer(2089858483,192608db42251d675da83286b1cce702) (ScriptedImporter) -> (artifact id: '5c3f799b6384acb64fa619f077ebc586') in 0.0208503 seconds
Number of updated asset objects reloaded before import = 0Number of asset objects unloaded after import = 3

========================================================================
Received Import Request.
  Time since last request: 0.000019 seconds.
  path: Assets/Art/MINIFANTASY Creatures - Super Low Res 2D Pixel Art by Krishna Palacio/Sprites/Big_Guys/_Shadows/Mother Slime/Blue/Minifantasy_CreaturesShadowBlueMotherSlimeIdle.png
  artifactKey: Guid(fef900e5d9a352f41af2c3b1873eadeb) Importer(2089858483,192608db42251d675da83286b1cce702)
Start importing Assets/Art/MINIFANTASY Creatures - Super Low Res 2D Pixel Art by Krishna Palacio/Sprites/Big_Guys/_Shadows/Mother Slime/Blue/Minifantasy_CreaturesShadowBlueMotherSlimeIdle.png using Guid(fef900e5d9a352f41af2c3b1873eadeb) Importer(2089858483,192608db42251d675da83286b1cce702) (ScriptedImporter) -> (artifact id: 'dc35c24751c7e8b89b0b62724a9fd660') in 0.0885598 seconds
Number of updated asset objects reloaded before import = 0Number of asset objects unloaded after import = 34

========================================================================
Received Import Request.
  Time since last request: 0.000022 seconds.
  path: Assets/Art/MINIFANTASY - Crafting and Professions I/Sprites/Gathering Professions/Logging/Trees Hit/Gifs/PineTreeHit.gif
  artifactKey: Guid(5f016e6d8e9790148b391ea4e88fdac7) Importer(2089858483,192608db42251d675da83286b1cce702)
Start importing Assets/Art/MINIFANTASY - Crafting and Professions I/Sprites/Gathering Professions/Logging/Trees Hit/Gifs/PineTreeHit.gif using Guid(5f016e6d8e9790148b391ea4e88fdac7) Importer(2089858483,192608db42251d675da83286b1cce702) (ScriptedImporter) -> (artifact id: '33fa2e96a0cfa6a98fa8736d22a7b140') in 0.0198876 seconds
Number of updated asset objects reloaded before import = 0Number of asset objects unloaded after import = 3

========================================================================
Received Import Request.
  Time since last request: 0.000034 seconds.
  path: Assets/Art/MINIFANTASY - Crafting and Professions I/Sprites/Gathering Professions/Logging/Trees Hit/Shadows/PineTreeShadow_Hit.png
  artifactKey: Guid(960e7b772917377478e6a75ba2c069c0) Importer(2089858483,192608db42251d675da83286b1cce702)
Start importing Assets/Art/MINIFANTASY - Crafting and Professions I/Sprites/Gathering Professions/Logging/Trees Hit/Shadows/PineTreeShadow_Hit.png using Guid(960e7b772917377478e6a75ba2c069c0) Importer(2089858483,192608db42251d675da83286b1cce702) (ScriptedImporter) -> (artifact id: 'e69eed9364cbbfc3139d0cbab1ae5cbb') in 0.0274148 seconds
Number of updated asset objects reloaded before import = 0Number of asset objects unloaded after import = 8

========================================================================
Received Import Request.
  Time since last request: 0.000017 seconds.
  path: Assets/Art/MINIFANTASY - Crafting and Professions I/Sprites/Rogue/Special_Animations/Mobility/Shadows/Rogue_RunShadow.png
  artifactKey: Guid(c20d43945a6151842933f0eae8321483) Importer(2089858483,192608db42251d675da83286b1cce702)
Start importing Assets/Art/MINIFANTASY - Crafting and Professions I/Sprites/Rogue/Special_Animations/Mobility/Shadows/Rogue_RunShadow.png using Guid(c20d43945a6151842933f0eae8321483) Importer(2089858483,192608db42251d675da83286b1cce702) (ScriptedImporter) -> (artifact id: 'dad38566a41b831e0d6b2c6edb564609') in 0.0465374 seconds
Number of updated asset objects reloaded before import = 0Number of asset objects unloaded after import = 18

========================================================================
Received Import Request.
  Time since last request: 0.000019 seconds.
  path: Assets/Art/MINIFANTASY Creatures - Super Low Res 2D Pixel Art by Krishna Palacio/Sprites/Monsters/_Shadows/Slime/Green/Minifantasy_CreaturesShadowSlimeIdle.png
  artifactKey: Guid(86b36c77ff3ad724ab09661a3ead41f9) Importer(2089858483,192608db42251d675da83286b1cce702)
Start importing Assets/Art/MINIFANTASY Creatures - Super Low Res 2D Pixel Art by Krishna Palacio/Sprites/Monsters/_Shadows/Slime/Green/Minifantasy_CreaturesShadowSlimeIdle.png using Guid(86b36c77ff3ad724ab09661a3ead41f9) Importer(2089858483,192608db42251d675da83286b1cce702) (ScriptedImporter) -> (artifact id: '9996b1071850d6a2d998d6a3319cd12c') in 0.0746404 seconds
Number of updated asset objects reloaded before import = 0Number of asset objects unloaded after import = 34

========================================================================
Received Import Request.
  Time since last request: 0.000019 seconds.
  path: Assets/Art/MINIFANTASY Creatures - Super Low Res 2D Pixel Art by Krishna Palacio/Sprites/Monsters/_Shadows/Slime/Blue/Minifantasy_CreaturesShadowBlueSlimeDie.png
  artifactKey: Guid(0824472a44f0a36489b6c660f3b7a2f7) Importer(2089858483,192608db42251d675da83286b1cce702)
Start importing Assets/Art/MINIFANTASY Creatures - Super Low Res 2D Pixel Art by Krishna Palacio/Sprites/Monsters/_Shadows/Slime/Blue/Minifantasy_CreaturesShadowBlueSlimeDie.png using Guid(0824472a44f0a36489b6c660f3b7a2f7) Importer(2089858483,192608db42251d675da83286b1cce702) (ScriptedImporter) -> (artifact id: 'a4c8828b55228aacc5b6cda8794db9f1') in 0.0590286 seconds
Number of updated asset objects reloaded before import = 0Number of asset objects unloaded after import = 11

========================================================================
Received Import Request.
  Time since last request: 0.000025 seconds.
  path: Assets/Art/MINIFANTASY Creatures - Super Low Res 2D Pixel Art by Krishna Palacio/Sprites/Monsters/_Shadows/Slime/Green/Minifantasy_CreaturesShadowSlimeJump.png
  artifactKey: Guid(547d40ba3d5079445938c11b283c0192) Importer(2089858483,192608db42251d675da83286b1cce702)
Start importing Assets/Art/MINIFANTASY Creatures - Super Low Res 2D Pixel Art by Krishna Palacio/Sprites/Monsters/_Shadows/Slime/Green/Minifantasy_CreaturesShadowSlimeJump.png using Guid(547d40ba3d5079445938c11b283c0192) Importer(2089858483,192608db42251d675da83286b1cce702) (ScriptedImporter) -> (artifact id: 'e99644b6f456b1bc52a29a785da4c7e8') in 0.0507201 seconds
Number of updated asset objects reloaded before import = 0Number of asset objects unloaded after import = 18

========================================================================
Received Import Request.
  Time since last request: 0.000017 seconds.
  path: Assets/Art/MINIFANTASY - Crafting and Professions I/Sprites/Druid/Special_Animations/Shape_Shifting/Forest_Beast/GIFs/ForestBeastAttack.gif
  artifactKey: Guid(9e53d3ccbdcc4574fb9e9d46367c95a5) Importer(2089858483,192608db42251d675da83286b1cce702)
Start importing Assets/Art/MINIFANTASY - Crafting and Professions I/Sprites/Druid/Special_Animations/Shape_Shifting/Forest_Beast/GIFs/ForestBeastAttack.gif using Guid(9e53d3ccbdcc4574fb9e9d46367c95a5) Importer(2089858483,192608db42251d675da83286b1cce702) (ScriptedImporter) -> (artifact id: 'ef7a0a729881e17bed75e1a028fcd2f1') in 0.0345882 seconds
Number of updated asset objects reloaded before import = 0Number of asset objects unloaded after import = 3

========================================================================
Received Import Request.
  Time since last request: 0.000019 seconds.
  path: Assets/Art/MINIFANTASY - Crafting and Professions I/Sprites/Druid/Special_Animations/Shape_Shifting/Forest_Beast/GIFs/Druid_ShapeShiftForestBeast.gif
  artifactKey: Guid(a730ef3af2897864da85b5336c495130) Importer(2089858483,192608db42251d675da83286b1cce702)
Start importing Assets/Art/MINIFANTASY - Crafting and Professions I/Sprites/Druid/Special_Animations/Shape_Shifting/Forest_Beast/GIFs/Druid_ShapeShiftForestBeast.gif using Guid(a730ef3af2897864da85b5336c495130) Importer(2089858483,192608db42251d675da83286b1cce702) (ScriptedImporter) -> (artifact id: '48c7cbc95a3bcb843a388158e7b08ce3') in 0.0151716 seconds
Number of updated asset objects reloaded before import = 0Number of asset objects unloaded after import = 3

========================================================================
Received Import Request.
  Time since last request: 0.000017 seconds.
  path: Assets/Art/MINIFANTASY - Crafting and Professions I/Sprites/Druid/Special_Animations/Shape_Shifting/Forest_Beast/GIFs/ForestBeastIdle.gif
  artifactKey: Guid(66a3f90b5ea0fd9448a14de216a70825) Importer(2089858483,192608db42251d675da83286b1cce702)
Start importing Assets/Art/MINIFANTASY - Crafting and Professions I/Sprites/Druid/Special_Animations/Shape_Shifting/Forest_Beast/GIFs/ForestBeastIdle.gif using Guid(66a3f90b5ea0fd9448a14de216a70825) Importer(2089858483,192608db42251d675da83286b1cce702) (ScriptedImporter) -> (artifact id: '09fb2191fe2832533dd54507b2889bb2') in 0.0199832 seconds
Number of updated asset objects reloaded before import = 0Number of asset objects unloaded after import = 3

========================================================================
Received Import Request.
  Time since last request: 0.000027 seconds.
  path: Assets/Art/MINIFANTASY - Crafting and Professions I/Sprites/Gathering Professions/Logging/Trees Hit/Gifs/BirchTreeHit.gif
  artifactKey: Guid(c4006f5b135af3c49a28be556270aef2) Importer(2089858483,192608db42251d675da83286b1cce702)
Start importing Assets/Art/MINIFANTASY - Crafting and Professions I/Sprites/Gathering Professions/Logging/Trees Hit/Gifs/BirchTreeHit.gif using Guid(c4006f5b135af3c49a28be556270aef2) Importer(2089858483,192608db42251d675da83286b1cce702) (ScriptedImporter) -> (artifact id: '944e31a617fe679ae120274688cf8b11') in 0.0197844 seconds
Number of updated asset objects reloaded before import = 0Number of asset objects unloaded after import = 3

========================================================================
Received Import Request.
  Time since last request: 0.000032 seconds.
  path: Assets/Art/MINIFANTASY - Crafting and Professions I/Sprites/Druid/Special_Animations/Shape_Shifting/Forest_Hound/Shadows/ForestHound_DmgShadow.png
  artifactKey: Guid(382af6292ec821e428033006f3141125) Importer(2089858483,192608db42251d675da83286b1cce702)
Start importing Assets/Art/MINIFANTASY - Crafting and Professions I/Sprites/Druid/Special_Animations/Shape_Shifting/Forest_Hound/Shadows/ForestHound_DmgShadow.png using Guid(382af6292ec821e428033006f3141125) Importer(2089858483,192608db42251d675da83286b1cce702) (ScriptedImporter) -> (artifact id: '81802732e3f3906bb90bc4e3d3ef02f5') in 0.0413349 seconds
Number of updated asset objects reloaded before import = 0Number of asset objects unloaded after import = 18

========================================================================
Received Import Request.
  Time since last request: 0.000017 seconds.
  path: Assets/Art/MINIFANTASY - Crafting and Professions I/Sprites/Druid/Special_Animations/Shape_Shifting/Forest_Owl/GIFs/Druid_OwlAttack.gif
  artifactKey: Guid(9a63075a8dbbb804185374966e95eb82) Importer(2089858483,192608db42251d675da83286b1cce702)
Start importing Assets/Art/MINIFANTASY - Crafting and Professions I/Sprites/Druid/Special_Animations/Shape_Shifting/Forest_Owl/GIFs/Druid_OwlAttack.gif using Guid(9a63075a8dbbb804185374966e95eb82) Importer(2089858483,192608db42251d675da83286b1cce702) (ScriptedImporter) -> (artifact id: '23cce0cd6eda5be621c7ca1d0f1e88be') in 0.0162014 seconds
Number of updated asset objects reloaded before import = 0Number of asset objects unloaded after import = 3

========================================================================
Received Import Request.
  Time since last request: 0.000017 seconds.
  path: Assets/Art/MINIFANTASY - Crafting and Professions I/Sprites/Druid/Special_Animations/Shape_Shifting/Forest_Hound/Shadows/ForestHound_JumpShadow.png
  artifactKey: Guid(03d4b0b4bf1909944a91561fb2379f54) Importer(2089858483,192608db42251d675da83286b1cce702)
Start importing Assets/Art/MINIFANTASY - Crafting and Professions I/Sprites/Druid/Special_Animations/Shape_Shifting/Forest_Hound/Shadows/ForestHound_JumpShadow.png using Guid(03d4b0b4bf1909944a91561fb2379f54) Importer(2089858483,192608db42251d675da83286b1cce702) (ScriptedImporter) -> (artifact id: 'e746724e91fc5c44975fcc4a9fbd4c9d') in 0.053635 seconds
Number of updated asset objects reloaded before import = 0Number of asset objects unloaded after import = 18

========================================================================
Received Import Request.
  Time since last request: 0.000017 seconds.
  path: Assets/Art/MINIFANTASY - Crafting and Professions I/Sprites/Druid/Special_Animations/Shape_Shifting/Forest_Owl/Shadows/ForestOwl_DmgShadow.png
  artifactKey: Guid(3492114c3bf94674983c44166cbafd99) Importer(2089858483,192608db42251d675da83286b1cce702)
Start importing Assets/Art/MINIFANTASY - Crafting and Professions I/Sprites/Druid/Special_Animations/Shape_Shifting/Forest_Owl/Shadows/ForestOwl_DmgShadow.png using Guid(3492114c3bf94674983c44166cbafd99) Importer(2089858483,192608db42251d675da83286b1cce702) (ScriptedImporter) -> (artifact id: 'f5cdd103ade99ffe8672c990326255f9') in 0.0400558 seconds
Number of updated asset objects reloaded before import = 0Number of asset objects unloaded after import = 18

========================================================================
Received Import Request.
  Time since last request: 0.000021 seconds.
  path: Assets/Art/MINIFANTASY - Crafting and Professions I/Sprites/Druid/Special_Animations/Shape_Shifting/Forest_Hound/GIFs/Druid_ShapeShiftForestHound.gif
  artifactKey: Guid(317b0756ba8895048986494ddb1ff54f) Importer(2089858483,192608db42251d675da83286b1cce702)
Start importing Assets/Art/MINIFANTASY - Crafting and Professions I/Sprites/Druid/Special_Animations/Shape_Shifting/Forest_Hound/GIFs/Druid_ShapeShiftForestHound.gif using Guid(317b0756ba8895048986494ddb1ff54f) Importer(2089858483,192608db42251d675da83286b1cce702) (ScriptedImporter) -> (artifact id: '918a37062ab5b9eafced4c99097024df') in 0.0172419 seconds
Number of updated asset objects reloaded before import = 0Number of asset objects unloaded after import = 3

========================================================================
Received Import Request.
  Time since last request: 0.000029 seconds.
  path: Assets/Art/MINIFANTASY - Crafting and Professions I/Sprites/Druid/Special_Animations/Shape_Shifting/Forest_Hound/Shadows/ForestHound_AttackShadow.png
  artifactKey: Guid(f67cc3350971fe74f95006b1a5b073cd) Importer(2089858483,192608db42251d675da83286b1cce702)
Start importing Assets/Art/MINIFANTASY - Crafting and Professions I/Sprites/Druid/Special_Animations/Shape_Shifting/Forest_Hound/Shadows/ForestHound_AttackShadow.png using Guid(f67cc3350971fe74f95006b1a5b073cd) Importer(2089858483,192608db42251d675da83286b1cce702) (ScriptedImporter) -> (artifact id: 'ecaa1cbf383ee9535b789313abc63a0e') in 0.0542899 seconds
Number of updated asset objects reloaded before import = 0Number of asset objects unloaded after import = 18

========================================================================
Received Import Request.
  Time since last request: 0.000017 seconds.
  path: Assets/Art/MINIFANTASY - Crafting and Professions I/Sprites/Druid/Special_Animations/Shape_Shifting/Forest_Owl/Shadows/ForestOwl_AttackShadow.png
  artifactKey: Guid(41d273b3a8f608049972e0808bc60914) Importer(2089858483,192608db42251d675da83286b1cce702)
Start importing Assets/Art/MINIFANTASY - Crafting and Professions I/Sprites/Druid/Special_Animations/Shape_Shifting/Forest_Owl/Shadows/ForestOwl_AttackShadow.png using Guid(41d273b3a8f608049972e0808bc60914) Importer(2089858483,192608db42251d675da83286b1cce702) (ScriptedImporter) -> (artifact id: 'f8dc1c1e61420dd091983456b42f26e0') in 0.0506515 seconds
Number of updated asset objects reloaded before import = 0Number of asset objects unloaded after import = 18

========================================================================
Received Import Request.
  Time since last request: 0.000029 seconds.
  path: Assets/Minifantasy_NPCs_Assets/Generic_NPCs/Walk/Head/Facial_Hair/Moustache/Minifantasy_NPCsWalk_FacialHair_Moustache_blue.png
  artifactKey: Guid(d11927cf0f6e44344a98774baddb799d) Importer(2089858483,192608db42251d675da83286b1cce702)
Start importing Assets/Minifantasy_NPCs_Assets/Generic_NPCs/Walk/Head/Facial_Hair/Moustache/Minifantasy_NPCsWalk_FacialHair_Moustache_blue.png using Guid(d11927cf0f6e44344a98774baddb799d) Importer(2089858483,192608db42251d675da83286b1cce702) (ScriptedImporter) -> (artifact id: '781a2f2516adc3be424d66c29c5bbdc3') in 0.0187118 seconds
Number of updated asset objects reloaded before import = 0Number of asset objects unloaded after import = 3

========================================================================
Received Import Request.
  Time since last request: 0.000019 seconds.
  path: Assets/Minifantasy_NPCs_Assets/Generic_NPCs/Walk/Head/Hats/CowboyHat/Minifantasy_NPCsWalk_Hat_CowboyHat_white.png
  artifactKey: Guid(5d5e47714de7c144b9931b29f27528d6) Importer(2089858483,192608db42251d675da83286b1cce702)
Start importing Assets/Minifantasy_NPCs_Assets/Generic_NPCs/Walk/Head/Hats/CowboyHat/Minifantasy_NPCsWalk_Hat_CowboyHat_white.png using Guid(5d5e47714de7c144b9931b29f27528d6) Importer(2089858483,192608db42251d675da83286b1cce702) (ScriptedImporter) -> (artifact id: '0eae19b004695e001867745661621a00') in 0.0471819 seconds
Number of updated asset objects reloaded before import = 0Number of asset objects unloaded after import = 18

========================================================================
Received Import Request.
  Time since last request: 0.000028 seconds.
  path: Assets/Minifantasy_NPCs_Assets/Generic_NPCs/Dmg/Head/Hats/Hood/Minifantasy_NPCsDmg_Hat_Hood_green.png
  artifactKey: Guid(46b53b91630c5d145a12cbd303edadd1) Importer(2089858483,192608db42251d675da83286b1cce702)
Start importing Assets/Minifantasy_NPCs_Assets/Generic_NPCs/Dmg/Head/Hats/Hood/Minifantasy_NPCsDmg_Hat_Hood_green.png using Guid(46b53b91630c5d145a12cbd303edadd1) Importer(2089858483,192608db42251d675da83286b1cce702) (ScriptedImporter) -> (artifact id: 'a71da97b5c08ba8554259398c3ffa887') in 0.0405145 seconds
Number of updated asset objects reloaded before import = 0Number of asset objects unloaded after import = 18

========================================================================
Received Import Request.
  Time since last request: 0.000016 seconds.
  path: Assets/Minifantasy_NPCs_Assets/Generic_NPCs/Dmg/Head/Facial_Hair/Moustache/Minifantasy_NPCsDmg_FacialHair_Moustache_white.png
  artifactKey: Guid(f7b123845f3c5994ea9fcda724a85d4f) Importer(2089858483,192608db42251d675da83286b1cce702)
Start importing Assets/Minifantasy_NPCs_Assets/Generic_NPCs/Dmg/Head/Facial_Hair/Moustache/Minifantasy_NPCsDmg_FacialHair_Moustache_white.png using Guid(f7b123845f3c5994ea9fcda724a85d4f) Importer(2089858483,192608db42251d675da83286b1cce702) (ScriptedImporter) -> (artifact id: '72156a942a1b0d2c04b4359d855d377d') in 0.0203845 seconds
Number of updated asset objects reloaded before import = 0Number of asset objects unloaded after import = 3

========================================================================
Received Import Request.
  Time since last request: 0.000018 seconds.
  path: Assets/Minifantasy_NPCs_Assets/Generic_NPCs/Dmg/Head/Hats/Hood/Minifantasy_NPCsDmg_Hat_Hood_black.png
  artifactKey: Guid(74dfaa95ce722cb4291f53f3da300bd8) Importer(2089858483,192608db42251d675da83286b1cce702)
Start importing Assets/Minifantasy_NPCs_Assets/Generic_NPCs/Dmg/Head/Hats/Hood/Minifantasy_NPCsDmg_Hat_Hood_black.png using Guid(74dfaa95ce722cb4291f53f3da300bd8) Importer(2089858483,192608db42251d675da83286b1cce702) (ScriptedImporter) -> (artifact id: '8b0ec195c6a7eef0ffd1056ce7d3b64c') in 0.0403216 seconds
Number of updated asset objects reloaded before import = 0Number of asset objects unloaded after import = 18

========================================================================
Received Import Request.
  Time since last request: 0.000018 seconds.
  path: Assets/Minifantasy_NPCs_Assets/Generic_NPCs/Dmg/Head/Hats/PompomBeanie/Minifantasy_NPCsDmg_Hat_PomPomBeanie_orange.png
  artifactKey: Guid(287eddc16018cd3468318c4170d33f51) Importer(2089858483,192608db42251d675da83286b1cce702)
Start importing Assets/Minifantasy_NPCs_Assets/Generic_NPCs/Dmg/Head/Hats/PompomBeanie/Minifantasy_NPCsDmg_Hat_PomPomBeanie_orange.png using Guid(287eddc16018cd3468318c4170d33f51) Importer(2089858483,192608db42251d675da83286b1cce702) (ScriptedImporter) -> (artifact id: '4fdb5b12078a9c9748d289413f891ded') in 0.0552455 seconds
Number of updated asset objects reloaded before import = 0Number of asset objects unloaded after import = 18

========================================================================
Received Import Request.
  Time since last request: 0.000025 seconds.
  path: Assets/Minifantasy_NPCs_Assets/Generic_NPCs/Dmg/Head/Hats/LongHat/Minifantasy_NPCsDmg_Hat_LongHat_black.png
  artifactKey: Guid(08626246856f5064f89afe760f9a9db6) Importer(2089858483,192608db42251d675da83286b1cce702)
Start importing Assets/Minifantasy_NPCs_Assets/Generic_NPCs/Dmg/Head/Hats/LongHat/Minifantasy_NPCsDmg_Hat_LongHat_black.png using Guid(08626246856f5064f89afe760f9a9db6) Importer(2089858483,192608db42251d675da83286b1cce702) (ScriptedImporter) -> (artifact id: 'fbfe66e419a3b38631f59a99c50eea2c') in 0.0425023 seconds
Number of updated asset objects reloaded before import = 0Number of asset objects unloaded after import = 18

========================================================================
Received Import Request.
  Time since last request: 0.000012 seconds.
  path: Assets/Minifantasy_NPCs_Assets/Generic_NPCs/Walk/Head/Hairstyles/Mane/Minifantasy_NPCsWalk_HumanHair_Mane_pink.png
  artifactKey: Guid(c42f201576217c64dbd6e868853de165) Importer(2089858483,192608db42251d675da83286b1cce702)
Start importing Assets/Minifantasy_NPCs_Assets/Generic_NPCs/Walk/Head/Hairstyles/Mane/Minifantasy_NPCsWalk_HumanHair_Mane_pink.png using Guid(c42f201576217c64dbd6e868853de165) Importer(2089858483,192608db42251d675da83286b1cce702) (ScriptedImporter) -> (artifact id: '9bfe9edb20a6396c341d125957152fa1') in 0.0510982 seconds
Number of updated asset objects reloaded before import = 0Number of asset objects unloaded after import = 18

========================================================================
Received Import Request.
  Time since last request: 0.000018 seconds.
  path: Assets/Minifantasy_NPCs_Assets/Generic_NPCs/Dmg/Head/Hats/RangerHat/Minifantasy_NPCsDmg_Hat_RangerHat_magenta.png
  artifactKey: Guid(da5322b5a30a9ee44b67883c8d947270) Importer(2089858483,192608db42251d675da83286b1cce702)
Start importing Assets/Minifantasy_NPCs_Assets/Generic_NPCs/Dmg/Head/Hats/RangerHat/Minifantasy_NPCsDmg_Hat_RangerHat_magenta.png using Guid(da5322b5a30a9ee44b67883c8d947270) Importer(2089858483,192608db42251d675da83286b1cce702) (ScriptedImporter) -> (artifact id: '330c707e5e8829be77505f2a883666f1') in 0.0502376 seconds
Number of updated asset objects reloaded before import = 0Number of asset objects unloaded after import = 18

========================================================================
Received Import Request.
  Time since last request: 0.000043 seconds.
  path: Assets/Minifantasy_NPCs_Assets/Generic_NPCs/Idle/Head/Hats/Hood/Minifantasy_NPCsIdle_Hat_Hood_black.png
  artifactKey: Guid(226bb83cb3a730441baeceddb24d0336) Importer(2089858483,192608db42251d675da83286b1cce702)
Start importing Assets/Minifantasy_NPCs_Assets/Generic_NPCs/Idle/Head/Hats/Hood/Minifantasy_NPCsIdle_Hat_Hood_black.png using Guid(226bb83cb3a730441baeceddb24d0336) Importer(2089858483,192608db42251d675da83286b1cce702) (ScriptedImporter) -> (artifact id: '9395e03c9a5e87661d769541b2602c7b') in 0.1546632 seconds
Number of updated asset objects reloaded before import = 0Number of asset objects unloaded after import = 66

========================================================================
Received Import Request.
  Time since last request: 0.000044 seconds.
  path: Assets/Minifantasy_NPCs_Assets/Generic_NPCs/Die/Head/Hats/CowboyHat/Minifantasy_NPCsDie_Hat_CowboyHat_blackleather.png
  artifactKey: Guid(e1dd17067bfd10d4a8e0ec2c8b0407ba) Importer(2089858483,192608db42251d675da83286b1cce702)
Start importing Assets/Minifantasy_NPCs_Assets/Generic_NPCs/Die/Head/Hats/CowboyHat/Minifantasy_NPCsDie_Hat_CowboyHat_blackleather.png using Guid(e1dd17067bfd10d4a8e0ec2c8b0407ba) Importer(2089858483,192608db42251d675da83286b1cce702) (ScriptedImporter) -> (artifact id: '5ff58689845b142b0c77b933cb2389ac') in 0.0363659 seconds
Number of updated asset objects reloaded before import = 0Number of asset objects unloaded after import = 12

========================================================================
Received Import Request.
  Time since last request: 0.000019 seconds.
  path: Assets/Minifantasy_NPCs_Assets/Generic_NPCs/Walk/Head/Facial_Hair/Chin_Strap/Minifantasy_NPCsWalk_FacialHair_ChinStrap_red.png
  artifactKey: Guid(28b5efd032d1c8a46929678a74149d78) Importer(2089858483,192608db42251d675da83286b1cce702)
Start importing Assets/Minifantasy_NPCs_Assets/Generic_NPCs/Walk/Head/Facial_Hair/Chin_Strap/Minifantasy_NPCsWalk_FacialHair_ChinStrap_red.png using Guid(28b5efd032d1c8a46929678a74149d78) Importer(2089858483,192608db42251d675da83286b1cce702) (ScriptedImporter) -> (artifact id: '20b95b06ca26e12a9140e811d77f06ff') in 0.015741 seconds
Number of updated asset objects reloaded before import = 0Number of asset objects unloaded after import = 3

========================================================================
Received Import Request.
  Time since last request: 0.000017 seconds.
  path: Assets/Art/MINIFANTASY Creatures - Super Low Res 2D Pixel Art by Krishna Palacio/Sprites/Humanoids/Orc/Orc/Orc_Die.png
  artifactKey: Guid(42c07e1102c28344bbf84091490914d6) Importer(2089858483,192608db42251d675da83286b1cce702)
Start importing Assets/Art/MINIFANTASY Creatures - Super Low Res 2D Pixel Art by Krishna Palacio/Sprites/Humanoids/Orc/Orc/Orc_Die.png using Guid(42c07e1102c28344bbf84091490914d6) Importer(2089858483,192608db42251d675da83286b1cce702) (ScriptedImporter) -> (artifact id: 'aac5a4ec7868faf4b701cd543ee8f174') in 0.0335194 seconds
Number of updated asset objects reloaded before import = 0Number of asset objects unloaded after import = 14

========================================================================
Received Import Request.
  Time since last request: 0.000017 seconds.
  path: Assets/Minifantasy_NPCs_Assets/Generic_NPCs/Idle/Head/Facial_Hair/Moustache/Minifantasy_NPCsIdle_FacialHair_Moustache_blue.png
  artifactKey: Guid(2759c9bc9f2d2874095bc4cc5f2ebf63) Importer(2089858483,192608db42251d675da83286b1cce702)
Start importing Assets/Minifantasy_NPCs_Assets/Generic_NPCs/Idle/Head/Facial_Hair/Moustache/Minifantasy_NPCsIdle_FacialHair_Moustache_blue.png using Guid(2759c9bc9f2d2874095bc4cc5f2ebf63) Importer(2089858483,192608db42251d675da83286b1cce702) (ScriptedImporter) -> (artifact id: '1e8f45f74046ee431cf006f74df043a3') in 0.0210981 seconds
Number of updated asset objects reloaded before import = 0Number of asset objects unloaded after import = 3

========================================================================
Received Import Request.
  Time since last request: 0.000019 seconds.
  path: Assets/Art/MINIFANTASY Creatures - Super Low Res 2D Pixel Art by Krishna Palacio/Sprites/Humanoids/Dwarf/Dwarf/Minifantasy_CreaturesDwarfAnimations.png
  artifactKey: Guid(9f49e014c2d8a504e809f93ed40517d2) Importer(2089858483,192608db42251d675da83286b1cce702)
Start importing Assets/Art/MINIFANTASY Creatures - Super Low Res 2D Pixel Art by Krishna Palacio/Sprites/Humanoids/Dwarf/Dwarf/Minifantasy_CreaturesDwarfAnimations.png using Guid(9f49e014c2d8a504e809f93ed40517d2) Importer(2089858483,192608db42251d675da83286b1cce702) (ScriptedImporter) -> (artifact id: '7a3d00e79dcf3129b5644c2c47e61e37') in 0.0150129 seconds
Number of updated asset objects reloaded before import = 0Number of asset objects unloaded after import = 1

========================================================================
Received Import Request.
  Time since last request: 0.000027 seconds.
  path: Assets/Minifantasy_NPCs_Assets/Generic_NPCs/Dmg/Head/Hats/TrapperHat/Minifantasy_NPCsDmg_Hat_TrapperHat_grey.png
  artifactKey: Guid(4d0d14cef238681488f6125dd0b8aa37) Importer(2089858483,192608db42251d675da83286b1cce702)
Start importing Assets/Minifantasy_NPCs_Assets/Generic_NPCs/Dmg/Head/Hats/TrapperHat/Minifantasy_NPCsDmg_Hat_TrapperHat_grey.png using Guid(4d0d14cef238681488f6125dd0b8aa37) Importer(2089858483,192608db42251d675da83286b1cce702) (ScriptedImporter) -> (artifact id: 'e085d5438afd7f9901115b17846968b4') in 0.038386 seconds
Number of updated asset objects reloaded before import = 0Number of asset objects unloaded after import = 18

========================================================================
Received Import Request.
  Time since last request: 0.000016 seconds.
  path: Assets/Minifantasy_NPCs_Assets/Generic_NPCs/Dmg/Head/Hats/Bandana/Minifantasy_NPCsDmg_Hat_Bandana_green.png
  artifactKey: Guid(c814e5ef65553ef4e98d65fe75a6aeca) Importer(2089858483,192608db42251d675da83286b1cce702)
Start importing Assets/Minifantasy_NPCs_Assets/Generic_NPCs/Dmg/Head/Hats/Bandana/Minifantasy_NPCsDmg_Hat_Bandana_green.png using Guid(c814e5ef65553ef4e98d65fe75a6aeca) Importer(2089858483,192608db42251d675da83286b1cce702) (ScriptedImporter) -> (artifact id: '0f7b81970dbee4903610f9caacd99669') in 0.0151329 seconds
Number of updated asset objects reloaded before import = 0Number of asset objects unloaded after import = 3

========================================================================
Received Import Request.
  Time since last request: 0.000018 seconds.
  path: Assets/Art/MINIFANTASY Creatures - Super Low Res 2D Pixel Art by Krishna Palacio/Animations/Humanoids/Dwarf/Dwarf_Yellow_Beard/DwarfYellowBearChargedAttack.anim
  artifactKey: Guid(4f0bfc31a24fa6a499d240bc75217d9d) Importer(2089858483,192608db42251d675da83286b1cce702)
Start importing Assets/Art/MINIFANTASY Creatures - Super Low Res 2D Pixel Art by Krishna Palacio/Animations/Humanoids/Dwarf/Dwarf_Yellow_Beard/DwarfYellowBearChargedAttack.anim using Guid(4f0bfc31a24fa6a499d240bc75217d9d) Importer(2089858483,192608db42251d675da83286b1cce702) (ScriptedImporter) -> (artifact id: '1eda571aa5bb34b2fd0372962a025918') in 0.0068823 seconds
Number of updated asset objects reloaded before import = 0Number of asset objects unloaded after import = 1

========================================================================
Received Import Request.
  Time since last request: 0.000017 seconds.
  path: Assets/Minifantasy_NPCs_Assets/Generic_NPCs/Idle/Body/Shoes/Minifantasy_NPCsIdle_Shoes_orange.png
  artifactKey: Guid(eaaa09f04325fff48a57aeb45c5e1747) Importer(2089858483,192608db42251d675da83286b1cce702)
Start importing Assets/Minifantasy_NPCs_Assets/Generic_NPCs/Idle/Body/Shoes/Minifantasy_NPCsIdle_Shoes_orange.png using Guid(eaaa09f04325fff48a57aeb45c5e1747) Importer(2089858483,192608db42251d675da83286b1cce702) (ScriptedImporter) -> (artifact id: '5208e2acfaf01ccf3614eecccf76caa6') in 0.0147034 seconds
Number of updated asset objects reloaded before import = 0Number of asset objects unloaded after import = 3

========================================================================
Received Import Request.
  Time since last request: 0.000025 seconds.
  path: Assets/Minifantasy_NPCs_Assets/Generic_NPCs/Die/Head/Facial_Hair/Moustache/Minifantasy_NPCsDie_FacialHair_Moustache_red.png
  artifactKey: Guid(9b29d28b1cdb6c44c8e1a5bb50a5af84) Importer(2089858483,192608db42251d675da83286b1cce702)
Start importing Assets/Minifantasy_NPCs_Assets/Generic_NPCs/Die/Head/Facial_Hair/Moustache/Minifantasy_NPCsDie_FacialHair_Moustache_red.png using Guid(9b29d28b1cdb6c44c8e1a5bb50a5af84) Importer(2089858483,192608db42251d675da83286b1cce702) (ScriptedImporter) -> (artifact id: '22bf1e48d192db2ecd76e504376e024c') in 0.0194879 seconds
Number of updated asset objects reloaded before import = 0Number of asset objects unloaded after import = 3

========================================================================
Received Import Request.
  Time since last request: 0.000027 seconds.
  path: Assets/Art/MINIFANTASY Creatures - Super Low Res 2D Pixel Art by Krishna Palacio/Animations/Big_Guys/Mother_Slime/Green/MotherSlimeGreenDmg_SW.anim
  artifactKey: Guid(ab6b9e85db42c304aa925d7e8267a6a6) Importer(2089858483,192608db42251d675da83286b1cce702)
Start importing Assets/Art/MINIFANTASY Creatures - Super Low Res 2D Pixel Art by Krishna Palacio/Animations/Big_Guys/Mother_Slime/Green/MotherSlimeGreenDmg_SW.anim using Guid(ab6b9e85db42c304aa925d7e8267a6a6) Importer(2089858483,192608db42251d675da83286b1cce702) (ScriptedImporter) -> (artifact id: 'a506bb01bc0713190c19ceb21d540465') in 0.0089188 seconds
Number of updated asset objects reloaded before import = 0Number of asset objects unloaded after import = 1

========================================================================
Received Import Request.
  Time since last request: 0.000016 seconds.
  path: Assets/Art/MINIFANTASY Creatures - Super Low Res 2D Pixel Art by Krishna Palacio/Animations/Humanoids/Human/Human_Townsfolk/Minifantasy_CreaturesHumanTownsfolkIdle_SE.anim
  artifactKey: Guid(c608aca45c0e9c4489cb77ab4f55c0dd) Importer(2089858483,192608db42251d675da83286b1cce702)
Start importing Assets/Art/MINIFANTASY Creatures - Super Low Res 2D Pixel Art by Krishna Palacio/Animations/Humanoids/Human/Human_Townsfolk/Minifantasy_CreaturesHumanTownsfolkIdle_SE.anim using Guid(c608aca45c0e9c4489cb77ab4f55c0dd) Importer(2089858483,192608db42251d675da83286b1cce702) (ScriptedImporter) -> (artifact id: 'a41f769f6f474206471575bf99ac9e20') in 0.0144929 seconds
Number of updated asset objects reloaded before import = 0Number of asset objects unloaded after import = 1

========================================================================
Received Import Request.
  Time since last request: 0.000016 seconds.
  path: Assets/Art/MINIFANTASY Creatures - Super Low Res 2D Pixel Art by Krishna Palacio/Sprites/Big_Guys/Mother_Slime/Green_Mother_Slime/Minifantasy_CreaturesMotherSlimeGreenAnimations.png
  artifactKey: Guid(0e2713d402e5b7743b98475bc55f1231) Importer(2089858483,192608db42251d675da83286b1cce702)
Start importing Assets/Art/MINIFANTASY Creatures - Super Low Res 2D Pixel Art by Krishna Palacio/Sprites/Big_Guys/Mother_Slime/Green_Mother_Slime/Minifantasy_CreaturesMotherSlimeGreenAnimations.png using Guid(0e2713d402e5b7743b98475bc55f1231) Importer(2089858483,192608db42251d675da83286b1cce702) (ScriptedImporter) -> (artifact id: '02b0f92a419af16a72347de9d10ebc89') in 0.0186344 seconds
Number of updated asset objects reloaded before import = 0Number of asset objects unloaded after import = 3

========================================================================
Received Import Request.
  Time since last request: 0.000019 seconds.
  path: Assets/Art/MINIFANTASY - Crafting and Professions I/Sprites/Crafting Professions/Jewelry/Gif/JewelryWorkshop.gif
  artifactKey: Guid(3fe9b98ff975ccf4d8eb7dc8ea6b33ed) Importer(2089858483,192608db42251d675da83286b1cce702)
Start importing Assets/Art/MINIFANTASY - Crafting and Professions I/Sprites/Crafting Professions/Jewelry/Gif/JewelryWorkshop.gif using Guid(3fe9b98ff975ccf4d8eb7dc8ea6b33ed) Importer(2089858483,192608db42251d675da83286b1cce702) (ScriptedImporter) -> (artifact id: '4ce9d8057df6625c97d47fa4e382b55b') in 0.014428 seconds
Number of updated asset objects reloaded before import = 0Number of asset objects unloaded after import = 3

========================================================================
Received Import Request.
  Time since last request: 0.000017 seconds.
  path: Assets/Minifantasy_NPCs_Assets/Generic_NPCs/Idle/Body/Gloves/Minifantasy_NPCsIdle_Gloves_lime.png
  artifactKey: Guid(5383074e08c028e42b95632c95f12575) Importer(2089858483,192608db42251d675da83286b1cce702)
Start importing Assets/Minifantasy_NPCs_Assets/Generic_NPCs/Idle/Body/Gloves/Minifantasy_NPCsIdle_Gloves_lime.png using Guid(5383074e08c028e42b95632c95f12575) Importer(2089858483,192608db42251d675da83286b1cce702) (ScriptedImporter) -> (artifact id: '8d03805123c91b834cb95f2d3dfeeea7') in 0.0185837 seconds
Number of updated asset objects reloaded before import = 0Number of asset objects unloaded after import = 3

========================================================================
Received Import Request.
  Time since last request: 0.000019 seconds.
  path: Assets/Art/MINIFANTASY - Crafting and Professions I/Sprites/Crafting Professions/Blacksmith/Furnace/Furnace_Working.png
  artifactKey: Guid(a3bb285ff7e373c4abce2f615d3b094c) Importer(2089858483,192608db42251d675da83286b1cce702)
Start importing Assets/Art/MINIFANTASY - Crafting and Professions I/Sprites/Crafting Professions/Blacksmith/Furnace/Furnace_Working.png using Guid(a3bb285ff7e373c4abce2f615d3b094c) Importer(2089858483,192608db42251d675da83286b1cce702) (ScriptedImporter) -> (artifact id: 'fda06b6665bf2a3b191dfb32dcc8b846') in 0.030646 seconds
Number of updated asset objects reloaded before import = 0Number of asset objects unloaded after import = 10

========================================================================
Received Import Request.
  Time since last request: 0.000083 seconds.
  path: Assets/Art/MINIFANTASY Creatures - Super Low Res 2D Pixel Art by Krishna Palacio/Animations/Monsters/Wildfire/Wildfire_Fly_NW.anim
  artifactKey: Guid(3fbde48f3920bf24ea56a50599a52757) Importer(2089858483,192608db42251d675da83286b1cce702)
Start importing Assets/Art/MINIFANTASY Creatures - Super Low Res 2D Pixel Art by Krishna Palacio/Animations/Monsters/Wildfire/Wildfire_Fly_NW.anim using Guid(3fbde48f3920bf24ea56a50599a52757) Importer(2089858483,192608db42251d675da83286b1cce702) (ScriptedImporter) -> (artifact id: '95d489e1dc08a03cf210b5636c959afc') in 0.0081361 seconds
Number of updated asset objects reloaded before import = 0Number of asset objects unloaded after import = 1

========================================================================
Received Import Request.
  Time since last request: 0.000025 seconds.
  path: Assets/Minifantasy_NPCs_Assets/Generic_NPCs/Walk/Body/Jacket/Minifantasy_NPCsWalk_Jacket_purple.png
  artifactKey: Guid(41d057289cca12d4584155d210873ad0) Importer(2089858483,192608db42251d675da83286b1cce702)
Start importing Assets/Minifantasy_NPCs_Assets/Generic_NPCs/Walk/Body/Jacket/Minifantasy_NPCsWalk_Jacket_purple.png using Guid(41d057289cca12d4584155d210873ad0) Importer(2089858483,192608db42251d675da83286b1cce702) (ScriptedImporter) -> (artifact id: 'd0af28d993788661ee38d111d4f79b60') in 0.0229001 seconds
Number of updated asset objects reloaded before import = 0Number of asset objects unloaded after import = 3

========================================================================
Received Import Request.
  Time since last request: 0.000018 seconds.
  path: Assets/Art/MINIFANTASY - Crafting and Professions I/Sprites/Gathering Professions/Logging/Trees Hit/WillowTree_Hit.png
  artifactKey: Guid(b488e1f3ce16d2e448b4471164291262) Importer(2089858483,192608db42251d675da83286b1cce702)
Start importing Assets/Art/MINIFANTASY - Crafting and Professions I/Sprites/Gathering Professions/Logging/Trees Hit/WillowTree_Hit.png using Guid(b488e1f3ce16d2e448b4471164291262) Importer(2089858483,192608db42251d675da83286b1cce702) (ScriptedImporter) -> (artifact id: 'e49a010dd27484e1e826aab032b0abd2') in 0.0312982 seconds
Number of updated asset objects reloaded before import = 0Number of asset objects unloaded after import = 8

========================================================================
Received Import Request.
  Time since last request: 0.000016 seconds.
  path: Assets/Art/MINIFANTASY Creatures - Super Low Res 2D Pixel Art by Krishna Palacio/Animations/Big_Guys/Mother_Slime/Green/MotherSlimeGreenDmg_NW.anim
  artifactKey: Guid(2646aa4bbe998a448b0d73782a7b2fe6) Importer(2089858483,192608db42251d675da83286b1cce702)
Start importing Assets/Art/MINIFANTASY Creatures - Super Low Res 2D Pixel Art by Krishna Palacio/Animations/Big_Guys/Mother_Slime/Green/MotherSlimeGreenDmg_NW.anim using Guid(2646aa4bbe998a448b0d73782a7b2fe6) Importer(2089858483,192608db42251d675da83286b1cce702) (ScriptedImporter) -> (artifact id: '9305a3fd47d081bb8dbc2a5bc0fcc572') in 0.0096158 seconds
Number of updated asset objects reloaded before import = 0Number of asset objects unloaded after import = 1

========================================================================
Received Import Request.
  Time since last request: 0.000020 seconds.
  path: Assets/Minifantasy_NPCs_Assets/Generic_NPCs/Idle/Body/Doublets/Minifantasy_NPCsIdle_Doublet_brownleather.png
  artifactKey: Guid(973f0d2d132cff84799b6c716d809531) Importer(2089858483,192608db42251d675da83286b1cce702)
Start importing Assets/Minifantasy_NPCs_Assets/Generic_NPCs/Idle/Body/Doublets/Minifantasy_NPCsIdle_Doublet_brownleather.png using Guid(973f0d2d132cff84799b6c716d809531) Importer(2089858483,192608db42251d675da83286b1cce702) (ScriptedImporter) -> (artifact id: '056e6d9d9f39aafdb71b7f4bae82fb21') in 0.0180032 seconds
Number of updated asset objects reloaded before import = 0Number of asset objects unloaded after import = 3

========================================================================
Received Import Request.
  Time since last request: 0.000027 seconds.
  path: Assets/Art/MINIFANTASY Creatures - Super Low Res 2D Pixel Art by Krishna Palacio/Sprites/Humanoids/Human/Human/Minifantasy_CreaturesHumanAttack.png
  artifactKey: Guid(e6fab22aef7d698438d748d9e2dc5eb8) Importer(2089858483,192608db42251d675da83286b1cce702)
Start importing Assets/Art/MINIFANTASY Creatures - Super Low Res 2D Pixel Art by Krishna Palacio/Sprites/Humanoids/Human/Human/Minifantasy_CreaturesHumanAttack.png using Guid(e6fab22aef7d698438d748d9e2dc5eb8) Importer(2089858483,192608db42251d675da83286b1cce702) (ScriptedImporter) -> (artifact id: '62af998e7adab71805265a59cd7edd89') in 0.0560994 seconds
Number of updated asset objects reloaded before import = 0Number of asset objects unloaded after import = 18

========================================================================
Received Import Request.
  Time since last request: 0.000021 seconds.
  path: Assets/Minifantasy_NPCs_Assets/Generic_NPCs/Idle/Body/Togas/Minifantasy_NPCsIdle_Toga_brownleather.png
  artifactKey: Guid(dd82c2910a2093e4c88bfbbfdc4c931b) Importer(2089858483,192608db42251d675da83286b1cce702)
Start importing Assets/Minifantasy_NPCs_Assets/Generic_NPCs/Idle/Body/Togas/Minifantasy_NPCsIdle_Toga_brownleather.png using Guid(dd82c2910a2093e4c88bfbbfdc4c931b) Importer(2089858483,192608db42251d675da83286b1cce702) (ScriptedImporter) -> (artifact id: 'e4c2287296dae6ffdbbf85b27efae9a1') in 0.0155241 seconds
Number of updated asset objects reloaded before import = 0Number of asset objects unloaded after import = 3

========================================================================
Received Import Request.
  Time since last request: 0.000021 seconds.
  path: Assets/Minifantasy_NPCs_Assets/Generic_NPCs/Die/Body/Jacket/Minifantasy_NPCsDie_Jacket_green.png
  artifactKey: Guid(76bbe2b9e7c372543a59953a5511e077) Importer(2089858483,192608db42251d675da83286b1cce702)
Start importing Assets/Minifantasy_NPCs_Assets/Generic_NPCs/Die/Body/Jacket/Minifantasy_NPCsDie_Jacket_green.png using Guid(76bbe2b9e7c372543a59953a5511e077) Importer(2089858483,192608db42251d675da83286b1cce702) (ScriptedImporter) -> (artifact id: '35d18ccf115ff73d30faa3d2091c7b03') in 0.0201813 seconds
Number of updated asset objects reloaded before import = 0Number of asset objects unloaded after import = 3

========================================================================
Received Import Request.
  Time since last request: 0.000031 seconds.
  path: Assets/Art/MINIFANTASY Creatures - Super Low Res 2D Pixel Art by Krishna Palacio/Animations/Monsters/Pumpkin_Horror/PumpkinHorror_BaseAttack_NE.anim
  artifactKey: Guid(9765cb172764cab4b8cb72010e5f8198) Importer(2089858483,192608db42251d675da83286b1cce702)
Start importing Assets/Art/MINIFANTASY Creatures - Super Low Res 2D Pixel Art by Krishna Palacio/Animations/Monsters/Pumpkin_Horror/PumpkinHorror_BaseAttack_NE.anim using Guid(9765cb172764cab4b8cb72010e5f8198) Importer(2089858483,192608db42251d675da83286b1cce702) (ScriptedImporter) -> (artifact id: '7c92d1b2c32c3a35ffb32e4a6296ebea') in 0.0203488 seconds
Number of updated asset objects reloaded before import = 0Number of asset objects unloaded after import = 1

========================================================================
Received Import Request.
  Time since last request: 0.000049 seconds.
  path: Assets/Art/MINIFANTASY Creatures - Super Low Res 2D Pixel Art by Krishna Palacio/Animations/Humanoids/Dwarf/Dwarf_Yellow_Beard/DwarfYellowBeardIdle_SE.anim
  artifactKey: Guid(ec59a9bfb7a740a4a8e6cd1d9e357069) Importer(2089858483,192608db42251d675da83286b1cce702)
Start importing Assets/Art/MINIFANTASY Creatures - Super Low Res 2D Pixel Art by Krishna Palacio/Animations/Humanoids/Dwarf/Dwarf_Yellow_Beard/DwarfYellowBeardIdle_SE.anim using Guid(ec59a9bfb7a740a4a8e6cd1d9e357069) Importer(2089858483,192608db42251d675da83286b1cce702) (ScriptedImporter) -> (artifact id: '923ea84a37adaad43ab1d1e75b9bc9ac') in 0.0100221 seconds
Number of updated asset objects reloaded before import = 0Number of asset objects unloaded after import = 1

========================================================================
Received Import Request.
  Time since last request: 0.000017 seconds.
  path: Assets/Minifantasy_NPCs_Assets/Generic_NPCs/Walk/Body/Trousers/Minifantasy_NPCsWalk_Trousers_purple.png
  artifactKey: Guid(8aa14826c3f3f5f4ea2f003f0d10d575) Importer(2089858483,192608db42251d675da83286b1cce702)
Start importing Assets/Minifantasy_NPCs_Assets/Generic_NPCs/Walk/Body/Trousers/Minifantasy_NPCsWalk_Trousers_purple.png using Guid(8aa14826c3f3f5f4ea2f003f0d10d575) Importer(2089858483,192608db42251d675da83286b1cce702) (ScriptedImporter) -> (artifact id: '30c4b855d9050d81577efc3c96f5f578') in 0.0217539 seconds
Number of updated asset objects reloaded before import = 0Number of asset objects unloaded after import = 3

========================================================================
Received Import Request.
  Time since last request: 0.000016 seconds.
  path: Assets/Art/MINIFANTASY Creatures - Super Low Res 2D Pixel Art by Krishna Palacio/Animations/Humanoids/Orc/Wild Orc/WildOrc_Die_SE.anim
  artifactKey: Guid(260c0959ea2e35643b621a5d0931acff) Importer(2089858483,192608db42251d675da83286b1cce702)
Start importing Assets/Art/MINIFANTASY Creatures - Super Low Res 2D Pixel Art by Krishna Palacio/Animations/Humanoids/Orc/Wild Orc/WildOrc_Die_SE.anim using Guid(260c0959ea2e35643b621a5d0931acff) Importer(2089858483,192608db42251d675da83286b1cce702) (ScriptedImporter) -> (artifact id: 'f8ee5bec148f28c624cc9fb30994cb16') in 0.0081529 seconds
Number of updated asset objects reloaded before import = 0Number of asset objects unloaded after import = 1

========================================================================
Received Import Request.
  Time since last request: 0.000013 seconds.
  path: Assets/Minifantasy_NPCs_Assets/Generic_NPCs/Idle/Head/Facial_Hair/Chin_Strap/Minifantasy_NPCsIdle_FacialHair_ChinStrap_turquoise.png
  artifactKey: Guid(c2b6d20d7f42b8f4b9a57fba2e5b2b15) Importer(2089858483,192608db42251d675da83286b1cce702)
Start importing Assets/Minifantasy_NPCs_Assets/Generic_NPCs/Idle/Head/Facial_Hair/Chin_Strap/Minifantasy_NPCsIdle_FacialHair_ChinStrap_turquoise.png using Guid(c2b6d20d7f42b8f4b9a57fba2e5b2b15) Importer(2089858483,192608db42251d675da83286b1cce702) (ScriptedImporter) -> (artifact id: 'd512ea2cf3d5ec1f156fc915c37e1f4a') in 0.0153544 seconds
Number of updated asset objects reloaded before import = 0Number of asset objects unloaded after import = 3

========================================================================
Received Import Request.
  Time since last request: 0.000015 seconds.
  path: Assets/Minifantasy_NPCs_Assets/Generic_NPCs/Die/Body/Jacket/Minifantasy_NPCsDie_Jacket_yellow.png
  artifactKey: Guid(df5cc455acadaed4ba63781767de49cc) Importer(2089858483,192608db42251d675da83286b1cce702)
Start importing Assets/Minifantasy_NPCs_Assets/Generic_NPCs/Die/Body/Jacket/Minifantasy_NPCsDie_Jacket_yellow.png using Guid(df5cc455acadaed4ba63781767de49cc) Importer(2089858483,192608db42251d675da83286b1cce702) (ScriptedImporter) -> (artifact id: '38c282c42983942c669829140214deb4') in 0.0155052 seconds
Number of updated asset objects reloaded before import = 0Number of asset objects unloaded after import = 3

========================================================================
Received Import Request.
  Time since last request: 0.000018 seconds.
  path: Assets/Art/MINIFANTASY - Crafting and Professions I/Sprites/Gathering Professions/Logging/Characters/Halfling_Chopping.png
  artifactKey: Guid(d39e51271d8a9e84088c6f063f79097d) Importer(2089858483,192608db42251d675da83286b1cce702)
Start importing Assets/Art/MINIFANTASY - Crafting and Professions I/Sprites/Gathering Professions/Logging/Characters/Halfling_Chopping.png using Guid(d39e51271d8a9e84088c6f063f79097d) Importer(2089858483,192608db42251d675da83286b1cce702) (ScriptedImporter) -> (artifact id: '402c8148ab889b66df261f40b6387987') in 0.0580728 seconds
Number of updated asset objects reloaded before import = 0Number of asset objects unloaded after import = 26

========================================================================
Received Import Request.
  Time since last request: 0.000027 seconds.
  path: Assets/Minifantasy_NPCs_Assets/Generic_NPCs/Die/Body/Shirt/Minifantasy_NPCsDie_Shirt_blackleather.png
  artifactKey: Guid(8de608b85c633d94fad53b97c4ef24dc) Importer(2089858483,192608db42251d675da83286b1cce702)
Start importing Assets/Minifantasy_NPCs_Assets/Generic_NPCs/Die/Body/Shirt/Minifantasy_NPCsDie_Shirt_blackleather.png using Guid(8de608b85c633d94fad53b97c4ef24dc) Importer(2089858483,192608db42251d675da83286b1cce702) (ScriptedImporter) -> (artifact id: 'b3f8b531e7d9d703524a3003d6573e91') in 0.0203975 seconds
Number of updated asset objects reloaded before import = 0Number of asset objects unloaded after import = 3

========================================================================
Received Import Request.
  Time since last request: 0.000017 seconds.
  path: Assets/Minifantasy_NPCs_Assets/Generic_NPCs/Die/Head/Facial_Hair/LongBeard/Minifantasy_NPCsDie_FacialHair_LongBeard_white.png
  artifactKey: Guid(5cfc59efe439d0b41b10bdd073a81b27) Importer(2089858483,192608db42251d675da83286b1cce702)
Start importing Assets/Minifantasy_NPCs_Assets/Generic_NPCs/Die/Head/Facial_Hair/LongBeard/Minifantasy_NPCsDie_FacialHair_LongBeard_white.png using Guid(5cfc59efe439d0b41b10bdd073a81b27) Importer(2089858483,192608db42251d675da83286b1cce702) (ScriptedImporter) -> (artifact id: 'e27f13e2a4315d201c8d9a84756ed7b0') in 0.0167763 seconds
Number of updated asset objects reloaded before import = 0Number of asset objects unloaded after import = 3

========================================================================
Received Import Request.
  Time since last request: 0.000019 seconds.
  path: Assets/Art/MINIFANTASY - Crafting and Professions I/Animations/Props/Trees/Willow/Willow_AnimatorOverrideController.overrideController
  artifactKey: Guid(12d6ec43df82dbf49ba2799c66372155) Importer(2089858483,192608db42251d675da83286b1cce702)
Start importing Assets/Art/MINIFANTASY - Crafting and Professions I/Animations/Props/Trees/Willow/Willow_AnimatorOverrideController.overrideController using Guid(12d6ec43df82dbf49ba2799c66372155) Importer(2089858483,192608db42251d675da83286b1cce702) (ScriptedImporter) -> (artifact id: '6be9927edab84520e70d280a06e0a36a') in 0.011652 seconds
Number of updated asset objects reloaded before import = 0Number of asset objects unloaded after import = 19

========================================================================
Received Import Request.
  Time since last request: 0.000020 seconds.
  path: Assets/Minifantasy_NPCs_Assets/Generic_NPCs/Die/Body/Jacket/Minifantasy_NPCsDie_Jacket_blue.png
  artifactKey: Guid(56c7719e31a2cc743a030c30a514828a) Importer(2089858483,192608db42251d675da83286b1cce702)
Start importing Assets/Minifantasy_NPCs_Assets/Generic_NPCs/Die/Body/Jacket/Minifantasy_NPCsDie_Jacket_blue.png using Guid(56c7719e31a2cc743a030c30a514828a) Importer(2089858483,192608db42251d675da83286b1cce702) (ScriptedImporter) -> (artifact id: 'a9627c4c9be15f3d785ed2cb217896db') in 0.0179551 seconds
Number of updated asset objects reloaded before import = 0Number of asset objects unloaded after import = 3

========================================================================
Received Import Request.
  Time since last request: 0.000023 seconds.
  path: Assets/Minifantasy_NPCs_Assets/Generic_NPCs/Die/Body/Blouses/Minifantasy_NPCsDie_Blouse_grey.png
  artifactKey: Guid(06fda30574b31f948ba04520aa49776b) Importer(2089858483,192608db42251d675da83286b1cce702)
Start importing Assets/Minifantasy_NPCs_Assets/Generic_NPCs/Die/Body/Blouses/Minifantasy_NPCsDie_Blouse_grey.png using Guid(06fda30574b31f948ba04520aa49776b) Importer(2089858483,192608db42251d675da83286b1cce702) (ScriptedImporter) -> (artifact id: 'fae840cc834f0f4b7881eb496e8d46c6') in 0.0173847 seconds
Number of updated asset objects reloaded before import = 0Number of asset objects unloaded after import = 3

========================================================================
Received Import Request.
  Time since last request: 0.000030 seconds.
  path: Assets/Art/MINIFANTASY Creatures - Super Low Res 2D Pixel Art by Krishna Palacio/Animations/Humanoids/Human/Human/New Sprite Library Asset.spriteLib
  artifactKey: Guid(4f629e5e37695a54ba83315307b1dbaa) Importer(2089858483,192608db42251d675da83286b1cce702)
Start importing Assets/Art/MINIFANTASY Creatures - Super Low Res 2D Pixel Art by Krishna Palacio/Animations/Humanoids/Human/Human/New Sprite Library Asset.spriteLib using Guid(4f629e5e37695a54ba83315307b1dbaa) Importer(2089858483,192608db42251d675da83286b1cce702) (ScriptedImporter) -> (artifact id: '35948cd4a2d5f887329fbfdb380117cb') in 0.0084255 seconds
Number of updated asset objects reloaded before import = 0Number of asset objects unloaded after import = 1

========================================================================
Received Import Request.
  Time since last request: 0.000020 seconds.
  path: Assets/Minifantasy_NPCs_Assets/Generic_NPCs/Walk/Body/Doublets/Minifantasy_NPCsWalk_Doublet_blue.png
  artifactKey: Guid(5feabd15926afc2409d71034f6b8e3d9) Importer(2089858483,192608db42251d675da83286b1cce702)
Start importing Assets/Minifantasy_NPCs_Assets/Generic_NPCs/Walk/Body/Doublets/Minifantasy_NPCsWalk_Doublet_blue.png using Guid(5feabd15926afc2409d71034f6b8e3d9) Importer(2089858483,192608db42251d675da83286b1cce702) (ScriptedImporter) -> (artifact id: '26fbb5590f00dc06aaeaaebfacd3341d') in 0.0151921 seconds
Number of updated asset objects reloaded before import = 0Number of asset objects unloaded after import = 3

========================================================================
Received Import Request.
  Time since last request: 0.000017 seconds.
  path: Assets/Art/MINIFANTASY Creatures - Super Low Res 2D Pixel Art by Krishna Palacio/Animations/Humanoids/Orc/Orc/Orc_Attack_SW.anim
  artifactKey: Guid(6b67f4062c491bf4caf63e09eb30ef4f) Importer(2089858483,192608db42251d675da83286b1cce702)
Start importing Assets/Art/MINIFANTASY Creatures - Super Low Res 2D Pixel Art by Krishna Palacio/Animations/Humanoids/Orc/Orc/Orc_Attack_SW.anim using Guid(6b67f4062c491bf4caf63e09eb30ef4f) Importer(2089858483,192608db42251d675da83286b1cce702) (ScriptedImporter) -> (artifact id: '213b2715963ea2aaf3632928fd6982f7') in 0.007792 seconds
Number of updated asset objects reloaded before import = 0Number of asset objects unloaded after import = 1

========================================================================
Received Import Request.
  Time since last request: 0.000015 seconds.
  path: Assets/Minifantasy_NPCs_Assets/Generic_NPCs/Die/Body/Shoes/Minifantasy_NPCsDie_Shoes_whiteleather.png
  artifactKey: Guid(98f9007dff8bc38448df783b11954b05) Importer(2089858483,192608db42251d675da83286b1cce702)
Start importing Assets/Minifantasy_NPCs_Assets/Generic_NPCs/Die/Body/Shoes/Minifantasy_NPCsDie_Shoes_whiteleather.png using Guid(98f9007dff8bc38448df783b11954b05) Importer(2089858483,192608db42251d675da83286b1cce702) (ScriptedImporter) -> (artifact id: 'b8637ae0228b5adba665c9ccd717270f') in 0.0170251 seconds
Number of updated asset objects reloaded before import = 0Number of asset objects unloaded after import = 3

========================================================================
Received Import Request.
  Time since last request: 0.000015 seconds.
  path: Assets/Art/MINIFANTASY - Crafting and Professions I/Sprites/Rogue/Special_Animations/Shurikens/Rogue_Shurikens.png
  artifactKey: Guid(b8762ea1668e3a4489b079ed0be86823) Importer(2089858483,192608db42251d675da83286b1cce702)
Start importing Assets/Art/MINIFANTASY - Crafting and Professions I/Sprites/Rogue/Special_Animations/Shurikens/Rogue_Shurikens.png using Guid(b8762ea1668e3a4489b079ed0be86823) Importer(2089858483,192608db42251d675da83286b1cce702) (ScriptedImporter) -> (artifact id: 'dfcd01ade618b73446a6fe0e11b40db1') in 0.1268545 seconds
Number of updated asset objects reloaded before import = 0Number of asset objects unloaded after import = 62

========================================================================
Received Import Request.
  Time since last request: 0.000020 seconds.
  path: Assets/Art/MINIFANTASY - Crafting and Professions I/Sprites/Barbarian/Special_Animations/Battle_Cry/Barbarian_BattleCryEffectBackLayer.png
  artifactKey: Guid(26a0777ff5cacf94bbd829bce9d5e62c) Importer(2089858483,192608db42251d675da83286b1cce702)
Start importing Assets/Art/MINIFANTASY - Crafting and Professions I/Sprites/Barbarian/Special_Animations/Battle_Cry/Barbarian_BattleCryEffectBackLayer.png using Guid(26a0777ff5cacf94bbd829bce9d5e62c) Importer(2089858483,192608db42251d675da83286b1cce702) (ScriptedImporter) -> (artifact id: 'a33db41de5a09b1e6d245f220442a56a') in 0.1228703 seconds
Number of updated asset objects reloaded before import = 0Number of asset objects unloaded after import = 46

========================================================================
Received Import Request.
  Time since last request: 0.000027 seconds.
  path: Assets/Minifantasy_NPCs_Assets/Generic_NPCs/Die/Body/ShoulderPads/Minifantasy_NPCsDie_ShoulderPads_orange.png
  artifactKey: Guid(ba2d8f2d9512bf94e8673ef6a860ea0b) Importer(2089858483,192608db42251d675da83286b1cce702)
Start importing Assets/Minifantasy_NPCs_Assets/Generic_NPCs/Die/Body/ShoulderPads/Minifantasy_NPCsDie_ShoulderPads_orange.png using Guid(ba2d8f2d9512bf94e8673ef6a860ea0b) Importer(2089858483,192608db42251d675da83286b1cce702) (ScriptedImporter) -> (artifact id: '18d513a5b1dfa2f5720d31d66239485d') in 0.0141212 seconds
Number of updated asset objects reloaded before import = 0Number of asset objects unloaded after import = 3

========================================================================
Received Import Request.
  Time since last request: 0.000013 seconds.
  path: Assets/Minifantasy_NPCs_Assets/Generic_NPCs/Die/Body/Blouses/Minifantasy_NPCsDie_Blouse_orange.png
  artifactKey: Guid(20320c33d54be1d498bf54c5302343ea) Importer(2089858483,192608db42251d675da83286b1cce702)
Start importing Assets/Minifantasy_NPCs_Assets/Generic_NPCs/Die/Body/Blouses/Minifantasy_NPCsDie_Blouse_orange.png using Guid(20320c33d54be1d498bf54c5302343ea) Importer(2089858483,192608db42251d675da83286b1cce702) (ScriptedImporter) -> (artifact id: '48dd8d160880f41be3ab9c49f7406915') in 0.0153825 seconds
Number of updated asset objects reloaded before import = 0Number of asset objects unloaded after import = 3

========================================================================
Received Import Request.
  Time since last request: 0.000018 seconds.
  path: Assets/Minifantasy_NPCs_Assets/Generic_NPCs/Dmg/Body/Trousers/Minifantasy_NPCsDmg_Trousers_black.png
  artifactKey: Guid(aab1ba9a2a60feb4b9e2fe05e83111eb) Importer(2089858483,192608db42251d675da83286b1cce702)
Start importing Assets/Minifantasy_NPCs_Assets/Generic_NPCs/Dmg/Body/Trousers/Minifantasy_NPCsDmg_Trousers_black.png using Guid(aab1ba9a2a60feb4b9e2fe05e83111eb) Importer(2089858483,192608db42251d675da83286b1cce702) (ScriptedImporter) -> (artifact id: 'b465ffd693d5c57895ee87ca2bb2741b') in 0.0192918 seconds
Number of updated asset objects reloaded before import = 0Number of asset objects unloaded after import = 3

========================================================================
Received Import Request.
  Time since last request: 0.000026 seconds.
  path: Assets/Art/MINIFANTASY Creatures - Super Low Res 2D Pixel Art by Krishna Palacio/Sprites/Big_Guys/Minotaur/Minifantasy_CreaturesMinotaurJump.png
  artifactKey: Guid(8ffad5561d4c7f74ab3491e8da087db8) Importer(2089858483,192608db42251d675da83286b1cce702)
Start importing Assets/Art/MINIFANTASY Creatures - Super Low Res 2D Pixel Art by Krishna Palacio/Sprites/Big_Guys/Minotaur/Minifantasy_CreaturesMinotaurJump.png using Guid(8ffad5561d4c7f74ab3491e8da087db8) Importer(2089858483,192608db42251d675da83286b1cce702) (ScriptedImporter) -> (artifact id: '849de16d9ea0931924a614462739eb63') in 0.0675305 seconds
Number of updated asset objects reloaded before import = 0Number of asset objects unloaded after import = 26

========================================================================
Received Import Request.
  Time since last request: 0.000020 seconds.
  path: Assets/Art/MINIFANTASY Creatures - Super Low Res 2D Pixel Art by Krishna Palacio/Sprites/Monsters/Pumpkin_Horror/PumpkinHorrorBaseAnimations.png
  artifactKey: Guid(d89041f427d6ac24bbd60cfef1bea536) Importer(2089858483,192608db42251d675da83286b1cce702)
Start importing Assets/Art/MINIFANTASY Creatures - Super Low Res 2D Pixel Art by Krishna Palacio/Sprites/Monsters/Pumpkin_Horror/PumpkinHorrorBaseAnimations.png using Guid(d89041f427d6ac24bbd60cfef1bea536) Importer(2089858483,192608db42251d675da83286b1cce702) (ScriptedImporter) -> (artifact id: 'bf2b3cd8d75be3177c5b95cc5944bb2f') in 0.4376049 seconds
Number of updated asset objects reloaded before import = 0Number of asset objects unloaded after import = 3

========================================================================
Received Import Request.
  Time since last request: 0.000031 seconds.
  path: Assets/Minifantasy_NPCs_Assets/Generic_NPCs/Walk/Body/Shirt/Minifantasy_NPCsWalk_Shirt_black.png
  artifactKey: Guid(f278c2283f2c6314e822b7d9acfd1c0d) Importer(2089858483,192608db42251d675da83286b1cce702)
Start importing Assets/Minifantasy_NPCs_Assets/Generic_NPCs/Walk/Body/Shirt/Minifantasy_NPCsWalk_Shirt_black.png using Guid(f278c2283f2c6314e822b7d9acfd1c0d) Importer(2089858483,192608db42251d675da83286b1cce702) (ScriptedImporter) -> (artifact id: '69509da2d35f5b924a7ac55c74216a66') in 0.0174198 seconds
Number of updated asset objects reloaded before import = 0Number of asset objects unloaded after import = 3

========================================================================
Received Import Request.
  Time since last request: 0.000019 seconds.
  path: Assets/Minifantasy_NPCs_Assets/Generic_NPCs/Walk/Body/Togas/Minifantasy_NPCsWalk_Toga_lime.png
  artifactKey: Guid(92f48c639ed4a3442975a1f58e45c34a) Importer(2089858483,192608db42251d675da83286b1cce702)
Start importing Assets/Minifantasy_NPCs_Assets/Generic_NPCs/Walk/Body/Togas/Minifantasy_NPCsWalk_Toga_lime.png using Guid(92f48c639ed4a3442975a1f58e45c34a) Importer(2089858483,192608db42251d675da83286b1cce702) (ScriptedImporter) -> (artifact id: 'd8c580df04ccfd5845dd4d3647f6309b') in 0.016578 seconds
Number of updated asset objects reloaded before import = 0Number of asset objects unloaded after import = 3

========================================================================
Received Import Request.
  Time since last request: 0.000031 seconds.
  path: Assets/Minifantasy_NPCs_Assets/Generic_NPCs/Walk/Body/Trousers/Minifantasy_NPCsWalk_Trousers_black.png
  artifactKey: Guid(056c932daaa48ed4299a9d81a1fbd249) Importer(2089858483,192608db42251d675da83286b1cce702)
Start importing Assets/Minifantasy_NPCs_Assets/Generic_NPCs/Walk/Body/Trousers/Minifantasy_NPCsWalk_Trousers_black.png using Guid(056c932daaa48ed4299a9d81a1fbd249) Importer(2089858483,192608db42251d675da83286b1cce702) (ScriptedImporter) -> (artifact id: '71c7f4f5d0a00230e707d073f6a628a2') in 0.0202694 seconds
Number of updated asset objects reloaded before import = 0Number of asset objects unloaded after import = 3

========================================================================
Received Import Request.
  Time since last request: 0.000021 seconds.
  path: Assets/Art/MINIFANTASY Creatures - Super Low Res 2D Pixel Art by Krishna Palacio/Animations/Humanoids/Dwarf/Dwarf/DwarfIdle_SW.anim
  artifactKey: Guid(7093392a7a35ce74298004f9f301bc37) Importer(2089858483,192608db42251d675da83286b1cce702)
Start importing Assets/Art/MINIFANTASY Creatures - Super Low Res 2D Pixel Art by Krishna Palacio/Animations/Humanoids/Dwarf/Dwarf/DwarfIdle_SW.anim using Guid(7093392a7a35ce74298004f9f301bc37) Importer(2089858483,192608db42251d675da83286b1cce702) (ScriptedImporter) -> (artifact id: '4be49ddb56a7076867fa38302d8cc91a') in 0.0081645 seconds
Number of updated asset objects reloaded before import = 0Number of asset objects unloaded after import = 1

========================================================================
Received Import Request.
  Time since last request: 0.000017 seconds.
  path: Assets/Art/MINIFANTASY - Crafting and Professions I/Sprites/Crafting Professions/Blacksmith/Foundry/FoundryShadows.png
  artifactKey: Guid(25e9adb7e4ccabf46803b4fe2c10c6e6) Importer(2089858483,192608db42251d675da83286b1cce702)
Start importing Assets/Art/MINIFANTASY - Crafting and Professions I/Sprites/Crafting Professions/Blacksmith/Foundry/FoundryShadows.png using Guid(25e9adb7e4ccabf46803b4fe2c10c6e6) Importer(2089858483,192608db42251d675da83286b1cce702) (ScriptedImporter) -> (artifact id: '3f7ae884f20390dc5f0ff3e3c1410d63') in 0.0316474 seconds
Number of updated asset objects reloaded before import = 0Number of asset objects unloaded after import = 10

========================================================================
Received Import Request.
  Time since last request: 0.000053 seconds.
  path: Assets/Art/MINIFANTASY Creatures - Super Low Res 2D Pixel Art by Krishna Palacio/Sprites/Big_Guys/Cyclop/Minifantasy_CreaturesCyclopDie.png
  artifactKey: Guid(8ae875077662c23459c090615993465d) Importer(2089858483,192608db42251d675da83286b1cce702)
Start importing Assets/Art/MINIFANTASY Creatures - Super Low Res 2D Pixel Art by Krishna Palacio/Sprites/Big_Guys/Cyclop/Minifantasy_CreaturesCyclopDie.png using Guid(8ae875077662c23459c090615993465d) Importer(2089858483,192608db42251d675da83286b1cce702) (ScriptedImporter) -> (artifact id: '3f9e18a0d24aa2fcb27252be6417a1a2') in 0.0559736 seconds
Number of updated asset objects reloaded before import = 0Number of asset objects unloaded after import = 16

========================================================================
Received Import Request.
  Time since last request: 0.000028 seconds.
  path: Assets/Art/MINIFANTASY Creatures - Super Low Res 2D Pixel Art by Krishna Palacio/Animations/Humanoids/Human/Human/HumanJump_SE.anim
  artifactKey: Guid(46f01ea121d3a55488b892ff6cd0cb0e) Importer(2089858483,192608db42251d675da83286b1cce702)
Start importing Assets/Art/MINIFANTASY Creatures - Super Low Res 2D Pixel Art by Krishna Palacio/Animations/Humanoids/Human/Human/HumanJump_SE.anim using Guid(46f01ea121d3a55488b892ff6cd0cb0e) Importer(2089858483,192608db42251d675da83286b1cce702) (ScriptedImporter) -> (artifact id: '1d688f9194b1c647b09ffaf039034a73') in 0.0084691 seconds
Number of updated asset objects reloaded before import = 0Number of asset objects unloaded after import = 1

========================================================================
Received Import Request.
  Time since last request: 0.000019 seconds.
  path: Assets/Minifantasy_NPCs_Assets/Generic_NPCs/Dmg/Body/Shoes/Minifantasy_NPCsDmg_Shoes_red.png
  artifactKey: Guid(81957bd5507ae4b4aabf535046abc598) Importer(2089858483,192608db42251d675da83286b1cce702)
Start importing Assets/Minifantasy_NPCs_Assets/Generic_NPCs/Dmg/Body/Shoes/Minifantasy_NPCsDmg_Shoes_red.png using Guid(81957bd5507ae4b4aabf535046abc598) Importer(2089858483,192608db42251d675da83286b1cce702) (ScriptedImporter) -> (artifact id: '6e52fd71d4c05ce8d0369af931b6f38b') in 0.0171969 seconds
Number of updated asset objects reloaded before import = 0Number of asset objects unloaded after import = 3

========================================================================
Received Import Request.
  Time since last request: 0.000019 seconds.
  path: Assets/Minifantasy_NPCs_Assets/Generic_NPCs/Idle/_Characters/Elf/Minifantasy_NPCsIdle_Elf_tourmalineskin.png
  artifactKey: Guid(d7c6f814fc6599845a0e7b434d2b2e5a) Importer(2089858483,192608db42251d675da83286b1cce702)
Start importing Assets/Minifantasy_NPCs_Assets/Generic_NPCs/Idle/_Characters/Elf/Minifantasy_NPCsIdle_Elf_tourmalineskin.png using Guid(d7c6f814fc6599845a0e7b434d2b2e5a) Importer(2089858483,192608db42251d675da83286b1cce702) (ScriptedImporter) -> (artifact id: 'e7dd4795eda76ac958ad50b9c00a0316') in 0.1395281 seconds
Number of updated asset objects reloaded before import = 0Number of asset objects unloaded after import = 66

========================================================================
Received Import Request.
  Time since last request: 0.000018 seconds.
  path: Assets/Minifantasy_NPCs_Assets/Generic_NPCs/Die/Body/Shirt/Minifantasy_NPCsDie_Shirt_purple.png
  artifactKey: Guid(f264187910451084db848fc0299570c1) Importer(2089858483,192608db42251d675da83286b1cce702)
Start importing Assets/Minifantasy_NPCs_Assets/Generic_NPCs/Die/Body/Shirt/Minifantasy_NPCsDie_Shirt_purple.png using Guid(f264187910451084db848fc0299570c1) Importer(2089858483,192608db42251d675da83286b1cce702) (ScriptedImporter) -> (artifact id: 'a55ff0f4b34d9f2f5d42fe9876a7a826') in 0.0321367 seconds
Number of updated asset objects reloaded before import = 0Number of asset objects unloaded after import = 3

========================================================================
Received Import Request.
  Time since last request: 0.000038 seconds.
  path: Assets/Minifantasy_NPCs_Assets/Generic_NPCs/Walk/Body/Shoes/Minifantasy_NPCsWalk_Shoes_magenta.png
  artifactKey: Guid(8cd48c8cb5a9aaa498d29ca18aec5222) Importer(2089858483,192608db42251d675da83286b1cce702)
Start importing Assets/Minifantasy_NPCs_Assets/Generic_NPCs/Walk/Body/Shoes/Minifantasy_NPCsWalk_Shoes_magenta.png using Guid(8cd48c8cb5a9aaa498d29ca18aec5222) Importer(2089858483,192608db42251d675da83286b1cce702) (ScriptedImporter) -> (artifact id: 'cd437d2e1ebaa2ced1af79aa5ed80b61') in 0.0253888 seconds
Number of updated asset objects reloaded before import = 0Number of asset objects unloaded after import = 3

========================================================================
Received Import Request.
  Time since last request: 0.000017 seconds.
  path: Assets/Art/MINIFANTASY Creatures - Super Low Res 2D Pixel Art by Krishna Palacio/Animations/Humanoids/Human/Human_Amazon/AmazonWalk_NW.anim
  artifactKey: Guid(dffb0e5b022ceea42a85200fe8feade1) Importer(2089858483,192608db42251d675da83286b1cce702)
Start importing Assets/Art/MINIFANTASY Creatures - Super Low Res 2D Pixel Art by Krishna Palacio/Animations/Humanoids/Human/Human_Amazon/AmazonWalk_NW.anim using Guid(dffb0e5b022ceea42a85200fe8feade1) Importer(2089858483,192608db42251d675da83286b1cce702) (ScriptedImporter) -> (artifact id: '902b0c170e884a41d599df4ecdfe1691') in 0.0075099 seconds
Number of updated asset objects reloaded before import = 0Number of asset objects unloaded after import = 1

========================================================================
Received Import Request.
  Time since last request: 0.000016 seconds.
  path: Assets/Minifantasy_NPCs_Assets/Generic_NPCs/Idle/Body/ShoulderPads/Minifantasy_NPCsIdle_ShoulderPads_lime.png
  artifactKey: Guid(9b5e8e07d0d50f64fbc164d6ad022cb7) Importer(2089858483,192608db42251d675da83286b1cce702)
Start importing Assets/Minifantasy_NPCs_Assets/Generic_NPCs/Idle/Body/ShoulderPads/Minifantasy_NPCsIdle_ShoulderPads_lime.png using Guid(9b5e8e07d0d50f64fbc164d6ad022cb7) Importer(2089858483,192608db42251d675da83286b1cce702) (ScriptedImporter) -> (artifact id: 'bfa303157651c787d67048692a9b2033') in 0.0218464 seconds
Number of updated asset objects reloaded before import = 0Number of asset objects unloaded after import = 3

========================================================================
Received Import Request.
  Time since last request: 0.000017 seconds.
  path: Assets/Art/MINIFANTASY Creatures - Super Low Res 2D Pixel Art by Krishna Palacio/Sprites/Humanoids/Elf/Minifantasy_CreaturesElfWalk.png
  artifactKey: Guid(edb35abdd1bb3cd47bc9fae26d64b9de) Importer(2089858483,192608db42251d675da83286b1cce702)
Start importing Assets/Art/MINIFANTASY Creatures - Super Low Res 2D Pixel Art by Krishna Palacio/Sprites/Humanoids/Elf/Minifantasy_CreaturesElfWalk.png using Guid(edb35abdd1bb3cd47bc9fae26d64b9de) Importer(2089858483,192608db42251d675da83286b1cce702) (ScriptedImporter) -> (artifact id: '7b5c8f971f477761734c7c8f5850d55b') in 0.0577452 seconds
Number of updated asset objects reloaded before import = 0Number of asset objects unloaded after import = 18

========================================================================
Received Import Request.
  Time since last request: 0.000023 seconds.
  path: Assets/Art/MINIFANTASY Creatures - Super Low Res 2D Pixel Art by Krishna Palacio/Sprites/Beasts/Wolf/Wolf_Idle.png
  artifactKey: Guid(e8eeeb8cdd330004d8f68ed9d8913e51) Importer(2089858483,192608db42251d675da83286b1cce702)
Start importing Assets/Art/MINIFANTASY Creatures - Super Low Res 2D Pixel Art by Krishna Palacio/Sprites/Beasts/Wolf/Wolf_Idle.png using Guid(e8eeeb8cdd330004d8f68ed9d8913e51) Importer(2089858483,192608db42251d675da83286b1cce702) (ScriptedImporter) -> (artifact id: '0291b5368774c50660bade7dbe7874a2') in 0.1714765 seconds
Number of updated asset objects reloaded before import = 0Number of asset objects unloaded after import = 51

========================================================================
Received Import Request.
  Time since last request: 0.000091 seconds.
  path: Assets/Art/MINIFANTASY Creatures - Super Low Res 2D Pixel Art by Krishna Palacio/Sprites/Big_Guys/Minotaur/Minifantasy_CreaturesMinotaurDie.png
  artifactKey: Guid(eb953b53b1525024c855a3b350c67e17) Importer(2089858483,192608db42251d675da83286b1cce702)
Start importing Assets/Art/MINIFANTASY Creatures - Super Low Res 2D Pixel Art by Krishna Palacio/Sprites/Big_Guys/Minotaur/Minifantasy_CreaturesMinotaurDie.png using Guid(eb953b53b1525024c855a3b350c67e17) Importer(2089858483,192608db42251d675da83286b1cce702) (ScriptedImporter) -> (artifact id: 'c0db9f9dc9ed60ce9a9d6b1a2a0e9dca') in 0.0567813 seconds
Number of updated asset objects reloaded before import = 0Number of asset objects unloaded after import = 18

========================================================================
Received Prepare
Refreshing native plugins compatible for Editor in 5.61 ms, found 4 plugins.
Preloading 0 native plugins for Editor in 0.00 ms.
Unloading 13 Unused Serialized files (Serialized files now loaded: 0)
Unloading 7752 unused Assets / (5.2 MB). Loaded Objects now: 8406.
Memory consumption went from 160.0 MB to 154.8 MB.
Total: 53.208200 ms (FindLiveObjects: 1.592600 ms CreateObjectMapping: 3.291600 ms MarkObjects: 43.253300 ms  DeleteObjects: 5.069000 ms)

Prepare: number of updated asset objects reloaded= 0
========================================================================
Received Import Request.
  Time since last request: 208.860850 seconds.
  path: Assets/Scripts/EquipmentSystem/Editor/FrameDataEditor/FrameDataContext.cs
  artifactKey: Guid(4c0a1546ed232dd42ab8d337b4c9584f) Importer(2089858483,192608db42251d675da83286b1cce702)
Start importing Assets/Scripts/EquipmentSystem/Editor/FrameDataEditor/FrameDataContext.cs using Guid(4c0a1546ed232dd42ab8d337b4c9584f) Importer(2089858483,192608db42251d675da83286b1cce702) (ScriptedImporter) -> (artifact id: '1dd001789e86ffcf4ae33bfa8f97e582') in 0.011823 seconds
Number of updated asset objects reloaded before import = 0Number of asset objects unloaded after import = 0

========================================================================
Received Import Request.
  Time since last request: 0.000023 seconds.
  path: Assets/Scripts/EquipmentSystem/Editor/FrameDataEditor/Handlers/InputHandler.cs
  artifactKey: Guid(7e32c37309743c14e84ac121410a09eb) Importer(2089858483,192608db42251d675da83286b1cce702)
Start importing Assets/Scripts/EquipmentSystem/Editor/FrameDataEditor/Handlers/InputHandler.cs using Guid(7e32c37309743c14e84ac121410a09eb) Importer(2089858483,192608db42251d675da83286b1cce702) (ScriptedImporter) -> (artifact id: 'e8a1e1f11d1a563b698122eaadde0173') in 0.0065889 seconds
Number of updated asset objects reloaded before import = 0Number of asset objects unloaded after import = 0

========================================================================
Received Import Request.
  Time since last request: 0.000017 seconds.
  path: Assets/Scripts/EquipmentSystem/Editor/FrameDataEditor.cs
  artifactKey: Guid(66e65b1b696e0c54b9889931cf8135a6) Importer(2089858483,192608db42251d675da83286b1cce702)
Start importing Assets/Scripts/EquipmentSystem/Editor/FrameDataEditor.cs using Guid(66e65b1b696e0c54b9889931cf8135a6) Importer(2089858483,192608db42251d675da83286b1cce702) (ScriptedImporter) -> (artifact id: '7166ba8dba4bae76e20c4e4cdbfea32e') in 0.0049867 seconds
Number of updated asset objects reloaded before import = 0Number of asset objects unloaded after import = 0

========================================================================
Received Prepare
Refreshing native plugins compatible for Editor in 24.42 ms, found 4 plugins.
Preloading 0 native plugins for Editor in 0.00 ms.
Unloading 13 Unused Serialized files (Serialized files now loaded: 0)
Unloading 7752 unused Assets / (4.4 MB). Loaded Objects now: 8406.
Memory consumption went from 160.0 MB to 155.6 MB.
Total: 88.939400 ms (FindLiveObjects: 1.358600 ms CreateObjectMapping: 2.031400 ms MarkObjects: 79.042100 ms  DeleteObjects: 6.505600 ms)

Prepare: number of updated asset objects reloaded= 0
Editor requested this worker to shutdown with reason: Scaling down because of idle timeout
AssetImportWorkerClient::OnTransportError - code=2 error=End of file
AssetImportWorker is now disconnected from the server
Process exiting
Exiting without the bug reporter. Application will terminate with return code 0